{
    "GraphImages": [
        {
            "comments_disabled": false,
            "dimensions": {
                "height": 1080,
                "width": 1080
            },
            "display_url": "https://instagram.fabe1-1.fna.fbcdn.net/v/t51.2885-15/e35/121501815_882753652468828_2276954297450701192_n.jpg?_nc_ht=instagram.fabe1-1.fna.fbcdn.net&_nc_cat=104&_nc_ohc=br-BkPVH0RAAX9pT5dg&_nc_tp=18&oh=006bf8d26e10496c3227c6a009cb3241&oe=5FB3365F",
            "edge_liked_by": {
                "count": 0
            },
            "edge_media_preview_like": {
                "count": 0
            },
            "edge_media_to_caption": {
                "edges": [
                    {
                        "node": {
                            "text": "Nothing better than having a cold beverage after surfing 🤙😎🍻\n\nCome and check out the @billabong boardshorts collection we have in stock"
                        }
                    }
                ]
            },
            "edge_media_to_comment": {
                "count": 0
            },
            "id": "2421363057533013325",
            "is_video": false,
            "owner": {
                "id": "699056580"
            },
            "shortcode": "CGaaN80gk1N",
            "tags": [],
            "taken_at_timestamp": 1602868991,
            "thumbnail_resources": [
                {
                    "config_height": 150,
                    "config_width": 150,
                    "src": "https://instagram.fabe1-1.fna.fbcdn.net/v/t51.2885-15/e35/s150x150/121501815_882753652468828_2276954297450701192_n.jpg?_nc_ht=instagram.fabe1-1.fna.fbcdn.net&_nc_cat=104&_nc_ohc=br-BkPVH0RAAX9pT5dg&_nc_tp=15&oh=cbaa5ff10d5de8f61aade57f29fe3168&oe=5FB324E2"
                },
                {
                    "config_height": 240,
                    "config_width": 240,
                    "src": "https://instagram.fabe1-1.fna.fbcdn.net/v/t51.2885-15/e35/s240x240/121501815_882753652468828_2276954297450701192_n.jpg?_nc_ht=instagram.fabe1-1.fna.fbcdn.net&_nc_cat=104&_nc_ohc=br-BkPVH0RAAX9pT5dg&_nc_tp=15&oh=8b629291db23ae6e6e56d7c1ea2d2ff9&oe=5FB513E8"
                },
                {
                    "config_height": 320,
                    "config_width": 320,
                    "src": "https://instagram.fabe1-1.fna.fbcdn.net/v/t51.2885-15/e35/s320x320/121501815_882753652468828_2276954297450701192_n.jpg?_nc_ht=instagram.fabe1-1.fna.fbcdn.net&_nc_cat=104&_nc_ohc=br-BkPVH0RAAX9pT5dg&_nc_tp=15&oh=fbb78c4aab8be19ca4152bc355c9167a&oe=5FB3F91A"
                },
                {
                    "config_height": 480,
                    "config_width": 480,
                    "src": "https://instagram.fabe1-1.fna.fbcdn.net/v/t51.2885-15/e35/s480x480/121501815_882753652468828_2276954297450701192_n.jpg?_nc_ht=instagram.fabe1-1.fna.fbcdn.net&_nc_cat=104&_nc_ohc=br-BkPVH0RAAX9pT5dg&_nc_tp=15&oh=f9789eb6f2bbca43e1d333cf25964084&oe=5FB42E5F"
                },
                {
                    "config_height": 640,
                    "config_width": 640,
                    "src": "https://instagram.fabe1-1.fna.fbcdn.net/v/t51.2885-15/sh0.08/e35/s640x640/121501815_882753652468828_2276954297450701192_n.jpg?_nc_ht=instagram.fabe1-1.fna.fbcdn.net&_nc_cat=104&_nc_ohc=br-BkPVH0RAAX9pT5dg&_nc_tp=24&oh=42e9c7bf405231b99ee331c4c1dd3d2a&oe=5FB168E5"
                }
            ],
            "thumbnail_src": "https://instagram.fabe1-1.fna.fbcdn.net/v/t51.2885-15/sh0.08/e35/s640x640/121501815_882753652468828_2276954297450701192_n.jpg?_nc_ht=instagram.fabe1-1.fna.fbcdn.net&_nc_cat=104&_nc_ohc=br-BkPVH0RAAX9pT5dg&_nc_tp=24&oh=42e9c7bf405231b99ee331c4c1dd3d2a&oe=5FB168E5",
            "urls": [
                "https://instagram.fabe1-1.fna.fbcdn.net/v/t51.2885-15/e35/121501815_882753652468828_2276954297450701192_n.jpg?_nc_ht=instagram.fabe1-1.fna.fbcdn.net&_nc_cat=104&_nc_ohc=br-BkPVH0RAAX9pT5dg&_nc_tp=18&oh=006bf8d26e10496c3227c6a009cb3241&oe=5FB3365F"
            ]
        },
        {
            "comments_disabled": false,
            "dimensions": {
                "height": 1350,
                "width": 1080
            },
            "display_url": "https://instagram.fabe1-1.fna.fbcdn.net/v/t51.2885-15/e35/p1080x1080/121500174_652602455446240_1606972945360250504_n.jpg?_nc_ht=instagram.fabe1-1.fna.fbcdn.net&_nc_cat=104&_nc_ohc=FDSTqDJfBP4AX9HWhOr&tp=19&oh=d47fc8a7ea24fda6f8dcca595e81e386&oe=5FB40FA1",
            "edge_liked_by": {
                "count": 0
            },
            "edge_media_preview_like": {
                "count": 0
            },
            "edge_media_to_caption": {
                "edges": [
                    {
                        "node": {
                            "text": "Absolutely stunning 🤩"
                        }
                    }
                ]
            },
            "edge_media_to_comment": {
                "count": 0
            },
            "id": "2421362849278630160",
            "is_video": false,
            "owner": {
                "id": "25132612889"
            },
            "shortcode": "CGaaK63lJkQ",
            "tags": [],
            "taken_at_timestamp": 1602868966,
            "thumbnail_resources": [
                {
                    "config_height": 150,
                    "config_width": 150,
                    "src": "https://instagram.fabe1-1.fna.fbcdn.net/v/t51.2885-15/e35/c0.180.1440.1440a/s150x150/121500174_652602455446240_1606972945360250504_n.jpg?_nc_ht=instagram.fabe1-1.fna.fbcdn.net&_nc_cat=104&_nc_ohc=FDSTqDJfBP4AX9HWhOr&tp=16&oh=7c0f8e6bbc64cb47b73d9d0c8f3b92d2&oe=5FB3D435"
                },
                {
                    "config_height": 240,
                    "config_width": 240,
                    "src": "https://instagram.fabe1-1.fna.fbcdn.net/v/t51.2885-15/e35/c0.180.1440.1440a/s240x240/121500174_652602455446240_1606972945360250504_n.jpg?_nc_ht=instagram.fabe1-1.fna.fbcdn.net&_nc_cat=104&_nc_ohc=FDSTqDJfBP4AX9HWhOr&tp=16&oh=ed5ce7bd5778338e81ee663fdc15b2a0&oe=5FB40633"
                },
                {
                    "config_height": 320,
                    "config_width": 320,
                    "src": "https://instagram.fabe1-1.fna.fbcdn.net/v/t51.2885-15/e35/c0.180.1440.1440a/s320x320/121500174_652602455446240_1606972945360250504_n.jpg?_nc_ht=instagram.fabe1-1.fna.fbcdn.net&_nc_cat=104&_nc_ohc=FDSTqDJfBP4AX9HWhOr&tp=16&oh=525767d26d1f18d2d12055aa1459c1d0&oe=5FB252CD"
                },
                {
                    "config_height": 480,
                    "config_width": 480,
                    "src": "https://instagram.fabe1-1.fna.fbcdn.net/v/t51.2885-15/e35/c0.180.1440.1440a/s480x480/121500174_652602455446240_1606972945360250504_n.jpg?_nc_ht=instagram.fabe1-1.fna.fbcdn.net&_nc_cat=104&_nc_ohc=FDSTqDJfBP4AX9HWhOr&tp=16&oh=78318892f529582228ff02bd834b2769&oe=5FB4138C"
                },
                {
                    "config_height": 640,
                    "config_width": 640,
                    "src": "https://instagram.fabe1-1.fna.fbcdn.net/v/t51.2885-15/sh0.08/e35/c0.180.1440.1440a/s640x640/121500174_652602455446240_1606972945360250504_n.jpg?_nc_ht=instagram.fabe1-1.fna.fbcdn.net&_nc_cat=104&_nc_ohc=FDSTqDJfBP4AX9HWhOr&oh=f4634830ffc2b16c0cdcedb7361f16a2&oe=5FB1AA05"
                }
            ],
            "thumbnail_src": "https://instagram.fabe1-1.fna.fbcdn.net/v/t51.2885-15/sh0.08/e35/c0.180.1440.1440a/s640x640/121500174_652602455446240_1606972945360250504_n.jpg?_nc_ht=instagram.fabe1-1.fna.fbcdn.net&_nc_cat=104&_nc_ohc=FDSTqDJfBP4AX9HWhOr&oh=f4634830ffc2b16c0cdcedb7361f16a2&oe=5FB1AA05",
            "urls": [
                "https://instagram.fabe1-1.fna.fbcdn.net/v/t51.2885-15/e35/p1080x1080/121500174_652602455446240_1606972945360250504_n.jpg?_nc_ht=instagram.fabe1-1.fna.fbcdn.net&_nc_cat=104&_nc_ohc=FDSTqDJfBP4AX9HWhOr&tp=19&oh=d47fc8a7ea24fda6f8dcca595e81e386&oe=5FB40FA1"
            ]
        },
        {
            "comments_disabled": false,
            "dimensions": {
                "height": 937,
                "width": 750
            },
            "display_url": "https://instagram.fabe1-1.fna.fbcdn.net/v/t51.2885-15/e35/120890388_468628137388267_6474575695197127144_n.jpg?_nc_ht=instagram.fabe1-1.fna.fbcdn.net&_nc_cat=107&_nc_ohc=ZXHMpvBlxiIAX8k6gU6&_nc_tp=18&oh=45dfd43aa97e4744086e2b664a2e9b2f&oe=5F8BDB3D",
            "edge_liked_by": {
                "count": 1
            },
            "edge_media_preview_like": {
                "count": 1
            },
            "edge_media_to_caption": {
                "edges": [
                    {
                        "node": {
                            "text": "Ceviche Toston!!!\nGet ready, we open at 6pm\nEnjoy the best peruvian food on wheels in Miami.\n625 ne 79 st miami florida 33138\nUber eats, doordash, postmates and grubhub available.\nCall us at 7862305897, send us a DM for pick up\n#peruviancuisine #peruvianfoodinmiami #peruviansinmiami #peruvianfoodtruckmiami #peruvianflavours #cevicheloversmiami #cevicheaventura #cevichemiami #peruanosenmiami #miamifoodtrucksevents #foodtrucklovers #foodtruckwynwood #foodtrucksmiami #foodtruckperuano #foodtruckmiamibeach #northbayvillagefoodtruckswednesdays #northmiamifoodies #miamibeachfoodies #brickellfoodie #dineoutmiami #cheflife #miamifoodies #supportlocal #miamicoronavirusinfo #stayhomemiami #cheflife #mimodistrict #ceviche"
                        }
                    }
                ]
            },
            "edge_media_to_comment": {
                "count": 0
            },
            "id": "2421362733665581492",
            "is_video": true,
            "owner": {
                "id": "550881598"
            },
            "shortcode": "CGaaJPMgXm0",
            "tags": [
                "peruanosenmiami",
                "foodtrucklovers",
                "foodtruckmiamibeach",
                "peruvianfoodinmiami",
                "miamibeachfoodies",
                "dineoutmiami",
                "cheflife",
                "brickellfoodie",
                "stayhomemiami",
                "northmiamifoodies",
                "northbayvillagefoodtruckswednesdays",
                "mimodistrict",
                "peruviancuisine",
                "cevichemiami",
                "miamicoronavirusinfo",
                "cevicheloversmiami",
                "foodtrucksmiami",
                "supportlocal",
                "miamifoodtrucksevents",
                "cevicheaventura",
                "miamifoodies",
                "ceviche",
                "peruvianflavours",
                "foodtruckwynwood",
                "peruvianfoodtruckmiami",
                "peruviansinmiami",
                "foodtruckperuano"
            ],
            "taken_at_timestamp": 1602868965,
            "thumbnail_resources": [
                {
                    "config_height": 150,
                    "config_width": 150,
                    "src": "https://instagram.fabe1-1.fna.fbcdn.net/v/t51.2885-15/e35/c0.90.720.720a/s150x150/120890388_468628137388267_6474575695197127144_n.jpg?_nc_ht=instagram.fabe1-1.fna.fbcdn.net&_nc_cat=107&_nc_ohc=ZXHMpvBlxiIAX8k6gU6&tp=16&oh=a37a8e30408258325294ddaf0bcf5f87&oe=5F8C3066"
                },
                {
                    "config_height": 240,
                    "config_width": 240,
                    "src": "https://instagram.fabe1-1.fna.fbcdn.net/v/t51.2885-15/e35/c0.90.720.720a/s240x240/120890388_468628137388267_6474575695197127144_n.jpg?_nc_ht=instagram.fabe1-1.fna.fbcdn.net&_nc_cat=107&_nc_ohc=ZXHMpvBlxiIAX8k6gU6&tp=16&oh=0779ddbcd7780d49591e8926f19ef633&oe=5F8C5064"
                },
                {
                    "config_height": 320,
                    "config_width": 320,
                    "src": "https://instagram.fabe1-1.fna.fbcdn.net/v/t51.2885-15/e35/c0.90.720.720a/s320x320/120890388_468628137388267_6474575695197127144_n.jpg?_nc_ht=instagram.fabe1-1.fna.fbcdn.net&_nc_cat=107&_nc_ohc=ZXHMpvBlxiIAX8k6gU6&tp=16&oh=37d7f59a47765033b91586ef256156e4&oe=5F8C745E"
                },
                {
                    "config_height": 480,
                    "config_width": 480,
                    "src": "https://instagram.fabe1-1.fna.fbcdn.net/v/t51.2885-15/e35/c0.90.720.720a/s480x480/120890388_468628137388267_6474575695197127144_n.jpg?_nc_ht=instagram.fabe1-1.fna.fbcdn.net&_nc_cat=107&_nc_ohc=ZXHMpvBlxiIAX8k6gU6&tp=16&oh=23d68fc8cb784e975010cfc86e5c642b&oe=5F8C02DB"
                },
                {
                    "config_height": 640,
                    "config_width": 640,
                    "src": "https://instagram.fabe1-1.fna.fbcdn.net/v/t51.2885-15/sh0.08/e35/c0.90.720.720a/s640x640/120890388_468628137388267_6474575695197127144_n.jpg?_nc_ht=instagram.fabe1-1.fna.fbcdn.net&_nc_cat=107&_nc_ohc=ZXHMpvBlxiIAX8k6gU6&oh=55f5f0d9f229097415e43ca667aac871&oe=5F8C45D2"
                }
            ],
            "thumbnail_src": "https://instagram.fabe1-1.fna.fbcdn.net/v/t51.2885-15/sh0.08/e35/c0.90.720.720a/s640x640/120890388_468628137388267_6474575695197127144_n.jpg?_nc_ht=instagram.fabe1-1.fna.fbcdn.net&_nc_cat=107&_nc_ohc=ZXHMpvBlxiIAX8k6gU6&oh=55f5f0d9f229097415e43ca667aac871&oe=5F8C45D2",
            "urls": [
                "https://instagram.fabe1-1.fna.fbcdn.net/v/t50.2886-16/121774904_456505978657904_4669379986167564367_n.mp4?_nc_ht=instagram.fabe1-1.fna.fbcdn.net&_nc_cat=108&_nc_ohc=3ag_IaxEZowAX9_gJd1&oe=5F8C476D&oh=dac9844406747b9396185d2973b23b90"
            ],
            "video_view_count": 0
        },
        {
            "comments_disabled": false,
            "dimensions": {
                "height": 1349,
                "width": 1080
            },
            "display_url": "https://instagram.fabe1-1.fna.fbcdn.net/v/t51.2885-15/e35/p1080x1080/121498411_1042088076308234_7546084921781522248_n.jpg?_nc_ht=instagram.fabe1-1.fna.fbcdn.net&_nc_cat=102&_nc_ohc=LkADE94s4zUAX_RCm-t&tp=19&oh=aa09df27072b44f66319ac3b9d1df51a&oe=5FB1F095",
            "edge_liked_by": {
                "count": 4
            },
            "edge_media_preview_like": {
                "count": 4
            },
            "edge_media_to_caption": {
                "edges": [
                    {
                        "node": {
                            "text": "No dejes que esos kilitos de más te impida ser una mujer sexy y feliz.\n.\n.\nA quien más les pasa que hay días que te sientes super sexy jajaj.\n.\n.\n.\nMujer empoderada y sexy .\n.\n.\n#miami #likeforlikes #instagood #instagram #instamoment #instagramers #influencer #me #eeuu🇺🇸 #venezuela #cuba #canada #irlanda #españa #europa #followｍe #sigueme #smile #selfie"
                        }
                    }
                ]
            },
            "edge_media_to_comment": {
                "count": 1
            },
            "id": "2421362824321621031",
            "is_video": false,
            "owner": {
                "id": "513799206"
            },
            "shortcode": "CGaaKjoBtwn",
            "tags": [
                "eeuu",
                "me",
                "cuba",
                "irlanda",
                "selfie",
                "españa",
                "canada",
                "europa",
                "instagood",
                "instamoment",
                "instagramers",
                "smile",
                "miami",
                "likeforlikes",
                "sigueme",
                "venezuela",
                "followｍe",
                "influencer",
                "instagram"
            ],
            "taken_at_timestamp": 1602868963,
            "thumbnail_resources": [
                {
                    "config_height": 150,
                    "config_width": 150,
                    "src": "https://instagram.fabe1-1.fna.fbcdn.net/v/t51.2885-15/e35/c0.148.1190.1190a/s150x150/121498411_1042088076308234_7546084921781522248_n.jpg?_nc_ht=instagram.fabe1-1.fna.fbcdn.net&_nc_cat=102&_nc_ohc=LkADE94s4zUAX_RCm-t&tp=16&oh=5402384f2e9468e9afc54a7768b175ae&oe=5FB3DB87"
                },
                {
                    "config_height": 240,
                    "config_width": 240,
                    "src": "https://instagram.fabe1-1.fna.fbcdn.net/v/t51.2885-15/e35/c0.148.1190.1190a/s240x240/121498411_1042088076308234_7546084921781522248_n.jpg?_nc_ht=instagram.fabe1-1.fna.fbcdn.net&_nc_cat=102&_nc_ohc=LkADE94s4zUAX_RCm-t&tp=16&oh=e1fc2c411a69bcf58f5dfcfb90ff47eb&oe=5FB1ECCF"
                },
                {
                    "config_height": 320,
                    "config_width": 320,
                    "src": "https://instagram.fabe1-1.fna.fbcdn.net/v/t51.2885-15/e35/c0.148.1190.1190a/s320x320/121498411_1042088076308234_7546084921781522248_n.jpg?_nc_ht=instagram.fabe1-1.fna.fbcdn.net&_nc_cat=102&_nc_ohc=LkADE94s4zUAX_RCm-t&tp=16&oh=43dd76dc92c2ac7562b6d354337efb64&oe=5FB1A312"
                },
                {
                    "config_height": 480,
                    "config_width": 480,
                    "src": "https://instagram.fabe1-1.fna.fbcdn.net/v/t51.2885-15/e35/c0.148.1190.1190a/s480x480/121498411_1042088076308234_7546084921781522248_n.jpg?_nc_ht=instagram.fabe1-1.fna.fbcdn.net&_nc_cat=102&_nc_ohc=LkADE94s4zUAX_RCm-t&tp=16&oh=aa4a8478f85655bcdede9fe1e6aff61b&oe=5FB2C5D4"
                },
                {
                    "config_height": 640,
                    "config_width": 640,
                    "src": "https://instagram.fabe1-1.fna.fbcdn.net/v/t51.2885-15/sh0.08/e35/c0.148.1190.1190a/s640x640/121498411_1042088076308234_7546084921781522248_n.jpg?_nc_ht=instagram.fabe1-1.fna.fbcdn.net&_nc_cat=102&_nc_ohc=LkADE94s4zUAX_RCm-t&oh=45ea6b8da04aa9a30670dea7fab1b3a9&oe=5FB177EA"
                }
            ],
            "thumbnail_src": "https://instagram.fabe1-1.fna.fbcdn.net/v/t51.2885-15/sh0.08/e35/c0.148.1190.1190a/s640x640/121498411_1042088076308234_7546084921781522248_n.jpg?_nc_ht=instagram.fabe1-1.fna.fbcdn.net&_nc_cat=102&_nc_ohc=LkADE94s4zUAX_RCm-t&oh=45ea6b8da04aa9a30670dea7fab1b3a9&oe=5FB177EA",
            "urls": [
                "https://instagram.fabe1-1.fna.fbcdn.net/v/t51.2885-15/e35/p1080x1080/121498411_1042088076308234_7546084921781522248_n.jpg?_nc_ht=instagram.fabe1-1.fna.fbcdn.net&_nc_cat=102&_nc_ohc=LkADE94s4zUAX_RCm-t&tp=19&oh=aa09df27072b44f66319ac3b9d1df51a&oe=5FB1F095"
            ]
        },
        {
            "comments_disabled": false,
            "dimensions": {
                "height": 1080,
                "width": 1080
            },
            "display_url": "https://instagram.fabe1-1.fna.fbcdn.net/v/t51.2885-15/e35/121599692_3527068520686804_7826440957584386781_n.jpg?_nc_ht=instagram.fabe1-1.fna.fbcdn.net&_nc_cat=104&_nc_ohc=7oBzKOlZX1AAX8zRSJC&_nc_tp=18&oh=1045ca78af51ebec7cefeaa4b4b913fb&oe=5FB2463E",
            "edge_liked_by": {
                "count": 0
            },
            "edge_media_preview_like": {
                "count": 0
            },
            "edge_media_to_caption": {
                "edges": [
                    {
                        "node": {
                            "text": "The company you keep is crucial to your growth. We encourage you to surround yourself with individuals who have your success in mind and help you along the way. \n.\nThe best thing about having people who understand our purpose and goals is being able to celebrate your successes with them!"
                        }
                    }
                ]
            },
            "edge_media_to_comment": {
                "count": 1
            },
            "id": "2421362763302649454",
            "is_video": false,
            "owner": {
                "id": "14106171494"
            },
            "shortcode": "CGaaJqzAz5u",
            "tags": [],
            "taken_at_timestamp": 1602868956,
            "thumbnail_resources": [
                {
                    "config_height": 150,
                    "config_width": 150,
                    "src": "https://instagram.fabe1-1.fna.fbcdn.net/v/t51.2885-15/e35/s150x150/121599692_3527068520686804_7826440957584386781_n.jpg?_nc_ht=instagram.fabe1-1.fna.fbcdn.net&_nc_cat=104&_nc_ohc=7oBzKOlZX1AAX8zRSJC&_nc_tp=15&oh=1e88b87b8375c38dbb8c8b26024f2f14&oe=5FB41052"
                },
                {
                    "config_height": 240,
                    "config_width": 240,
                    "src": "https://instagram.fabe1-1.fna.fbcdn.net/v/t51.2885-15/e35/s240x240/121599692_3527068520686804_7826440957584386781_n.jpg?_nc_ht=instagram.fabe1-1.fna.fbcdn.net&_nc_cat=104&_nc_ohc=7oBzKOlZX1AAX8zRSJC&_nc_tp=15&oh=17049f5d086c48d4e8da46e86b29b785&oe=5FB1B79A"
                },
                {
                    "config_height": 320,
                    "config_width": 320,
                    "src": "https://instagram.fabe1-1.fna.fbcdn.net/v/t51.2885-15/e35/s320x320/121599692_3527068520686804_7826440957584386781_n.jpg?_nc_ht=instagram.fabe1-1.fna.fbcdn.net&_nc_cat=104&_nc_ohc=7oBzKOlZX1AAX8zRSJC&_nc_tp=15&oh=d2404f04e14a5d3de2c84bb6c13ed263&oe=5FB52447"
                },
                {
                    "config_height": 480,
                    "config_width": 480,
                    "src": "https://instagram.fabe1-1.fna.fbcdn.net/v/t51.2885-15/e35/s480x480/121599692_3527068520686804_7826440957584386781_n.jpg?_nc_ht=instagram.fabe1-1.fna.fbcdn.net&_nc_cat=104&_nc_ohc=7oBzKOlZX1AAX8zRSJC&_nc_tp=15&oh=132dcf90c5682339690dc55872306df5&oe=5FB2E085"
                },
                {
                    "config_height": 640,
                    "config_width": 640,
                    "src": "https://instagram.fabe1-1.fna.fbcdn.net/v/t51.2885-15/sh0.08/e35/s640x640/121599692_3527068520686804_7826440957584386781_n.jpg?_nc_ht=instagram.fabe1-1.fna.fbcdn.net&_nc_cat=104&_nc_ohc=7oBzKOlZX1AAX8zRSJC&_nc_tp=24&oh=eb42ae0715e9c6a0ba0efa28d363dda9&oe=5FB29C25"
                }
            ],
            "thumbnail_src": "https://instagram.fabe1-1.fna.fbcdn.net/v/t51.2885-15/sh0.08/e35/s640x640/121599692_3527068520686804_7826440957584386781_n.jpg?_nc_ht=instagram.fabe1-1.fna.fbcdn.net&_nc_cat=104&_nc_ohc=7oBzKOlZX1AAX8zRSJC&_nc_tp=24&oh=eb42ae0715e9c6a0ba0efa28d363dda9&oe=5FB29C25",
            "urls": [
                "https://instagram.fabe1-1.fna.fbcdn.net/v/t51.2885-15/e35/121599692_3527068520686804_7826440957584386781_n.jpg?_nc_ht=instagram.fabe1-1.fna.fbcdn.net&_nc_cat=104&_nc_ohc=7oBzKOlZX1AAX8zRSJC&_nc_tp=18&oh=1045ca78af51ebec7cefeaa4b4b913fb&oe=5FB2463E"
            ]
        },
        {
            "comments_disabled": false,
            "dimensions": {
                "height": 1350,
                "width": 1080
            },
            "display_url": "https://instagram.fabe1-1.fna.fbcdn.net/v/t51.2885-15/e35/p1080x1080/121715925_2809834202673901_7361594930913269089_n.jpg?_nc_ht=instagram.fabe1-1.fna.fbcdn.net&_nc_cat=101&_nc_ohc=EG5fGdodGtcAX8t6WdI&tp=19&oh=ef3c05043288ad0a983564668c780ddb&oe=5FB3E9CF",
            "edge_liked_by": {
                "count": 0
            },
            "edge_media_preview_like": {
                "count": 0
            },
            "edge_media_to_caption": {
                "edges": [
                    {
                        "node": {
                            "text": "definitely 5 pm somewhere energy"
                        }
                    }
                ]
            },
            "edge_media_to_comment": {
                "count": 1
            },
            "id": "2421362743404926938",
            "is_video": false,
            "owner": {
                "id": "201053561"
            },
            "shortcode": "CGaaJYRBBfa",
            "tags": [],
            "taken_at_timestamp": 1602868954,
            "thumbnail_resources": [
                {
                    "config_height": 150,
                    "config_width": 150,
                    "src": "https://instagram.fabe1-1.fna.fbcdn.net/v/t51.2885-15/e35/c0.180.1440.1440a/s150x150/121715925_2809834202673901_7361594930913269089_n.jpg?_nc_ht=instagram.fabe1-1.fna.fbcdn.net&_nc_cat=101&_nc_ohc=EG5fGdodGtcAX8t6WdI&tp=16&oh=c316a17f234f62833d8e200a5426a35b&oe=5FB3C765"
                },
                {
                    "config_height": 240,
                    "config_width": 240,
                    "src": "https://instagram.fabe1-1.fna.fbcdn.net/v/t51.2885-15/e35/c0.180.1440.1440a/s240x240/121715925_2809834202673901_7361594930913269089_n.jpg?_nc_ht=instagram.fabe1-1.fna.fbcdn.net&_nc_cat=101&_nc_ohc=EG5fGdodGtcAX8t6WdI&tp=16&oh=751f912ccea3285683660a4336f2159d&oe=5FB2172D"
                },
                {
                    "config_height": 320,
                    "config_width": 320,
                    "src": "https://instagram.fabe1-1.fna.fbcdn.net/v/t51.2885-15/e35/c0.180.1440.1440a/s320x320/121715925_2809834202673901_7361594930913269089_n.jpg?_nc_ht=instagram.fabe1-1.fna.fbcdn.net&_nc_cat=101&_nc_ohc=EG5fGdodGtcAX8t6WdI&tp=16&oh=c38ee6bc2c8242e5a0032904c167b81b&oe=5FB4DE74"
                },
                {
                    "config_height": 480,
                    "config_width": 480,
                    "src": "https://instagram.fabe1-1.fna.fbcdn.net/v/t51.2885-15/e35/c0.180.1440.1440a/s480x480/121715925_2809834202673901_7361594930913269089_n.jpg?_nc_ht=instagram.fabe1-1.fna.fbcdn.net&_nc_cat=101&_nc_ohc=EG5fGdodGtcAX8t6WdI&tp=16&oh=ce46db00ba56f4d3797cc13d96a3331d&oe=5FB3C232"
                },
                {
                    "config_height": 640,
                    "config_width": 640,
                    "src": "https://instagram.fabe1-1.fna.fbcdn.net/v/t51.2885-15/sh0.08/e35/c0.180.1440.1440a/s640x640/121715925_2809834202673901_7361594930913269089_n.jpg?_nc_ht=instagram.fabe1-1.fna.fbcdn.net&_nc_cat=101&_nc_ohc=EG5fGdodGtcAX8t6WdI&oh=12f6721deb0f68c2ee88aa7fba4cf679&oe=5FB1FF8C"
                }
            ],
            "thumbnail_src": "https://instagram.fabe1-1.fna.fbcdn.net/v/t51.2885-15/sh0.08/e35/c0.180.1440.1440a/s640x640/121715925_2809834202673901_7361594930913269089_n.jpg?_nc_ht=instagram.fabe1-1.fna.fbcdn.net&_nc_cat=101&_nc_ohc=EG5fGdodGtcAX8t6WdI&oh=12f6721deb0f68c2ee88aa7fba4cf679&oe=5FB1FF8C",
            "urls": [
                "https://instagram.fabe1-1.fna.fbcdn.net/v/t51.2885-15/e35/p1080x1080/121715925_2809834202673901_7361594930913269089_n.jpg?_nc_ht=instagram.fabe1-1.fna.fbcdn.net&_nc_cat=101&_nc_ohc=EG5fGdodGtcAX8t6WdI&tp=19&oh=ef3c05043288ad0a983564668c780ddb&oe=5FB3E9CF"
            ]
        },
        {
            "comments_disabled": false,
            "dimensions": {
                "height": 810,
                "width": 1080
            },
            "display_url": "https://instagram.fabe1-1.fna.fbcdn.net/v/t51.2885-15/e35/s1080x1080/121399931_131617982022229_3798543166267700752_n.jpg?_nc_ht=instagram.fabe1-1.fna.fbcdn.net&_nc_cat=101&_nc_ohc=9n8YZA520t4AX_oAbFv&_nc_tp=15&oh=e766287ced37a1d6fc657c73e0edb5dc&oe=5FB53CC1",
            "edge_liked_by": {
                "count": 0
            },
            "edge_media_preview_like": {
                "count": 0
            },
            "edge_media_to_caption": {
                "edges": [
                    {
                        "node": {
                            "text": "Just tryna stay afloat .. 💿💫"
                        }
                    }
                ]
            },
            "edge_media_to_comment": {
                "count": 1
            },
            "id": "2421362567959379651",
            "is_video": false,
            "owner": {
                "id": "34100489"
            },
            "shortcode": "CGaaG03pX7D",
            "tags": [],
            "taken_at_timestamp": 1602868933,
            "thumbnail_resources": [
                {
                    "config_height": 150,
                    "config_width": 150,
                    "src": "https://instagram.fabe1-1.fna.fbcdn.net/v/t51.2885-15/e35/c180.0.1080.1080a/s150x150/121399931_131617982022229_3798543166267700752_n.jpg?_nc_ht=instagram.fabe1-1.fna.fbcdn.net&_nc_cat=101&_nc_ohc=9n8YZA520t4AX_oAbFv&tp=16&oh=43217cbed9e15d457935ef5bc123a741&oe=5FB32CD1"
                },
                {
                    "config_height": 240,
                    "config_width": 240,
                    "src": "https://instagram.fabe1-1.fna.fbcdn.net/v/t51.2885-15/e35/c180.0.1080.1080a/s240x240/121399931_131617982022229_3798543166267700752_n.jpg?_nc_ht=instagram.fabe1-1.fna.fbcdn.net&_nc_cat=101&_nc_ohc=9n8YZA520t4AX_oAbFv&tp=16&oh=4ae974a1116df47670d301dcfd4daf23&oe=5FB175D7"
                },
                {
                    "config_height": 320,
                    "config_width": 320,
                    "src": "https://instagram.fabe1-1.fna.fbcdn.net/v/t51.2885-15/e35/c180.0.1080.1080a/s320x320/121399931_131617982022229_3798543166267700752_n.jpg?_nc_ht=instagram.fabe1-1.fna.fbcdn.net&_nc_cat=101&_nc_ohc=9n8YZA520t4AX_oAbFv&tp=16&oh=87185f8024cc9f7ee817ad2825e420bd&oe=5FB19929"
                },
                {
                    "config_height": 480,
                    "config_width": 480,
                    "src": "https://instagram.fabe1-1.fna.fbcdn.net/v/t51.2885-15/e35/c180.0.1080.1080a/s480x480/121399931_131617982022229_3798543166267700752_n.jpg?_nc_ht=instagram.fabe1-1.fna.fbcdn.net&_nc_cat=101&_nc_ohc=9n8YZA520t4AX_oAbFv&tp=16&oh=284d430096c18b114f6f4b53bc75589c&oe=5FB463F0"
                },
                {
                    "config_height": 640,
                    "config_width": 640,
                    "src": "https://instagram.fabe1-1.fna.fbcdn.net/v/t51.2885-15/sh0.08/e35/c180.0.1080.1080a/s640x640/121399931_131617982022229_3798543166267700752_n.jpg?_nc_ht=instagram.fabe1-1.fna.fbcdn.net&_nc_cat=101&_nc_ohc=9n8YZA520t4AX_oAbFv&oh=0a786b6db456227a36bd50a84c593aa7&oe=5FB22961"
                }
            ],
            "thumbnail_src": "https://instagram.fabe1-1.fna.fbcdn.net/v/t51.2885-15/sh0.08/e35/c180.0.1080.1080a/s640x640/121399931_131617982022229_3798543166267700752_n.jpg?_nc_ht=instagram.fabe1-1.fna.fbcdn.net&_nc_cat=101&_nc_ohc=9n8YZA520t4AX_oAbFv&oh=0a786b6db456227a36bd50a84c593aa7&oe=5FB22961",
            "urls": [
                "https://instagram.fabe1-1.fna.fbcdn.net/v/t51.2885-15/e35/s1080x1080/121399931_131617982022229_3798543166267700752_n.jpg?_nc_ht=instagram.fabe1-1.fna.fbcdn.net&_nc_cat=101&_nc_ohc=9n8YZA520t4AX_oAbFv&_nc_tp=15&oh=e766287ced37a1d6fc657c73e0edb5dc&oe=5FB53CC1"
            ]
        }
    ]
}