{
    "GraphImages": [
        {
            "comments_disabled": false,
            "dimensions": {
                "height": 1267,
                "width": 1080
            },
            "display_url": "https://instagram.fabe1-1.fna.fbcdn.net/v/t51.2885-15/e35/121650139_367229910993062_7490737346770283015_n.jpg?_nc_ht=instagram.fabe1-1.fna.fbcdn.net&_nc_cat=102&_nc_ohc=Ih6kphT2DDsAX_1aUW8&_nc_tp=18&oh=b8cd362f14ebad5ef34c00e5b9c14d50&oe=5FB1D582",
            "edge_liked_by": {
                "count": 0
            },
            "edge_media_preview_like": {
                "count": 0
            },
            "edge_media_to_caption": {
                "edges": [
                    {
                        "node": {
                            "text": "On our way for some shopping! ❤️ #happyfriday"
                        }
                    }
                ]
            },
            "edge_media_to_comment": {
                "count": 0
            },
            "id": "2421381057272447751",
            "is_video": false,
            "owner": {
                "id": "22733114"
            },
            "shortcode": "CGaeT4YlYMH",
            "tags": [
                "happyfriday"
            ],
            "taken_at_timestamp": 1602871137,
            "thumbnail_resources": [
                {
                    "config_height": 150,
                    "config_width": 150,
                    "src": "https://instagram.fabe1-1.fna.fbcdn.net/v/t51.2885-15/e35/c0.83.957.957a/s150x150/121650139_367229910993062_7490737346770283015_n.jpg?_nc_ht=instagram.fabe1-1.fna.fbcdn.net&_nc_cat=102&_nc_ohc=Ih6kphT2DDsAX_1aUW8&tp=16&oh=b7d558fa12f3de71e9f13fee03e42de4&oe=5FB2D223"
                },
                {
                    "config_height": 240,
                    "config_width": 240,
                    "src": "https://instagram.fabe1-1.fna.fbcdn.net/v/t51.2885-15/e35/c0.83.957.957a/s240x240/121650139_367229910993062_7490737346770283015_n.jpg?_nc_ht=instagram.fabe1-1.fna.fbcdn.net&_nc_cat=102&_nc_ohc=Ih6kphT2DDsAX_1aUW8&tp=16&oh=28836a1e6e2be5d57ebd1b578c6cbdac&oe=5FB1A225"
                },
                {
                    "config_height": 320,
                    "config_width": 320,
                    "src": "https://instagram.fabe1-1.fna.fbcdn.net/v/t51.2885-15/e35/c0.83.957.957a/s320x320/121650139_367229910993062_7490737346770283015_n.jpg?_nc_ht=instagram.fabe1-1.fna.fbcdn.net&_nc_cat=102&_nc_ohc=Ih6kphT2DDsAX_1aUW8&tp=16&oh=4388f6a6315f31d4322cfe0fbc61a6a6&oe=5FB4F25B"
                },
                {
                    "config_height": 480,
                    "config_width": 480,
                    "src": "https://instagram.fabe1-1.fna.fbcdn.net/v/t51.2885-15/e35/c0.83.957.957a/s480x480/121650139_367229910993062_7490737346770283015_n.jpg?_nc_ht=instagram.fabe1-1.fna.fbcdn.net&_nc_cat=102&_nc_ohc=Ih6kphT2DDsAX_1aUW8&tp=16&oh=4c3145b410ec8d17776dea2cbe8c8893&oe=5FB2219E"
                },
                {
                    "config_height": 640,
                    "config_width": 640,
                    "src": "https://instagram.fabe1-1.fna.fbcdn.net/v/t51.2885-15/sh0.08/e35/c0.83.957.957a/s640x640/121650139_367229910993062_7490737346770283015_n.jpg?_nc_ht=instagram.fabe1-1.fna.fbcdn.net&_nc_cat=102&_nc_ohc=Ih6kphT2DDsAX_1aUW8&oh=1ec79d6a61c7dc5fc47c83ca5a793a2b&oe=5FB2C617"
                }
            ],
            "thumbnail_src": "https://instagram.fabe1-1.fna.fbcdn.net/v/t51.2885-15/sh0.08/e35/c0.83.957.957a/s640x640/121650139_367229910993062_7490737346770283015_n.jpg?_nc_ht=instagram.fabe1-1.fna.fbcdn.net&_nc_cat=102&_nc_ohc=Ih6kphT2DDsAX_1aUW8&oh=1ec79d6a61c7dc5fc47c83ca5a793a2b&oe=5FB2C617",
            "urls": [
                "https://instagram.fabe1-1.fna.fbcdn.net/v/t51.2885-15/e35/121650139_367229910993062_7490737346770283015_n.jpg?_nc_ht=instagram.fabe1-1.fna.fbcdn.net&_nc_cat=102&_nc_ohc=Ih6kphT2DDsAX_1aUW8&_nc_tp=18&oh=b8cd362f14ebad5ef34c00e5b9c14d50&oe=5FB1D582"
            ]
        },
        {
            "comments_disabled": false,
            "dimensions": {
                "height": 1080,
                "width": 1080
            },
            "display_url": "https://instagram.fabe1-1.fna.fbcdn.net/v/t51.2885-15/e35/s1080x1080/121514981_409563083375596_5420562303162561552_n.jpg?_nc_ht=instagram.fabe1-1.fna.fbcdn.net&_nc_cat=104&_nc_ohc=K8n0oiMBHVEAX98oli1&_nc_tp=15&oh=b383ea7144688601e782ad021bedb4ad&oe=5FB307DB",
            "edge_liked_by": {
                "count": 0
            },
            "edge_media_preview_like": {
                "count": 0
            },
            "edge_media_to_caption": {
                "edges": [
                    {
                        "node": {
                            "text": "Halloween is coming and @evalunacollection is ready. 🎃"
                        }
                    }
                ]
            },
            "edge_media_to_comment": {
                "count": 1
            },
            "id": "2421381048203212135",
            "is_video": false,
            "owner": {
                "id": "40117952761"
            },
            "shortcode": "CGaeTv8A_Vn",
            "tags": [],
            "taken_at_timestamp": 1602871136,
            "thumbnail_resources": [
                {
                    "config_height": 150,
                    "config_width": 150,
                    "src": "https://instagram.fabe1-1.fna.fbcdn.net/v/t51.2885-15/e35/s150x150/121514981_409563083375596_5420562303162561552_n.jpg?_nc_ht=instagram.fabe1-1.fna.fbcdn.net&_nc_cat=104&_nc_ohc=K8n0oiMBHVEAX98oli1&_nc_tp=15&oh=b1d1ae09830e66bec53f01a7108fddbb&oe=5FB2321C"
                },
                {
                    "config_height": 240,
                    "config_width": 240,
                    "src": "https://instagram.fabe1-1.fna.fbcdn.net/v/t51.2885-15/e35/s240x240/121514981_409563083375596_5420562303162561552_n.jpg?_nc_ht=instagram.fabe1-1.fna.fbcdn.net&_nc_cat=104&_nc_ohc=K8n0oiMBHVEAX98oli1&_nc_tp=15&oh=2eac7f9c40e8e3c96c48ac01fe9ffcb8&oe=5FB37F1E"
                },
                {
                    "config_height": 320,
                    "config_width": 320,
                    "src": "https://instagram.fabe1-1.fna.fbcdn.net/v/t51.2885-15/e35/s320x320/121514981_409563083375596_5420562303162561552_n.jpg?_nc_ht=instagram.fabe1-1.fna.fbcdn.net&_nc_cat=104&_nc_ohc=K8n0oiMBHVEAX98oli1&_nc_tp=15&oh=79e30e2466807773af3dcf16b4a1ac99&oe=5FB489E4"
                },
                {
                    "config_height": 480,
                    "config_width": 480,
                    "src": "https://instagram.fabe1-1.fna.fbcdn.net/v/t51.2885-15/e35/s480x480/121514981_409563083375596_5420562303162561552_n.jpg?_nc_ht=instagram.fabe1-1.fna.fbcdn.net&_nc_cat=104&_nc_ohc=K8n0oiMBHVEAX98oli1&_nc_tp=15&oh=9a06cfbecae5615660e56dc03426b12f&oe=5FB2C525"
                },
                {
                    "config_height": 640,
                    "config_width": 640,
                    "src": "https://instagram.fabe1-1.fna.fbcdn.net/v/t51.2885-15/sh0.08/e35/s640x640/121514981_409563083375596_5420562303162561552_n.jpg?_nc_ht=instagram.fabe1-1.fna.fbcdn.net&_nc_cat=104&_nc_ohc=K8n0oiMBHVEAX98oli1&_nc_tp=24&oh=e52c2c1f082461b51be214037cb077ee&oe=5FB22A1F"
                }
            ],
            "thumbnail_src": "https://instagram.fabe1-1.fna.fbcdn.net/v/t51.2885-15/sh0.08/e35/s640x640/121514981_409563083375596_5420562303162561552_n.jpg?_nc_ht=instagram.fabe1-1.fna.fbcdn.net&_nc_cat=104&_nc_ohc=K8n0oiMBHVEAX98oli1&_nc_tp=24&oh=e52c2c1f082461b51be214037cb077ee&oe=5FB22A1F",
            "urls": [
                "https://instagram.fabe1-1.fna.fbcdn.net/v/t51.2885-15/e35/s1080x1080/121514981_409563083375596_5420562303162561552_n.jpg?_nc_ht=instagram.fabe1-1.fna.fbcdn.net&_nc_cat=104&_nc_ohc=K8n0oiMBHVEAX98oli1&_nc_tp=15&oh=b383ea7144688601e782ad021bedb4ad&oe=5FB307DB"
            ]
        },
        {
            "comments_disabled": false,
            "dimensions": {
                "height": 938,
                "width": 750
            },
            "display_url": "https://instagram.fabe1-1.fna.fbcdn.net/v/t51.2885-15/e35/121715918_2777318025839097_2633988929662881721_n.jpg?_nc_ht=instagram.fabe1-1.fna.fbcdn.net&_nc_cat=109&_nc_ohc=qVfv-qajFTYAX-WRnGL&_nc_tp=18&oh=3996babc6c7ad9085ccafc685e1026b3&oe=5F8BF5B9",
            "edge_liked_by": {
                "count": 2
            },
            "edge_media_preview_like": {
                "count": 2
            },
            "edge_media_to_caption": {
                "edges": [
                    {
                        "node": {
                            "text": "REVIEW: @farmtoforkmeals I’ve tried other meal service plans. This is the closest to a personal chef I’ve experienced since my days on ‘STRONG’ where I basically had the best chef (@vonrothfelder)\n.\nI am not being paid for the review. I honestly felt like I was having a home cooked meal every day. No funny after taste. No stale food. I had ONE meal I did not like the string beans (but my kids did). \n.\nI’ve already had my client order as she had terrible eating habits but body goals! YOU CAN’T OUT TRAIN A BAD DIET! \n.\nIF you’re in the Miami area (or going to visit!) - CHECK THEM OUT!  I gave them 4.5 stars ⭐️ and I am hard to please!"
                        }
                    }
                ]
            },
            "edge_media_to_comment": {
                "count": 0
            },
            "id": "2421377616031552799",
            "is_video": true,
            "owner": {
                "id": "30278097"
            },
            "shortcode": "CGadhzepJUf",
            "tags": [],
            "taken_at_timestamp": 1602871093,
            "thumbnail_resources": [
                {
                    "config_height": 150,
                    "config_width": 150,
                    "src": "https://instagram.fabe1-1.fna.fbcdn.net/v/t51.2885-15/e35/c0.90.719.719a/s150x150/121715918_2777318025839097_2633988929662881721_n.jpg?_nc_ht=instagram.fabe1-1.fna.fbcdn.net&_nc_cat=109&_nc_ohc=qVfv-qajFTYAX-WRnGL&tp=16&oh=e18f823422af56e9b4ce1714b00238f9&oe=5F8C495D"
                },
                {
                    "config_height": 240,
                    "config_width": 240,
                    "src": "https://instagram.fabe1-1.fna.fbcdn.net/v/t51.2885-15/e35/c0.90.719.719a/s240x240/121715918_2777318025839097_2633988929662881721_n.jpg?_nc_ht=instagram.fabe1-1.fna.fbcdn.net&_nc_cat=109&_nc_ohc=qVfv-qajFTYAX-WRnGL&tp=16&oh=97367cfa5c0a8f94acb90e53aefec8d6&oe=5F8C8255"
                },
                {
                    "config_height": 320,
                    "config_width": 320,
                    "src": "https://instagram.fabe1-1.fna.fbcdn.net/v/t51.2885-15/e35/c0.90.719.719a/s320x320/121715918_2777318025839097_2633988929662881721_n.jpg?_nc_ht=instagram.fabe1-1.fna.fbcdn.net&_nc_cat=109&_nc_ohc=qVfv-qajFTYAX-WRnGL&tp=16&oh=53cea7bb6d187c0472d2cf15404044bb&oe=5F8C158C"
                },
                {
                    "config_height": 480,
                    "config_width": 480,
                    "src": "https://instagram.fabe1-1.fna.fbcdn.net/v/t51.2885-15/e35/c0.90.719.719a/s480x480/121715918_2777318025839097_2633988929662881721_n.jpg?_nc_ht=instagram.fabe1-1.fna.fbcdn.net&_nc_cat=109&_nc_ohc=qVfv-qajFTYAX-WRnGL&tp=16&oh=113f520f0dfe3f9e5791aaf39e436734&oe=5F8C43CA"
                },
                {
                    "config_height": 640,
                    "config_width": 640,
                    "src": "https://instagram.fabe1-1.fna.fbcdn.net/v/t51.2885-15/sh0.08/e35/c0.90.719.719a/s640x640/121715918_2777318025839097_2633988929662881721_n.jpg?_nc_ht=instagram.fabe1-1.fna.fbcdn.net&_nc_cat=109&_nc_ohc=qVfv-qajFTYAX-WRnGL&oh=8002d500320cc6fe167b43a27e0800f6&oe=5F8C0EB3"
                }
            ],
            "thumbnail_src": "https://instagram.fabe1-1.fna.fbcdn.net/v/t51.2885-15/sh0.08/e35/c0.90.719.719a/s640x640/121715918_2777318025839097_2633988929662881721_n.jpg?_nc_ht=instagram.fabe1-1.fna.fbcdn.net&_nc_cat=109&_nc_ohc=qVfv-qajFTYAX-WRnGL&oh=8002d500320cc6fe167b43a27e0800f6&oe=5F8C0EB3",
            "urls": [
                "https://instagram.fabe1-1.fna.fbcdn.net/v/t50.2886-16/121616063_1057914261296464_9036520092508741299_n.mp4?_nc_ht=instagram.fabe1-1.fna.fbcdn.net&_nc_cat=104&_nc_ohc=JWY-CT32PBkAX_eVo5_&oe=5F8C1353&oh=d2050ab6e6b28e7468fcb3527feca70f"
            ],
            "video_view_count": 1
        }
    ]
}