{
    "GraphImages": [
        {
            "comments_disabled": false,
            "dimensions": {
                "height": 1350,
                "width": 1080
            },
            "display_url": "https://instagram.fabe1-1.fna.fbcdn.net/v/t51.2885-15/e35/p1080x1080/121251866_211785173701056_6539705672380394059_n.jpg?_nc_ht=instagram.fabe1-1.fna.fbcdn.net&_nc_cat=100&_nc_ohc=N3_jxN-DIsMAX8VS2Kv&tp=19&oh=7723f0cecb368c5e4b90d09cba768410&oe=5FB22A78",
            "edge_liked_by": {
                "count": 0
            },
            "edge_media_preview_like": {
                "count": 0
            },
            "edge_media_to_caption": {
                "edges": [
                    {
                        "node": {
                            "text": "#miamilife"
                        }
                    }
                ]
            },
            "edge_media_to_comment": {
                "count": 0
            },
            "id": "2421553121824465267",
            "is_video": false,
            "owner": {
                "id": "16705340129"
            },
            "shortcode": "CGbFbv_FeFz",
            "tags": [
                "miamilife"
            ],
            "taken_at_timestamp": 1602891648,
            "thumbnail_resources": [
                {
                    "config_height": 150,
                    "config_width": 150,
                    "src": "https://instagram.fabe1-1.fna.fbcdn.net/v/t51.2885-15/e35/c0.180.1440.1440a/s150x150/121251866_211785173701056_6539705672380394059_n.jpg?_nc_ht=instagram.fabe1-1.fna.fbcdn.net&_nc_cat=100&_nc_ohc=N3_jxN-DIsMAX8VS2Kv&tp=16&oh=a3c0131502232f34a9719527ca21976f&oe=5FB53C64"
                },
                {
                    "config_height": 240,
                    "config_width": 240,
                    "src": "https://instagram.fabe1-1.fna.fbcdn.net/v/t51.2885-15/e35/c0.180.1440.1440a/s240x240/121251866_211785173701056_6539705672380394059_n.jpg?_nc_ht=instagram.fabe1-1.fna.fbcdn.net&_nc_cat=100&_nc_ohc=N3_jxN-DIsMAX8VS2Kv&tp=16&oh=e017f63ea448797b8bc3c39ea00074b4&oe=5FB49866"
                },
                {
                    "config_height": 320,
                    "config_width": 320,
                    "src": "https://instagram.fabe1-1.fna.fbcdn.net/v/t51.2885-15/e35/c0.180.1440.1440a/s320x320/121251866_211785173701056_6539705672380394059_n.jpg?_nc_ht=instagram.fabe1-1.fna.fbcdn.net&_nc_cat=100&_nc_ohc=N3_jxN-DIsMAX8VS2Kv&tp=16&oh=9461a4501605ded78287ac82ebe38faa&oe=5FB1FC9C"
                },
                {
                    "config_height": 480,
                    "config_width": 480,
                    "src": "https://instagram.fabe1-1.fna.fbcdn.net/v/t51.2885-15/e35/c0.180.1440.1440a/s480x480/121251866_211785173701056_6539705672380394059_n.jpg?_nc_ht=instagram.fabe1-1.fna.fbcdn.net&_nc_cat=100&_nc_ohc=N3_jxN-DIsMAX8VS2Kv&tp=16&oh=889cf7a184965752e01eb368fcc54746&oe=5FB2395D"
                },
                {
                    "config_height": 640,
                    "config_width": 640,
                    "src": "https://instagram.fabe1-1.fna.fbcdn.net/v/t51.2885-15/sh0.08/e35/c0.180.1440.1440a/s640x640/121251866_211785173701056_6539705672380394059_n.jpg?_nc_ht=instagram.fabe1-1.fna.fbcdn.net&_nc_cat=100&_nc_ohc=N3_jxN-DIsMAX8VS2Kv&oh=e9137490650c33f3a7bfa119af1422fc&oe=5FB31254"
                }
            ],
            "thumbnail_src": "https://instagram.fabe1-1.fna.fbcdn.net/v/t51.2885-15/sh0.08/e35/c0.180.1440.1440a/s640x640/121251866_211785173701056_6539705672380394059_n.jpg?_nc_ht=instagram.fabe1-1.fna.fbcdn.net&_nc_cat=100&_nc_ohc=N3_jxN-DIsMAX8VS2Kv&oh=e9137490650c33f3a7bfa119af1422fc&oe=5FB31254",
            "urls": [
                "https://instagram.fabe1-1.fna.fbcdn.net/v/t51.2885-15/e35/p1080x1080/121251866_211785173701056_6539705672380394059_n.jpg?_nc_ht=instagram.fabe1-1.fna.fbcdn.net&_nc_cat=100&_nc_ohc=N3_jxN-DIsMAX8VS2Kv&tp=19&oh=7723f0cecb368c5e4b90d09cba768410&oe=5FB22A78"
            ]
        },
        {
            "comments_disabled": false,
            "dimensions": {
                "height": 1349,
                "width": 1080
            },
            "display_url": "https://instagram.fabe1-1.fna.fbcdn.net/v/t51.2885-15/e35/p1080x1080/121629774_3342261909215214_6937349578267266997_n.jpg?_nc_ht=instagram.fabe1-1.fna.fbcdn.net&_nc_cat=106&_nc_ohc=OF4PatYmr2kAX8v9h7I&tp=19&oh=bc1a7ea18be0fa3a60e38777287a2761&oe=5FB1D315",
            "edge_liked_by": {
                "count": 1
            },
            "edge_media_preview_like": {
                "count": 1
            },
            "edge_media_to_caption": {
                "edges": [
                    {
                        "node": {
                            "text": "Happy Friday! It’s finally the weekend and we cannot wait to find a perfect spot on the beach 🥳 #FahrenheitSwimwear #MicroBikini #SmallBikini #StringBikini #Handmade #EtsySellers #ShopifySeller #CoralBikini #PinkBikini #OrangeBikini #BeachBabe"
                        }
                    }
                ]
            },
            "edge_media_to_comment": {
                "count": 0
            },
            "id": "2421552735150549217",
            "is_video": false,
            "owner": {
                "id": "1649239628"
            },
            "shortcode": "CGbFWH3hijh",
            "tags": [
                "FahrenheitSwimwear",
                "Handmade",
                "BeachBabe",
                "SmallBikini",
                "StringBikini",
                "CoralBikini",
                "EtsySellers",
                "OrangeBikini",
                "MicroBikini",
                "PinkBikini",
                "ShopifySeller"
            ],
            "taken_at_timestamp": 1602891602,
            "thumbnail_resources": [
                {
                    "config_height": 150,
                    "config_width": 150,
                    "src": "https://instagram.fabe1-1.fna.fbcdn.net/v/t51.2885-15/e35/c0.179.1440.1440a/s150x150/121629774_3342261909215214_6937349578267266997_n.jpg?_nc_ht=instagram.fabe1-1.fna.fbcdn.net&_nc_cat=106&_nc_ohc=OF4PatYmr2kAX8v9h7I&tp=16&oh=f4f1cdbc117c574ba79be4a3ad38fee4&oe=5FB52AC6"
                },
                {
                    "config_height": 240,
                    "config_width": 240,
                    "src": "https://instagram.fabe1-1.fna.fbcdn.net/v/t51.2885-15/e35/c0.179.1440.1440a/s240x240/121629774_3342261909215214_6937349578267266997_n.jpg?_nc_ht=instagram.fabe1-1.fna.fbcdn.net&_nc_cat=106&_nc_ohc=OF4PatYmr2kAX8v9h7I&tp=16&oh=90b4d9357f583dcfc496281d5de65702&oe=5FB2140E"
                },
                {
                    "config_height": 320,
                    "config_width": 320,
                    "src": "https://instagram.fabe1-1.fna.fbcdn.net/v/t51.2885-15/e35/c0.179.1440.1440a/s320x320/121629774_3342261909215214_6937349578267266997_n.jpg?_nc_ht=instagram.fabe1-1.fna.fbcdn.net&_nc_cat=106&_nc_ohc=OF4PatYmr2kAX8v9h7I&tp=16&oh=dbbd130b3c5af4e6aa03f7c325a3c14b&oe=5FB31053"
                },
                {
                    "config_height": 480,
                    "config_width": 480,
                    "src": "https://instagram.fabe1-1.fna.fbcdn.net/v/t51.2885-15/e35/c0.179.1440.1440a/s480x480/121629774_3342261909215214_6937349578267266997_n.jpg?_nc_ht=instagram.fabe1-1.fna.fbcdn.net&_nc_cat=106&_nc_ohc=OF4PatYmr2kAX8v9h7I&tp=16&oh=43f2bf5631e11462f194f8d281f6295f&oe=5FB42D11"
                },
                {
                    "config_height": 640,
                    "config_width": 640,
                    "src": "https://instagram.fabe1-1.fna.fbcdn.net/v/t51.2885-15/sh0.08/e35/c0.179.1440.1440a/s640x640/121629774_3342261909215214_6937349578267266997_n.jpg?_nc_ht=instagram.fabe1-1.fna.fbcdn.net&_nc_cat=106&_nc_ohc=OF4PatYmr2kAX8v9h7I&oh=c3340f49807fecaa037480eedf9e0f81&oe=5FB5662B"
                }
            ],
            "thumbnail_src": "https://instagram.fabe1-1.fna.fbcdn.net/v/t51.2885-15/sh0.08/e35/c0.179.1440.1440a/s640x640/121629774_3342261909215214_6937349578267266997_n.jpg?_nc_ht=instagram.fabe1-1.fna.fbcdn.net&_nc_cat=106&_nc_ohc=OF4PatYmr2kAX8v9h7I&oh=c3340f49807fecaa037480eedf9e0f81&oe=5FB5662B",
            "urls": [
                "https://instagram.fabe1-1.fna.fbcdn.net/v/t51.2885-15/e35/p1080x1080/121629774_3342261909215214_6937349578267266997_n.jpg?_nc_ht=instagram.fabe1-1.fna.fbcdn.net&_nc_cat=106&_nc_ohc=OF4PatYmr2kAX8v9h7I&tp=19&oh=bc1a7ea18be0fa3a60e38777287a2761&oe=5FB1D315"
            ]
        }
    ]
}