{
    "GraphImages": [
        {
            "comments_disabled": false,
            "dimensions": {
                "height": 750,
                "width": 750
            },
            "display_url": "https://instagram.fabe1-1.fna.fbcdn.net/v/t51.2885-15/e35/121609899_1331636717167902_883866946914251241_n.jpg?_nc_ht=instagram.fabe1-1.fna.fbcdn.net&_nc_cat=106&_nc_ohc=owksZ8lWeQMAX9YJUIt&_nc_tp=18&oh=4e5a18a672a37733688adeb86a637c16&oe=5F8CA0EC",
            "edge_liked_by": {
                "count": 0
            },
            "edge_media_preview_like": {
                "count": 0
            },
            "edge_media_to_caption": {
                "edges": [
                    {
                        "node": {
                            "text": "Memories are my most valuable possessions. 🤍#memories \n.\n.\n.\n.\n.\n.\n#love #makemoments #collectorofmoments #explore #wanderlust #visulagang #maluma #admv #documentlife #gooutside #instagood #adventure #exploretocreate #liveaunthentic #beautifuldestinations #wanderfolk #keepitwild #outside_project #liveputdoors #stayandwander #livefolk #finditliveit"
                        }
                    }
                ]
            },
            "edge_media_to_comment": {
                "count": 0
            },
            "id": "2421582635865333069",
            "is_video": true,
            "owner": {
                "id": "49188175"
            },
            "shortcode": "CGbMJPFAd1N",
            "tags": [
                "liveputdoors",
                "maluma",
                "memories",
                "outside_project",
                "love",
                "visulagang",
                "wanderlust",
                "admv",
                "wanderfolk",
                "exploretocreate",
                "adventure",
                "stayandwander",
                "collectorofmoments",
                "keepitwild",
                "liveaunthentic",
                "explore",
                "livefolk",
                "instagood",
                "finditliveit",
                "beautifuldestinations",
                "documentlife",
                "makemoments",
                "gooutside"
            ],
            "taken_at_timestamp": 1602895186,
            "thumbnail_resources": [
                {
                    "config_height": 150,
                    "config_width": 150,
                    "src": "https://instagram.fabe1-1.fna.fbcdn.net/v/t51.2885-15/e35/s150x150/121609899_1331636717167902_883866946914251241_n.jpg?_nc_ht=instagram.fabe1-1.fna.fbcdn.net&_nc_cat=106&_nc_ohc=owksZ8lWeQMAX9YJUIt&_nc_tp=15&oh=7878609ee063a1890431c540ac041d8b&oe=5F8C7995"
                },
                {
                    "config_height": 240,
                    "config_width": 240,
                    "src": "https://instagram.fabe1-1.fna.fbcdn.net/v/t51.2885-15/e35/s240x240/121609899_1331636717167902_883866946914251241_n.jpg?_nc_ht=instagram.fabe1-1.fna.fbcdn.net&_nc_cat=106&_nc_ohc=owksZ8lWeQMAX9YJUIt&_nc_tp=15&oh=a7d73b54b47514298f27056a24ad24c8&oe=5F8C9C93"
                },
                {
                    "config_height": 320,
                    "config_width": 320,
                    "src": "https://instagram.fabe1-1.fna.fbcdn.net/v/t51.2885-15/e35/s320x320/121609899_1331636717167902_883866946914251241_n.jpg?_nc_ht=instagram.fabe1-1.fna.fbcdn.net&_nc_cat=106&_nc_ohc=owksZ8lWeQMAX9YJUIt&_nc_tp=15&oh=01402827edc0535ef31bd1c61a884963&oe=5F8CCCED"
                },
                {
                    "config_height": 480,
                    "config_width": 480,
                    "src": "https://instagram.fabe1-1.fna.fbcdn.net/v/t51.2885-15/e35/s480x480/121609899_1331636717167902_883866946914251241_n.jpg?_nc_ht=instagram.fabe1-1.fna.fbcdn.net&_nc_cat=106&_nc_ohc=owksZ8lWeQMAX9YJUIt&_nc_tp=15&oh=4d097264b037f39f645186fdee292f8f&oe=5F8CA2AC"
                },
                {
                    "config_height": 640,
                    "config_width": 640,
                    "src": "https://instagram.fabe1-1.fna.fbcdn.net/v/t51.2885-15/sh0.08/e35/s640x640/121609899_1331636717167902_883866946914251241_n.jpg?_nc_ht=instagram.fabe1-1.fna.fbcdn.net&_nc_cat=106&_nc_ohc=owksZ8lWeQMAX9YJUIt&_nc_tp=24&oh=d82b7c49a0728d70a19fe5b4bedd7bab&oe=5F8C7192"
                }
            ],
            "thumbnail_src": "https://instagram.fabe1-1.fna.fbcdn.net/v/t51.2885-15/sh0.08/e35/s640x640/121609899_1331636717167902_883866946914251241_n.jpg?_nc_ht=instagram.fabe1-1.fna.fbcdn.net&_nc_cat=106&_nc_ohc=owksZ8lWeQMAX9YJUIt&_nc_tp=24&oh=d82b7c49a0728d70a19fe5b4bedd7bab&oe=5F8C7192",
            "urls": [
                "https://instagram.fabe1-1.fna.fbcdn.net/v/t50.2886-16/122016088_172576534462154_857693656909822790_n.mp4?_nc_ht=instagram.fabe1-1.fna.fbcdn.net&_nc_cat=102&_nc_ohc=78cn-ZwowEwAX_aoQzG&oe=5F8C7790&oh=c767d8c32b94ce44982e0a4514ccbee6"
            ],
            "video_view_count": 0
        },
        {
            "comments_disabled": false,
            "dimensions": {
                "height": 640,
                "width": 640
            },
            "display_url": "https://instagram.fabe1-1.fna.fbcdn.net/v/t51.2885-15/e35/121620020_351438109466140_2246770331135284996_n.jpg?_nc_ht=instagram.fabe1-1.fna.fbcdn.net&_nc_cat=104&_nc_ohc=4No4z7093fkAX_DBex3&_nc_tp=18&oh=f3e580a2e0d4a6667164803e5bdae20c&oe=5FB43691",
            "edge_liked_by": {
                "count": 0
            },
            "edge_media_preview_like": {
                "count": 0
            },
            "edge_media_to_caption": {
                "edges": [
                    {
                        "node": {
                            "text": "The hues are everything 🌴 🌊 ☀️"
                        }
                    }
                ]
            },
            "edge_media_to_comment": {
                "count": 0
            },
            "id": "2421582768583933523",
            "is_video": false,
            "owner": {
                "id": "3112409476"
            },
            "shortcode": "CGbMLKrpv5T",
            "tags": [],
            "taken_at_timestamp": 1602895183,
            "thumbnail_resources": [
                {
                    "config_height": 150,
                    "config_width": 150,
                    "src": "https://instagram.fabe1-1.fna.fbcdn.net/v/t51.2885-15/e35/s150x150/121620020_351438109466140_2246770331135284996_n.jpg?_nc_ht=instagram.fabe1-1.fna.fbcdn.net&_nc_cat=104&_nc_ohc=4No4z7093fkAX_DBex3&_nc_tp=15&oh=17a66cc5ef1ba71e87051dc9add33921&oe=5FB28FB0"
                },
                {
                    "config_height": 240,
                    "config_width": 240,
                    "src": "https://instagram.fabe1-1.fna.fbcdn.net/v/t51.2885-15/e35/s240x240/121620020_351438109466140_2246770331135284996_n.jpg?_nc_ht=instagram.fabe1-1.fna.fbcdn.net&_nc_cat=104&_nc_ohc=4No4z7093fkAX_DBex3&_nc_tp=15&oh=7310e332017bb7ab444d0c4aae61e93d&oe=5FB1E62A"
                },
                {
                    "config_height": 320,
                    "config_width": 320,
                    "src": "https://instagram.fabe1-1.fna.fbcdn.net/v/t51.2885-15/e35/s320x320/121620020_351438109466140_2246770331135284996_n.jpg?_nc_ht=instagram.fabe1-1.fna.fbcdn.net&_nc_cat=104&_nc_ohc=4No4z7093fkAX_DBex3&_nc_tp=15&oh=073398874f5daab32d08d9d884f00d5e&oe=5FB49C58"
                },
                {
                    "config_height": 480,
                    "config_width": 480,
                    "src": "https://instagram.fabe1-1.fna.fbcdn.net/v/t51.2885-15/e35/s480x480/121620020_351438109466140_2246770331135284996_n.jpg?_nc_ht=instagram.fabe1-1.fna.fbcdn.net&_nc_cat=104&_nc_ohc=4No4z7093fkAX_DBex3&_nc_tp=15&oh=f8ad674bb4b83c07d11ef56f5060fe25&oe=5FB48C11"
                },
                {
                    "config_height": 640,
                    "config_width": 640,
                    "src": "https://instagram.fabe1-1.fna.fbcdn.net/v/t51.2885-15/e35/121620020_351438109466140_2246770331135284996_n.jpg?_nc_ht=instagram.fabe1-1.fna.fbcdn.net&_nc_cat=104&_nc_ohc=4No4z7093fkAX_DBex3&_nc_tp=18&oh=f3e580a2e0d4a6667164803e5bdae20c&oe=5FB43691"
                }
            ],
            "thumbnail_src": "https://instagram.fabe1-1.fna.fbcdn.net/v/t51.2885-15/e35/121620020_351438109466140_2246770331135284996_n.jpg?_nc_ht=instagram.fabe1-1.fna.fbcdn.net&_nc_cat=104&_nc_ohc=4No4z7093fkAX_DBex3&_nc_tp=18&oh=f3e580a2e0d4a6667164803e5bdae20c&oe=5FB43691",
            "urls": [
                "https://instagram.fabe1-1.fna.fbcdn.net/v/t51.2885-15/e35/121620020_351438109466140_2246770331135284996_n.jpg?_nc_ht=instagram.fabe1-1.fna.fbcdn.net&_nc_cat=104&_nc_ohc=4No4z7093fkAX_DBex3&_nc_tp=18&oh=f3e580a2e0d4a6667164803e5bdae20c&oe=5FB43691"
            ]
        },
        {
            "comments_disabled": false,
            "dimensions": {
                "height": 937,
                "width": 750
            },
            "display_url": "https://instagram.fabe1-1.fna.fbcdn.net/v/t51.2885-15/e35/121611449_1274189436267468_7176264508836598685_n.jpg?_nc_ht=instagram.fabe1-1.fna.fbcdn.net&_nc_cat=100&_nc_ohc=ZMEqtlJG6CcAX_s4mwn&_nc_tp=18&oh=4823d66f1bd1ff28e4c466a60c68defa&oe=5F8C3812",
            "edge_liked_by": {
                "count": 61
            },
            "edge_media_preview_like": {
                "count": 61
            },
            "edge_media_to_caption": {
                "edges": [
                    {
                        "node": {
                            "text": "ROMPIENDO EN LOS TOP 3 @little_jey_pr 🔥🔥 EN @losreyesdelchanteo!! 👑 SUBIREMOS LOS VIDEOS MÁS DUROS TODOS LOS VIERNES 💪🏼🔥 #LOSREYESDELCHANTEO DALE LIKE👍🏽 COMENTA💬 Y COMPARTE🔁"
                        }
                    }
                ]
            },
            "edge_media_to_comment": {
                "count": 1
            },
            "id": "2421582575997783748",
            "is_video": false,
            "owner": {
                "id": "3292801723"
            },
            "shortcode": "CGbMIXUn47E",
            "tags": [
                "LOSREYESDELCHANTEO"
            ],
            "taken_at_timestamp": 1602895160,
            "thumbnail_resources": [
                {
                    "config_height": 150,
                    "config_width": 150,
                    "src": "https://instagram.fabe1-1.fna.fbcdn.net/v/t51.2885-15/e35/c0.90.720.720a/s150x150/121611449_1274189436267468_7176264508836598685_n.jpg?_nc_ht=instagram.fabe1-1.fna.fbcdn.net&_nc_cat=100&_nc_ohc=ZMEqtlJG6CcAX_s4mwn&tp=16&oh=f558bac2bea50e506a18000bb208ced1&oe=5F8CE011"
                },
                {
                    "config_height": 240,
                    "config_width": 240,
                    "src": "https://instagram.fabe1-1.fna.fbcdn.net/v/t51.2885-15/e35/c0.90.720.720a/s240x240/121611449_1274189436267468_7176264508836598685_n.jpg?_nc_ht=instagram.fabe1-1.fna.fbcdn.net&_nc_cat=100&_nc_ohc=ZMEqtlJG6CcAX_s4mwn&tp=16&oh=031b0b2813b8822d0762cf3be9bf6063&oe=5F8C7659"
                },
                {
                    "config_height": 320,
                    "config_width": 320,
                    "src": "https://instagram.fabe1-1.fna.fbcdn.net/v/t51.2885-15/e35/c0.90.720.720a/s320x320/121611449_1274189436267468_7176264508836598685_n.jpg?_nc_ht=instagram.fabe1-1.fna.fbcdn.net&_nc_cat=100&_nc_ohc=ZMEqtlJG6CcAX_s4mwn&tp=16&oh=4b2406b49d7ea200b272a1fe6499656e&oe=5F8C84C8"
                },
                {
                    "config_height": 480,
                    "config_width": 480,
                    "src": "https://instagram.fabe1-1.fna.fbcdn.net/v/t51.2885-15/e35/c0.90.720.720a/s480x480/121611449_1274189436267468_7176264508836598685_n.jpg?_nc_ht=instagram.fabe1-1.fna.fbcdn.net&_nc_cat=100&_nc_ohc=ZMEqtlJG6CcAX_s4mwn&tp=16&oh=16c8cc8a8bfd49f082b6e938bb1d529b&oe=5F8CDD06"
                },
                {
                    "config_height": 640,
                    "config_width": 640,
                    "src": "https://instagram.fabe1-1.fna.fbcdn.net/v/t51.2885-15/sh0.08/e35/c0.90.720.720a/s640x640/121611449_1274189436267468_7176264508836598685_n.jpg?_nc_ht=instagram.fabe1-1.fna.fbcdn.net&_nc_cat=100&_nc_ohc=ZMEqtlJG6CcAX_s4mwn&oh=02bd29c519206f3a2461bbf46af26f2a&oe=5F8C733F"
                }
            ],
            "thumbnail_src": "https://instagram.fabe1-1.fna.fbcdn.net/v/t51.2885-15/sh0.08/e35/c0.90.720.720a/s640x640/121611449_1274189436267468_7176264508836598685_n.jpg?_nc_ht=instagram.fabe1-1.fna.fbcdn.net&_nc_cat=100&_nc_ohc=ZMEqtlJG6CcAX_s4mwn&oh=02bd29c519206f3a2461bbf46af26f2a&oe=5F8C733F",
            "urls": [
                "https://instagram.fabe1-1.fna.fbcdn.net/v/t50.2886-16/121625018_699411464008129_3254184598585818025_n.mp4?_nc_ht=instagram.fabe1-1.fna.fbcdn.net&_nc_cat=101&_nc_ohc=pQmpheaFp2YAX_toUAJ&oe=5F8C6130&oh=707ea3a2a80fb08a254c8cb5bac10fbb",
                "https://instagram.fabe1-1.fna.fbcdn.net/v/t50.2886-16/121720848_355813962289350_5294634254794956256_n.mp4?_nc_ht=instagram.fabe1-1.fna.fbcdn.net&_nc_cat=106&_nc_ohc=lp3EkJxNZCsAX9MjT_Z&oe=5F8C7D90&oh=f0f48426342630100b2afc34f0e12ab7"
            ]
        },
        {
            "comments_disabled": false,
            "dimensions": {
                "height": 810,
                "width": 1080
            },
            "display_url": "https://instagram.fabe1-1.fna.fbcdn.net/v/t51.2885-15/e35/s1080x1080/121529474_911187962742758_3790621675687419544_n.jpg?_nc_ht=instagram.fabe1-1.fna.fbcdn.net&_nc_cat=102&_nc_ohc=dpTRSp6BjxYAX9jlcDo&_nc_tp=15&oh=37ef7f9f14fcdb5ed6bcb5643981fcbf&oe=5FB440BE",
            "edge_liked_by": {
                "count": 0
            },
            "edge_media_preview_like": {
                "count": 0
            },
            "edge_media_to_caption": {
                "edges": [
                    {
                        "node": {
                            "text": "Mood after a long work week."
                        }
                    }
                ]
            },
            "edge_media_to_comment": {
                "count": 0
            },
            "id": "2421582566165083868",
            "is_video": false,
            "owner": {
                "id": "8239358430"
            },
            "shortcode": "CGbMIOKjHbc",
            "tags": [],
            "taken_at_timestamp": 1602895159,
            "thumbnail_resources": [
                {
                    "config_height": 150,
                    "config_width": 150,
                    "src": "https://instagram.fabe1-1.fna.fbcdn.net/v/t51.2885-15/e35/c180.0.1080.1080a/s150x150/121529474_911187962742758_3790621675687419544_n.jpg?_nc_ht=instagram.fabe1-1.fna.fbcdn.net&_nc_cat=102&_nc_ohc=dpTRSp6BjxYAX9jlcDo&tp=16&oh=92498fb7783df0ab9e2ba45fd4af5d7f&oe=5FB2D5AE"
                },
                {
                    "config_height": 240,
                    "config_width": 240,
                    "src": "https://instagram.fabe1-1.fna.fbcdn.net/v/t51.2885-15/e35/c180.0.1080.1080a/s240x240/121529474_911187962742758_3790621675687419544_n.jpg?_nc_ht=instagram.fabe1-1.fna.fbcdn.net&_nc_cat=102&_nc_ohc=dpTRSp6BjxYAX9jlcDo&tp=16&oh=73846dd8ec5dc94a6eb80d52391504b5&oe=5FB337AC"
                },
                {
                    "config_height": 320,
                    "config_width": 320,
                    "src": "https://instagram.fabe1-1.fna.fbcdn.net/v/t51.2885-15/e35/c180.0.1080.1080a/s320x320/121529474_911187962742758_3790621675687419544_n.jpg?_nc_ht=instagram.fabe1-1.fna.fbcdn.net&_nc_cat=102&_nc_ohc=dpTRSp6BjxYAX9jlcDo&tp=16&oh=b2117792fbdd4680a95170e76f0998b3&oe=5FB397D6"
                },
                {
                    "config_height": 480,
                    "config_width": 480,
                    "src": "https://instagram.fabe1-1.fna.fbcdn.net/v/t51.2885-15/e35/c180.0.1080.1080a/s480x480/121529474_911187962742758_3790621675687419544_n.jpg?_nc_ht=instagram.fabe1-1.fna.fbcdn.net&_nc_cat=102&_nc_ohc=dpTRSp6BjxYAX9jlcDo&tp=16&oh=87db2268149ee347c69bfa87fdb54ad5&oe=5FB25613"
                },
                {
                    "config_height": 640,
                    "config_width": 640,
                    "src": "https://instagram.fabe1-1.fna.fbcdn.net/v/t51.2885-15/sh0.08/e35/c180.0.1080.1080a/s640x640/121529474_911187962742758_3790621675687419544_n.jpg?_nc_ht=instagram.fabe1-1.fna.fbcdn.net&_nc_cat=102&_nc_ohc=dpTRSp6BjxYAX9jlcDo&oh=94fc8c35ab43b8c1b7c0ceec90ccc2de&oe=5FB1E69E"
                }
            ],
            "thumbnail_src": "https://instagram.fabe1-1.fna.fbcdn.net/v/t51.2885-15/sh0.08/e35/c180.0.1080.1080a/s640x640/121529474_911187962742758_3790621675687419544_n.jpg?_nc_ht=instagram.fabe1-1.fna.fbcdn.net&_nc_cat=102&_nc_ohc=dpTRSp6BjxYAX9jlcDo&oh=94fc8c35ab43b8c1b7c0ceec90ccc2de&oe=5FB1E69E",
            "urls": [
                "https://instagram.fabe1-1.fna.fbcdn.net/v/t51.2885-15/e35/s1080x1080/121529474_911187962742758_3790621675687419544_n.jpg?_nc_ht=instagram.fabe1-1.fna.fbcdn.net&_nc_cat=102&_nc_ohc=dpTRSp6BjxYAX9jlcDo&_nc_tp=15&oh=37ef7f9f14fcdb5ed6bcb5643981fcbf&oe=5FB440BE"
            ]
        },
        {
            "comments_disabled": false,
            "dimensions": {
                "height": 1174,
                "width": 1080
            },
            "display_url": "https://instagram.fabe1-1.fna.fbcdn.net/v/t51.2885-15/e35/p1080x1080/121676641_174480070939606_5082940715163387326_n.jpg?_nc_ht=instagram.fabe1-1.fna.fbcdn.net&_nc_cat=110&_nc_ohc=UyJTvK6jJH4AX-ocyyc&tp=19&oh=a236d170beab3a97fe56347ad692dcb6&oe=5FB38126",
            "edge_liked_by": {
                "count": 0
            },
            "edge_media_preview_like": {
                "count": 0
            },
            "edge_media_to_caption": {
                "edges": [
                    {
                        "node": {
                            "text": "🌀"
                        }
                    }
                ]
            },
            "edge_media_to_comment": {
                "count": 0
            },
            "id": "2421582508148853643",
            "is_video": false,
            "owner": {
                "id": "258370970"
            },
            "shortcode": "CGbMHYIgwuL",
            "tags": [],
            "taken_at_timestamp": 1602895152,
            "thumbnail_resources": [
                {
                    "config_height": 150,
                    "config_width": 150,
                    "src": "https://instagram.fabe1-1.fna.fbcdn.net/v/t51.2885-15/e35/c0.63.1440.1440a/s150x150/121676641_174480070939606_5082940715163387326_n.jpg?_nc_ht=instagram.fabe1-1.fna.fbcdn.net&_nc_cat=110&_nc_ohc=UyJTvK6jJH4AX-ocyyc&tp=16&oh=a65ff80ad5f34408b1a9a0e16392c0ba&oe=5FB48FE1"
                },
                {
                    "config_height": 240,
                    "config_width": 240,
                    "src": "https://instagram.fabe1-1.fna.fbcdn.net/v/t51.2885-15/e35/c0.63.1440.1440a/s240x240/121676641_174480070939606_5082940715163387326_n.jpg?_nc_ht=instagram.fabe1-1.fna.fbcdn.net&_nc_cat=110&_nc_ohc=UyJTvK6jJH4AX-ocyyc&tp=16&oh=c4e703d0e3037c4c190b953cee20451b&oe=5FB51F67"
                },
                {
                    "config_height": 320,
                    "config_width": 320,
                    "src": "https://instagram.fabe1-1.fna.fbcdn.net/v/t51.2885-15/e35/c0.63.1440.1440a/s320x320/121676641_174480070939606_5082940715163387326_n.jpg?_nc_ht=instagram.fabe1-1.fna.fbcdn.net&_nc_cat=110&_nc_ohc=UyJTvK6jJH4AX-ocyyc&tp=16&oh=7d5ff2bda02ea3256ebc4731c2f1c8b3&oe=5FB21E99"
                },
                {
                    "config_height": 480,
                    "config_width": 480,
                    "src": "https://instagram.fabe1-1.fna.fbcdn.net/v/t51.2885-15/e35/c0.63.1440.1440a/s480x480/121676641_174480070939606_5082940715163387326_n.jpg?_nc_ht=instagram.fabe1-1.fna.fbcdn.net&_nc_cat=110&_nc_ohc=UyJTvK6jJH4AX-ocyyc&tp=16&oh=c3bf670c9432698ca09ce83986c4698f&oe=5FB2FEE0"
                },
                {
                    "config_height": 640,
                    "config_width": 640,
                    "src": "https://instagram.fabe1-1.fna.fbcdn.net/v/t51.2885-15/sh0.08/e35/c0.63.1440.1440a/s640x640/121676641_174480070939606_5082940715163387326_n.jpg?_nc_ht=instagram.fabe1-1.fna.fbcdn.net&_nc_cat=110&_nc_ohc=UyJTvK6jJH4AX-ocyyc&oh=8e9a4da9e79e34cf7f8f2a9efd9cab86&oe=5FB32C78"
                }
            ],
            "thumbnail_src": "https://instagram.fabe1-1.fna.fbcdn.net/v/t51.2885-15/sh0.08/e35/c0.63.1440.1440a/s640x640/121676641_174480070939606_5082940715163387326_n.jpg?_nc_ht=instagram.fabe1-1.fna.fbcdn.net&_nc_cat=110&_nc_ohc=UyJTvK6jJH4AX-ocyyc&oh=8e9a4da9e79e34cf7f8f2a9efd9cab86&oe=5FB32C78",
            "urls": [
                "https://instagram.fabe1-1.fna.fbcdn.net/v/t51.2885-15/e35/p1080x1080/121676641_174480070939606_5082940715163387326_n.jpg?_nc_ht=instagram.fabe1-1.fna.fbcdn.net&_nc_cat=110&_nc_ohc=UyJTvK6jJH4AX-ocyyc&tp=19&oh=a236d170beab3a97fe56347ad692dcb6&oe=5FB38126"
            ]
        },
        {
            "comments_disabled": false,
            "dimensions": {
                "height": 1080,
                "width": 1080
            },
            "display_url": "https://instagram.fabe1-1.fna.fbcdn.net/v/t51.2885-15/e35/s1080x1080/121575696_390662082105285_6524627966701909584_n.jpg?_nc_ht=instagram.fabe1-1.fna.fbcdn.net&_nc_cat=109&_nc_ohc=GpoIJZBdJxAAX-QZEP5&_nc_tp=15&oh=675cc524028f6cf552a59cbe599c8e9b&oe=5FB4141A",
            "edge_liked_by": {
                "count": 3
            },
            "edge_media_preview_like": {
                "count": 3
            },
            "edge_media_to_caption": {
                "edges": [
                    {
                        "node": {
                            "text": "💙 #prettylittlething #blue #pool #miami #summer #vacation #brasil #lifestyle #travelphotography #blogger #sayings #praia #bikini #trump"
                        }
                    }
                ]
            },
            "edge_media_to_comment": {
                "count": 0
            },
            "id": "2421581900933263719",
            "is_video": false,
            "owner": {
                "id": "4947421860"
            },
            "shortcode": "CGbL-inpHFn",
            "tags": [
                "brasil",
                "blue",
                "prettylittlething",
                "praia",
                "summer",
                "trump",
                "lifestyle",
                "sayings",
                "miami",
                "vacation",
                "pool",
                "travelphotography",
                "blogger",
                "bikini"
            ],
            "taken_at_timestamp": 1602895079,
            "thumbnail_resources": [
                {
                    "config_height": 150,
                    "config_width": 150,
                    "src": "https://instagram.fabe1-1.fna.fbcdn.net/v/t51.2885-15/e35/s150x150/121575696_390662082105285_6524627966701909584_n.jpg?_nc_ht=instagram.fabe1-1.fna.fbcdn.net&_nc_cat=109&_nc_ohc=GpoIJZBdJxAAX-QZEP5&_nc_tp=15&oh=101a9dffb5217251702bde4309e88dba&oe=5FB25C59"
                },
                {
                    "config_height": 240,
                    "config_width": 240,
                    "src": "https://instagram.fabe1-1.fna.fbcdn.net/v/t51.2885-15/e35/s240x240/121575696_390662082105285_6524627966701909584_n.jpg?_nc_ht=instagram.fabe1-1.fna.fbcdn.net&_nc_cat=109&_nc_ohc=GpoIJZBdJxAAX-QZEP5&_nc_tp=15&oh=b98d3a273fe664e57ae4a126fda5f083&oe=5FB396DF"
                },
                {
                    "config_height": 320,
                    "config_width": 320,
                    "src": "https://instagram.fabe1-1.fna.fbcdn.net/v/t51.2885-15/e35/s320x320/121575696_390662082105285_6524627966701909584_n.jpg?_nc_ht=instagram.fabe1-1.fna.fbcdn.net&_nc_cat=109&_nc_ohc=GpoIJZBdJxAAX-QZEP5&_nc_tp=15&oh=d6d824dbf34d19c8542e4ca50a525d4c&oe=5FB3DA21"
                },
                {
                    "config_height": 480,
                    "config_width": 480,
                    "src": "https://instagram.fabe1-1.fna.fbcdn.net/v/t51.2885-15/e35/s480x480/121575696_390662082105285_6524627966701909584_n.jpg?_nc_ht=instagram.fabe1-1.fna.fbcdn.net&_nc_cat=109&_nc_ohc=GpoIJZBdJxAAX-QZEP5&_nc_tp=15&oh=f4ac5175fbd0a79f698ce83923ed1e7f&oe=5FB43F68"
                },
                {
                    "config_height": 640,
                    "config_width": 640,
                    "src": "https://instagram.fabe1-1.fna.fbcdn.net/v/t51.2885-15/sh0.08/e35/s640x640/121575696_390662082105285_6524627966701909584_n.jpg?_nc_ht=instagram.fabe1-1.fna.fbcdn.net&_nc_cat=109&_nc_ohc=GpoIJZBdJxAAX-QZEP5&_nc_tp=24&oh=86131c9014a096edc28801e7777b17ea&oe=5FB1E85E"
                }
            ],
            "thumbnail_src": "https://instagram.fabe1-1.fna.fbcdn.net/v/t51.2885-15/sh0.08/e35/s640x640/121575696_390662082105285_6524627966701909584_n.jpg?_nc_ht=instagram.fabe1-1.fna.fbcdn.net&_nc_cat=109&_nc_ohc=GpoIJZBdJxAAX-QZEP5&_nc_tp=24&oh=86131c9014a096edc28801e7777b17ea&oe=5FB1E85E",
            "urls": [
                "https://instagram.fabe1-1.fna.fbcdn.net/v/t51.2885-15/e35/s1080x1080/121575696_390662082105285_6524627966701909584_n.jpg?_nc_ht=instagram.fabe1-1.fna.fbcdn.net&_nc_cat=109&_nc_ohc=GpoIJZBdJxAAX-QZEP5&_nc_tp=15&oh=675cc524028f6cf552a59cbe599c8e9b&oe=5FB4141A"
            ]
        }
    ]
}