{
    "GraphImages": [
        {
            "comments_disabled": false,
            "dimensions": {
                "height": 1080,
                "width": 1080
            },
            "display_url": "https://instagram.fabe1-1.fna.fbcdn.net/v/t51.2885-15/e35/s1080x1080/121607863_189378279315551_9096186562448032709_n.jpg?_nc_ht=instagram.fabe1-1.fna.fbcdn.net&_nc_cat=111&_nc_ohc=jYDivA_I6-IAX9rdnb5&_nc_tp=15&oh=bec765fa482a5fa50d1b5f6967426b79&oe=5FB4F713",
            "edge_liked_by": {
                "count": 0
            },
            "edge_media_preview_like": {
                "count": 0
            },
            "edge_media_to_caption": {
                "edges": [
                    {
                        "node": {
                            "text": "Dándole la bienvenida a los Sea Doo 2021! #quelindos 🥳\nElija usted con música o sin música rápido o suave sea doo life ven renta tú jetski y navega con @7pmski  donde se ofrecen los mejores precios de la ciudad de Miami y parte de la Florida 🏄🏼"
                        }
                    }
                ]
            },
            "edge_media_to_comment": {
                "count": 0
            },
            "id": "2421469268056782709",
            "is_video": false,
            "owner": {
                "id": "1733252391"
            },
            "shortcode": "CGayXhFDLd1",
            "tags": [
                "quelindos"
            ],
            "taken_at_timestamp": 1602881652,
            "thumbnail_resources": [
                {
                    "config_height": 150,
                    "config_width": 150,
                    "src": "https://instagram.fabe1-1.fna.fbcdn.net/v/t51.2885-15/e35/s150x150/121607863_189378279315551_9096186562448032709_n.jpg?_nc_ht=instagram.fabe1-1.fna.fbcdn.net&_nc_cat=111&_nc_ohc=jYDivA_I6-IAX9rdnb5&_nc_tp=15&oh=16e704bda537bce3d4256a6d3e38ffce&oe=5FB48554"
                },
                {
                    "config_height": 240,
                    "config_width": 240,
                    "src": "https://instagram.fabe1-1.fna.fbcdn.net/v/t51.2885-15/e35/s240x240/121607863_189378279315551_9096186562448032709_n.jpg?_nc_ht=instagram.fabe1-1.fna.fbcdn.net&_nc_cat=111&_nc_ohc=jYDivA_I6-IAX9rdnb5&_nc_tp=15&oh=4a7e1ad2994790dc5dd9781ad0c1f10b&oe=5FB498D6"
                },
                {
                    "config_height": 320,
                    "config_width": 320,
                    "src": "https://instagram.fabe1-1.fna.fbcdn.net/v/t51.2885-15/e35/s320x320/121607863_189378279315551_9096186562448032709_n.jpg?_nc_ht=instagram.fabe1-1.fna.fbcdn.net&_nc_cat=111&_nc_ohc=jYDivA_I6-IAX9rdnb5&_nc_tp=15&oh=b7f4bc72037be4a152d8ea2e045c7df3&oe=5FB282AC"
                },
                {
                    "config_height": 480,
                    "config_width": 480,
                    "src": "https://instagram.fabe1-1.fna.fbcdn.net/v/t51.2885-15/e35/s480x480/121607863_189378279315551_9096186562448032709_n.jpg?_nc_ht=instagram.fabe1-1.fna.fbcdn.net&_nc_cat=111&_nc_ohc=jYDivA_I6-IAX9rdnb5&_nc_tp=15&oh=300bb4f2acac0de9d235ef25f4b39a3e&oe=5FB3F7ED"
                },
                {
                    "config_height": 640,
                    "config_width": 640,
                    "src": "https://instagram.fabe1-1.fna.fbcdn.net/v/t51.2885-15/sh0.08/e35/s640x640/121607863_189378279315551_9096186562448032709_n.jpg?_nc_ht=instagram.fabe1-1.fna.fbcdn.net&_nc_cat=111&_nc_ohc=jYDivA_I6-IAX9rdnb5&_nc_tp=24&oh=ec3a0c2e896ce9d7d5491f66a727d9aa&oe=5FB4F557"
                }
            ],
            "thumbnail_src": "https://instagram.fabe1-1.fna.fbcdn.net/v/t51.2885-15/sh0.08/e35/s640x640/121607863_189378279315551_9096186562448032709_n.jpg?_nc_ht=instagram.fabe1-1.fna.fbcdn.net&_nc_cat=111&_nc_ohc=jYDivA_I6-IAX9rdnb5&_nc_tp=24&oh=ec3a0c2e896ce9d7d5491f66a727d9aa&oe=5FB4F557",
            "urls": [
                "https://instagram.fabe1-1.fna.fbcdn.net/v/t51.2885-15/e35/s1080x1080/121607863_189378279315551_9096186562448032709_n.jpg?_nc_ht=instagram.fabe1-1.fna.fbcdn.net&_nc_cat=111&_nc_ohc=jYDivA_I6-IAX9rdnb5&_nc_tp=15&oh=bec765fa482a5fa50d1b5f6967426b79&oe=5FB4F713"
            ]
        },
        {
            "comments_disabled": false,
            "dimensions": {
                "height": 1080,
                "width": 1080
            },
            "display_url": "https://instagram.fabe1-1.fna.fbcdn.net/v/t51.2885-15/e35/s1080x1080/121586340_2438413003119254_7773381152892890853_n.jpg?_nc_ht=instagram.fabe1-1.fna.fbcdn.net&_nc_cat=102&_nc_ohc=BLy0gatafwsAX-43EoZ&_nc_tp=15&oh=3933980fb20bfeaf7648eba57ec5ec39&oe=5FB1A408",
            "edge_liked_by": {
                "count": 0
            },
            "edge_media_preview_like": {
                "count": 0
            },
            "edge_media_to_caption": {
                "edges": [
                    {
                        "node": {
                            "text": "☀️Sunrise in South Beach☀️"
                        }
                    }
                ]
            },
            "edge_media_to_comment": {
                "count": 0
            },
            "id": "2421468845815419371",
            "is_video": false,
            "owner": {
                "id": "5812033852"
            },
            "shortcode": "CGayRX1gNHr",
            "tags": [],
            "taken_at_timestamp": 1602881602,
            "thumbnail_resources": [
                {
                    "config_height": 150,
                    "config_width": 150,
                    "src": "https://instagram.fabe1-1.fna.fbcdn.net/v/t51.2885-15/e35/s150x150/121586340_2438413003119254_7773381152892890853_n.jpg?_nc_ht=instagram.fabe1-1.fna.fbcdn.net&_nc_cat=102&_nc_ohc=BLy0gatafwsAX-43EoZ&_nc_tp=15&oh=c7189e680041f04c75b09f5d13b57d85&oe=5FB2D89C"
                },
                {
                    "config_height": 240,
                    "config_width": 240,
                    "src": "https://instagram.fabe1-1.fna.fbcdn.net/v/t51.2885-15/e35/s240x240/121586340_2438413003119254_7773381152892890853_n.jpg?_nc_ht=instagram.fabe1-1.fna.fbcdn.net&_nc_cat=102&_nc_ohc=BLy0gatafwsAX-43EoZ&_nc_tp=15&oh=3878f03afa54aded1bc8be10fe608c12&oe=5FB2F454"
                },
                {
                    "config_height": 320,
                    "config_width": 320,
                    "src": "https://instagram.fabe1-1.fna.fbcdn.net/v/t51.2885-15/e35/s320x320/121586340_2438413003119254_7773381152892890853_n.jpg?_nc_ht=instagram.fabe1-1.fna.fbcdn.net&_nc_cat=102&_nc_ohc=BLy0gatafwsAX-43EoZ&_nc_tp=15&oh=fa2f2038f475ce1315be59b9d0183366&oe=5FB5280D"
                },
                {
                    "config_height": 480,
                    "config_width": 480,
                    "src": "https://instagram.fabe1-1.fna.fbcdn.net/v/t51.2885-15/e35/s480x480/121586340_2438413003119254_7773381152892890853_n.jpg?_nc_ht=instagram.fabe1-1.fna.fbcdn.net&_nc_cat=102&_nc_ohc=BLy0gatafwsAX-43EoZ&_nc_tp=15&oh=a43f3afb76be1c343c694111100f11e5&oe=5FB1FECF"
                },
                {
                    "config_height": 640,
                    "config_width": 640,
                    "src": "https://instagram.fabe1-1.fna.fbcdn.net/v/t51.2885-15/sh0.08/e35/s640x640/121586340_2438413003119254_7773381152892890853_n.jpg?_nc_ht=instagram.fabe1-1.fna.fbcdn.net&_nc_cat=102&_nc_ohc=BLy0gatafwsAX-43EoZ&_nc_tp=24&oh=f03f90f2188a1763800996ade762c58f&oe=5FB50D6F"
                }
            ],
            "thumbnail_src": "https://instagram.fabe1-1.fna.fbcdn.net/v/t51.2885-15/sh0.08/e35/s640x640/121586340_2438413003119254_7773381152892890853_n.jpg?_nc_ht=instagram.fabe1-1.fna.fbcdn.net&_nc_cat=102&_nc_ohc=BLy0gatafwsAX-43EoZ&_nc_tp=24&oh=f03f90f2188a1763800996ade762c58f&oe=5FB50D6F",
            "urls": [
                "https://instagram.fabe1-1.fna.fbcdn.net/v/t51.2885-15/e35/s1080x1080/121586340_2438413003119254_7773381152892890853_n.jpg?_nc_ht=instagram.fabe1-1.fna.fbcdn.net&_nc_cat=102&_nc_ohc=BLy0gatafwsAX-43EoZ&_nc_tp=15&oh=3933980fb20bfeaf7648eba57ec5ec39&oe=5FB1A408"
            ]
        }
    ]
}