{
    "GraphImages": [
        {
            "comments_disabled": false,
            "dimensions": {
                "height": 1349,
                "width": 1080
            },
            "display_url": "https://instagram.fabe1-1.fna.fbcdn.net/v/t51.2885-15/e35/p1080x1080/121630117_816204382484911_1280503014969446968_n.jpg?_nc_ht=instagram.fabe1-1.fna.fbcdn.net&_nc_cat=107&_nc_ohc=5V5hD-u4nq4AX8gL_3p&tp=19&oh=2dc80404d7fc7a0dec64f7197f959805&oe=5FB1DD19",
            "edge_liked_by": {
                "count": 0
            },
            "edge_media_preview_like": {
                "count": 0
            },
            "edge_media_to_caption": {
                "edges": [
                    {
                        "node": {
                            "text": "You’ve gotta be a caterpillar before you are a butterfly. Problem is, most people aren’t willing to be a caterpillar.\n-\nA-Z but most people don’t want to learn BCDE....\n-\nIf you really want something, learn the steps and take them."
                        }
                    }
                ]
            },
            "edge_media_to_comment": {
                "count": 0
            },
            "id": "2421476824262493157",
            "is_video": false,
            "owner": {
                "id": "144817258"
            },
            "shortcode": "CGa0FeWAcPl",
            "tags": [],
            "taken_at_timestamp": 1602882553,
            "thumbnail_resources": [
                {
                    "config_height": 150,
                    "config_width": 150,
                    "src": "https://instagram.fabe1-1.fna.fbcdn.net/v/t51.2885-15/e35/c0.179.1440.1440a/s150x150/121630117_816204382484911_1280503014969446968_n.jpg?_nc_ht=instagram.fabe1-1.fna.fbcdn.net&_nc_cat=107&_nc_ohc=5V5hD-u4nq4AX8gL_3p&tp=16&oh=a406538d476bdc4cbfc894a182be5045&oe=5FB47AE9"
                },
                {
                    "config_height": 240,
                    "config_width": 240,
                    "src": "https://instagram.fabe1-1.fna.fbcdn.net/v/t51.2885-15/e35/c0.179.1440.1440a/s240x240/121630117_816204382484911_1280503014969446968_n.jpg?_nc_ht=instagram.fabe1-1.fna.fbcdn.net&_nc_cat=107&_nc_ohc=5V5hD-u4nq4AX8gL_3p&tp=16&oh=1b6fe0f98f233f4c177683f27433d758&oe=5FB4496F"
                },
                {
                    "config_height": 320,
                    "config_width": 320,
                    "src": "https://instagram.fabe1-1.fna.fbcdn.net/v/t51.2885-15/e35/c0.179.1440.1440a/s320x320/121630117_816204382484911_1280503014969446968_n.jpg?_nc_ht=instagram.fabe1-1.fna.fbcdn.net&_nc_cat=107&_nc_ohc=5V5hD-u4nq4AX8gL_3p&tp=16&oh=2b4904ba0b93b4e7a63a40206d042341&oe=5FB2D491"
                },
                {
                    "config_height": 480,
                    "config_width": 480,
                    "src": "https://instagram.fabe1-1.fna.fbcdn.net/v/t51.2885-15/e35/c0.179.1440.1440a/s480x480/121630117_816204382484911_1280503014969446968_n.jpg?_nc_ht=instagram.fabe1-1.fna.fbcdn.net&_nc_cat=107&_nc_ohc=5V5hD-u4nq4AX8gL_3p&tp=16&oh=427a76eeee9f7d11ac6b59c36a28ffe9&oe=5FB3A0D8"
                },
                {
                    "config_height": 640,
                    "config_width": 640,
                    "src": "https://instagram.fabe1-1.fna.fbcdn.net/v/t51.2885-15/sh0.08/e35/c0.179.1440.1440a/s640x640/121630117_816204382484911_1280503014969446968_n.jpg?_nc_ht=instagram.fabe1-1.fna.fbcdn.net&_nc_cat=107&_nc_ohc=5V5hD-u4nq4AX8gL_3p&oh=21d78a8d37fd92f57fd3a8b079372653&oe=5FB34959"
                }
            ],
            "thumbnail_src": "https://instagram.fabe1-1.fna.fbcdn.net/v/t51.2885-15/sh0.08/e35/c0.179.1440.1440a/s640x640/121630117_816204382484911_1280503014969446968_n.jpg?_nc_ht=instagram.fabe1-1.fna.fbcdn.net&_nc_cat=107&_nc_ohc=5V5hD-u4nq4AX8gL_3p&oh=21d78a8d37fd92f57fd3a8b079372653&oe=5FB34959",
            "urls": [
                "https://instagram.fabe1-1.fna.fbcdn.net/v/t51.2885-15/e35/p1080x1080/121630117_816204382484911_1280503014969446968_n.jpg?_nc_ht=instagram.fabe1-1.fna.fbcdn.net&_nc_cat=107&_nc_ohc=5V5hD-u4nq4AX8gL_3p&tp=19&oh=2dc80404d7fc7a0dec64f7197f959805&oe=5FB1DD19"
            ]
        },
        {
            "comments_disabled": false,
            "dimensions": {
                "height": 1078,
                "width": 1080
            },
            "display_url": "https://instagram.fabe1-1.fna.fbcdn.net/v/t51.2885-15/e35/s1080x1080/121614758_696327154317792_3033455847707049951_n.jpg?_nc_ht=instagram.fabe1-1.fna.fbcdn.net&_nc_cat=100&_nc_ohc=5KkkSwyb3zwAX-tNNoM&_nc_tp=15&oh=5c374f7de9d8666dd319de8e037001af&oe=5FB549FB",
            "edge_liked_by": {
                "count": 0
            },
            "edge_media_preview_like": {
                "count": 0
            },
            "edge_media_to_caption": {
                "edges": [
                    {
                        "node": {
                            "text": "Recreation space South Florida style #interiordesign #interiors #interiordecorating"
                        }
                    }
                ]
            },
            "edge_media_to_comment": {
                "count": 0
            },
            "id": "2421476773477902904",
            "is_video": false,
            "owner": {
                "id": "8776069244"
            },
            "shortcode": "CGa0EvDAmo4",
            "tags": [
                "interiordesign",
                "interiors",
                "interiordecorating"
            ],
            "taken_at_timestamp": 1602882547,
            "thumbnail_resources": [
                {
                    "config_height": 150,
                    "config_width": 150,
                    "src": "https://instagram.fabe1-1.fna.fbcdn.net/v/t51.2885-15/e35/c1.0.1124.1124a/s150x150/121614758_696327154317792_3033455847707049951_n.jpg?_nc_ht=instagram.fabe1-1.fna.fbcdn.net&_nc_cat=100&_nc_ohc=5KkkSwyb3zwAX-tNNoM&tp=16&oh=a897af943fe139307cd5904444bda400&oe=5FB1CC81"
                },
                {
                    "config_height": 240,
                    "config_width": 240,
                    "src": "https://instagram.fabe1-1.fna.fbcdn.net/v/t51.2885-15/e35/c1.0.1124.1124a/s240x240/121614758_696327154317792_3033455847707049951_n.jpg?_nc_ht=instagram.fabe1-1.fna.fbcdn.net&_nc_cat=100&_nc_ohc=5KkkSwyb3zwAX-tNNoM&tp=16&oh=71a3089560d6c89649cb4e60bd1ef096&oe=5FB2FD07"
                },
                {
                    "config_height": 320,
                    "config_width": 320,
                    "src": "https://instagram.fabe1-1.fna.fbcdn.net/v/t51.2885-15/e35/c1.0.1124.1124a/s320x320/121614758_696327154317792_3033455847707049951_n.jpg?_nc_ht=instagram.fabe1-1.fna.fbcdn.net&_nc_cat=100&_nc_ohc=5KkkSwyb3zwAX-tNNoM&tp=16&oh=a54655af00c57bee36be5d898191f95c&oe=5FB22EF9"
                },
                {
                    "config_height": 480,
                    "config_width": 480,
                    "src": "https://instagram.fabe1-1.fna.fbcdn.net/v/t51.2885-15/e35/c1.0.1124.1124a/s480x480/121614758_696327154317792_3033455847707049951_n.jpg?_nc_ht=instagram.fabe1-1.fna.fbcdn.net&_nc_cat=100&_nc_ohc=5KkkSwyb3zwAX-tNNoM&tp=16&oh=ed3646ea18e65a1c1fef16b2c78f0255&oe=5FB3FEC0"
                },
                {
                    "config_height": 640,
                    "config_width": 640,
                    "src": "https://instagram.fabe1-1.fna.fbcdn.net/v/t51.2885-15/sh0.08/e35/c1.0.1124.1124a/s640x640/121614758_696327154317792_3033455847707049951_n.jpg?_nc_ht=instagram.fabe1-1.fna.fbcdn.net&_nc_cat=100&_nc_ohc=5KkkSwyb3zwAX-tNNoM&oh=0f45fe7f5aeaf265848c4df7b3ac4cc3&oe=5FB4ADC8"
                }
            ],
            "thumbnail_src": "https://instagram.fabe1-1.fna.fbcdn.net/v/t51.2885-15/sh0.08/e35/c1.0.1124.1124a/s640x640/121614758_696327154317792_3033455847707049951_n.jpg?_nc_ht=instagram.fabe1-1.fna.fbcdn.net&_nc_cat=100&_nc_ohc=5KkkSwyb3zwAX-tNNoM&oh=0f45fe7f5aeaf265848c4df7b3ac4cc3&oe=5FB4ADC8",
            "urls": [
                "https://instagram.fabe1-1.fna.fbcdn.net/v/t51.2885-15/e35/s1080x1080/121614758_696327154317792_3033455847707049951_n.jpg?_nc_ht=instagram.fabe1-1.fna.fbcdn.net&_nc_cat=100&_nc_ohc=5KkkSwyb3zwAX-tNNoM&_nc_tp=15&oh=5c374f7de9d8666dd319de8e037001af&oe=5FB549FB"
            ]
        },
        {
            "comments_disabled": false,
            "dimensions": {
                "height": 1350,
                "width": 1080
            },
            "display_url": "https://instagram.fabe1-1.fna.fbcdn.net/v/t51.2885-15/e35/p1080x1080/121508529_355820929094686_5503279818905245785_n.jpg?_nc_ht=instagram.fabe1-1.fna.fbcdn.net&_nc_cat=110&_nc_ohc=Y1enKePCNaAAX-IlaUv&tp=19&oh=e18a9d4b866c027f847a45fd26443f70&oe=5FB1DF61",
            "edge_liked_by": {
                "count": 0
            },
            "edge_media_preview_like": {
                "count": 0
            },
            "edge_media_to_caption": {
                "edges": [
                    {
                        "node": {
                            "text": "Ya andamos listos pal’ jaripeo😎🔥🇲🇽\n.\n.\n.\n.\n#piñata #musicalatina #raplAtino #geramx #richvagos #alzada #hiphoplatino #rapespañol #rapenespañol #santafeklan #alzada #hiphopmexa #rapmexicano #rapvenezolano #rapargentino #rapperuano #rapcubano #mexicanos #liricistas #carteldesanta #mcdavo"
                        }
                    }
                ]
            },
            "edge_media_to_comment": {
                "count": 0
            },
            "id": "2421476746015978108",
            "is_video": false,
            "owner": {
                "id": "39423320"
            },
            "shortcode": "CGa0EVeJrJ8",
            "tags": [
                "richvagos",
                "rapespañol",
                "liricistas",
                "rapperuano",
                "rapenespañol",
                "mexicanos",
                "hiphopmexa",
                "raplAtino",
                "rapargentino",
                "alzada",
                "santafeklan",
                "hiphoplatino",
                "rapcubano",
                "mcdavo",
                "piñata",
                "geramx",
                "rapmexicano",
                "rapvenezolano",
                "musicalatina",
                "carteldesanta"
            ],
            "taken_at_timestamp": 1602882544,
            "thumbnail_resources": [
                {
                    "config_height": 150,
                    "config_width": 150,
                    "src": "https://instagram.fabe1-1.fna.fbcdn.net/v/t51.2885-15/e35/c0.180.1440.1440a/s150x150/121508529_355820929094686_5503279818905245785_n.jpg?_nc_ht=instagram.fabe1-1.fna.fbcdn.net&_nc_cat=110&_nc_ohc=Y1enKePCNaAAX-IlaUv&tp=16&oh=fea9e14646136237ba55da8ef9c5c9da&oe=5FB3CA75"
                },
                {
                    "config_height": 240,
                    "config_width": 240,
                    "src": "https://instagram.fabe1-1.fna.fbcdn.net/v/t51.2885-15/e35/c0.180.1440.1440a/s240x240/121508529_355820929094686_5503279818905245785_n.jpg?_nc_ht=instagram.fabe1-1.fna.fbcdn.net&_nc_cat=110&_nc_ohc=Y1enKePCNaAAX-IlaUv&tp=16&oh=9eb9f37709248f6afcb4cfd10f5fe48d&oe=5FB3ED73"
                },
                {
                    "config_height": 320,
                    "config_width": 320,
                    "src": "https://instagram.fabe1-1.fna.fbcdn.net/v/t51.2885-15/e35/c0.180.1440.1440a/s320x320/121508529_355820929094686_5503279818905245785_n.jpg?_nc_ht=instagram.fabe1-1.fna.fbcdn.net&_nc_cat=110&_nc_ohc=Y1enKePCNaAAX-IlaUv&tp=16&oh=bbf3c922ce66d3cd44af26e4a7c705a8&oe=5FB2068D"
                },
                {
                    "config_height": 480,
                    "config_width": 480,
                    "src": "https://instagram.fabe1-1.fna.fbcdn.net/v/t51.2885-15/e35/c0.180.1440.1440a/s480x480/121508529_355820929094686_5503279818905245785_n.jpg?_nc_ht=instagram.fabe1-1.fna.fbcdn.net&_nc_cat=110&_nc_ohc=Y1enKePCNaAAX-IlaUv&tp=16&oh=6e668c3ea3195e6aca6d7a4d05a0a5b3&oe=5FB43A4C"
                },
                {
                    "config_height": 640,
                    "config_width": 640,
                    "src": "https://instagram.fabe1-1.fna.fbcdn.net/v/t51.2885-15/sh0.08/e35/c0.180.1440.1440a/s640x640/121508529_355820929094686_5503279818905245785_n.jpg?_nc_ht=instagram.fabe1-1.fna.fbcdn.net&_nc_cat=110&_nc_ohc=Y1enKePCNaAAX-IlaUv&oh=349d85ec1c1018e7aa673288360650cf&oe=5FB242C5"
                }
            ],
            "thumbnail_src": "https://instagram.fabe1-1.fna.fbcdn.net/v/t51.2885-15/sh0.08/e35/c0.180.1440.1440a/s640x640/121508529_355820929094686_5503279818905245785_n.jpg?_nc_ht=instagram.fabe1-1.fna.fbcdn.net&_nc_cat=110&_nc_ohc=Y1enKePCNaAAX-IlaUv&oh=349d85ec1c1018e7aa673288360650cf&oe=5FB242C5",
            "urls": [
                "https://instagram.fabe1-1.fna.fbcdn.net/v/t51.2885-15/e35/p1080x1080/121508529_355820929094686_5503279818905245785_n.jpg?_nc_ht=instagram.fabe1-1.fna.fbcdn.net&_nc_cat=110&_nc_ohc=Y1enKePCNaAAX-IlaUv&tp=19&oh=e18a9d4b866c027f847a45fd26443f70&oe=5FB1DF61"
            ]
        },
        {
            "comments_disabled": false,
            "dimensions": {
                "height": 1351,
                "width": 1080
            },
            "display_url": "https://instagram.fabe1-1.fna.fbcdn.net/v/t51.2885-15/e35/121571517_2702675346657512_3604573174675556864_n.jpg?_nc_ht=instagram.fabe1-1.fna.fbcdn.net&_nc_cat=108&_nc_ohc=OuVIlDz3a7MAX_OqFck&_nc_tp=18&oh=b6607fe93885b2f9f661ab6c36f519ca&oe=5FB292F2",
            "edge_liked_by": {
                "count": 0
            },
            "edge_media_preview_like": {
                "count": 0
            },
            "edge_media_to_caption": {
                "edges": [
                    {
                        "node": {
                            "text": "Just like the ocean @giangitucci #bigbuddhabrother #tattoo #familyink 🌊"
                        }
                    }
                ]
            },
            "edge_media_to_comment": {
                "count": 0
            },
            "id": "2421476734859203126",
            "is_video": false,
            "owner": {
                "id": "296842872"
            },
            "shortcode": "CGa0ELFJ9I2",
            "tags": [
                "familyink",
                "tattoo",
                "bigbuddhabrother"
            ],
            "taken_at_timestamp": 1602882542,
            "thumbnail_resources": [
                {
                    "config_height": 150,
                    "config_width": 150,
                    "src": "https://instagram.fabe1-1.fna.fbcdn.net/v/t51.2885-15/e35/c0.134.1067.1067a/s150x150/121571517_2702675346657512_3604573174675556864_n.jpg?_nc_ht=instagram.fabe1-1.fna.fbcdn.net&_nc_cat=108&_nc_ohc=OuVIlDz3a7MAX_OqFck&tp=16&oh=d7098c4972bcf8bfcf306ce0e1cf9c95&oe=5FB4F932"
                },
                {
                    "config_height": 240,
                    "config_width": 240,
                    "src": "https://instagram.fabe1-1.fna.fbcdn.net/v/t51.2885-15/e35/c0.134.1067.1067a/s240x240/121571517_2702675346657512_3604573174675556864_n.jpg?_nc_ht=instagram.fabe1-1.fna.fbcdn.net&_nc_cat=108&_nc_ohc=OuVIlDz3a7MAX_OqFck&tp=16&oh=8500f6a308f8a338f6eb515fd0046209&oe=5FB4A27A"
                },
                {
                    "config_height": 320,
                    "config_width": 320,
                    "src": "https://instagram.fabe1-1.fna.fbcdn.net/v/t51.2885-15/e35/c0.134.1067.1067a/s320x320/121571517_2702675346657512_3604573174675556864_n.jpg?_nc_ht=instagram.fabe1-1.fna.fbcdn.net&_nc_cat=108&_nc_ohc=OuVIlDz3a7MAX_OqFck&tp=16&oh=226e55b3bae2e9c299d0f6703acc7bca&oe=5FB44727"
                },
                {
                    "config_height": 480,
                    "config_width": 480,
                    "src": "https://instagram.fabe1-1.fna.fbcdn.net/v/t51.2885-15/e35/c0.134.1067.1067a/s480x480/121571517_2702675346657512_3604573174675556864_n.jpg?_nc_ht=instagram.fabe1-1.fna.fbcdn.net&_nc_cat=108&_nc_ohc=OuVIlDz3a7MAX_OqFck&tp=16&oh=70f75867cc6d71d3d2423e4eba18fa8e&oe=5FB30EE5"
                },
                {
                    "config_height": 640,
                    "config_width": 640,
                    "src": "https://instagram.fabe1-1.fna.fbcdn.net/v/t51.2885-15/sh0.08/e35/c0.134.1067.1067a/s640x640/121571517_2702675346657512_3604573174675556864_n.jpg?_nc_ht=instagram.fabe1-1.fna.fbcdn.net&_nc_cat=108&_nc_ohc=OuVIlDz3a7MAX_OqFck&oh=c8ac86e04aafe3773f47a2bf9dd40e7e&oe=5FB44EDF"
                }
            ],
            "thumbnail_src": "https://instagram.fabe1-1.fna.fbcdn.net/v/t51.2885-15/sh0.08/e35/c0.134.1067.1067a/s640x640/121571517_2702675346657512_3604573174675556864_n.jpg?_nc_ht=instagram.fabe1-1.fna.fbcdn.net&_nc_cat=108&_nc_ohc=OuVIlDz3a7MAX_OqFck&oh=c8ac86e04aafe3773f47a2bf9dd40e7e&oe=5FB44EDF",
            "urls": [
                "https://instagram.fabe1-1.fna.fbcdn.net/v/t51.2885-15/e35/121571517_2702675346657512_3604573174675556864_n.jpg?_nc_ht=instagram.fabe1-1.fna.fbcdn.net&_nc_cat=108&_nc_ohc=OuVIlDz3a7MAX_OqFck&_nc_tp=18&oh=b6607fe93885b2f9f661ab6c36f519ca&oe=5FB292F2"
            ]
        },
        {
            "comments_disabled": false,
            "dimensions": {
                "height": 719,
                "width": 1080
            },
            "display_url": "https://instagram.fabe1-1.fna.fbcdn.net/v/t51.2885-15/e35/s1080x1080/121567948_1024991877973972_5213686476780665103_n.jpg?_nc_ht=instagram.fabe1-1.fna.fbcdn.net&_nc_cat=104&_nc_ohc=tcpQmLZkGPcAX_oA7Vs&_nc_tp=15&oh=cd824552687e66e7a31826ded74b18e7&oe=5FB3CFDF",
            "edge_liked_by": {
                "count": 0
            },
            "edge_media_preview_like": {
                "count": 0
            },
            "edge_media_to_caption": {
                "edges": [
                    {
                        "node": {
                            "text": "- COMPRAS ONLINE\n- USA ➡ ARGENTINA ✈ ✈️ 🛫 🛩\n- LLEVAMOS TUS PEDIDOS PARA ARGENTINA TODAS LAS SEMANAS! 🛒 🎁 🛍 📦 \n#comprasonline #iphone11 #ebaystore #walmart #bestbuy #applestore #tommyhilfiger #gap #zara #carters #samsung #pink #stanley #adidas #nike #poloralphlauren #swarovski #forever21 #h&m #calvinklein #victoriasecret #amazon #iphone #guess #swatch #applewatch\n#apple #compraonline #argentinosenmiami"
                        }
                    }
                ]
            },
            "edge_media_to_comment": {
                "count": 0
            },
            "id": "2421476717232993674",
            "is_video": false,
            "owner": {
                "id": "35626335432"
            },
            "shortcode": "CGa0D6qjTWK",
            "tags": [
                "amazon",
                "bestbuy",
                "victoriasecret",
                "carters",
                "guess",
                "adidas",
                "tommyhilfiger",
                "samsung",
                "swarovski",
                "ebaystore",
                "walmart",
                "argentinosenmiami",
                "calvinklein",
                "h",
                "applewatch",
                "pink",
                "poloralphlauren",
                "stanley",
                "gap",
                "apple",
                "iphone11",
                "applestore",
                "compraonline",
                "zara",
                "swatch",
                "iphone",
                "nike",
                "forever21",
                "comprasonline"
            ],
            "taken_at_timestamp": 1602882540,
            "thumbnail_resources": [
                {
                    "config_height": 150,
                    "config_width": 150,
                    "src": "https://instagram.fabe1-1.fna.fbcdn.net/v/t51.2885-15/e35/c183.0.733.733a/s150x150/121567948_1024991877973972_5213686476780665103_n.jpg?_nc_ht=instagram.fabe1-1.fna.fbcdn.net&_nc_cat=104&_nc_ohc=tcpQmLZkGPcAX_oA7Vs&tp=16&oh=fbd90356340d57dfde4a38d5cdc23cb4&oe=5FB4B0E7"
                },
                {
                    "config_height": 240,
                    "config_width": 240,
                    "src": "https://instagram.fabe1-1.fna.fbcdn.net/v/t51.2885-15/e35/c183.0.733.733a/s240x240/121567948_1024991877973972_5213686476780665103_n.jpg?_nc_ht=instagram.fabe1-1.fna.fbcdn.net&_nc_cat=104&_nc_ohc=tcpQmLZkGPcAX_oA7Vs&tp=16&oh=953d7a6a6bcf0c0988ed1acbb63121a9&oe=5FB2602F"
                },
                {
                    "config_height": 320,
                    "config_width": 320,
                    "src": "https://instagram.fabe1-1.fna.fbcdn.net/v/t51.2885-15/e35/c183.0.733.733a/s320x320/121567948_1024991877973972_5213686476780665103_n.jpg?_nc_ht=instagram.fabe1-1.fna.fbcdn.net&_nc_cat=104&_nc_ohc=tcpQmLZkGPcAX_oA7Vs&tp=16&oh=a369e10cf632a5809ed5e39359d3a0c8&oe=5FB488F2"
                },
                {
                    "config_height": 480,
                    "config_width": 480,
                    "src": "https://instagram.fabe1-1.fna.fbcdn.net/v/t51.2885-15/e35/c183.0.733.733a/s480x480/121567948_1024991877973972_5213686476780665103_n.jpg?_nc_ht=instagram.fabe1-1.fna.fbcdn.net&_nc_cat=104&_nc_ohc=tcpQmLZkGPcAX_oA7Vs&tp=16&oh=50bff4914ea4d04732898e4002b8ec33&oe=5FB343B4"
                },
                {
                    "config_height": 640,
                    "config_width": 640,
                    "src": "https://instagram.fabe1-1.fna.fbcdn.net/v/t51.2885-15/sh0.08/e35/c183.0.733.733a/s640x640/121567948_1024991877973972_5213686476780665103_n.jpg?_nc_ht=instagram.fabe1-1.fna.fbcdn.net&_nc_cat=104&_nc_ohc=tcpQmLZkGPcAX_oA7Vs&oh=28f6f21582574ae55f3d033abdbbb465&oe=5FB1FD19"
                }
            ],
            "thumbnail_src": "https://instagram.fabe1-1.fna.fbcdn.net/v/t51.2885-15/sh0.08/e35/c183.0.733.733a/s640x640/121567948_1024991877973972_5213686476780665103_n.jpg?_nc_ht=instagram.fabe1-1.fna.fbcdn.net&_nc_cat=104&_nc_ohc=tcpQmLZkGPcAX_oA7Vs&oh=28f6f21582574ae55f3d033abdbbb465&oe=5FB1FD19",
            "urls": [
                "https://instagram.fabe1-1.fna.fbcdn.net/v/t51.2885-15/e35/s1080x1080/121567948_1024991877973972_5213686476780665103_n.jpg?_nc_ht=instagram.fabe1-1.fna.fbcdn.net&_nc_cat=104&_nc_ohc=tcpQmLZkGPcAX_oA7Vs&_nc_tp=15&oh=cd824552687e66e7a31826ded74b18e7&oe=5FB3CFDF"
            ]
        },
        {
            "comments_disabled": false,
            "dimensions": {
                "height": 1350,
                "width": 1080
            },
            "display_url": "https://instagram.fabe1-1.fna.fbcdn.net/v/t51.2885-15/e35/p1080x1080/121538580_718876685380138_3462453117742293764_n.jpg?_nc_ht=instagram.fabe1-1.fna.fbcdn.net&_nc_cat=110&_nc_ohc=qVn9IEksHNIAX9_KP3C&tp=19&oh=64d40c4d4c9d576623d3db748a8dbcb4&oe=5FB5721E",
            "edge_liked_by": {
                "count": 1
            },
            "edge_media_preview_like": {
                "count": 1
            },
            "edge_media_to_caption": {
                "edges": [
                    {
                        "node": {
                            "text": "🌙"
                        }
                    }
                ]
            },
            "edge_media_to_comment": {
                "count": 0
            },
            "id": "2421476655032473552",
            "is_video": false,
            "owner": {
                "id": "178841472"
            },
            "shortcode": "CGa0DAvHJfQ",
            "tags": [],
            "taken_at_timestamp": 1602882533,
            "thumbnail_resources": [
                {
                    "config_height": 150,
                    "config_width": 150,
                    "src": "https://instagram.fabe1-1.fna.fbcdn.net/v/t51.2885-15/e35/c0.180.1440.1440a/s150x150/121538580_718876685380138_3462453117742293764_n.jpg?_nc_ht=instagram.fabe1-1.fna.fbcdn.net&_nc_cat=110&_nc_ohc=qVn9IEksHNIAX9_KP3C&tp=16&oh=19c6f61957492fb59070bea48ee07b45&oe=5FB5450A"
                },
                {
                    "config_height": 240,
                    "config_width": 240,
                    "src": "https://instagram.fabe1-1.fna.fbcdn.net/v/t51.2885-15/e35/c0.180.1440.1440a/s240x240/121538580_718876685380138_3462453117742293764_n.jpg?_nc_ht=instagram.fabe1-1.fna.fbcdn.net&_nc_cat=110&_nc_ohc=qVn9IEksHNIAX9_KP3C&tp=16&oh=d0bb1dcd4ec47abbbda53066c06919f3&oe=5FB38610"
                },
                {
                    "config_height": 320,
                    "config_width": 320,
                    "src": "https://instagram.fabe1-1.fna.fbcdn.net/v/t51.2885-15/e35/c0.180.1440.1440a/s320x320/121538580_718876685380138_3462453117742293764_n.jpg?_nc_ht=instagram.fabe1-1.fna.fbcdn.net&_nc_cat=110&_nc_ohc=qVn9IEksHNIAX9_KP3C&tp=16&oh=c210f3e74783ffd8c85357c5a6983c33&oe=5FB1E172"
                },
                {
                    "config_height": 480,
                    "config_width": 480,
                    "src": "https://instagram.fabe1-1.fna.fbcdn.net/v/t51.2885-15/e35/c0.180.1440.1440a/s480x480/121538580_718876685380138_3462453117742293764_n.jpg?_nc_ht=instagram.fabe1-1.fna.fbcdn.net&_nc_cat=110&_nc_ohc=qVn9IEksHNIAX9_KP3C&tp=16&oh=918fbfb40dc8f066c9f2744615414126&oe=5FB22EB7"
                },
                {
                    "config_height": 640,
                    "config_width": 640,
                    "src": "https://instagram.fabe1-1.fna.fbcdn.net/v/t51.2885-15/sh0.08/e35/c0.180.1440.1440a/s640x640/121538580_718876685380138_3462453117742293764_n.jpg?_nc_ht=instagram.fabe1-1.fna.fbcdn.net&_nc_cat=110&_nc_ohc=qVn9IEksHNIAX9_KP3C&oh=bf5c6de088fc6418d1a90a52be8cadd5&oe=5FB3D6BA"
                }
            ],
            "thumbnail_src": "https://instagram.fabe1-1.fna.fbcdn.net/v/t51.2885-15/sh0.08/e35/c0.180.1440.1440a/s640x640/121538580_718876685380138_3462453117742293764_n.jpg?_nc_ht=instagram.fabe1-1.fna.fbcdn.net&_nc_cat=110&_nc_ohc=qVn9IEksHNIAX9_KP3C&oh=bf5c6de088fc6418d1a90a52be8cadd5&oe=5FB3D6BA",
            "urls": [
                "https://instagram.fabe1-1.fna.fbcdn.net/v/t51.2885-15/e35/p1080x1080/121538580_718876685380138_3462453117742293764_n.jpg?_nc_ht=instagram.fabe1-1.fna.fbcdn.net&_nc_cat=110&_nc_ohc=qVn9IEksHNIAX9_KP3C&tp=19&oh=64d40c4d4c9d576623d3db748a8dbcb4&oe=5FB5721E"
            ]
        },
        {
            "comments_disabled": false,
            "dimensions": {
                "height": 1080,
                "width": 1080
            },
            "display_url": "https://instagram.fabe1-1.fna.fbcdn.net/v/t51.2885-15/e35/s1080x1080/121663612_229410445192172_5674658039435228490_n.jpg?_nc_ht=instagram.fabe1-1.fna.fbcdn.net&_nc_cat=108&_nc_ohc=FCj_1pEx1wgAX8ojEMr&_nc_tp=15&oh=2f9268ae926aa39a758ce09147bb3eb3&oe=5FB461DA",
            "edge_liked_by": {
                "count": 0
            },
            "edge_media_preview_like": {
                "count": 0
            },
            "edge_media_to_caption": {
                "edges": [
                    {
                        "node": {
                            "text": "Not everything on one side is right and not everything on the other side is wrong. Please find common ground people!  #empathy\n#cheguevara\n#hastalavictoriasiempre🇨🇺\n#cubalibre #caribbean #art #artwork #artistsoninstagram #artlovers #miami #miamibeach #hero #villan #infamous\n@onlyindade\n@_che.guevara\n@wondercuban\n@wynwoodartdistrict\n@wynwoodartwalk @wynwoodwallsofficial @aholsniffsglue @miami_art_scene @miamiarts"
                        }
                    }
                ]
            },
            "edge_media_to_comment": {
                "count": 0
            },
            "id": "2421476483223883784",
            "is_video": false,
            "owner": {
                "id": "43214889485"
            },
            "shortcode": "CGa0AguhZAI",
            "tags": [
                "miamibeach",
                "cheguevara",
                "artlovers",
                "artwork",
                "infamous",
                "caribbean",
                "artistsoninstagram",
                "miami",
                "art",
                "empathy",
                "cubalibre",
                "hero",
                "villan",
                "hastalavictoriasiempre"
            ],
            "taken_at_timestamp": 1602882512,
            "thumbnail_resources": [
                {
                    "config_height": 150,
                    "config_width": 150,
                    "src": "https://instagram.fabe1-1.fna.fbcdn.net/v/t51.2885-15/e35/s150x150/121663612_229410445192172_5674658039435228490_n.jpg?_nc_ht=instagram.fabe1-1.fna.fbcdn.net&_nc_cat=108&_nc_ohc=FCj_1pEx1wgAX8ojEMr&_nc_tp=15&oh=8ce4bb06e1ab0ff47a00bef1cb5771df&oe=5FB22C19"
                },
                {
                    "config_height": 240,
                    "config_width": 240,
                    "src": "https://instagram.fabe1-1.fna.fbcdn.net/v/t51.2885-15/e35/s240x240/121663612_229410445192172_5674658039435228490_n.jpg?_nc_ht=instagram.fabe1-1.fna.fbcdn.net&_nc_cat=108&_nc_ohc=FCj_1pEx1wgAX8ojEMr&_nc_tp=15&oh=2585cbe982629c768fea7905b6f3807f&oe=5FB2569F"
                },
                {
                    "config_height": 320,
                    "config_width": 320,
                    "src": "https://instagram.fabe1-1.fna.fbcdn.net/v/t51.2885-15/e35/s320x320/121663612_229410445192172_5674658039435228490_n.jpg?_nc_ht=instagram.fabe1-1.fna.fbcdn.net&_nc_cat=108&_nc_ohc=FCj_1pEx1wgAX8ojEMr&_nc_tp=15&oh=838782f94b68fc1732004972b76c5172&oe=5FB427E1"
                },
                {
                    "config_height": 480,
                    "config_width": 480,
                    "src": "https://instagram.fabe1-1.fna.fbcdn.net/v/t51.2885-15/e35/s480x480/121663612_229410445192172_5674658039435228490_n.jpg?_nc_ht=instagram.fabe1-1.fna.fbcdn.net&_nc_cat=108&_nc_ohc=FCj_1pEx1wgAX8ojEMr&_nc_tp=15&oh=70f32bf25442056d0fe787c9645d8152&oe=5FB433A8"
                },
                {
                    "config_height": 640,
                    "config_width": 640,
                    "src": "https://instagram.fabe1-1.fna.fbcdn.net/v/t51.2885-15/sh0.08/e35/s640x640/121663612_229410445192172_5674658039435228490_n.jpg?_nc_ht=instagram.fabe1-1.fna.fbcdn.net&_nc_cat=108&_nc_ohc=FCj_1pEx1wgAX8ojEMr&_nc_tp=24&oh=6dd40a68e2a88cd897b66096ab27625c&oe=5FB3881E"
                }
            ],
            "thumbnail_src": "https://instagram.fabe1-1.fna.fbcdn.net/v/t51.2885-15/sh0.08/e35/s640x640/121663612_229410445192172_5674658039435228490_n.jpg?_nc_ht=instagram.fabe1-1.fna.fbcdn.net&_nc_cat=108&_nc_ohc=FCj_1pEx1wgAX8ojEMr&_nc_tp=24&oh=6dd40a68e2a88cd897b66096ab27625c&oe=5FB3881E",
            "urls": [
                "https://instagram.fabe1-1.fna.fbcdn.net/v/t51.2885-15/e35/s1080x1080/121663612_229410445192172_5674658039435228490_n.jpg?_nc_ht=instagram.fabe1-1.fna.fbcdn.net&_nc_cat=108&_nc_ohc=FCj_1pEx1wgAX8ojEMr&_nc_tp=15&oh=2f9268ae926aa39a758ce09147bb3eb3&oe=5FB461DA"
            ]
        }
    ]
}