{
    "GraphImages": [
        {
            "comments_disabled": false,
            "dimensions": {
                "height": 1350,
                "width": 1080
            },
            "display_url": "https://instagram.fabe1-1.fna.fbcdn.net/v/t51.2885-15/e35/p1080x1080/121582822_2771961879684019_5482686006723794341_n.jpg?_nc_ht=instagram.fabe1-1.fna.fbcdn.net&_nc_cat=107&_nc_ohc=WU-T0enZW3oAX8U28Ze&tp=19&oh=f5864ff32077c368b47d3fac6de6d731&oe=5FB2B662",
            "edge_liked_by": {
                "count": 0
            },
            "edge_media_preview_like": {
                "count": 0
            },
            "edge_media_to_caption": {
                "edges": [
                    {
                        "node": {
                            "text": "Trusssst🤞🏽💖 #bdayrecap🎉🎉"
                        }
                    }
                ]
            },
            "edge_media_to_comment": {
                "count": 0
            },
            "id": "2421626988332998440",
            "is_video": false,
            "owner": {
                "id": "144636979"
            },
            "shortcode": "CGbWOpiFl8o",
            "tags": [
                "bdayrecap"
            ],
            "taken_at_timestamp": 1602900454,
            "thumbnail_resources": [
                {
                    "config_height": 150,
                    "config_width": 150,
                    "src": "https://instagram.fabe1-1.fna.fbcdn.net/v/t51.2885-15/e35/c0.180.1440.1440a/s150x150/121582822_2771961879684019_5482686006723794341_n.jpg?_nc_ht=instagram.fabe1-1.fna.fbcdn.net&_nc_cat=107&_nc_ohc=WU-T0enZW3oAX8U28Ze&tp=16&oh=db969e8cb4135ee3f20e830f03c2e9c2&oe=5FB4ACCC"
                },
                {
                    "config_height": 240,
                    "config_width": 240,
                    "src": "https://instagram.fabe1-1.fna.fbcdn.net/v/t51.2885-15/e35/c0.180.1440.1440a/s240x240/121582822_2771961879684019_5482686006723794341_n.jpg?_nc_ht=instagram.fabe1-1.fna.fbcdn.net&_nc_cat=107&_nc_ohc=WU-T0enZW3oAX8U28Ze&tp=16&oh=2f26f0acae6fe15bd35d0d8532921267&oe=5FB53804"
                },
                {
                    "config_height": 320,
                    "config_width": 320,
                    "src": "https://instagram.fabe1-1.fna.fbcdn.net/v/t51.2885-15/e35/c0.180.1440.1440a/s320x320/121582822_2771961879684019_5482686006723794341_n.jpg?_nc_ht=instagram.fabe1-1.fna.fbcdn.net&_nc_cat=107&_nc_ohc=WU-T0enZW3oAX8U28Ze&tp=16&oh=0db41da4f5e86beb2086655f77b76087&oe=5FB587DD"
                },
                {
                    "config_height": 480,
                    "config_width": 480,
                    "src": "https://instagram.fabe1-1.fna.fbcdn.net/v/t51.2885-15/e35/c0.180.1440.1440a/s480x480/121582822_2771961879684019_5482686006723794341_n.jpg?_nc_ht=instagram.fabe1-1.fna.fbcdn.net&_nc_cat=107&_nc_ohc=WU-T0enZW3oAX8U28Ze&tp=16&oh=48a1239453a8a022ae7eab3f41c869fc&oe=5FB2B69F"
                },
                {
                    "config_height": 640,
                    "config_width": 640,
                    "src": "https://instagram.fabe1-1.fna.fbcdn.net/v/t51.2885-15/sh0.08/e35/c0.180.1440.1440a/s640x640/121582822_2771961879684019_5482686006723794341_n.jpg?_nc_ht=instagram.fabe1-1.fna.fbcdn.net&_nc_cat=107&_nc_ohc=WU-T0enZW3oAX8U28Ze&oh=d84fc0741983fe0d28c867b81f65e557&oe=5FB4E4A5"
                }
            ],
            "thumbnail_src": "https://instagram.fabe1-1.fna.fbcdn.net/v/t51.2885-15/sh0.08/e35/c0.180.1440.1440a/s640x640/121582822_2771961879684019_5482686006723794341_n.jpg?_nc_ht=instagram.fabe1-1.fna.fbcdn.net&_nc_cat=107&_nc_ohc=WU-T0enZW3oAX8U28Ze&oh=d84fc0741983fe0d28c867b81f65e557&oe=5FB4E4A5",
            "urls": [
                "https://instagram.fabe1-1.fna.fbcdn.net/v/t51.2885-15/e35/p1080x1080/121582822_2771961879684019_5482686006723794341_n.jpg?_nc_ht=instagram.fabe1-1.fna.fbcdn.net&_nc_cat=107&_nc_ohc=WU-T0enZW3oAX8U28Ze&tp=19&oh=f5864ff32077c368b47d3fac6de6d731&oe=5FB2B662"
            ]
        },
        {
            "comments_disabled": false,
            "dimensions": {
                "height": 1350,
                "width": 1080
            },
            "display_url": "https://instagram.fabe1-1.fna.fbcdn.net/v/t51.2885-15/e35/p1080x1080/121537540_409402393387599_4583659273087596632_n.jpg?_nc_ht=instagram.fabe1-1.fna.fbcdn.net&_nc_cat=103&_nc_ohc=v9fRXCFfYKoAX_i-jAM&tp=19&oh=b6fbf66d5574c7a279eb2bc25ae81924&oe=5FB48637",
            "edge_liked_by": {
                "count": 83
            },
            "edge_media_preview_like": {
                "count": 83
            },
            "edge_media_to_caption": {
                "edges": [
                    {
                        "node": {
                            "text": "Ese que ven ahí es la Luz de mis ojos al igual que los otros dos. Hay una diferencia, que a uno lo miran como si fuera una ATH y yo lo miro como la bendición más grande que han podido dar, tranquilo Chingui que PaPa te prometio protegerte siempre de quien sea, el Lunes La tropa de abogados estarán a tu disposición ! Att El Banquero 🤫"
                        }
                    }
                ]
            },
            "edge_media_to_comment": {
                "count": 0
            },
            "id": "2421626727663979153",
            "is_video": false,
            "owner": {
                "id": "320388248"
            },
            "shortcode": "CGbWK2xAMqR",
            "tags": [],
            "taken_at_timestamp": 1602900423,
            "thumbnail_resources": [
                {
                    "config_height": 150,
                    "config_width": 150,
                    "src": "https://instagram.fabe1-1.fna.fbcdn.net/v/t51.2885-15/e35/c0.141.1124.1124a/s150x150/121537540_409402393387599_4583659273087596632_n.jpg?_nc_ht=instagram.fabe1-1.fna.fbcdn.net&_nc_cat=103&_nc_ohc=v9fRXCFfYKoAX_i-jAM&tp=16&oh=c78257746eab58b3ec6051b7ae73c021&oe=5FB21CEB"
                },
                {
                    "config_height": 240,
                    "config_width": 240,
                    "src": "https://instagram.fabe1-1.fna.fbcdn.net/v/t51.2885-15/e35/c0.141.1124.1124a/s240x240/121537540_409402393387599_4583659273087596632_n.jpg?_nc_ht=instagram.fabe1-1.fna.fbcdn.net&_nc_cat=103&_nc_ohc=v9fRXCFfYKoAX_i-jAM&tp=16&oh=3a1133c055f14e4eac7b6dd8c19227a2&oe=5FB455ED"
                },
                {
                    "config_height": 320,
                    "config_width": 320,
                    "src": "https://instagram.fabe1-1.fna.fbcdn.net/v/t51.2885-15/e35/c0.141.1124.1124a/s320x320/121537540_409402393387599_4583659273087596632_n.jpg?_nc_ht=instagram.fabe1-1.fna.fbcdn.net&_nc_cat=103&_nc_ohc=v9fRXCFfYKoAX_i-jAM&tp=16&oh=41fc016c07ec7246920981098d59e49b&oe=5FB58213"
                },
                {
                    "config_height": 480,
                    "config_width": 480,
                    "src": "https://instagram.fabe1-1.fna.fbcdn.net/v/t51.2885-15/e35/c0.141.1124.1124a/s480x480/121537540_409402393387599_4583659273087596632_n.jpg?_nc_ht=instagram.fabe1-1.fna.fbcdn.net&_nc_cat=103&_nc_ohc=v9fRXCFfYKoAX_i-jAM&tp=16&oh=7ceaeaf9cd3514ff86e8c5ae3dea78f6&oe=5FB55BD6"
                },
                {
                    "config_height": 640,
                    "config_width": 640,
                    "src": "https://instagram.fabe1-1.fna.fbcdn.net/v/t51.2885-15/sh0.08/e35/c0.141.1124.1124a/s640x640/121537540_409402393387599_4583659273087596632_n.jpg?_nc_ht=instagram.fabe1-1.fna.fbcdn.net&_nc_cat=103&_nc_ohc=v9fRXCFfYKoAX_i-jAM&oh=f6eef775648c4c8d829a8b4c2c751092&oe=5FB4D9DB"
                }
            ],
            "thumbnail_src": "https://instagram.fabe1-1.fna.fbcdn.net/v/t51.2885-15/sh0.08/e35/c0.141.1124.1124a/s640x640/121537540_409402393387599_4583659273087596632_n.jpg?_nc_ht=instagram.fabe1-1.fna.fbcdn.net&_nc_cat=103&_nc_ohc=v9fRXCFfYKoAX_i-jAM&oh=f6eef775648c4c8d829a8b4c2c751092&oe=5FB4D9DB",
            "urls": [
                "https://instagram.fabe1-1.fna.fbcdn.net/v/t51.2885-15/e35/p1080x1080/121537540_409402393387599_4583659273087596632_n.jpg?_nc_ht=instagram.fabe1-1.fna.fbcdn.net&_nc_cat=103&_nc_ohc=v9fRXCFfYKoAX_i-jAM&tp=19&oh=b6fbf66d5574c7a279eb2bc25ae81924&oe=5FB48637"
            ]
        },
        {
            "comments_disabled": false,
            "dimensions": {
                "height": 937,
                "width": 750
            },
            "display_url": "https://instagram.fabe1-1.fna.fbcdn.net/v/t51.2885-15/e35/121622509_762524351259750_1418944225076778970_n.jpg?_nc_ht=instagram.fabe1-1.fna.fbcdn.net&_nc_cat=106&_nc_ohc=8J00tXuISZYAX8uRcwe&_nc_tp=18&oh=c01043c497d5ed87d3b874089eab512a&oe=5F8C5520",
            "edge_liked_by": {
                "count": 1
            },
            "edge_media_preview_like": {
                "count": 1
            },
            "edge_media_to_caption": {
                "edges": [
                    {
                        "node": {
                            "text": "When @llego_juancho captures the 👽"
                        }
                    }
                ]
            },
            "edge_media_to_comment": {
                "count": 0
            },
            "id": "2421625328949432917",
            "is_video": true,
            "owner": {
                "id": "222827715"
            },
            "shortcode": "CGbV2gHHpJV",
            "tags": [],
            "taken_at_timestamp": 1602900373,
            "thumbnail_resources": [
                {
                    "config_height": 150,
                    "config_width": 150,
                    "src": "https://instagram.fabe1-1.fna.fbcdn.net/v/t51.2885-15/e35/c0.90.720.720a/s150x150/121622509_762524351259750_1418944225076778970_n.jpg?_nc_ht=instagram.fabe1-1.fna.fbcdn.net&_nc_cat=106&_nc_ohc=8J00tXuISZYAX8uRcwe&tp=16&oh=ac43a59bc29300ace28940353df0714f&oe=5F8C52C7"
                },
                {
                    "config_height": 240,
                    "config_width": 240,
                    "src": "https://instagram.fabe1-1.fna.fbcdn.net/v/t51.2885-15/e35/c0.90.720.720a/s240x240/121622509_762524351259750_1418944225076778970_n.jpg?_nc_ht=instagram.fabe1-1.fna.fbcdn.net&_nc_cat=106&_nc_ohc=8J00tXuISZYAX8uRcwe&tp=16&oh=633f72d776b85ee74afcbd74ff3fef9c&oe=5F8CCE01"
                },
                {
                    "config_height": 320,
                    "config_width": 320,
                    "src": "https://instagram.fabe1-1.fna.fbcdn.net/v/t51.2885-15/e35/c0.90.720.720a/s320x320/121622509_762524351259750_1418944225076778970_n.jpg?_nc_ht=instagram.fabe1-1.fna.fbcdn.net&_nc_cat=106&_nc_ohc=8J00tXuISZYAX8uRcwe&tp=16&oh=4c130b34c96af3f4e3d9978f9f37c936&oe=5F8C663F"
                },
                {
                    "config_height": 480,
                    "config_width": 480,
                    "src": "https://instagram.fabe1-1.fna.fbcdn.net/v/t51.2885-15/e35/c0.90.720.720a/s480x480/121622509_762524351259750_1418944225076778970_n.jpg?_nc_ht=instagram.fabe1-1.fna.fbcdn.net&_nc_cat=106&_nc_ohc=8J00tXuISZYAX8uRcwe&tp=16&oh=47b9420c69668bff949aafc4fa3b82e0&oe=5F8C5A3A"
                },
                {
                    "config_height": 640,
                    "config_width": 640,
                    "src": "https://instagram.fabe1-1.fna.fbcdn.net/v/t51.2885-15/sh0.08/e35/c0.90.720.720a/s640x640/121622509_762524351259750_1418944225076778970_n.jpg?_nc_ht=instagram.fabe1-1.fna.fbcdn.net&_nc_cat=106&_nc_ohc=8J00tXuISZYAX8uRcwe&oh=12480ec43e83cd4d0d64d720260d6e36&oe=5F8CA773"
                }
            ],
            "thumbnail_src": "https://instagram.fabe1-1.fna.fbcdn.net/v/t51.2885-15/sh0.08/e35/c0.90.720.720a/s640x640/121622509_762524351259750_1418944225076778970_n.jpg?_nc_ht=instagram.fabe1-1.fna.fbcdn.net&_nc_cat=106&_nc_ohc=8J00tXuISZYAX8uRcwe&oh=12480ec43e83cd4d0d64d720260d6e36&oe=5F8CA773",
            "urls": [
                "https://instagram.fabe1-1.fna.fbcdn.net/v/t50.2886-16/121667358_338718710769302_7522853378820828969_n.mp4?_nc_ht=instagram.fabe1-1.fna.fbcdn.net&_nc_cat=102&_nc_ohc=QcNeh6nSVWwAX9z6u2T&oe=5F8CB29C&oh=eebc9493bd108ff27651dcdc5c47f971"
            ],
            "video_view_count": 1
        }
    ]
}