{
    "GraphImages": [
        {
            "comments_disabled": false,
            "dimensions": {
                "height": 1080,
                "width": 1080
            },
            "display_url": "https://instagram.fabe1-1.fna.fbcdn.net/v/t51.2885-15/e35/s1080x1080/121515169_401602730843162_538479817418662225_n.jpg?_nc_ht=instagram.fabe1-1.fna.fbcdn.net&_nc_cat=102&_nc_ohc=73QUx6v0p1kAX8MV8LQ&_nc_tp=15&oh=f8553b314a2b432f1b8f7ce6ee30c367&oe=5FB1EF11",
            "edge_liked_by": {
                "count": 0
            },
            "edge_media_preview_like": {
                "count": 0
            },
            "edge_media_to_caption": {
                "edges": [
                    {
                        "node": {
                            "text": "Live life 🌴"
                        }
                    }
                ]
            },
            "edge_media_to_comment": {
                "count": 1
            },
            "id": "2421624204315293197",
            "is_video": false,
            "owner": {
                "id": "5259006"
            },
            "shortcode": "CGbVmIts3YN",
            "tags": [],
            "taken_at_timestamp": 1602900122,
            "thumbnail_resources": [
                {
                    "config_height": 150,
                    "config_width": 150,
                    "src": "https://instagram.fabe1-1.fna.fbcdn.net/v/t51.2885-15/e35/s150x150/121515169_401602730843162_538479817418662225_n.jpg?_nc_ht=instagram.fabe1-1.fna.fbcdn.net&_nc_cat=102&_nc_ohc=73QUx6v0p1kAX8MV8LQ&_nc_tp=15&oh=b1ccae2fef97afbb888cccc7d1d2414e&oe=5FB1EE01"
                },
                {
                    "config_height": 240,
                    "config_width": 240,
                    "src": "https://instagram.fabe1-1.fna.fbcdn.net/v/t51.2885-15/e35/s240x240/121515169_401602730843162_538479817418662225_n.jpg?_nc_ht=instagram.fabe1-1.fna.fbcdn.net&_nc_cat=102&_nc_ohc=73QUx6v0p1kAX8MV8LQ&_nc_tp=15&oh=0080a0e4318632bebecba5510d0262df&oe=5FB4BD4B"
                },
                {
                    "config_height": 320,
                    "config_width": 320,
                    "src": "https://instagram.fabe1-1.fna.fbcdn.net/v/t51.2885-15/e35/s320x320/121515169_401602730843162_538479817418662225_n.jpg?_nc_ht=instagram.fabe1-1.fna.fbcdn.net&_nc_cat=102&_nc_ohc=73QUx6v0p1kAX8MV8LQ&_nc_tp=15&oh=d8974aa4714a25c2aab066cc46a83ad2&oe=5FB4A9F1"
                },
                {
                    "config_height": 480,
                    "config_width": 480,
                    "src": "https://instagram.fabe1-1.fna.fbcdn.net/v/t51.2885-15/e35/s480x480/121515169_401602730843162_538479817418662225_n.jpg?_nc_ht=instagram.fabe1-1.fna.fbcdn.net&_nc_cat=102&_nc_ohc=73QUx6v0p1kAX8MV8LQ&_nc_tp=15&oh=443449c98bf602a744ec072181d9ae86&oe=5FB5A82B"
                },
                {
                    "config_height": 640,
                    "config_width": 640,
                    "src": "https://instagram.fabe1-1.fna.fbcdn.net/v/t51.2885-15/sh0.08/e35/s640x640/121515169_401602730843162_538479817418662225_n.jpg?_nc_ht=instagram.fabe1-1.fna.fbcdn.net&_nc_cat=102&_nc_ohc=73QUx6v0p1kAX8MV8LQ&_nc_tp=24&oh=e630adbdf3c9728207a9e9c5c7492556&oe=5FB264A8"
                }
            ],
            "thumbnail_src": "https://instagram.fabe1-1.fna.fbcdn.net/v/t51.2885-15/sh0.08/e35/s640x640/121515169_401602730843162_538479817418662225_n.jpg?_nc_ht=instagram.fabe1-1.fna.fbcdn.net&_nc_cat=102&_nc_ohc=73QUx6v0p1kAX8MV8LQ&_nc_tp=24&oh=e630adbdf3c9728207a9e9c5c7492556&oe=5FB264A8",
            "urls": [
                "https://instagram.fabe1-1.fna.fbcdn.net/v/t51.2885-15/e35/s1080x1080/121515169_401602730843162_538479817418662225_n.jpg?_nc_ht=instagram.fabe1-1.fna.fbcdn.net&_nc_cat=102&_nc_ohc=73QUx6v0p1kAX8MV8LQ&_nc_tp=15&oh=f8553b314a2b432f1b8f7ce6ee30c367&oe=5FB1EF11"
            ]
        },
        {
            "comments_disabled": false,
            "dimensions": {
                "height": 937,
                "width": 750
            },
            "display_url": "https://instagram.fabe1-1.fna.fbcdn.net/v/t51.2885-15/e35/121701348_681179412772616_9211765981150077314_n.jpg?_nc_ht=instagram.fabe1-1.fna.fbcdn.net&_nc_cat=108&_nc_ohc=WbHshaLCC14AX9asb9O&_nc_tp=18&oh=83baaee10205721289e8ef3f778edaaf&oe=5FB3F42F",
            "edge_liked_by": {
                "count": 3
            },
            "edge_media_preview_like": {
                "count": 3
            },
            "edge_media_to_caption": {
                "edges": [
                    {
                        "node": {
                            "text": "Enfócate en ser una mejor versión de ti, por ti, no por los demás, aprende de tus errores y no dejes que te hundan, aprende, corrígelos y levántate."
                        }
                    }
                ]
            },
            "edge_media_to_comment": {
                "count": 0
            },
            "id": "2421623775588945876",
            "is_video": false,
            "owner": {
                "id": "7274554237"
            },
            "shortcode": "CGbVf5bno_U",
            "tags": [],
            "taken_at_timestamp": 1602900071,
            "thumbnail_resources": [
                {
                    "config_height": 150,
                    "config_width": 150,
                    "src": "https://instagram.fabe1-1.fna.fbcdn.net/v/t51.2885-15/e35/c0.90.720.720a/s150x150/121701348_681179412772616_9211765981150077314_n.jpg?_nc_ht=instagram.fabe1-1.fna.fbcdn.net&_nc_cat=108&_nc_ohc=WbHshaLCC14AX9asb9O&tp=16&oh=9becb2d201b6690e66797553df4c7b8e&oe=5FB5CE78"
                },
                {
                    "config_height": 240,
                    "config_width": 240,
                    "src": "https://instagram.fabe1-1.fna.fbcdn.net/v/t51.2885-15/e35/c0.90.720.720a/s240x240/121701348_681179412772616_9211765981150077314_n.jpg?_nc_ht=instagram.fabe1-1.fna.fbcdn.net&_nc_cat=108&_nc_ohc=WbHshaLCC14AX9asb9O&tp=16&oh=ff26cbcc56fb1127061220ff8a677f6b&oe=5FB59872"
                },
                {
                    "config_height": 320,
                    "config_width": 320,
                    "src": "https://instagram.fabe1-1.fna.fbcdn.net/v/t51.2885-15/e35/c0.90.720.720a/s320x320/121701348_681179412772616_9211765981150077314_n.jpg?_nc_ht=instagram.fabe1-1.fna.fbcdn.net&_nc_cat=108&_nc_ohc=WbHshaLCC14AX9asb9O&tp=16&oh=3aef24e11eb7a979ef86a94b6b3c671c&oe=5FB51B10"
                },
                {
                    "config_height": 480,
                    "config_width": 480,
                    "src": "https://instagram.fabe1-1.fna.fbcdn.net/v/t51.2885-15/e35/c0.90.720.720a/s480x480/121701348_681179412772616_9211765981150077314_n.jpg?_nc_ht=instagram.fabe1-1.fna.fbcdn.net&_nc_cat=108&_nc_ohc=WbHshaLCC14AX9asb9O&tp=16&oh=d3f4ad9b3a3edf54541d89c806d3e01a&oe=5FB4A1C9"
                },
                {
                    "config_height": 640,
                    "config_width": 640,
                    "src": "https://instagram.fabe1-1.fna.fbcdn.net/v/t51.2885-15/sh0.08/e35/c0.90.720.720a/s640x640/121701348_681179412772616_9211765981150077314_n.jpg?_nc_ht=instagram.fabe1-1.fna.fbcdn.net&_nc_cat=108&_nc_ohc=WbHshaLCC14AX9asb9O&oh=af12b11c2a92d5f93710611b118a3a3f&oe=5FB45244"
                }
            ],
            "thumbnail_src": "https://instagram.fabe1-1.fna.fbcdn.net/v/t51.2885-15/sh0.08/e35/c0.90.720.720a/s640x640/121701348_681179412772616_9211765981150077314_n.jpg?_nc_ht=instagram.fabe1-1.fna.fbcdn.net&_nc_cat=108&_nc_ohc=WbHshaLCC14AX9asb9O&oh=af12b11c2a92d5f93710611b118a3a3f&oe=5FB45244",
            "urls": [
                "https://instagram.fabe1-1.fna.fbcdn.net/v/t51.2885-15/e35/121701348_681179412772616_9211765981150077314_n.jpg?_nc_ht=instagram.fabe1-1.fna.fbcdn.net&_nc_cat=108&_nc_ohc=WbHshaLCC14AX9asb9O&_nc_tp=18&oh=83baaee10205721289e8ef3f778edaaf&oe=5FB3F42F"
            ]
        }
    ]
}