{
    "GraphImages": [
        {
            "dimensions": {
                "height": 1350,
                "width": 1080
            },
            "display_url": "https://instagram.fabe1-1.fna.fbcdn.net/v/t51.2885-15/e35/121663329_354284795795281_5162075008095241185_n.jpg?_nc_ht=instagram.fabe1-1.fna.fbcdn.net&_nc_cat=1&_nc_ohc=plWDxQml150AX-wmoQC&_nc_tp=18&oh=07484a47aed47cc2d436bcfae735eae6&oe=5FB337F1",
            "edge_liked_by": {
                "count": 6338
            },
            "edge_media_preview_like": {
                "count": 6338
            },
            "edge_media_to_caption": {
                "edges": [
                    {
                        "node": {
                            "text": "⚠️URGENT ISSUE WE MUST FIX RIGHT NOW⚠️ The scale of the PPE pollution problem, and the speed in which it has emerged worldwide, is truly horrific! Disposable masks are made out of plastic polymers, which are not biodegradable nor recyclable, entangling and willing our wildlife and there are currently 194 BILLION disposable masks and gloves being used worldwide every month! In April, a WWF report found that even if only 1%  of face masks are disposed of incorrectly, around 10,000,000 will still end up in the environment each month, injuring and killing countless animals. So, what can we do to stop this tragedy? 1.) Ensure your PPE items are disposed of correctly. 2.) Cut the straps off your mask! 3.) Use reusables when possible. 4.) Share this important post with your followers and tag people, celebrities & influencers who need to see it and share too in order to help us spread awareness about this crisis before we kill anymore animals or destroy anymore of our environment! Thanks for the head’s up @cleanmiamibeach #ppe #plasticpollution #masks\nPost by: @savethereef"
                        }
                    }
                ]
            },
            "edge_media_to_comment": {
                "count": 215
            },
            "id": "2421129767745412323",
            "is_video": false,
            "owner": {
                "id": "5834568273"
            },
            "shortcode": "CGZlLIxltzj",
            "tags": [
                "ppe",
                "masks",
                "plasticpollution"
            ],
            "taken_at_timestamp": 1602841181,
            "thumbnail_resources": [
                {
                    "config_height": 150,
                    "config_width": 150,
                    "src": "https://instagram.fabe1-1.fna.fbcdn.net/v/t51.2885-15/e35/c0.135.1080.1080a/s150x150/121663329_354284795795281_5162075008095241185_n.jpg?_nc_ht=instagram.fabe1-1.fna.fbcdn.net&_nc_cat=1&_nc_ohc=plWDxQml150AX-wmoQC&tp=16&oh=3f5e62632e446bfcc7287bf98901652d&oe=5FB2E458"
                },
                {
                    "config_height": 240,
                    "config_width": 240,
                    "src": "https://instagram.fabe1-1.fna.fbcdn.net/v/t51.2885-15/e35/c0.135.1080.1080a/s240x240/121663329_354284795795281_5162075008095241185_n.jpg?_nc_ht=instagram.fabe1-1.fna.fbcdn.net&_nc_cat=1&_nc_ohc=plWDxQml150AX-wmoQC&tp=16&oh=3f9ba5bea0e453e6bc8eb0d85283a836&oe=5FB318D2"
                },
                {
                    "config_height": 320,
                    "config_width": 320,
                    "src": "https://instagram.fabe1-1.fna.fbcdn.net/v/t51.2885-15/e35/c0.135.1080.1080a/s320x320/121663329_354284795795281_5162075008095241185_n.jpg?_nc_ht=instagram.fabe1-1.fna.fbcdn.net&_nc_cat=1&_nc_ohc=plWDxQml150AX-wmoQC&tp=16&oh=7c2f9d5acf25479e25fea0173126c771&oe=5FB311B0"
                },
                {
                    "config_height": 480,
                    "config_width": 480,
                    "src": "https://instagram.fabe1-1.fna.fbcdn.net/v/t51.2885-15/e35/c0.135.1080.1080a/s480x480/121663329_354284795795281_5162075008095241185_n.jpg?_nc_ht=instagram.fabe1-1.fna.fbcdn.net&_nc_cat=1&_nc_ohc=plWDxQml150AX-wmoQC&tp=16&oh=a4ea5aeedafbe5b1f79ba276404d4811&oe=5FB44469"
                },
                {
                    "config_height": 640,
                    "config_width": 640,
                    "src": "https://instagram.fabe1-1.fna.fbcdn.net/v/t51.2885-15/sh0.08/e35/c0.135.1080.1080a/s640x640/121663329_354284795795281_5162075008095241185_n.jpg?_nc_ht=instagram.fabe1-1.fna.fbcdn.net&_nc_cat=1&_nc_ohc=plWDxQml150AX-wmoQC&oh=cb839dcfd8c933db1baa6dd1987a1dc6&oe=5FB2ACE8"
                }
            ],
            "thumbnail_src": "https://instagram.fabe1-1.fna.fbcdn.net/v/t51.2885-15/sh0.08/e35/c0.135.1080.1080a/s640x640/121663329_354284795795281_5162075008095241185_n.jpg?_nc_ht=instagram.fabe1-1.fna.fbcdn.net&_nc_cat=1&_nc_ohc=plWDxQml150AX-wmoQC&oh=cb839dcfd8c933db1baa6dd1987a1dc6&oe=5FB2ACE8",
            "urls": [
                "https://instagram.fabe1-1.fna.fbcdn.net/v/t51.2885-15/e35/121663329_354284795795281_5162075008095241185_n.jpg?_nc_ht=instagram.fabe1-1.fna.fbcdn.net&_nc_cat=1&_nc_ohc=plWDxQml150AX-wmoQC&_nc_tp=18&oh=07484a47aed47cc2d436bcfae735eae6&oe=5FB337F1",
                "https://instagram.fabe1-1.fna.fbcdn.net/v/t51.2885-15/e35/121564532_4495928343782858_4076607834070588583_n.jpg?_nc_ht=instagram.fabe1-1.fna.fbcdn.net&_nc_cat=1&_nc_ohc=MsqGuRIETG4AX-FgGnr&_nc_tp=18&oh=cb7ce573e1cca03b8dc80e1e2252a7fa&oe=5FB238AA",
                "https://instagram.fabe1-1.fna.fbcdn.net/v/t51.2885-15/e35/121640865_3404758692948288_3522516771720073972_n.jpg?_nc_ht=instagram.fabe1-1.fna.fbcdn.net&_nc_cat=1&_nc_ohc=vSTcLUxaJ8MAX_H0K_c&_nc_tp=18&oh=e5fe329637cc24ddf6e253ebc8bb9187&oe=5FB1BF62",
                "https://instagram.fabe1-1.fna.fbcdn.net/v/t51.2885-15/e35/121594801_376272733780098_3165968562166698423_n.jpg?_nc_ht=instagram.fabe1-1.fna.fbcdn.net&_nc_cat=1&_nc_ohc=05PbHkx7adsAX-S0nF-&_nc_tp=18&oh=93b20c9f730341ab2dcb6c062ba9c0a6&oe=5FB3DA6B",
                "https://instagram.fabe1-1.fna.fbcdn.net/v/t51.2885-15/e35/121500781_120334326316338_9023143445733664071_n.jpg?_nc_ht=instagram.fabe1-1.fna.fbcdn.net&_nc_cat=1&_nc_ohc=9dKLo__Zc8QAX9Q2O4o&_nc_tp=18&oh=6c843aafd5f7722fef21c24833d79418&oe=5FB3553E",
                "https://instagram.fabe1-1.fna.fbcdn.net/v/t51.2885-15/e35/121584581_946789192473285_3578838545292767738_n.jpg?_nc_ht=instagram.fabe1-1.fna.fbcdn.net&_nc_cat=109&_nc_ohc=hR0H5iAvqCsAX9uTtM4&_nc_tp=18&oh=79f4da86dd18f74d9aae83c903b9b66c&oe=5FB23424",
                "https://instagram.fabe1-1.fna.fbcdn.net/v/t51.2885-15/e35/121501143_441460366817504_903431913647819031_n.jpg?_nc_ht=instagram.fabe1-1.fna.fbcdn.net&_nc_cat=108&_nc_ohc=MgcOWkASFogAX-uGomu&_nc_tp=18&oh=ec12e9b9bb728e1e25037adb1cc4a2d0&oe=5FB1C865",
                "https://instagram.fabe1-1.fna.fbcdn.net/v/t51.2885-15/e35/121495575_811474746281529_1929910053366303339_n.jpg?_nc_ht=instagram.fabe1-1.fna.fbcdn.net&_nc_cat=109&_nc_ohc=obsdclX4DU8AX_QKBhb&_nc_tp=18&oh=438f944972486626b99b909a4b471f71&oe=5FB2F29D",
                "https://instagram.fabe1-1.fna.fbcdn.net/v/t51.2885-15/e35/121505044_346511879771075_4447646809187781126_n.jpg?_nc_ht=instagram.fabe1-1.fna.fbcdn.net&_nc_cat=111&_nc_ohc=mit1CNlg2-kAX_05lr2&_nc_tp=18&oh=e38655d64530bf422662981db35ddafb&oe=5FB449C9",
                "https://instagram.fabe1-1.fna.fbcdn.net/v/t51.2885-15/e35/121670295_163128382114699_264102703126764847_n.jpg?_nc_ht=instagram.fabe1-1.fna.fbcdn.net&_nc_cat=107&_nc_ohc=zAbuUI3vwXcAX8dndCd&_nc_tp=18&oh=49547ba7e0615b11fbb68835748646b5&oe=5FB27ECB"
            ]
        }
    ]
}