{
    "GraphImages": [
        {
            "comments_disabled": false,
            "dimensions": {
                "height": 1080,
                "width": 1080
            },
            "display_url": "https://instagram.fabe1-1.fna.fbcdn.net/v/t51.2885-15/e35/s1080x1080/121602766_384502139343256_1414416013234232778_n.jpg?_nc_ht=instagram.fabe1-1.fna.fbcdn.net&_nc_cat=104&_nc_ohc=FyIYB-YmC6QAX9_We_K&_nc_tp=15&oh=e9dffe51779e8e1316cb877fc9801c17&oe=5FB3228E",
            "edge_liked_by": {
                "count": 0
            },
            "edge_media_preview_like": {
                "count": 0
            },
            "edge_media_to_caption": {
                "edges": [
                    {
                        "node": {
                            "text": "‘HIP CLIP’ GOT YOUR FOVERED FOR YOUR UPCOMING VACATION ! 30% OFF RIGHT NOW !\n•\nSHOP WWW.SOTOXWEAR.COM"
                        }
                    }
                ]
            },
            "edge_media_to_comment": {
                "count": 0
            },
            "id": "2421622138358170813",
            "is_video": false,
            "owner": {
                "id": "7446634"
            },
            "shortcode": "CGbVIEpD4S9",
            "tags": [],
            "taken_at_timestamp": 1602899876,
            "thumbnail_resources": [
                {
                    "config_height": 150,
                    "config_width": 150,
                    "src": "https://instagram.fabe1-1.fna.fbcdn.net/v/t51.2885-15/e35/s150x150/121602766_384502139343256_1414416013234232778_n.jpg?_nc_ht=instagram.fabe1-1.fna.fbcdn.net&_nc_cat=104&_nc_ohc=FyIYB-YmC6QAX9_We_K&_nc_tp=15&oh=d8ae56450a232ac1cbcaef875cefe3bf&oe=5FB502CD"
                },
                {
                    "config_height": 240,
                    "config_width": 240,
                    "src": "https://instagram.fabe1-1.fna.fbcdn.net/v/t51.2885-15/e35/s240x240/121602766_384502139343256_1414416013234232778_n.jpg?_nc_ht=instagram.fabe1-1.fna.fbcdn.net&_nc_cat=104&_nc_ohc=FyIYB-YmC6QAX9_We_K&_nc_tp=15&oh=0e1e13664693cae0d12f277a32924fb6&oe=5FB3774B"
                },
                {
                    "config_height": 320,
                    "config_width": 320,
                    "src": "https://instagram.fabe1-1.fna.fbcdn.net/v/t51.2885-15/e35/s320x320/121602766_384502139343256_1414416013234232778_n.jpg?_nc_ht=instagram.fabe1-1.fna.fbcdn.net&_nc_cat=104&_nc_ohc=FyIYB-YmC6QAX9_We_K&_nc_tp=15&oh=9ec7383f5370bca9315ec8a3b0ade272&oe=5FB3A0B5"
                },
                {
                    "config_height": 480,
                    "config_width": 480,
                    "src": "https://instagram.fabe1-1.fna.fbcdn.net/v/t51.2885-15/e35/s480x480/121602766_384502139343256_1414416013234232778_n.jpg?_nc_ht=instagram.fabe1-1.fna.fbcdn.net&_nc_cat=104&_nc_ohc=FyIYB-YmC6QAX9_We_K&_nc_tp=15&oh=838fbde2871e9ff587b797600eabd674&oe=5FB20EF4"
                },
                {
                    "config_height": 640,
                    "config_width": 640,
                    "src": "https://instagram.fabe1-1.fna.fbcdn.net/v/t51.2885-15/sh0.08/e35/s640x640/121602766_384502139343256_1414416013234232778_n.jpg?_nc_ht=instagram.fabe1-1.fna.fbcdn.net&_nc_cat=104&_nc_ohc=FyIYB-YmC6QAX9_We_K&_nc_tp=24&oh=6d12befccfc84e94585772e6567c3463&oe=5FB31B4A"
                }
            ],
            "thumbnail_src": "https://instagram.fabe1-1.fna.fbcdn.net/v/t51.2885-15/sh0.08/e35/s640x640/121602766_384502139343256_1414416013234232778_n.jpg?_nc_ht=instagram.fabe1-1.fna.fbcdn.net&_nc_cat=104&_nc_ohc=FyIYB-YmC6QAX9_We_K&_nc_tp=24&oh=6d12befccfc84e94585772e6567c3463&oe=5FB31B4A",
            "urls": [
                "https://instagram.fabe1-1.fna.fbcdn.net/v/t51.2885-15/e35/s1080x1080/121602766_384502139343256_1414416013234232778_n.jpg?_nc_ht=instagram.fabe1-1.fna.fbcdn.net&_nc_cat=104&_nc_ohc=FyIYB-YmC6QAX9_We_K&_nc_tp=15&oh=e9dffe51779e8e1316cb877fc9801c17&oe=5FB3228E"
            ]
        },
        {
            "comments_disabled": false,
            "dimensions": {
                "height": 1080,
                "width": 1080
            },
            "display_url": "https://instagram.fabe1-1.fna.fbcdn.net/v/t51.2885-15/e35/s1080x1080/121636728_3200962770016051_5290566427247460918_n.jpg?_nc_ht=instagram.fabe1-1.fna.fbcdn.net&_nc_cat=107&_nc_ohc=1MjXp-ZMTmAAX_pIPOi&_nc_tp=15&oh=ba921bd2cfc909f5c7daab70bd3fbc7b&oe=5FB5059E",
            "edge_liked_by": {
                "count": 0
            },
            "edge_media_preview_like": {
                "count": 0
            },
            "edge_media_to_caption": {
                "edges": [
                    {
                        "node": {
                            "text": "Away from it all"
                        }
                    }
                ]
            },
            "edge_media_to_comment": {
                "count": 0
            },
            "id": "2421622097606713191",
            "is_video": false,
            "owner": {
                "id": "38935533867"
            },
            "shortcode": "CGbVHesFZ9n",
            "tags": [],
            "taken_at_timestamp": 1602899871,
            "thumbnail_resources": [
                {
                    "config_height": 150,
                    "config_width": 150,
                    "src": "https://instagram.fabe1-1.fna.fbcdn.net/v/t51.2885-15/e35/s150x150/121636728_3200962770016051_5290566427247460918_n.jpg?_nc_ht=instagram.fabe1-1.fna.fbcdn.net&_nc_cat=107&_nc_ohc=1MjXp-ZMTmAAX_pIPOi&_nc_tp=15&oh=3fa337a6a73a7b3794bec68e080deb34&oe=5FB2E982"
                },
                {
                    "config_height": 240,
                    "config_width": 240,
                    "src": "https://instagram.fabe1-1.fna.fbcdn.net/v/t51.2885-15/e35/s240x240/121636728_3200962770016051_5290566427247460918_n.jpg?_nc_ht=instagram.fabe1-1.fna.fbcdn.net&_nc_cat=107&_nc_ohc=1MjXp-ZMTmAAX_pIPOi&_nc_tp=15&oh=77e9ccace2988ef620ed9f7f9fc49a2d&oe=5FB2F1CA"
                },
                {
                    "config_height": 320,
                    "config_width": 320,
                    "src": "https://instagram.fabe1-1.fna.fbcdn.net/v/t51.2885-15/e35/s320x320/121636728_3200962770016051_5290566427247460918_n.jpg?_nc_ht=instagram.fabe1-1.fna.fbcdn.net&_nc_cat=107&_nc_ohc=1MjXp-ZMTmAAX_pIPOi&_nc_tp=15&oh=bff99b0d34f9a795ca7c95b0c09aa74a&oe=5FB4A717"
                },
                {
                    "config_height": 480,
                    "config_width": 480,
                    "src": "https://instagram.fabe1-1.fna.fbcdn.net/v/t51.2885-15/e35/s480x480/121636728_3200962770016051_5290566427247460918_n.jpg?_nc_ht=instagram.fabe1-1.fna.fbcdn.net&_nc_cat=107&_nc_ohc=1MjXp-ZMTmAAX_pIPOi&_nc_tp=15&oh=6c13b2e96f350b8ab4b35c2560aaf607&oe=5FB41BD5"
                },
                {
                    "config_height": 640,
                    "config_width": 640,
                    "src": "https://instagram.fabe1-1.fna.fbcdn.net/v/t51.2885-15/sh0.08/e35/s640x640/121636728_3200962770016051_5290566427247460918_n.jpg?_nc_ht=instagram.fabe1-1.fna.fbcdn.net&_nc_cat=107&_nc_ohc=1MjXp-ZMTmAAX_pIPOi&_nc_tp=24&oh=10875862fb88fcb635891c060961ea54&oe=5FB2FBF5"
                }
            ],
            "thumbnail_src": "https://instagram.fabe1-1.fna.fbcdn.net/v/t51.2885-15/sh0.08/e35/s640x640/121636728_3200962770016051_5290566427247460918_n.jpg?_nc_ht=instagram.fabe1-1.fna.fbcdn.net&_nc_cat=107&_nc_ohc=1MjXp-ZMTmAAX_pIPOi&_nc_tp=24&oh=10875862fb88fcb635891c060961ea54&oe=5FB2FBF5",
            "urls": [
                "https://instagram.fabe1-1.fna.fbcdn.net/v/t51.2885-15/e35/s1080x1080/121636728_3200962770016051_5290566427247460918_n.jpg?_nc_ht=instagram.fabe1-1.fna.fbcdn.net&_nc_cat=107&_nc_ohc=1MjXp-ZMTmAAX_pIPOi&_nc_tp=15&oh=ba921bd2cfc909f5c7daab70bd3fbc7b&oe=5FB5059E"
            ]
        }
    ]
}