{
    "GraphImages": [
        {
            "comments_disabled": false,
            "dimensions": {
                "height": 750,
                "width": 750
            },
            "display_url": "https://instagram.fabe1-1.fna.fbcdn.net/v/t51.2885-15/e35/121557084_441198033509605_5426720566183274368_n.jpg?_nc_ht=instagram.fabe1-1.fna.fbcdn.net&_nc_cat=101&_nc_ohc=i6aEJqsNMngAX9CaJTB&_nc_tp=18&oh=e480559e5ee84bfd97328e9a53481c93&oe=5F8CC929",
            "edge_liked_by": {
                "count": 0
            },
            "edge_media_preview_like": {
                "count": 0
            },
            "edge_media_to_caption": {
                "edges": [
                    {
                        "node": {
                            "text": "I’m on south beach 30 mins later liberty city is where I’ll ➡️🐝🤟🏼#miamilife #southbeach #southflorida #305 #dadecounty"
                        }
                    }
                ]
            },
            "edge_media_to_comment": {
                "count": 0
            },
            "id": "2421618306099461204",
            "is_video": true,
            "owner": {
                "id": "611032955"
            },
            "shortcode": "CGbUQTkpDxU",
            "tags": [
                "southflorida",
                "305",
                "southbeach",
                "miamilife",
                "dadecounty"
            ],
            "taken_at_timestamp": 1602899752,
            "thumbnail_resources": [
                {
                    "config_height": 150,
                    "config_width": 150,
                    "src": "https://instagram.fabe1-1.fna.fbcdn.net/v/t51.2885-15/e35/s150x150/121557084_441198033509605_5426720566183274368_n.jpg?_nc_ht=instagram.fabe1-1.fna.fbcdn.net&_nc_cat=101&_nc_ohc=i6aEJqsNMngAX9CaJTB&_nc_tp=15&oh=78bf8c95ecb603907a9b39b60d028474&oe=5F8C8518"
                },
                {
                    "config_height": 240,
                    "config_width": 240,
                    "src": "https://instagram.fabe1-1.fna.fbcdn.net/v/t51.2885-15/e35/s240x240/121557084_441198033509605_5426720566183274368_n.jpg?_nc_ht=instagram.fabe1-1.fna.fbcdn.net&_nc_cat=101&_nc_ohc=i6aEJqsNMngAX9CaJTB&_nc_tp=15&oh=9bfcf1b293bae9d1e313c5de9648aa80&oe=5F8C7152"
                },
                {
                    "config_height": 320,
                    "config_width": 320,
                    "src": "https://instagram.fabe1-1.fna.fbcdn.net/v/t51.2885-15/e35/s320x320/121557084_441198033509605_5426720566183274368_n.jpg?_nc_ht=instagram.fabe1-1.fna.fbcdn.net&_nc_cat=101&_nc_ohc=i6aEJqsNMngAX9CaJTB&_nc_tp=15&oh=bb79a4ef38bf6670a4191f436f346d07&oe=5F8C85F0"
                },
                {
                    "config_height": 480,
                    "config_width": 480,
                    "src": "https://instagram.fabe1-1.fna.fbcdn.net/v/t51.2885-15/e35/s480x480/121557084_441198033509605_5426720566183274368_n.jpg?_nc_ht=instagram.fabe1-1.fna.fbcdn.net&_nc_cat=101&_nc_ohc=i6aEJqsNMngAX9CaJTB&_nc_tp=15&oh=f7c57a9a2ab27695869de8b2596c30a8&oe=5F8CB469"
                },
                {
                    "config_height": 640,
                    "config_width": 640,
                    "src": "https://instagram.fabe1-1.fna.fbcdn.net/v/t51.2885-15/sh0.08/e35/s640x640/121557084_441198033509605_5426720566183274368_n.jpg?_nc_ht=instagram.fabe1-1.fna.fbcdn.net&_nc_cat=101&_nc_ohc=i6aEJqsNMngAX9CaJTB&_nc_tp=24&oh=e33ba04462615f27383053c1bad0015f&oe=5F8CBA53"
                }
            ],
            "thumbnail_src": "https://instagram.fabe1-1.fna.fbcdn.net/v/t51.2885-15/sh0.08/e35/s640x640/121557084_441198033509605_5426720566183274368_n.jpg?_nc_ht=instagram.fabe1-1.fna.fbcdn.net&_nc_cat=101&_nc_ohc=i6aEJqsNMngAX9CaJTB&_nc_tp=24&oh=e33ba04462615f27383053c1bad0015f&oe=5F8CBA53",
            "urls": [
                "https://instagram.fabe1-1.fna.fbcdn.net/v/t50.2886-16/121732465_409233977133837_8745550971705462172_n.mp4?_nc_ht=instagram.fabe1-1.fna.fbcdn.net&_nc_cat=109&_nc_ohc=jjGwRo8yHBgAX81bbrq&oe=5F8C8EFF&oh=78efa2971b8a0ecdbc0fe70315e8a29f"
            ],
            "video_view_count": 0
        },
        {
            "comments_disabled": false,
            "dimensions": {
                "height": 799,
                "width": 640
            },
            "display_url": "https://instagram.fabe1-1.fna.fbcdn.net/v/t51.2885-15/e35/121607189_2074274539362974_6841071878467127558_n.jpg?_nc_ht=instagram.fabe1-1.fna.fbcdn.net&_nc_cat=102&_nc_ohc=ReGsqvwLbxkAX8CNSim&_nc_tp=18&oh=06594f9bf960e628e0b443438f098cc9&oe=5FB4B829",
            "edge_liked_by": {
                "count": 0
            },
            "edge_media_preview_like": {
                "count": 0
            },
            "edge_media_to_caption": {
                "edges": [
                    {
                        "node": {
                            "text": "✈🏖"
                        }
                    }
                ]
            },
            "edge_media_to_comment": {
                "count": 0
            },
            "id": "2421621089034668376",
            "is_video": false,
            "owner": {
                "id": "40354966909"
            },
            "shortcode": "CGbU4zYgYlY",
            "tags": [],
            "taken_at_timestamp": 1602899751,
            "thumbnail_resources": [
                {
                    "config_height": 150,
                    "config_width": 150,
                    "src": "https://instagram.fabe1-1.fna.fbcdn.net/v/t51.2885-15/e35/c0.75.606.606a/s150x150/121607189_2074274539362974_6841071878467127558_n.jpg?_nc_ht=instagram.fabe1-1.fna.fbcdn.net&_nc_cat=102&_nc_ohc=ReGsqvwLbxkAX8CNSim&tp=16&oh=004cd9ff92c8dc6b966f700f3ccaf685&oe=5FB4CD4D"
                },
                {
                    "config_height": 240,
                    "config_width": 240,
                    "src": "https://instagram.fabe1-1.fna.fbcdn.net/v/t51.2885-15/e35/c0.75.606.606a/s240x240/121607189_2074274539362974_6841071878467127558_n.jpg?_nc_ht=instagram.fabe1-1.fna.fbcdn.net&_nc_cat=102&_nc_ohc=ReGsqvwLbxkAX8CNSim&tp=16&oh=e84c992f19396046e018070edd639014&oe=5FB3F485"
                },
                {
                    "config_height": 320,
                    "config_width": 320,
                    "src": "https://instagram.fabe1-1.fna.fbcdn.net/v/t51.2885-15/e35/c0.75.606.606a/s320x320/121607189_2074274539362974_6841071878467127558_n.jpg?_nc_ht=instagram.fabe1-1.fna.fbcdn.net&_nc_cat=102&_nc_ohc=ReGsqvwLbxkAX8CNSim&tp=16&oh=adc571238ed482079e25ba047652de21&oe=5FB2395C"
                },
                {
                    "config_height": 480,
                    "config_width": 480,
                    "src": "https://instagram.fabe1-1.fna.fbcdn.net/v/t51.2885-15/e35/c0.75.606.606a/s480x480/121607189_2074274539362974_6841071878467127558_n.jpg?_nc_ht=instagram.fabe1-1.fna.fbcdn.net&_nc_cat=102&_nc_ohc=ReGsqvwLbxkAX8CNSim&tp=16&oh=90dd70fc569ece6d38bcaa1a08020c79&oe=5FB58F1A"
                },
                {
                    "config_height": 640,
                    "config_width": 640,
                    "src": "https://instagram.fabe1-1.fna.fbcdn.net/v/t51.2885-15/e35/c0.75.606.606a/121607189_2074274539362974_6841071878467127558_n.jpg?_nc_ht=instagram.fabe1-1.fna.fbcdn.net&_nc_cat=102&_nc_ohc=ReGsqvwLbxkAX8CNSim&oh=475fa08561975422777ff6b8559e950e&oe=5FB2ADAB"
                }
            ],
            "thumbnail_src": "https://instagram.fabe1-1.fna.fbcdn.net/v/t51.2885-15/e35/c0.75.606.606a/121607189_2074274539362974_6841071878467127558_n.jpg?_nc_ht=instagram.fabe1-1.fna.fbcdn.net&_nc_cat=102&_nc_ohc=ReGsqvwLbxkAX8CNSim&oh=475fa08561975422777ff6b8559e950e&oe=5FB2ADAB",
            "urls": [
                "https://instagram.fabe1-1.fna.fbcdn.net/v/t51.2885-15/e35/121607189_2074274539362974_6841071878467127558_n.jpg?_nc_ht=instagram.fabe1-1.fna.fbcdn.net&_nc_cat=102&_nc_ohc=ReGsqvwLbxkAX8CNSim&_nc_tp=18&oh=06594f9bf960e628e0b443438f098cc9&oe=5FB4B829",
                "https://instagram.fabe1-1.fna.fbcdn.net/v/t51.2885-15/e35/121659929_198627524968974_4042141465301233166_n.jpg?_nc_ht=instagram.fabe1-1.fna.fbcdn.net&_nc_cat=106&_nc_ohc=w-lvV7rJpg0AX81KdkM&_nc_tp=18&oh=63679a7bfb3a85d1161a0531d7befa9c&oe=5FB3B07F",
                "https://instagram.fabe1-1.fna.fbcdn.net/v/t51.2885-15/e35/121674269_349292996158779_817634362917961334_n.jpg?_nc_ht=instagram.fabe1-1.fna.fbcdn.net&_nc_cat=103&_nc_ohc=RDxY4qVD4VoAX8jfua-&_nc_tp=18&oh=3cb940ecf0be4e8e3266e225165b5838&oe=5FB4C8F9"
            ]
        },
        {
            "comments_disabled": false,
            "dimensions": {
                "height": 1350,
                "width": 1080
            },
            "display_url": "https://instagram.fabe1-1.fna.fbcdn.net/v/t51.2885-15/e35/121571517_175923727417284_1810975627842814161_n.jpg?_nc_ht=instagram.fabe1-1.fna.fbcdn.net&_nc_cat=100&_nc_ohc=-R1dQ6bDqnUAX-ddfXl&_nc_tp=18&oh=5690a5fcc71ce70aeed495cc78a6f7ac&oe=5FB3B918",
            "edge_liked_by": {
                "count": 0
            },
            "edge_media_preview_like": {
                "count": 0
            },
            "edge_media_to_caption": {
                "edges": [
                    {
                        "node": {
                            "text": "💘💘💘"
                        }
                    }
                ]
            },
            "edge_media_to_comment": {
                "count": 0
            },
            "id": "2421621077250638604",
            "is_video": false,
            "owner": {
                "id": "10492246"
            },
            "shortcode": "CGbU4oaH4MM",
            "tags": [],
            "taken_at_timestamp": 1602899749,
            "thumbnail_resources": [
                {
                    "config_height": 150,
                    "config_width": 150,
                    "src": "https://instagram.fabe1-1.fna.fbcdn.net/v/t51.2885-15/e35/c0.129.1034.1034a/s150x150/121571517_175923727417284_1810975627842814161_n.jpg?_nc_ht=instagram.fabe1-1.fna.fbcdn.net&_nc_cat=100&_nc_ohc=-R1dQ6bDqnUAX-ddfXl&tp=16&oh=23e3362dc90f6d9c3126c6df361b63c0&oe=5FB1EA6E"
                },
                {
                    "config_height": 240,
                    "config_width": 240,
                    "src": "https://instagram.fabe1-1.fna.fbcdn.net/v/t51.2885-15/e35/c0.129.1034.1034a/s240x240/121571517_175923727417284_1810975627842814161_n.jpg?_nc_ht=instagram.fabe1-1.fna.fbcdn.net&_nc_cat=100&_nc_ohc=-R1dQ6bDqnUAX-ddfXl&tp=16&oh=11f86a7c6b03be69a32ecc5daab6a4a5&oe=5FB4C8EC"
                },
                {
                    "config_height": 320,
                    "config_width": 320,
                    "src": "https://instagram.fabe1-1.fna.fbcdn.net/v/t51.2885-15/e35/c0.129.1034.1034a/s320x320/121571517_175923727417284_1810975627842814161_n.jpg?_nc_ht=instagram.fabe1-1.fna.fbcdn.net&_nc_cat=100&_nc_ohc=-R1dQ6bDqnUAX-ddfXl&tp=16&oh=d7505df7042cdfdab71e64eed305ed8d&oe=5FB24496"
                },
                {
                    "config_height": 480,
                    "config_width": 480,
                    "src": "https://instagram.fabe1-1.fna.fbcdn.net/v/t51.2885-15/e35/c0.129.1034.1034a/s480x480/121571517_175923727417284_1810975627842814161_n.jpg?_nc_ht=instagram.fabe1-1.fna.fbcdn.net&_nc_cat=100&_nc_ohc=-R1dQ6bDqnUAX-ddfXl&tp=16&oh=e1970a6acee04137de2450ec13203d72&oe=5FB3B053"
                },
                {
                    "config_height": 640,
                    "config_width": 640,
                    "src": "https://instagram.fabe1-1.fna.fbcdn.net/v/t51.2885-15/sh0.08/e35/c0.129.1034.1034a/s640x640/121571517_175923727417284_1810975627842814161_n.jpg?_nc_ht=instagram.fabe1-1.fna.fbcdn.net&_nc_cat=100&_nc_ohc=-R1dQ6bDqnUAX-ddfXl&oh=1fb1800f47e9f49dd3e9b0ce7a725de0&oe=5FB50A5E"
                }
            ],
            "thumbnail_src": "https://instagram.fabe1-1.fna.fbcdn.net/v/t51.2885-15/sh0.08/e35/c0.129.1034.1034a/s640x640/121571517_175923727417284_1810975627842814161_n.jpg?_nc_ht=instagram.fabe1-1.fna.fbcdn.net&_nc_cat=100&_nc_ohc=-R1dQ6bDqnUAX-ddfXl&oh=1fb1800f47e9f49dd3e9b0ce7a725de0&oe=5FB50A5E",
            "urls": [
                "https://instagram.fabe1-1.fna.fbcdn.net/v/t51.2885-15/e35/121571517_175923727417284_1810975627842814161_n.jpg?_nc_ht=instagram.fabe1-1.fna.fbcdn.net&_nc_cat=100&_nc_ohc=-R1dQ6bDqnUAX-ddfXl&_nc_tp=18&oh=5690a5fcc71ce70aeed495cc78a6f7ac&oe=5FB3B918"
            ]
        },
        {
            "comments_disabled": false,
            "dimensions": {
                "height": 1080,
                "width": 1080
            },
            "display_url": "https://instagram.fabe1-1.fna.fbcdn.net/v/t51.2885-15/e35/121578565_792222448279200_2257118026539407731_n.jpg?_nc_ht=instagram.fabe1-1.fna.fbcdn.net&_nc_cat=100&_nc_ohc=MKpn0K36e1cAX-w40UF&_nc_tp=18&oh=fcc7dd802bf6a922e67870d33c335a3d&oe=5FB363C5",
            "edge_liked_by": {
                "count": 7
            },
            "edge_media_preview_like": {
                "count": 7
            },
            "edge_media_to_caption": {
                "edges": [
                    {
                        "node": {
                            "text": "Not better than, just different.. 👁"
                        }
                    }
                ]
            },
            "edge_media_to_comment": {
                "count": 1
            },
            "id": "2421620850916410407",
            "is_video": false,
            "owner": {
                "id": "4308114991"
            },
            "shortcode": "CGbU1VnjUQn",
            "tags": [],
            "taken_at_timestamp": 1602899722,
            "thumbnail_resources": [
                {
                    "config_height": 150,
                    "config_width": 150,
                    "src": "https://instagram.fabe1-1.fna.fbcdn.net/v/t51.2885-15/e35/s150x150/121578565_792222448279200_2257118026539407731_n.jpg?_nc_ht=instagram.fabe1-1.fna.fbcdn.net&_nc_cat=100&_nc_ohc=MKpn0K36e1cAX-w40UF&_nc_tp=15&oh=f09f6366f4e4b324ca17f6567d66b611&oe=5FB4CFFC"
                },
                {
                    "config_height": 240,
                    "config_width": 240,
                    "src": "https://instagram.fabe1-1.fna.fbcdn.net/v/t51.2885-15/e35/s240x240/121578565_792222448279200_2257118026539407731_n.jpg?_nc_ht=instagram.fabe1-1.fna.fbcdn.net&_nc_cat=100&_nc_ohc=MKpn0K36e1cAX-w40UF&_nc_tp=15&oh=62fb289d4ddc544a0ee4214a045d8b0a&oe=5FB3E57E"
                },
                {
                    "config_height": 320,
                    "config_width": 320,
                    "src": "https://instagram.fabe1-1.fna.fbcdn.net/v/t51.2885-15/e35/s320x320/121578565_792222448279200_2257118026539407731_n.jpg?_nc_ht=instagram.fabe1-1.fna.fbcdn.net&_nc_cat=100&_nc_ohc=MKpn0K36e1cAX-w40UF&_nc_tp=15&oh=ed8a409f39c2996ff9033be02ee5da87&oe=5FB25404"
                },
                {
                    "config_height": 480,
                    "config_width": 480,
                    "src": "https://instagram.fabe1-1.fna.fbcdn.net/v/t51.2885-15/e35/s480x480/121578565_792222448279200_2257118026539407731_n.jpg?_nc_ht=instagram.fabe1-1.fna.fbcdn.net&_nc_cat=100&_nc_ohc=MKpn0K36e1cAX-w40UF&_nc_tp=15&oh=4112139f92e61cc1ba86bd1e28dbbca5&oe=5FB5C1C5"
                },
                {
                    "config_height": 640,
                    "config_width": 640,
                    "src": "https://instagram.fabe1-1.fna.fbcdn.net/v/t51.2885-15/sh0.08/e35/s640x640/121578565_792222448279200_2257118026539407731_n.jpg?_nc_ht=instagram.fabe1-1.fna.fbcdn.net&_nc_cat=100&_nc_ohc=MKpn0K36e1cAX-w40UF&_nc_tp=24&oh=6b29aaa3bf57c37484ad66171e964fed&oe=5FB452FF"
                }
            ],
            "thumbnail_src": "https://instagram.fabe1-1.fna.fbcdn.net/v/t51.2885-15/sh0.08/e35/s640x640/121578565_792222448279200_2257118026539407731_n.jpg?_nc_ht=instagram.fabe1-1.fna.fbcdn.net&_nc_cat=100&_nc_ohc=MKpn0K36e1cAX-w40UF&_nc_tp=24&oh=6b29aaa3bf57c37484ad66171e964fed&oe=5FB452FF",
            "urls": [
                "https://instagram.fabe1-1.fna.fbcdn.net/v/t51.2885-15/e35/121578565_792222448279200_2257118026539407731_n.jpg?_nc_ht=instagram.fabe1-1.fna.fbcdn.net&_nc_cat=100&_nc_ohc=MKpn0K36e1cAX-w40UF&_nc_tp=18&oh=fcc7dd802bf6a922e67870d33c335a3d&oe=5FB363C5",
                "https://instagram.fabe1-1.fna.fbcdn.net/v/t51.2885-15/e35/s1080x1080/121966152_698954137636932_9180112517113800471_n.jpg?_nc_ht=instagram.fabe1-1.fna.fbcdn.net&_nc_cat=100&_nc_ohc=gThl40GzO88AX-QX5M2&_nc_tp=15&oh=b96de271935af1c2f89ce32d605204b1&oe=5FB599F1"
            ]
        },
        {
            "comments_disabled": false,
            "dimensions": {
                "height": 905,
                "width": 1080
            },
            "display_url": "https://instagram.fabe1-1.fna.fbcdn.net/v/t51.2885-15/e35/121998806_213391646792452_8104209603690732785_n.jpg?_nc_ht=instagram.fabe1-1.fna.fbcdn.net&_nc_cat=104&_nc_ohc=atRsbFLXLucAX_nVhIo&_nc_tp=18&oh=df150ec02a76bb3848022a62222dfe80&oe=5FB3AF3C",
            "edge_liked_by": {
                "count": 0
            },
            "edge_media_preview_like": {
                "count": 0
            },
            "edge_media_to_caption": {
                "edges": [
                    {
                        "node": {
                            "text": "Modern Health of America offers MIC Vitamin with L-Carnitine injections. These vitamins help enhance energy production, improves heart and brain function, while helping the body burn fat.  Find out more Jen 305-712-6985 #antiaging #testosteronebooster #hormonereplacementtherapy #bhrt #regenerativemedicine #stemcelltherapy #hgh #miami #preventivemedicine #hormonebalance \n\n#USA #coralgables #miami #southmiami #motogirl #motofamly #myfamily #motocross #motivation #happiness  #fitmiami #strength #stronggirls #yoga #weightlifting #goals #barbellbabe #tennis  #crossfit."
                        }
                    }
                ]
            },
            "edge_media_to_comment": {
                "count": 0
            },
            "id": "2421620627260381982",
            "is_video": false,
            "owner": {
                "id": "18041211396"
            },
            "shortcode": "CGbUyFUnRse",
            "tags": [
                "southmiami",
                "barbellbabe",
                "strength",
                "USA",
                "hormonereplacementtherapy",
                "happiness",
                "motofamly",
                "tennis",
                "testosteronebooster",
                "stemcelltherapy",
                "hgh",
                "goals",
                "motocross",
                "stronggirls",
                "coralgables",
                "bhrt",
                "hormonebalance",
                "miami",
                "myfamily",
                "weightlifting",
                "regenerativemedicine",
                "motogirl",
                "crossfit",
                "motivation",
                "yoga",
                "antiaging",
                "preventivemedicine",
                "fitmiami"
            ],
            "taken_at_timestamp": 1602899696,
            "thumbnail_resources": [
                {
                    "config_height": 150,
                    "config_width": 150,
                    "src": "https://instagram.fabe1-1.fna.fbcdn.net/v/t51.2885-15/e35/c76.0.787.787a/s150x150/121998806_213391646792452_8104209603690732785_n.jpg?_nc_ht=instagram.fabe1-1.fna.fbcdn.net&_nc_cat=104&_nc_ohc=atRsbFLXLucAX_nVhIo&tp=16&oh=b18bf261d813f5268c938f3889bce4c7&oe=5FB41592"
                },
                {
                    "config_height": 240,
                    "config_width": 240,
                    "src": "https://instagram.fabe1-1.fna.fbcdn.net/v/t51.2885-15/e35/c76.0.787.787a/s240x240/121998806_213391646792452_8104209603690732785_n.jpg?_nc_ht=instagram.fabe1-1.fna.fbcdn.net&_nc_cat=104&_nc_ohc=atRsbFLXLucAX_nVhIo&tp=16&oh=4ee8955fb622d9642f82fbd927c7195a&oe=5FB48A98"
                },
                {
                    "config_height": 320,
                    "config_width": 320,
                    "src": "https://instagram.fabe1-1.fna.fbcdn.net/v/t51.2885-15/e35/c76.0.787.787a/s320x320/121998806_213391646792452_8104209603690732785_n.jpg?_nc_ht=instagram.fabe1-1.fna.fbcdn.net&_nc_cat=104&_nc_ohc=atRsbFLXLucAX_nVhIo&tp=16&oh=dcafbaa14944e4ec3ab05beaa8c2b95d&oe=5FB3A9EA"
                },
                {
                    "config_height": 480,
                    "config_width": 480,
                    "src": "https://instagram.fabe1-1.fna.fbcdn.net/v/t51.2885-15/e35/c76.0.787.787a/s480x480/121998806_213391646792452_8104209603690732785_n.jpg?_nc_ht=instagram.fabe1-1.fna.fbcdn.net&_nc_cat=104&_nc_ohc=atRsbFLXLucAX_nVhIo&tp=16&oh=03ba7ccb0645116a2e3aa4e849ac3b73&oe=5FB244AF"
                },
                {
                    "config_height": 640,
                    "config_width": 640,
                    "src": "https://instagram.fabe1-1.fna.fbcdn.net/v/t51.2885-15/sh0.08/e35/c76.0.787.787a/s640x640/121998806_213391646792452_8104209603690732785_n.jpg?_nc_ht=instagram.fabe1-1.fna.fbcdn.net&_nc_cat=104&_nc_ohc=atRsbFLXLucAX_nVhIo&oh=d202c4e05cdc617d7b2ca3958d42040b&oe=5FB25FA6"
                }
            ],
            "thumbnail_src": "https://instagram.fabe1-1.fna.fbcdn.net/v/t51.2885-15/sh0.08/e35/c76.0.787.787a/s640x640/121998806_213391646792452_8104209603690732785_n.jpg?_nc_ht=instagram.fabe1-1.fna.fbcdn.net&_nc_cat=104&_nc_ohc=atRsbFLXLucAX_nVhIo&oh=d202c4e05cdc617d7b2ca3958d42040b&oe=5FB25FA6",
            "urls": [
                "https://instagram.fabe1-1.fna.fbcdn.net/v/t51.2885-15/e35/121998806_213391646792452_8104209603690732785_n.jpg?_nc_ht=instagram.fabe1-1.fna.fbcdn.net&_nc_cat=104&_nc_ohc=atRsbFLXLucAX_nVhIo&_nc_tp=18&oh=df150ec02a76bb3848022a62222dfe80&oe=5FB3AF3C"
            ]
        }
    ]
}