{
    "GraphImages": [
        {
            "comments_disabled": false,
            "dimensions": {
                "height": 750,
                "width": 750
            },
            "display_url": "https://instagram.fabe1-1.fna.fbcdn.net/v/t51.2885-15/e35/121595315_392655405105654_6652134226916341424_n.jpg?_nc_ht=instagram.fabe1-1.fna.fbcdn.net&_nc_cat=106&_nc_ohc=SZV50z24uIMAX-t3hLY&_nc_tp=18&oh=7903ef64b75883c20be74140eadad27d&oe=5F8C4AE7",
            "edge_liked_by": {
                "count": 0
            },
            "edge_media_preview_like": {
                "count": 0
            },
            "edge_media_to_caption": {
                "edges": [
                    {
                        "node": {
                            "text": "#boneinribeye #castironcooking #masalabae"
                        }
                    }
                ]
            },
            "edge_media_to_comment": {
                "count": 0
            },
            "id": "2421532712239176049",
            "is_video": true,
            "owner": {
                "id": "616175385"
            },
            "shortcode": "CGbAywFARlx",
            "tags": [
                "masalabae",
                "castironcooking",
                "boneinribeye"
            ],
            "taken_at_timestamp": 1602889270,
            "thumbnail_resources": [
                {
                    "config_height": 150,
                    "config_width": 150,
                    "src": "https://instagram.fabe1-1.fna.fbcdn.net/v/t51.2885-15/e35/s150x150/121595315_392655405105654_6652134226916341424_n.jpg?_nc_ht=instagram.fabe1-1.fna.fbcdn.net&_nc_cat=106&_nc_ohc=SZV50z24uIMAX-t3hLY&_nc_tp=15&oh=f3ed2f3c23c84c5278329571d158daae&oe=5F8CC6DA"
                },
                {
                    "config_height": 240,
                    "config_width": 240,
                    "src": "https://instagram.fabe1-1.fna.fbcdn.net/v/t51.2885-15/e35/s240x240/121595315_392655405105654_6652134226916341424_n.jpg?_nc_ht=instagram.fabe1-1.fna.fbcdn.net&_nc_cat=106&_nc_ohc=SZV50z24uIMAX-t3hLY&_nc_tp=15&oh=c6491484b20a47f5650a52e48c274dda&oe=5F8CB460"
                },
                {
                    "config_height": 320,
                    "config_width": 320,
                    "src": "https://instagram.fabe1-1.fna.fbcdn.net/v/t51.2885-15/e35/s320x320/121595315_392655405105654_6652134226916341424_n.jpg?_nc_ht=instagram.fabe1-1.fna.fbcdn.net&_nc_cat=106&_nc_ohc=SZV50z24uIMAX-t3hLY&_nc_tp=15&oh=86585025e76e671253d54b6ddc6d9d83&oe=5F8C5AE2"
                },
                {
                    "config_height": 480,
                    "config_width": 480,
                    "src": "https://instagram.fabe1-1.fna.fbcdn.net/v/t51.2885-15/e35/s480x480/121595315_392655405105654_6652134226916341424_n.jpg?_nc_ht=instagram.fabe1-1.fna.fbcdn.net&_nc_cat=106&_nc_ohc=SZV50z24uIMAX-t3hLY&_nc_tp=15&oh=e8daa44b69effbad8bf80413ad138bbc&oe=5F8CC227"
                },
                {
                    "config_height": 640,
                    "config_width": 640,
                    "src": "https://instagram.fabe1-1.fna.fbcdn.net/v/t51.2885-15/sh0.08/e35/s640x640/121595315_392655405105654_6652134226916341424_n.jpg?_nc_ht=instagram.fabe1-1.fna.fbcdn.net&_nc_cat=106&_nc_ohc=SZV50z24uIMAX-t3hLY&_nc_tp=24&oh=b603b900c5012211e4bc09a01cf175f4&oe=5F8CB75D"
                }
            ],
            "thumbnail_src": "https://instagram.fabe1-1.fna.fbcdn.net/v/t51.2885-15/sh0.08/e35/s640x640/121595315_392655405105654_6652134226916341424_n.jpg?_nc_ht=instagram.fabe1-1.fna.fbcdn.net&_nc_cat=106&_nc_ohc=SZV50z24uIMAX-t3hLY&_nc_tp=24&oh=b603b900c5012211e4bc09a01cf175f4&oe=5F8CB75D",
            "urls": [
                "https://instagram.fabe1-1.fna.fbcdn.net/v/t50.2886-16/122015020_389148752262753_6169191415253582793_n.mp4?_nc_ht=instagram.fabe1-1.fna.fbcdn.net&_nc_cat=109&_nc_ohc=g_weeSHvmmMAX9qXcCU&oe=5F8CAC7C&oh=a151a8c51729b63e487dbe91cc817cee"
            ],
            "video_view_count": 0
        },
        {
            "comments_disabled": false,
            "dimensions": {
                "height": 1080,
                "width": 1080
            },
            "display_url": "https://instagram.fabe1-1.fna.fbcdn.net/v/t51.2885-15/e35/s1080x1080/121736922_327534168549190_6685742348198103832_n.jpg?_nc_ht=instagram.fabe1-1.fna.fbcdn.net&_nc_cat=110&_nc_ohc=DixtEyc6Ro0AX9vrxf-&_nc_tp=15&oh=9b3bd8b91025a23ad7d079b0d1244713&oe=5FB47364",
            "edge_liked_by": {
                "count": 0
            },
            "edge_media_preview_like": {
                "count": 0
            },
            "edge_media_to_caption": {
                "edges": [
                    {
                        "node": {
                            "text": "#birthdaycake #tortasdecoradas 💖"
                        }
                    }
                ]
            },
            "edge_media_to_comment": {
                "count": 0
            },
            "id": "2421533124733497492",
            "is_video": false,
            "owner": {
                "id": "44014673593"
            },
            "shortcode": "CGbA4wPlPCU",
            "tags": [
                "tortasdecoradas",
                "birthdaycake"
            ],
            "taken_at_timestamp": 1602889265,
            "thumbnail_resources": [
                {
                    "config_height": 150,
                    "config_width": 150,
                    "src": "https://instagram.fabe1-1.fna.fbcdn.net/v/t51.2885-15/e35/s150x150/121736922_327534168549190_6685742348198103832_n.jpg?_nc_ht=instagram.fabe1-1.fna.fbcdn.net&_nc_cat=110&_nc_ohc=DixtEyc6Ro0AX9vrxf-&_nc_tp=15&oh=26abf383833be7a9b7a111db42751bcc&oe=5FB36D23"
                },
                {
                    "config_height": 240,
                    "config_width": 240,
                    "src": "https://instagram.fabe1-1.fna.fbcdn.net/v/t51.2885-15/e35/s240x240/121736922_327534168549190_6685742348198103832_n.jpg?_nc_ht=instagram.fabe1-1.fna.fbcdn.net&_nc_cat=110&_nc_ohc=DixtEyc6Ro0AX9vrxf-&_nc_tp=15&oh=d20dc5be0e487962beebf630bd4abca9&oe=5FB477A5"
                },
                {
                    "config_height": 320,
                    "config_width": 320,
                    "src": "https://instagram.fabe1-1.fna.fbcdn.net/v/t51.2885-15/e35/s320x320/121736922_327534168549190_6685742348198103832_n.jpg?_nc_ht=instagram.fabe1-1.fna.fbcdn.net&_nc_cat=110&_nc_ohc=DixtEyc6Ro0AX9vrxf-&_nc_tp=15&oh=c7828602e0aa8e15e76a69eb7e124457&oe=5FB2F55B"
                },
                {
                    "config_height": 480,
                    "config_width": 480,
                    "src": "https://instagram.fabe1-1.fna.fbcdn.net/v/t51.2885-15/e35/s480x480/121736922_327534168549190_6685742348198103832_n.jpg?_nc_ht=instagram.fabe1-1.fna.fbcdn.net&_nc_cat=110&_nc_ohc=DixtEyc6Ro0AX9vrxf-&_nc_tp=15&oh=bceeb4a48b48a63574afa0192ee89d15&oe=5FB3F71E"
                },
                {
                    "config_height": 640,
                    "config_width": 640,
                    "src": "https://instagram.fabe1-1.fna.fbcdn.net/v/t51.2885-15/sh0.08/e35/s640x640/121736922_327534168549190_6685742348198103832_n.jpg?_nc_ht=instagram.fabe1-1.fna.fbcdn.net&_nc_cat=110&_nc_ohc=DixtEyc6Ro0AX9vrxf-&_nc_tp=24&oh=1880588f1b2d22079aba6b88a42311cc&oe=5FB4D3A8"
                }
            ],
            "thumbnail_src": "https://instagram.fabe1-1.fna.fbcdn.net/v/t51.2885-15/sh0.08/e35/s640x640/121736922_327534168549190_6685742348198103832_n.jpg?_nc_ht=instagram.fabe1-1.fna.fbcdn.net&_nc_cat=110&_nc_ohc=DixtEyc6Ro0AX9vrxf-&_nc_tp=24&oh=1880588f1b2d22079aba6b88a42311cc&oe=5FB4D3A8",
            "urls": [
                "https://instagram.fabe1-1.fna.fbcdn.net/v/t51.2885-15/e35/s1080x1080/121736922_327534168549190_6685742348198103832_n.jpg?_nc_ht=instagram.fabe1-1.fna.fbcdn.net&_nc_cat=110&_nc_ohc=DixtEyc6Ro0AX9vrxf-&_nc_tp=15&oh=9b3bd8b91025a23ad7d079b0d1244713&oe=5FB47364"
            ]
        },
        {
            "comments_disabled": false,
            "dimensions": {
                "height": 1080,
                "width": 1080
            },
            "display_url": "https://instagram.fabe1-1.fna.fbcdn.net/v/t51.2885-15/e35/s1080x1080/121599497_976320699544207_8758931155108483915_n.jpg?_nc_ht=instagram.fabe1-1.fna.fbcdn.net&_nc_cat=107&_nc_ohc=IrvU3bLhw6oAX_Q5bMr&_nc_tp=15&oh=62b611de1b348a823b28c74f4e2e9736&oe=5FB1BE75",
            "edge_liked_by": {
                "count": 0
            },
            "edge_media_preview_like": {
                "count": 0
            },
            "edge_media_to_caption": {
                "edges": [
                    {
                        "node": {
                            "text": "BeautyPie and CutiePie all in one shot! 😘#postyourpie"
                        }
                    }
                ]
            },
            "edge_media_to_comment": {
                "count": 0
            },
            "id": "2421533122737144133",
            "is_video": false,
            "owner": {
                "id": "1261947221"
            },
            "shortcode": "CGbA4uYlwFF",
            "tags": [
                "postyourpie"
            ],
            "taken_at_timestamp": 1602889264,
            "thumbnail_resources": [
                {
                    "config_height": 150,
                    "config_width": 150,
                    "src": "https://instagram.fabe1-1.fna.fbcdn.net/v/t51.2885-15/e35/s150x150/121599497_976320699544207_8758931155108483915_n.jpg?_nc_ht=instagram.fabe1-1.fna.fbcdn.net&_nc_cat=107&_nc_ohc=IrvU3bLhw6oAX_Q5bMr&_nc_tp=15&oh=b0defd27cd9fffe623080a935b019d24&oe=5FB20236"
                },
                {
                    "config_height": 240,
                    "config_width": 240,
                    "src": "https://instagram.fabe1-1.fna.fbcdn.net/v/t51.2885-15/e35/s240x240/121599497_976320699544207_8758931155108483915_n.jpg?_nc_ht=instagram.fabe1-1.fna.fbcdn.net&_nc_cat=107&_nc_ohc=IrvU3bLhw6oAX_Q5bMr&_nc_tp=15&oh=50e3586914eb1d5ee6aa46588dbc1d1f&oe=5FB21C34"
                },
                {
                    "config_height": 320,
                    "config_width": 320,
                    "src": "https://instagram.fabe1-1.fna.fbcdn.net/v/t51.2885-15/e35/s320x320/121599497_976320699544207_8758931155108483915_n.jpg?_nc_ht=instagram.fabe1-1.fna.fbcdn.net&_nc_cat=107&_nc_ohc=IrvU3bLhw6oAX_Q5bMr&_nc_tp=15&oh=83df6ef9d50570a77f95ceee17479ee3&oe=5FB1F44E"
                },
                {
                    "config_height": 480,
                    "config_width": 480,
                    "src": "https://instagram.fabe1-1.fna.fbcdn.net/v/t51.2885-15/e35/s480x480/121599497_976320699544207_8758931155108483915_n.jpg?_nc_ht=instagram.fabe1-1.fna.fbcdn.net&_nc_cat=107&_nc_ohc=IrvU3bLhw6oAX_Q5bMr&_nc_tp=15&oh=c6151e20b7dcc7fc66d39bec25614e0d&oe=5FB4538B"
                },
                {
                    "config_height": 640,
                    "config_width": 640,
                    "src": "https://instagram.fabe1-1.fna.fbcdn.net/v/t51.2885-15/sh0.08/e35/s640x640/121599497_976320699544207_8758931155108483915_n.jpg?_nc_ht=instagram.fabe1-1.fna.fbcdn.net&_nc_cat=107&_nc_ohc=IrvU3bLhw6oAX_Q5bMr&_nc_tp=24&oh=0c2bfaac39ae8341eb9fdfe66ad61b99&oe=5FB4D031"
                }
            ],
            "thumbnail_src": "https://instagram.fabe1-1.fna.fbcdn.net/v/t51.2885-15/sh0.08/e35/s640x640/121599497_976320699544207_8758931155108483915_n.jpg?_nc_ht=instagram.fabe1-1.fna.fbcdn.net&_nc_cat=107&_nc_ohc=IrvU3bLhw6oAX_Q5bMr&_nc_tp=24&oh=0c2bfaac39ae8341eb9fdfe66ad61b99&oe=5FB4D031",
            "urls": [
                "https://instagram.fabe1-1.fna.fbcdn.net/v/t51.2885-15/e35/s1080x1080/121599497_976320699544207_8758931155108483915_n.jpg?_nc_ht=instagram.fabe1-1.fna.fbcdn.net&_nc_cat=107&_nc_ohc=IrvU3bLhw6oAX_Q5bMr&_nc_tp=15&oh=62b611de1b348a823b28c74f4e2e9736&oe=5FB1BE75"
            ]
        },
        {
            "comments_disabled": false,
            "dimensions": {
                "height": 1080,
                "width": 1080
            },
            "display_url": "https://instagram.fabe1-1.fna.fbcdn.net/v/t51.2885-15/e35/121590426_3329691343804814_1719985014079948237_n.jpg?_nc_ht=instagram.fabe1-1.fna.fbcdn.net&_nc_cat=102&_nc_ohc=goQibri3ejMAX_9cSo0&_nc_tp=18&oh=229295a8f2c8291027f04501968467c7&oe=5FB391CB",
            "edge_liked_by": {
                "count": 2
            },
            "edge_media_preview_like": {
                "count": 2
            },
            "edge_media_to_caption": {
                "edges": [
                    {
                        "node": {
                            "text": "Get any of your favorite Italian, Mexican, American Grill favorites delivered to you door!\nAt Venezia, we offer the best selection of food in Miami Beach. Take advantage of our amazing menu and order today!\nWe are Open for Dine In, Take Out and Delivery!\nCall us at (305) 868-2267 or visit https://www.veneziagrillpizzabar.com to order online.\n.\n.\n.\n#food #foodporn #foodlover #foodie #foodphotography #foodstagram #delicious #yummy #tasty #lunch #dinner #latinfood #americanfood #miamibeach #miamibeachfood #miamibeachrestaurant #venezia #veneziarestaurant #veneziagrillpizzeriabar #fooddelivery #foodpickup #takeout"
                        }
                    }
                ]
            },
            "edge_media_to_comment": {
                "count": 0
            },
            "id": "2421532804179803531",
            "is_video": false,
            "owner": {
                "id": "7041245160"
            },
            "shortcode": "CGbA0FtF72L",
            "tags": [
                "foodie",
                "veneziarestaurant",
                "veneziagrillpizzeriabar",
                "venezia",
                "takeout",
                "foodporn",
                "fooddelivery",
                "latinfood",
                "dinner",
                "food",
                "miamibeachrestaurant",
                "tasty",
                "miamibeachfood",
                "americanfood",
                "foodstagram",
                "foodphotography",
                "foodlover",
                "miamibeach",
                "lunch",
                "delicious",
                "foodpickup",
                "yummy"
            ],
            "taken_at_timestamp": 1602889228,
            "thumbnail_resources": [
                {
                    "config_height": 150,
                    "config_width": 150,
                    "src": "https://instagram.fabe1-1.fna.fbcdn.net/v/t51.2885-15/e35/s150x150/121590426_3329691343804814_1719985014079948237_n.jpg?_nc_ht=instagram.fabe1-1.fna.fbcdn.net&_nc_cat=102&_nc_ohc=goQibri3ejMAX_9cSo0&_nc_tp=15&oh=7f2204e56249eba140cbea3801a1532a&oe=5FB45F27"
                },
                {
                    "config_height": 240,
                    "config_width": 240,
                    "src": "https://instagram.fabe1-1.fna.fbcdn.net/v/t51.2885-15/e35/s240x240/121590426_3329691343804814_1719985014079948237_n.jpg?_nc_ht=instagram.fabe1-1.fna.fbcdn.net&_nc_cat=102&_nc_ohc=goQibri3ejMAX_9cSo0&_nc_tp=15&oh=abbcdfc6c1fa9b53313c4c3e9253a3c8&oe=5FB5646F"
                },
                {
                    "config_height": 320,
                    "config_width": 320,
                    "src": "https://instagram.fabe1-1.fna.fbcdn.net/v/t51.2885-15/e35/s320x320/121590426_3329691343804814_1719985014079948237_n.jpg?_nc_ht=instagram.fabe1-1.fna.fbcdn.net&_nc_cat=102&_nc_ohc=goQibri3ejMAX_9cSo0&_nc_tp=15&oh=d9b9210d8b74c715971d87c2e765c347&oe=5FB27632"
                },
                {
                    "config_height": 480,
                    "config_width": 480,
                    "src": "https://instagram.fabe1-1.fna.fbcdn.net/v/t51.2885-15/e35/s480x480/121590426_3329691343804814_1719985014079948237_n.jpg?_nc_ht=instagram.fabe1-1.fna.fbcdn.net&_nc_cat=102&_nc_ohc=goQibri3ejMAX_9cSo0&_nc_tp=15&oh=1f0ff8888fb96dec34c6d66913dd5c28&oe=5FB38E74"
                },
                {
                    "config_height": 640,
                    "config_width": 640,
                    "src": "https://instagram.fabe1-1.fna.fbcdn.net/v/t51.2885-15/sh0.08/e35/s640x640/121590426_3329691343804814_1719985014079948237_n.jpg?_nc_ht=instagram.fabe1-1.fna.fbcdn.net&_nc_cat=102&_nc_ohc=goQibri3ejMAX_9cSo0&_nc_tp=24&oh=01b82a7c57cabf2055adf9bac01a5f85&oe=5FB461D4"
                }
            ],
            "thumbnail_src": "https://instagram.fabe1-1.fna.fbcdn.net/v/t51.2885-15/sh0.08/e35/s640x640/121590426_3329691343804814_1719985014079948237_n.jpg?_nc_ht=instagram.fabe1-1.fna.fbcdn.net&_nc_cat=102&_nc_ohc=goQibri3ejMAX_9cSo0&_nc_tp=24&oh=01b82a7c57cabf2055adf9bac01a5f85&oe=5FB461D4",
            "urls": [
                "https://instagram.fabe1-1.fna.fbcdn.net/v/t51.2885-15/e35/121590426_3329691343804814_1719985014079948237_n.jpg?_nc_ht=instagram.fabe1-1.fna.fbcdn.net&_nc_cat=102&_nc_ohc=goQibri3ejMAX_9cSo0&_nc_tp=18&oh=229295a8f2c8291027f04501968467c7&oe=5FB391CB"
            ]
        },
        {
            "comments_disabled": false,
            "dimensions": {
                "height": 483,
                "width": 750
            },
            "display_url": "https://instagram.fabe1-1.fna.fbcdn.net/v/t51.2885-15/e35/121642618_2653467354983780_2501950035817487337_n.jpg?_nc_ht=instagram.fabe1-1.fna.fbcdn.net&_nc_cat=108&_nc_ohc=Iv15l1Y7TbAAX_gSd8i&_nc_tp=18&oh=a39af617a908ca3b5e735d868715ee0c&oe=5FB393BE",
            "edge_liked_by": {
                "count": 0
            },
            "edge_media_preview_like": {
                "count": 0
            },
            "edge_media_to_caption": {
                "edges": [
                    {
                        "node": {
                            "text": "When you want to make a statement...you know where to find us🥰 ⠀\n⠀\nWe could offer a lot of different proposal experiences and fully customize it🤍✨⠀\n⠀\n💌DM us👌🏻🥰⠀\n ⠀\n⠀\n⠀\n#proposalmiami #engagementmiami #favoriteproposalpage #proposalideas #proposalsetup #miamiproposalplanner #miamiproposaldecor"
                        }
                    }
                ]
            },
            "edge_media_to_comment": {
                "count": 0
            },
            "id": "2421532612778751538",
            "is_video": false,
            "owner": {
                "id": "9462946828"
            },
            "shortcode": "CGbAxTcs3Yy",
            "tags": [
                "engagementmiami",
                "miamiproposalplanner",
                "favoriteproposalpage",
                "proposalsetup",
                "proposalideas",
                "proposalmiami",
                "miamiproposaldecor"
            ],
            "taken_at_timestamp": 1602889205,
            "thumbnail_resources": [
                {
                    "config_height": 150,
                    "config_width": 150,
                    "src": "https://instagram.fabe1-1.fna.fbcdn.net/v/t51.2885-15/e35/c128.0.464.464a/s150x150/121642618_2653467354983780_2501950035817487337_n.jpg?_nc_ht=instagram.fabe1-1.fna.fbcdn.net&_nc_cat=108&_nc_ohc=Iv15l1Y7TbAAX_gSd8i&tp=16&oh=601242fac51e732b02ea1fca8f8e823b&oe=5FB1F87C"
                },
                {
                    "config_height": 240,
                    "config_width": 240,
                    "src": "https://instagram.fabe1-1.fna.fbcdn.net/v/t51.2885-15/e35/c128.0.464.464a/s240x240/121642618_2653467354983780_2501950035817487337_n.jpg?_nc_ht=instagram.fabe1-1.fna.fbcdn.net&_nc_cat=108&_nc_ohc=Iv15l1Y7TbAAX_gSd8i&tp=16&oh=36ec2ae98da4d0f2300e8e046e9c1050&oe=5FB2C734"
                },
                {
                    "config_height": 320,
                    "config_width": 320,
                    "src": "https://instagram.fabe1-1.fna.fbcdn.net/v/t51.2885-15/e35/c128.0.464.464a/s320x320/121642618_2653467354983780_2501950035817487337_n.jpg?_nc_ht=instagram.fabe1-1.fna.fbcdn.net&_nc_cat=108&_nc_ohc=Iv15l1Y7TbAAX_gSd8i&tp=16&oh=37d11eb3494e80be68b50b30997843ad&oe=5FB410ED"
                },
                {
                    "config_height": 480,
                    "config_width": 480,
                    "src": "https://instagram.fabe1-1.fna.fbcdn.net/v/t51.2885-15/e35/c128.0.464.464a/121642618_2653467354983780_2501950035817487337_n.jpg?_nc_ht=instagram.fabe1-1.fna.fbcdn.net&_nc_cat=108&_nc_ohc=Iv15l1Y7TbAAX_gSd8i&oh=60f36edda4a8302605a2cd2e3248b2f3&oe=5FB424A8"
                },
                {
                    "config_height": 640,
                    "config_width": 640,
                    "src": "https://instagram.fabe1-1.fna.fbcdn.net/v/t51.2885-15/e35/c128.0.464.464a/121642618_2653467354983780_2501950035817487337_n.jpg?_nc_ht=instagram.fabe1-1.fna.fbcdn.net&_nc_cat=108&_nc_ohc=Iv15l1Y7TbAAX_gSd8i&oh=60f36edda4a8302605a2cd2e3248b2f3&oe=5FB424A8"
                }
            ],
            "thumbnail_src": "https://instagram.fabe1-1.fna.fbcdn.net/v/t51.2885-15/e35/c128.0.464.464a/121642618_2653467354983780_2501950035817487337_n.jpg?_nc_ht=instagram.fabe1-1.fna.fbcdn.net&_nc_cat=108&_nc_ohc=Iv15l1Y7TbAAX_gSd8i&oh=60f36edda4a8302605a2cd2e3248b2f3&oe=5FB424A8",
            "urls": [
                "https://instagram.fabe1-1.fna.fbcdn.net/v/t51.2885-15/e35/121642618_2653467354983780_2501950035817487337_n.jpg?_nc_ht=instagram.fabe1-1.fna.fbcdn.net&_nc_cat=108&_nc_ohc=Iv15l1Y7TbAAX_gSd8i&_nc_tp=18&oh=a39af617a908ca3b5e735d868715ee0c&oe=5FB393BE"
            ]
        }
    ]
}