{
    "GraphImages": [
        {
            "comments_disabled": false,
            "dimensions": {
                "height": 750,
                "width": 750
            },
            "display_url": "https://instagram.fabe1-1.fna.fbcdn.net/v/t51.2885-15/e35/121573174_740364573211545_3826889988018878449_n.jpg?_nc_ht=instagram.fabe1-1.fna.fbcdn.net&_nc_cat=109&_nc_ohc=zeV47_C7lIAAX8f-73x&_nc_tp=18&oh=e40ec0a37c44b864e4af87058d9b7d5f&oe=5FB23BFD",
            "edge_liked_by": {
                "count": 4
            },
            "edge_media_preview_like": {
                "count": 4
            },
            "edge_media_to_caption": {
                "edges": [
                    {
                        "node": {
                            "text": "Once you see results, it becomes addiction. Remember, they want to see you do well , just not better than them .🚀🚀 ,\n\nRemember investing in bitcoin is the beginning of financial freedom 😎😎 Invest today in bitcoin 💰💰 ,\n\nThe system I use is 80-85% accurate with a guaranteed payout ,\n\nMinimum investment of 0.05 BTC can earn you 0.48 BTC In 7trading days ,\n\n0.2 BTC can earn you 1.8 BTC In 7trading days ,\n\nInvest 0.5 BTC and earn 4.5 BTC in 7trading days.\n\nMy strategy is unique and efficient,testimonies available and also login to live trading account assured. DM me to get started 👍👍👍 .\n\n.\n.\n.\n.\n.\n.\n#business #success #forex #bitcoin #forex #uk #money #chocolate #paris #realestate #onlineshopping #binaryoptions #forex #forextrader #bitcoineurope #binary #investing #luxury #luxurylifestyle #stock #cryptocurrency #money #dubai #casino #hotel #makemoney #makemoneyonline #europe #chinatown #motivation #financialfreedom #finance #wallstreet"
                        }
                    }
                ]
            },
            "edge_media_to_comment": {
                "count": 0
            },
            "id": "2421470566713347363",
            "is_video": false,
            "owner": {
                "id": "10869190383"
            },
            "shortcode": "CGayqajA00j",
            "tags": [
                "financialfreedom",
                "paris",
                "onlineshopping",
                "europe",
                "finance",
                "makemoney",
                "realestate",
                "bitcoineurope",
                "motivation",
                "cryptocurrency",
                "casino",
                "business",
                "binary",
                "money",
                "binaryoptions",
                "success",
                "uk",
                "forextrader",
                "stock",
                "hotel",
                "dubai",
                "bitcoin",
                "luxurylifestyle",
                "investing",
                "chocolate",
                "wallstreet",
                "forex",
                "luxury",
                "makemoneyonline",
                "chinatown"
            ],
            "taken_at_timestamp": 1602881807,
            "thumbnail_resources": [
                {
                    "config_height": 150,
                    "config_width": 150,
                    "src": "https://instagram.fabe1-1.fna.fbcdn.net/v/t51.2885-15/e35/s150x150/121573174_740364573211545_3826889988018878449_n.jpg?_nc_ht=instagram.fabe1-1.fna.fbcdn.net&_nc_cat=109&_nc_ohc=zeV47_C7lIAAX8f-73x&_nc_tp=15&oh=2ee265f36237a44b750ce6103bc7e217&oe=5FB447C4"
                },
                {
                    "config_height": 240,
                    "config_width": 240,
                    "src": "https://instagram.fabe1-1.fna.fbcdn.net/v/t51.2885-15/e35/s240x240/121573174_740364573211545_3826889988018878449_n.jpg?_nc_ht=instagram.fabe1-1.fna.fbcdn.net&_nc_cat=109&_nc_ohc=zeV47_C7lIAAX8f-73x&_nc_tp=15&oh=c6cebeef44cdf9a4ace932167c8529e9&oe=5FB3F846"
                },
                {
                    "config_height": 320,
                    "config_width": 320,
                    "src": "https://instagram.fabe1-1.fna.fbcdn.net/v/t51.2885-15/e35/s320x320/121573174_740364573211545_3826889988018878449_n.jpg?_nc_ht=instagram.fabe1-1.fna.fbcdn.net&_nc_cat=109&_nc_ohc=zeV47_C7lIAAX8f-73x&_nc_tp=15&oh=32ac6631d16f56837df748460504c67d&oe=5FB4043C"
                },
                {
                    "config_height": 480,
                    "config_width": 480,
                    "src": "https://instagram.fabe1-1.fna.fbcdn.net/v/t51.2885-15/e35/s480x480/121573174_740364573211545_3826889988018878449_n.jpg?_nc_ht=instagram.fabe1-1.fna.fbcdn.net&_nc_cat=109&_nc_ohc=zeV47_C7lIAAX8f-73x&_nc_tp=15&oh=9126e39fb3314e111f3b8f7fa590aedf&oe=5FB3D1FD"
                },
                {
                    "config_height": 640,
                    "config_width": 640,
                    "src": "https://instagram.fabe1-1.fna.fbcdn.net/v/t51.2885-15/sh0.08/e35/s640x640/121573174_740364573211545_3826889988018878449_n.jpg?_nc_ht=instagram.fabe1-1.fna.fbcdn.net&_nc_cat=109&_nc_ohc=zeV47_C7lIAAX8f-73x&_nc_tp=24&oh=7f508f96f536707237d3436e834ab487&oe=5FB28A47"
                }
            ],
            "thumbnail_src": "https://instagram.fabe1-1.fna.fbcdn.net/v/t51.2885-15/sh0.08/e35/s640x640/121573174_740364573211545_3826889988018878449_n.jpg?_nc_ht=instagram.fabe1-1.fna.fbcdn.net&_nc_cat=109&_nc_ohc=zeV47_C7lIAAX8f-73x&_nc_tp=24&oh=7f508f96f536707237d3436e834ab487&oe=5FB28A47",
            "urls": [
                "https://instagram.fabe1-1.fna.fbcdn.net/v/t51.2885-15/e35/121573174_740364573211545_3826889988018878449_n.jpg?_nc_ht=instagram.fabe1-1.fna.fbcdn.net&_nc_cat=109&_nc_ohc=zeV47_C7lIAAX8f-73x&_nc_tp=18&oh=e40ec0a37c44b864e4af87058d9b7d5f&oe=5FB23BFD"
            ]
        },
        {
            "comments_disabled": false,
            "dimensions": {
                "height": 1074,
                "width": 1080
            },
            "display_url": "https://instagram.fabe1-1.fna.fbcdn.net/v/t51.2885-15/e35/s1080x1080/121573174_123830235921029_5723634128472439265_n.jpg?_nc_ht=instagram.fabe1-1.fna.fbcdn.net&_nc_cat=105&_nc_ohc=6cDNjJCGR6cAX8Co5R5&_nc_tp=15&oh=31bb30b840965c5090c04573db8b2bf0&oe=5FB305D0",
            "edge_liked_by": {
                "count": 3
            },
            "edge_media_preview_like": {
                "count": 3
            },
            "edge_media_to_caption": {
                "edges": [
                    {
                        "node": {
                            "text": "𝟏𝟎.𝟏𝟔.𝟐𝟎"
                        }
                    }
                ]
            },
            "edge_media_to_comment": {
                "count": 0
            },
            "id": "2421470535677699791",
            "is_video": false,
            "owner": {
                "id": "21888033"
            },
            "shortcode": "CGayp9pJObP",
            "tags": [],
            "taken_at_timestamp": 1602881803,
            "thumbnail_resources": [
                {
                    "config_height": 150,
                    "config_width": 150,
                    "src": "https://instagram.fabe1-1.fna.fbcdn.net/v/t51.2885-15/e35/c3.0.1433.1433a/s150x150/121573174_123830235921029_5723634128472439265_n.jpg?_nc_ht=instagram.fabe1-1.fna.fbcdn.net&_nc_cat=105&_nc_ohc=6cDNjJCGR6cAX8Co5R5&tp=16&oh=4b9260fc7c6d2961893d22c207cf5cb1&oe=5FB43CE7"
                },
                {
                    "config_height": 240,
                    "config_width": 240,
                    "src": "https://instagram.fabe1-1.fna.fbcdn.net/v/t51.2885-15/e35/c3.0.1433.1433a/s240x240/121573174_123830235921029_5723634128472439265_n.jpg?_nc_ht=instagram.fabe1-1.fna.fbcdn.net&_nc_cat=105&_nc_ohc=6cDNjJCGR6cAX8Co5R5&tp=16&oh=08d6aac5bc69f1b31c1b6f0d8c953852&oe=5FB29061"
                },
                {
                    "config_height": 320,
                    "config_width": 320,
                    "src": "https://instagram.fabe1-1.fna.fbcdn.net/v/t51.2885-15/e35/c3.0.1433.1433a/s320x320/121573174_123830235921029_5723634128472439265_n.jpg?_nc_ht=instagram.fabe1-1.fna.fbcdn.net&_nc_cat=105&_nc_ohc=6cDNjJCGR6cAX8Co5R5&tp=16&oh=5a19334ef63c0cea2308fc0c89d67208&oe=5FB3F61F"
                },
                {
                    "config_height": 480,
                    "config_width": 480,
                    "src": "https://instagram.fabe1-1.fna.fbcdn.net/v/t51.2885-15/e35/c3.0.1433.1433a/s480x480/121573174_123830235921029_5723634128472439265_n.jpg?_nc_ht=instagram.fabe1-1.fna.fbcdn.net&_nc_cat=105&_nc_ohc=6cDNjJCGR6cAX8Co5R5&tp=16&oh=9bb1784a2fb42fd4c73ec5d4637ceee0&oe=5FB32B5A"
                },
                {
                    "config_height": 640,
                    "config_width": 640,
                    "src": "https://instagram.fabe1-1.fna.fbcdn.net/v/t51.2885-15/sh0.08/e35/c3.0.1433.1433a/s640x640/121573174_123830235921029_5723634128472439265_n.jpg?_nc_ht=instagram.fabe1-1.fna.fbcdn.net&_nc_cat=105&_nc_ohc=6cDNjJCGR6cAX8Co5R5&oh=b662d56febc8326143c839264f8c544d&oe=5FB1D4A2"
                }
            ],
            "thumbnail_src": "https://instagram.fabe1-1.fna.fbcdn.net/v/t51.2885-15/sh0.08/e35/c3.0.1433.1433a/s640x640/121573174_123830235921029_5723634128472439265_n.jpg?_nc_ht=instagram.fabe1-1.fna.fbcdn.net&_nc_cat=105&_nc_ohc=6cDNjJCGR6cAX8Co5R5&oh=b662d56febc8326143c839264f8c544d&oe=5FB1D4A2",
            "urls": [
                "https://instagram.fabe1-1.fna.fbcdn.net/v/t51.2885-15/e35/s1080x1080/121573174_123830235921029_5723634128472439265_n.jpg?_nc_ht=instagram.fabe1-1.fna.fbcdn.net&_nc_cat=105&_nc_ohc=6cDNjJCGR6cAX8Co5R5&_nc_tp=15&oh=31bb30b840965c5090c04573db8b2bf0&oe=5FB305D0",
                "https://instagram.fabe1-1.fna.fbcdn.net/v/t51.2885-15/e35/s1080x1080/121594798_264890554850547_6546344862534278479_n.jpg?_nc_ht=instagram.fabe1-1.fna.fbcdn.net&_nc_cat=103&_nc_ohc=PIWywTddLcIAX_RNQWq&_nc_tp=15&oh=073ae12f5921df6a41d1e0d0c118c02d&oe=5FB32373",
                "https://instagram.fabe1-1.fna.fbcdn.net/v/t51.2885-15/e35/s1080x1080/121781557_118679806677794_3493135730871099416_n.jpg?_nc_ht=instagram.fabe1-1.fna.fbcdn.net&_nc_cat=102&_nc_ohc=t_FVcdyzwJ0AX8s8s_X&_nc_tp=15&oh=9a3b7bc30d5f1ba09912394dcc8d719d&oe=5FB305E0"
            ]
        }
    ]
}