{
    "GraphImages": [
        {
            "comments_disabled": false,
            "dimensions": {
                "height": 1080,
                "width": 1080
            },
            "display_url": "https://instagram.fabe1-1.fna.fbcdn.net/v/t51.2885-15/e35/121578563_824435688304317_3578696386323979490_n.jpg?_nc_ht=instagram.fabe1-1.fna.fbcdn.net&_nc_cat=109&_nc_ohc=FwUSwqPc5HwAX8e4q_c&_nc_tp=18&oh=1885a57b81d75f9d31c2ca1891671085&oe=5FB57FEF",
            "edge_liked_by": {
                "count": 0
            },
            "edge_media_preview_like": {
                "count": 0
            },
            "edge_media_to_caption": {
                "edges": [
                    {
                        "node": {
                            "text": "Waves and geometry. Rate this creative work out of 10.⁠\n.⁠\n⁠\nHave a look at this creative logo work for Waves and geometry,⁠\n. ⁠\n⁠\nWhat do you think of this creative work? Share your valuable thoughts below in the comment box.⠀⠀⠀⁠\n⁠\n.⠀⠀⠀⁠\n⠀⠀⁠\nFollow @logodesigns_place ⠀⠀⁠\n⁠\n.⠀⠀⁠\n⠀⠀⁠\nFollow @logodesigns_place ⠀⠀⁠\n⁠\n.⠀⠀⠀⁠\n⠀⠀⠀⁠\nDM us for getting a customized logo design.⠀⠀⁠\n⁠\n.⠀⠀⠀⁠\n⁠\nBy : @xoseroi⁠\n.⁠\n⁠\n#designstudio #minimalist⁠ #corporatedesign #geometry #waves #logotype #logoworld #geometrical #simplycooldesign #naturelovers #adobeillustrator #minimal ⁣⁣⁣#logodesigns_place #logobook #logotypes #simplelogo ⁠#modernlogo #brandingexpert #logogrid #logoinspire #graphicdesigner #illustration"
                        }
                    }
                ]
            },
            "edge_media_to_comment": {
                "count": 0
            },
            "id": "2421608155413487630",
            "is_video": false,
            "owner": {
                "id": "9268386649"
            },
            "shortcode": "CGbR8mAnCAO",
            "tags": [
                "adobeillustrator",
                "illustration",
                "logotypes",
                "designstudio",
                "naturelovers",
                "logogrid",
                "logobook",
                "geometrical",
                "minimalist",
                "simplycooldesign",
                "graphicdesigner",
                "corporatedesign",
                "logotype",
                "simplelogo",
                "logoworld",
                "minimal",
                "modernlogo",
                "brandingexpert",
                "waves",
                "logodesigns_place",
                "geometry",
                "logoinspire"
            ],
            "taken_at_timestamp": 1602898216,
            "thumbnail_resources": [
                {
                    "config_height": 150,
                    "config_width": 150,
                    "src": "https://instagram.fabe1-1.fna.fbcdn.net/v/t51.2885-15/e35/s150x150/121578563_824435688304317_3578696386323979490_n.jpg?_nc_ht=instagram.fabe1-1.fna.fbcdn.net&_nc_cat=109&_nc_ohc=FwUSwqPc5HwAX8e4q_c&_nc_tp=15&oh=b40c120a6ac568f8cc4848e0db87568d&oe=5FB2AA52"
                },
                {
                    "config_height": 240,
                    "config_width": 240,
                    "src": "https://instagram.fabe1-1.fna.fbcdn.net/v/t51.2885-15/e35/s240x240/121578563_824435688304317_3578696386323979490_n.jpg?_nc_ht=instagram.fabe1-1.fna.fbcdn.net&_nc_cat=109&_nc_ohc=FwUSwqPc5HwAX8e4q_c&_nc_tp=15&oh=4b19cec997484e118eb27f9889d2e97a&oe=5FB299D8"
                },
                {
                    "config_height": 320,
                    "config_width": 320,
                    "src": "https://instagram.fabe1-1.fna.fbcdn.net/v/t51.2885-15/e35/s320x320/121578563_824435688304317_3578696386323979490_n.jpg?_nc_ht=instagram.fabe1-1.fna.fbcdn.net&_nc_cat=109&_nc_ohc=FwUSwqPc5HwAX8e4q_c&_nc_tp=15&oh=061d9742807330af4050cf94f5a68b27&oe=5FB4242A"
                },
                {
                    "config_height": 480,
                    "config_width": 480,
                    "src": "https://instagram.fabe1-1.fna.fbcdn.net/v/t51.2885-15/e35/s480x480/121578563_824435688304317_3578696386323979490_n.jpg?_nc_ht=instagram.fabe1-1.fna.fbcdn.net&_nc_cat=109&_nc_ohc=FwUSwqPc5HwAX8e4q_c&_nc_tp=15&oh=e1262db4c4fc426fca212763320ff726&oe=5FB50EEF"
                },
                {
                    "config_height": 640,
                    "config_width": 640,
                    "src": "https://instagram.fabe1-1.fna.fbcdn.net/v/t51.2885-15/sh0.08/e35/s640x640/121578563_824435688304317_3578696386323979490_n.jpg?_nc_ht=instagram.fabe1-1.fna.fbcdn.net&_nc_cat=109&_nc_ohc=FwUSwqPc5HwAX8e4q_c&_nc_tp=24&oh=2196543f8a648df5abd6c31c207a145f&oe=5FB488D5"
                }
            ],
            "thumbnail_src": "https://instagram.fabe1-1.fna.fbcdn.net/v/t51.2885-15/sh0.08/e35/s640x640/121578563_824435688304317_3578696386323979490_n.jpg?_nc_ht=instagram.fabe1-1.fna.fbcdn.net&_nc_cat=109&_nc_ohc=FwUSwqPc5HwAX8e4q_c&_nc_tp=24&oh=2196543f8a648df5abd6c31c207a145f&oe=5FB488D5",
            "urls": [
                "https://instagram.fabe1-1.fna.fbcdn.net/v/t51.2885-15/e35/121578563_824435688304317_3578696386323979490_n.jpg?_nc_ht=instagram.fabe1-1.fna.fbcdn.net&_nc_cat=109&_nc_ohc=FwUSwqPc5HwAX8e4q_c&_nc_tp=18&oh=1885a57b81d75f9d31c2ca1891671085&oe=5FB57FEF"
            ]
        },
        {
            "comments_disabled": false,
            "dimensions": {
                "height": 1349,
                "width": 1080
            },
            "display_url": "https://instagram.fabe1-1.fna.fbcdn.net/v/t51.2885-15/e35/p1080x1080/121738206_688360282113570_4402133459611471745_n.jpg?_nc_ht=instagram.fabe1-1.fna.fbcdn.net&_nc_cat=106&_nc_ohc=7U57JoF7FIwAX8HJlmW&tp=19&oh=c150b75b618bf466d201be62fcaf4eb3&oe=5FB4B3BB",
            "edge_liked_by": {
                "count": 3
            },
            "edge_media_preview_like": {
                "count": 3
            },
            "edge_media_to_caption": {
                "edges": [
                    {
                        "node": {
                            "text": "This time last week... Winning ain’t far fetched when you already Won🏆#ThirtyWon with @mrsninathomas #libraseason♎️ \n.\n.\n.\nPlanned & Designed by the Amazing \n@kashmereproductions!!!\n📸 Photography @by_michaela\nRentals @iconicdecormiami @georgia_party_rentals @long_island_party_rentals \nMUA @nordia_ffaceit \nHair @micahmiami \nFlorals @19elevenevents \nBalloons @bondpartysupply\n#bcollectivemagazine #birthdayparty #miamiparty #miamiphotography #miamiphotographer #southfloridaphotographers #Miamieventphotographer #Browardphotographer #PalmBeachphotographer #Photographerflorida #browardphotoshoot #airbnbmiami #thirtiesarethenewtwenties #thirtiesclub #girlsdoitbetter #birthdaypartytheme #rosegoldparty #miamiballoons #birthdaycakesforgirls \n#miamiphotographers #photograpHER #chanelpurse \n#palmbeachphotography"
                        }
                    }
                ]
            },
            "edge_media_to_comment": {
                "count": 0
            },
            "id": "2421607654360989326",
            "is_video": false,
            "owner": {
                "id": "2970546414"
            },
            "shortcode": "CGbR1TXjb6O",
            "tags": [
                "birthdayparty",
                "rosegoldparty",
                "miamiphotographers",
                "southfloridaphotographers",
                "miamiparty",
                "Browardphotographer",
                "girlsdoitbetter",
                "miamiphotographer",
                "bcollectivemagazine",
                "Miamieventphotographer",
                "browardphotoshoot",
                "thirtiesarethenewtwenties",
                "miamiballoons",
                "birthdaycakesforgirls",
                "chanelpurse",
                "miamiphotography",
                "airbnbmiami",
                "palmbeachphotography",
                "thirtiesclub",
                "photograpHER",
                "ThirtyWon",
                "birthdaypartytheme",
                "PalmBeachphotographer",
                "♎️",
                "Photographerflorida"
            ],
            "taken_at_timestamp": 1602898149,
            "thumbnail_resources": [
                {
                    "config_height": 150,
                    "config_width": 150,
                    "src": "https://instagram.fabe1-1.fna.fbcdn.net/v/t51.2885-15/e35/c0.179.1440.1440a/s150x150/121738206_688360282113570_4402133459611471745_n.jpg?_nc_ht=instagram.fabe1-1.fna.fbcdn.net&_nc_cat=106&_nc_ohc=7U57JoF7FIwAX8HJlmW&tp=16&oh=df7e43e9518b8e1ffadd15a01cf2da6c&oe=5FB32CCB"
                },
                {
                    "config_height": 240,
                    "config_width": 240,
                    "src": "https://instagram.fabe1-1.fna.fbcdn.net/v/t51.2885-15/e35/c0.179.1440.1440a/s240x240/121738206_688360282113570_4402133459611471745_n.jpg?_nc_ht=instagram.fabe1-1.fna.fbcdn.net&_nc_cat=106&_nc_ohc=7U57JoF7FIwAX8HJlmW&tp=16&oh=f135cd119325463c1ba4643cdf398b4d&oe=5FB2FDCD"
                },
                {
                    "config_height": 320,
                    "config_width": 320,
                    "src": "https://instagram.fabe1-1.fna.fbcdn.net/v/t51.2885-15/e35/c0.179.1440.1440a/s320x320/121738206_688360282113570_4402133459611471745_n.jpg?_nc_ht=instagram.fabe1-1.fna.fbcdn.net&_nc_cat=106&_nc_ohc=7U57JoF7FIwAX8HJlmW&tp=16&oh=4a1ffcb8bffa22ce6cd7617e12445877&oe=5FB2E933"
                },
                {
                    "config_height": 480,
                    "config_width": 480,
                    "src": "https://instagram.fabe1-1.fna.fbcdn.net/v/t51.2885-15/e35/c0.179.1440.1440a/s480x480/121738206_688360282113570_4402133459611471745_n.jpg?_nc_ht=instagram.fabe1-1.fna.fbcdn.net&_nc_cat=106&_nc_ohc=7U57JoF7FIwAX8HJlmW&tp=16&oh=093ee2079d99023de46d6125f86040f9&oe=5FB30776"
                },
                {
                    "config_height": 640,
                    "config_width": 640,
                    "src": "https://instagram.fabe1-1.fna.fbcdn.net/v/t51.2885-15/sh0.08/e35/c0.179.1440.1440a/s640x640/121738206_688360282113570_4402133459611471745_n.jpg?_nc_ht=instagram.fabe1-1.fna.fbcdn.net&_nc_cat=106&_nc_ohc=7U57JoF7FIwAX8HJlmW&oh=bdd30fcace07bccd5e7793ead3e5a75c&oe=5FB3757B"
                }
            ],
            "thumbnail_src": "https://instagram.fabe1-1.fna.fbcdn.net/v/t51.2885-15/sh0.08/e35/c0.179.1440.1440a/s640x640/121738206_688360282113570_4402133459611471745_n.jpg?_nc_ht=instagram.fabe1-1.fna.fbcdn.net&_nc_cat=106&_nc_ohc=7U57JoF7FIwAX8HJlmW&oh=bdd30fcace07bccd5e7793ead3e5a75c&oe=5FB3757B",
            "urls": [
                "https://instagram.fabe1-1.fna.fbcdn.net/v/t51.2885-15/e35/p1080x1080/121738206_688360282113570_4402133459611471745_n.jpg?_nc_ht=instagram.fabe1-1.fna.fbcdn.net&_nc_cat=106&_nc_ohc=7U57JoF7FIwAX8HJlmW&tp=19&oh=c150b75b618bf466d201be62fcaf4eb3&oe=5FB4B3BB",
                "https://instagram.fabe1-1.fna.fbcdn.net/v/t50.2886-16/122027609_3357139114323263_4425562419957854773_n.mp4?_nc_ht=instagram.fabe1-1.fna.fbcdn.net&_nc_cat=111&_nc_ohc=2Mx_CGGl8ioAX-COPCu&oe=5F8CC6BC&oh=5ac6055960cd57b3e397aa247024eee9"
            ]
        }
    ]
}