{
    "GraphImages": [
        {
            "comments_disabled": false,
            "dimensions": {
                "height": 1350,
                "width": 1080
            },
            "display_url": "https://instagram.fabe1-1.fna.fbcdn.net/v/t51.2885-15/e35/p1080x1080/121676480_122831849362730_8911283404743616639_n.jpg?_nc_ht=instagram.fabe1-1.fna.fbcdn.net&_nc_cat=102&_nc_ohc=SKGD2JJurSoAX9KaKOM&tp=19&oh=a250fa1bfe87bb35e2a48eebaad87a5c&oe=5FB3209A",
            "edge_liked_by": {
                "count": 0
            },
            "edge_media_preview_like": {
                "count": 0
            },
            "edge_media_to_caption": {
                "edges": [
                    {
                        "node": {
                            "text": "Happy National Boss Day, I heard.."
                        }
                    }
                ]
            },
            "edge_media_to_comment": {
                "count": 0
            },
            "id": "2421501361621693116",
            "is_video": false,
            "owner": {
                "id": "27649787443"
            },
            "shortcode": "CGa5qiilfK8",
            "tags": [],
            "taken_at_timestamp": 1602885478,
            "thumbnail_resources": [
                {
                    "config_height": 150,
                    "config_width": 150,
                    "src": "https://instagram.fabe1-1.fna.fbcdn.net/v/t51.2885-15/e35/c0.180.1440.1440a/s150x150/121676480_122831849362730_8911283404743616639_n.jpg?_nc_ht=instagram.fabe1-1.fna.fbcdn.net&_nc_cat=102&_nc_ohc=SKGD2JJurSoAX9KaKOM&tp=16&oh=04f02f4f54c95f971914eea13a9e25c4&oe=5FB5158E"
                },
                {
                    "config_height": 240,
                    "config_width": 240,
                    "src": "https://instagram.fabe1-1.fna.fbcdn.net/v/t51.2885-15/e35/c0.180.1440.1440a/s240x240/121676480_122831849362730_8911283404743616639_n.jpg?_nc_ht=instagram.fabe1-1.fna.fbcdn.net&_nc_cat=102&_nc_ohc=SKGD2JJurSoAX9KaKOM&tp=16&oh=4a85923aa219e60acbe517b7b0c303d8&oe=5FB3A08C"
                },
                {
                    "config_height": 320,
                    "config_width": 320,
                    "src": "https://instagram.fabe1-1.fna.fbcdn.net/v/t51.2885-15/e35/c0.180.1440.1440a/s320x320/121676480_122831849362730_8911283404743616639_n.jpg?_nc_ht=instagram.fabe1-1.fna.fbcdn.net&_nc_cat=102&_nc_ohc=SKGD2JJurSoAX9KaKOM&tp=16&oh=c8cfb1dd2d0084a7e295f0f7c3d3c0c1&oe=5FB29D76"
                },
                {
                    "config_height": 480,
                    "config_width": 480,
                    "src": "https://instagram.fabe1-1.fna.fbcdn.net/v/t51.2885-15/e35/c0.180.1440.1440a/s480x480/121676480_122831849362730_8911283404743616639_n.jpg?_nc_ht=instagram.fabe1-1.fna.fbcdn.net&_nc_cat=102&_nc_ohc=SKGD2JJurSoAX9KaKOM&tp=16&oh=5878a897ebd1b54e6272c77070cb69e1&oe=5FB1D533"
                },
                {
                    "config_height": 640,
                    "config_width": 640,
                    "src": "https://instagram.fabe1-1.fna.fbcdn.net/v/t51.2885-15/sh0.08/e35/c0.180.1440.1440a/s640x640/121676480_122831849362730_8911283404743616639_n.jpg?_nc_ht=instagram.fabe1-1.fna.fbcdn.net&_nc_cat=102&_nc_ohc=SKGD2JJurSoAX9KaKOM&oh=6f7c0252127ede26bdb8d54b01f0c89a&oe=5FB28C3E"
                }
            ],
            "thumbnail_src": "https://instagram.fabe1-1.fna.fbcdn.net/v/t51.2885-15/sh0.08/e35/c0.180.1440.1440a/s640x640/121676480_122831849362730_8911283404743616639_n.jpg?_nc_ht=instagram.fabe1-1.fna.fbcdn.net&_nc_cat=102&_nc_ohc=SKGD2JJurSoAX9KaKOM&oh=6f7c0252127ede26bdb8d54b01f0c89a&oe=5FB28C3E",
            "urls": [
                "https://instagram.fabe1-1.fna.fbcdn.net/v/t51.2885-15/e35/p1080x1080/121676480_122831849362730_8911283404743616639_n.jpg?_nc_ht=instagram.fabe1-1.fna.fbcdn.net&_nc_cat=102&_nc_ohc=SKGD2JJurSoAX9KaKOM&tp=19&oh=a250fa1bfe87bb35e2a48eebaad87a5c&oe=5FB3209A",
                "https://instagram.fabe1-1.fna.fbcdn.net/v/t51.2885-15/e35/p1080x1080/122020718_379166186762494_3645423531245967341_n.jpg?_nc_ht=instagram.fabe1-1.fna.fbcdn.net&_nc_cat=110&_nc_ohc=x1AhAGLfzLgAX-Ey6GP&tp=19&oh=87fd72136b73c782ad427181fe61b7fd&oe=5FB254AB"
            ]
        },
        {
            "comments_disabled": false,
            "dimensions": {
                "height": 1080,
                "width": 1080
            },
            "display_url": "https://instagram.fabe1-1.fna.fbcdn.net/v/t51.2885-15/e35/s1080x1080/121577216_1082035378896879_4185038279211633477_n.jpg?_nc_ht=instagram.fabe1-1.fna.fbcdn.net&_nc_cat=103&_nc_ohc=QZNWwymtpMgAX8jGnVa&_nc_tp=15&oh=d1d3cc181a1eafdf78d0d2303d7774cf&oe=5FB249BB",
            "edge_liked_by": {
                "count": 0
            },
            "edge_media_preview_like": {
                "count": 0
            },
            "edge_media_to_caption": {
                "edges": [
                    {
                        "node": {
                            "text": "Happy National Boss Day!! Today I woke up as my own BOSS!! OMG that’s So Crazzzyy 😝I am so thankful to be in this place!!! I have an amazing team, my stocks  popping, my family good, my clients are the best, & my travel schedule lit 🔥 Sometimes, you have to just bet on yourself!! Tag someone that inspires you to Boss Up 💋\n.\n.\n#bossup #girlboss #bossday #Bossup #NationalBossDay #spabosstribe #friyay #travelboss #kizzmypassport #betonme"
                        }
                    }
                ]
            },
            "edge_media_to_comment": {
                "count": 0
            },
            "id": "2421501270856876054",
            "is_video": false,
            "owner": {
                "id": "183071037"
            },
            "shortcode": "CGa5pOAlMAW",
            "tags": [
                "friyay",
                "bossday",
                "kizzmypassport",
                "girlboss",
                "betonme",
                "bossup",
                "NationalBossDay",
                "Bossup",
                "spabosstribe",
                "travelboss"
            ],
            "taken_at_timestamp": 1602885467,
            "thumbnail_resources": [
                {
                    "config_height": 150,
                    "config_width": 150,
                    "src": "https://instagram.fabe1-1.fna.fbcdn.net/v/t51.2885-15/e35/s150x150/121577216_1082035378896879_4185038279211633477_n.jpg?_nc_ht=instagram.fabe1-1.fna.fbcdn.net&_nc_cat=103&_nc_ohc=QZNWwymtpMgAX8jGnVa&_nc_tp=15&oh=4582c9fc0c98d4ff068190d5b688d931&oe=5FB1EE27"
                },
                {
                    "config_height": 240,
                    "config_width": 240,
                    "src": "https://instagram.fabe1-1.fna.fbcdn.net/v/t51.2885-15/e35/s240x240/121577216_1082035378896879_4185038279211633477_n.jpg?_nc_ht=instagram.fabe1-1.fna.fbcdn.net&_nc_cat=103&_nc_ohc=QZNWwymtpMgAX8jGnVa&_nc_tp=15&oh=8cef35b9071c3bc328a6ea1d0cc20677&oe=5FB324EF"
                },
                {
                    "config_height": 320,
                    "config_width": 320,
                    "src": "https://instagram.fabe1-1.fna.fbcdn.net/v/t51.2885-15/e35/s320x320/121577216_1082035378896879_4185038279211633477_n.jpg?_nc_ht=instagram.fabe1-1.fna.fbcdn.net&_nc_cat=103&_nc_ohc=QZNWwymtpMgAX8jGnVa&_nc_tp=15&oh=1a00873d1b5775216edc0f6dbf397a62&oe=5FB498B2"
                },
                {
                    "config_height": 480,
                    "config_width": 480,
                    "src": "https://instagram.fabe1-1.fna.fbcdn.net/v/t51.2885-15/e35/s480x480/121577216_1082035378896879_4185038279211633477_n.jpg?_nc_ht=instagram.fabe1-1.fna.fbcdn.net&_nc_cat=103&_nc_ohc=QZNWwymtpMgAX8jGnVa&_nc_tp=15&oh=5e72e67ce80fb8ab753fbc9479656cfc&oe=5FB262F4"
                },
                {
                    "config_height": 640,
                    "config_width": 640,
                    "src": "https://instagram.fabe1-1.fna.fbcdn.net/v/t51.2885-15/sh0.08/e35/s640x640/121577216_1082035378896879_4185038279211633477_n.jpg?_nc_ht=instagram.fabe1-1.fna.fbcdn.net&_nc_cat=103&_nc_ohc=QZNWwymtpMgAX8jGnVa&_nc_tp=24&oh=5bb95e6a27b9be61496e081ba4da9af3&oe=5FB27454"
                }
            ],
            "thumbnail_src": "https://instagram.fabe1-1.fna.fbcdn.net/v/t51.2885-15/sh0.08/e35/s640x640/121577216_1082035378896879_4185038279211633477_n.jpg?_nc_ht=instagram.fabe1-1.fna.fbcdn.net&_nc_cat=103&_nc_ohc=QZNWwymtpMgAX8jGnVa&_nc_tp=24&oh=5bb95e6a27b9be61496e081ba4da9af3&oe=5FB27454",
            "urls": [
                "https://instagram.fabe1-1.fna.fbcdn.net/v/t51.2885-15/e35/s1080x1080/121577216_1082035378896879_4185038279211633477_n.jpg?_nc_ht=instagram.fabe1-1.fna.fbcdn.net&_nc_cat=103&_nc_ohc=QZNWwymtpMgAX8jGnVa&_nc_tp=15&oh=d1d3cc181a1eafdf78d0d2303d7774cf&oe=5FB249BB"
            ]
        },
        {
            "comments_disabled": false,
            "dimensions": {
                "height": 422,
                "width": 750
            },
            "display_url": "https://instagram.fabe1-1.fna.fbcdn.net/v/t51.2885-15/e35/121934439_346613256590222_5198846449534022934_n.jpg?_nc_ht=instagram.fabe1-1.fna.fbcdn.net&_nc_cat=102&_nc_ohc=nbc1Z5uXIBsAX_RDEfo&_nc_tp=18&oh=becd7ec28ec793411e722385caf4bc65&oe=5F8C9991",
            "edge_liked_by": {
                "count": 0
            },
            "edge_media_preview_like": {
                "count": 0
            },
            "edge_media_to_caption": {
                "edges": [
                    {
                        "node": {
                            "text": "Having a dog means you walk them rain or shine. ☔\nBut a rainy Friday afternoon is better than a sunny Monday at an office. \n☀️\n#dogpeople  #dogsofinstagram"
                        }
                    }
                ]
            },
            "edge_media_to_comment": {
                "count": 0
            },
            "id": "2421501085551366803",
            "is_video": true,
            "owner": {
                "id": "551250097"
            },
            "shortcode": "CGa5mhbgxKT",
            "tags": [
                "dogsofinstagram",
                "dogpeople"
            ],
            "taken_at_timestamp": 1602885465,
            "thumbnail_resources": [
                {
                    "config_height": 150,
                    "config_width": 150,
                    "src": "https://instagram.fabe1-1.fna.fbcdn.net/v/t51.2885-15/e35/c157.0.406.406a/s150x150/121934439_346613256590222_5198846449534022934_n.jpg?_nc_ht=instagram.fabe1-1.fna.fbcdn.net&_nc_cat=102&_nc_ohc=nbc1Z5uXIBsAX_RDEfo&tp=16&oh=e0f24f0c31dcc2b4b04e285c8fe6d4e7&oe=5F8CB118"
                },
                {
                    "config_height": 240,
                    "config_width": 240,
                    "src": "https://instagram.fabe1-1.fna.fbcdn.net/v/t51.2885-15/e35/c157.0.406.406a/s240x240/121934439_346613256590222_5198846449534022934_n.jpg?_nc_ht=instagram.fabe1-1.fna.fbcdn.net&_nc_cat=102&_nc_ohc=nbc1Z5uXIBsAX_RDEfo&tp=16&oh=9bb37d62be685975b6e60b83d6012942&oe=5F8C4D92"
                },
                {
                    "config_height": 320,
                    "config_width": 320,
                    "src": "https://instagram.fabe1-1.fna.fbcdn.net/v/t51.2885-15/e35/c157.0.406.406a/s320x320/121934439_346613256590222_5198846449534022934_n.jpg?_nc_ht=instagram.fabe1-1.fna.fbcdn.net&_nc_cat=102&_nc_ohc=nbc1Z5uXIBsAX_RDEfo&tp=16&oh=fec6bb58813ccc29d12a524056480b5f&oe=5F8C6530"
                },
                {
                    "config_height": 480,
                    "config_width": 480,
                    "src": "https://instagram.fabe1-1.fna.fbcdn.net/v/t51.2885-15/e35/c157.0.406.406a/121934439_346613256590222_5198846449534022934_n.jpg?_nc_ht=instagram.fabe1-1.fna.fbcdn.net&_nc_cat=102&_nc_ohc=nbc1Z5uXIBsAX_RDEfo&oh=855ab6927a98ef621d319786361bc98c&oe=5F8C3D85"
                },
                {
                    "config_height": 640,
                    "config_width": 640,
                    "src": "https://instagram.fabe1-1.fna.fbcdn.net/v/t51.2885-15/e35/c157.0.406.406a/121934439_346613256590222_5198846449534022934_n.jpg?_nc_ht=instagram.fabe1-1.fna.fbcdn.net&_nc_cat=102&_nc_ohc=nbc1Z5uXIBsAX_RDEfo&oh=855ab6927a98ef621d319786361bc98c&oe=5F8C3D85"
                }
            ],
            "thumbnail_src": "https://instagram.fabe1-1.fna.fbcdn.net/v/t51.2885-15/e35/c157.0.406.406a/121934439_346613256590222_5198846449534022934_n.jpg?_nc_ht=instagram.fabe1-1.fna.fbcdn.net&_nc_cat=102&_nc_ohc=nbc1Z5uXIBsAX_RDEfo&oh=855ab6927a98ef621d319786361bc98c&oe=5F8C3D85",
            "urls": [
                "https://instagram.fabe1-1.fna.fbcdn.net/v/t50.2886-16/121673841_170936614642071_3973890345155610143_n.mp4?_nc_ht=instagram.fabe1-1.fna.fbcdn.net&_nc_cat=103&_nc_ohc=KO7rCuGndlkAX8RykGW&oe=5F8CA737&oh=046b365165f603636f8b815b54a39a0e"
            ],
            "video_view_count": 0
        },
        {
            "comments_disabled": false,
            "dimensions": {
                "height": 1350,
                "width": 1080
            },
            "display_url": "https://instagram.fabe1-1.fna.fbcdn.net/v/t51.2885-15/e35/p1080x1080/121148514_2850166418587256_698500256661977138_n.jpg?_nc_ht=instagram.fabe1-1.fna.fbcdn.net&_nc_cat=108&_nc_ohc=XOLwnYYxyQsAX8v3Gx4&tp=19&oh=0abdfae86ab69f0f5ddef9c2af2fc098&oe=5FB3A1C0",
            "edge_liked_by": {
                "count": 0
            },
            "edge_media_preview_like": {
                "count": 0
            },
            "edge_media_to_caption": {
                "edges": [
                    {
                        "node": {
                            "text": "💋💋💋 #Out 😈✌🏼 #EvilEve 🖤 #Money #getabag #miami  #Kendall #LeisureCity #tattooed #305 #inkyourwholebody  #igdaily #iamdope #Goat #WorrellCartel \n#ImDifferent #PrettyGurlSwag"
                        }
                    }
                ]
            },
            "edge_media_to_comment": {
                "count": 0
            },
            "id": "2421500953993640938",
            "is_video": false,
            "owner": {
                "id": "351629180"
            },
            "shortcode": "CGa5km6D3vq",
            "tags": [
                "Money",
                "LeisureCity",
                "Goat",
                "Kendall",
                "WorrellCartel",
                "Out",
                "getabag",
                "tattooed",
                "305",
                "inkyourwholebody",
                "PrettyGurlSwag",
                "miami",
                "igdaily",
                "ImDifferent",
                "EvilEve",
                "iamdope"
            ],
            "taken_at_timestamp": 1602885430,
            "thumbnail_resources": [
                {
                    "config_height": 150,
                    "config_width": 150,
                    "src": "https://instagram.fabe1-1.fna.fbcdn.net/v/t51.2885-15/e35/c0.180.1440.1440a/s150x150/121148514_2850166418587256_698500256661977138_n.jpg?_nc_ht=instagram.fabe1-1.fna.fbcdn.net&_nc_cat=108&_nc_ohc=XOLwnYYxyQsAX8v3Gx4&tp=16&oh=e65bf7dd0d11fc2db29a2e37dffb7552&oe=5FB54AAC"
                },
                {
                    "config_height": 240,
                    "config_width": 240,
                    "src": "https://instagram.fabe1-1.fna.fbcdn.net/v/t51.2885-15/e35/c0.180.1440.1440a/s240x240/121148514_2850166418587256_698500256661977138_n.jpg?_nc_ht=instagram.fabe1-1.fna.fbcdn.net&_nc_cat=108&_nc_ohc=XOLwnYYxyQsAX8v3Gx4&tp=16&oh=40f6205f429c4bbe1f00c5a2b554e5b2&oe=5FB4BC2E"
                },
                {
                    "config_height": 320,
                    "config_width": 320,
                    "src": "https://instagram.fabe1-1.fna.fbcdn.net/v/t51.2885-15/e35/c0.180.1440.1440a/s320x320/121148514_2850166418587256_698500256661977138_n.jpg?_nc_ht=instagram.fabe1-1.fna.fbcdn.net&_nc_cat=108&_nc_ohc=XOLwnYYxyQsAX8v3Gx4&tp=16&oh=05a71c790a027433e303d5ad6cd27342&oe=5FB4B554"
                },
                {
                    "config_height": 480,
                    "config_width": 480,
                    "src": "https://instagram.fabe1-1.fna.fbcdn.net/v/t51.2885-15/e35/c0.180.1440.1440a/s480x480/121148514_2850166418587256_698500256661977138_n.jpg?_nc_ht=instagram.fabe1-1.fna.fbcdn.net&_nc_cat=108&_nc_ohc=XOLwnYYxyQsAX8v3Gx4&tp=16&oh=5c3662d05439fd3e26491b74ebc0fc55&oe=5FB2C195"
                },
                {
                    "config_height": 640,
                    "config_width": 640,
                    "src": "https://instagram.fabe1-1.fna.fbcdn.net/v/t51.2885-15/sh0.08/e35/c0.180.1440.1440a/s640x640/121148514_2850166418587256_698500256661977138_n.jpg?_nc_ht=instagram.fabe1-1.fna.fbcdn.net&_nc_cat=108&_nc_ohc=XOLwnYYxyQsAX8v3Gx4&oh=3e843fa1eaa32d73020778def949bdb6&oe=5FB5151C"
                }
            ],
            "thumbnail_src": "https://instagram.fabe1-1.fna.fbcdn.net/v/t51.2885-15/sh0.08/e35/c0.180.1440.1440a/s640x640/121148514_2850166418587256_698500256661977138_n.jpg?_nc_ht=instagram.fabe1-1.fna.fbcdn.net&_nc_cat=108&_nc_ohc=XOLwnYYxyQsAX8v3Gx4&oh=3e843fa1eaa32d73020778def949bdb6&oe=5FB5151C",
            "urls": [
                "https://instagram.fabe1-1.fna.fbcdn.net/v/t51.2885-15/e35/p1080x1080/121148514_2850166418587256_698500256661977138_n.jpg?_nc_ht=instagram.fabe1-1.fna.fbcdn.net&_nc_cat=108&_nc_ohc=XOLwnYYxyQsAX8v3Gx4&tp=19&oh=0abdfae86ab69f0f5ddef9c2af2fc098&oe=5FB3A1C0"
            ]
        },
        {
            "comments_disabled": false,
            "dimensions": {
                "height": 1080,
                "width": 1080
            },
            "display_url": "https://instagram.fabe1-1.fna.fbcdn.net/v/t51.2885-15/e35/s1080x1080/121617472_388116102214438_5911833834309714555_n.jpg?_nc_ht=instagram.fabe1-1.fna.fbcdn.net&_nc_cat=110&_nc_ohc=kOJVug3Z3nsAX-kn_i3&_nc_tp=15&oh=9ecae90e3e63df7bdb19f353cf2bf40d&oe=5FB54C53",
            "edge_liked_by": {
                "count": 3
            },
            "edge_media_preview_like": {
                "count": 3
            },
            "edge_media_to_caption": {
                "edges": [
                    {
                        "node": {
                            "text": "Cuando la vida te tire espinas, busca las rosas 🌹\n.\n.\n#roses #jeanjackets #nature #vibrant #miami #fashion #style"
                        }
                    }
                ]
            },
            "edge_media_to_comment": {
                "count": 0
            },
            "id": "2421500789753951256",
            "is_video": false,
            "owner": {
                "id": "8669728878"
            },
            "shortcode": "CGa5iN8nLQY",
            "tags": [
                "roses",
                "fashion",
                "style",
                "jeanjackets",
                "miami",
                "nature",
                "vibrant"
            ],
            "taken_at_timestamp": 1602885410,
            "thumbnail_resources": [
                {
                    "config_height": 150,
                    "config_width": 150,
                    "src": "https://instagram.fabe1-1.fna.fbcdn.net/v/t51.2885-15/e35/s150x150/121617472_388116102214438_5911833834309714555_n.jpg?_nc_ht=instagram.fabe1-1.fna.fbcdn.net&_nc_cat=110&_nc_ohc=kOJVug3Z3nsAX-kn_i3&_nc_tp=15&oh=fe0a249bed02628516000e1129a18efc&oe=5FB46914"
                },
                {
                    "config_height": 240,
                    "config_width": 240,
                    "src": "https://instagram.fabe1-1.fna.fbcdn.net/v/t51.2885-15/e35/s240x240/121617472_388116102214438_5911833834309714555_n.jpg?_nc_ht=instagram.fabe1-1.fna.fbcdn.net&_nc_cat=110&_nc_ohc=kOJVug3Z3nsAX-kn_i3&_nc_tp=15&oh=e7d5a5793807d24f8b473f122f3d39a8&oe=5FB55A96"
                },
                {
                    "config_height": 320,
                    "config_width": 320,
                    "src": "https://instagram.fabe1-1.fna.fbcdn.net/v/t51.2885-15/e35/s320x320/121617472_388116102214438_5911833834309714555_n.jpg?_nc_ht=instagram.fabe1-1.fna.fbcdn.net&_nc_cat=110&_nc_ohc=kOJVug3Z3nsAX-kn_i3&_nc_tp=15&oh=87fe62fefe4aa566dffe4c3830c4eb65&oe=5FB5186C"
                },
                {
                    "config_height": 480,
                    "config_width": 480,
                    "src": "https://instagram.fabe1-1.fna.fbcdn.net/v/t51.2885-15/e35/s480x480/121617472_388116102214438_5911833834309714555_n.jpg?_nc_ht=instagram.fabe1-1.fna.fbcdn.net&_nc_cat=110&_nc_ohc=kOJVug3Z3nsAX-kn_i3&_nc_tp=15&oh=3f0ee7a19e860fa6c8339ee90f097f41&oe=5FB22CAD"
                },
                {
                    "config_height": 640,
                    "config_width": 640,
                    "src": "https://instagram.fabe1-1.fna.fbcdn.net/v/t51.2885-15/sh0.08/e35/s640x640/121617472_388116102214438_5911833834309714555_n.jpg?_nc_ht=instagram.fabe1-1.fna.fbcdn.net&_nc_cat=110&_nc_ohc=kOJVug3Z3nsAX-kn_i3&_nc_tp=24&oh=3ce9be187905df5eae3b1b5e640be09f&oe=5FB48897"
                }
            ],
            "thumbnail_src": "https://instagram.fabe1-1.fna.fbcdn.net/v/t51.2885-15/sh0.08/e35/s640x640/121617472_388116102214438_5911833834309714555_n.jpg?_nc_ht=instagram.fabe1-1.fna.fbcdn.net&_nc_cat=110&_nc_ohc=kOJVug3Z3nsAX-kn_i3&_nc_tp=24&oh=3ce9be187905df5eae3b1b5e640be09f&oe=5FB48897",
            "urls": [
                "https://instagram.fabe1-1.fna.fbcdn.net/v/t51.2885-15/e35/s1080x1080/121617472_388116102214438_5911833834309714555_n.jpg?_nc_ht=instagram.fabe1-1.fna.fbcdn.net&_nc_cat=110&_nc_ohc=kOJVug3Z3nsAX-kn_i3&_nc_tp=15&oh=9ecae90e3e63df7bdb19f353cf2bf40d&oe=5FB54C53"
            ]
        }
    ]
}