{
    "GraphImages": [
        {
            "comments_disabled": false,
            "dimensions": {
                "height": 1080,
                "width": 1080
            },
            "display_url": "https://instagram.fabe1-1.fna.fbcdn.net/v/t51.2885-15/e35/s1080x1080/121571971_3149799191815958_2733175605856366800_n.jpg?_nc_ht=instagram.fabe1-1.fna.fbcdn.net&_nc_cat=102&_nc_ohc=56BykwPHOdsAX9KBQyc&_nc_tp=15&oh=6f9d333d47712f1b86d8b6677a93d606&oe=5FB426D8",
            "edge_liked_by": {
                "count": 0
            },
            "edge_media_preview_like": {
                "count": 0
            },
            "edge_media_to_caption": {
                "edges": [
                    {
                        "node": {
                            "text": "⁣\n⁣\nThe wait is finally OVER and I’m soooo excited to show you my very first virtual art wall! Thank you so much for supporting my craft! Stay inspired, QUEEN...⁣\n⁣\n👑 The Queen Card Collection 👑 ⁣\nVIRTUAL ART WALL SHOWING NOW @TISH.THE.BRAND!⁣\n⁣\n[*Click on profile to view art wall]⁣\n⁣\nGet one of these “Queen Card” prints for just $28 + FREE Shipping! Ask for the “Sweet & Low Print” or the “Butterfly Print” (or both) ✨⁣\n⁣\nCheck our virtual art wall every week for our new art installation + art saving$ and events!⁣\n⁣\nDM us now @tish.the.brand to order 📩 ⁣\n⁣\n⁣⁣\n⁣⁣\n⁣⁣\n⁣⁣\n⁣⁣\n⁣⁣\n⁣⁣\n#tishthebrand #lacobedesignhouse #blackart #tishtheartist #femaleartist #uniqueart #celebrityart #blackgirlswhopaint #decorating #postersale #blackisbeautiful #posterdesigner #supportblackbusinesses #posterart #queendecor #supportsmallbusinesses #abstractart #abstractportrait #artistsofinsta #webuyblack #blackgirlmagic #artgram #interiordesign #art_spotlight #artlovers #artgallery #artdeco #artbasel #artoftheday #artforsale #artgallery ⁣"
                        }
                    }
                ]
            },
            "edge_media_to_comment": {
                "count": 0
            },
            "id": "2421603609717324571",
            "is_video": false,
            "owner": {
                "id": "6690648005"
            },
            "shortcode": "CGbQ6cgATsb",
            "tags": [
                "lacobedesignhouse",
                "posterdesigner",
                "postersale",
                "supportsmallbusinesses",
                "uniqueart",
                "art_spotlight",
                "tishtheartist",
                "posterart",
                "supportblackbusinesses",
                "blackgirlmagic",
                "tishthebrand",
                "webuyblack",
                "interiordesign",
                "artoftheday",
                "femaleartist",
                "blackisbeautiful",
                "queendecor",
                "abstractportrait",
                "artlovers",
                "artgram",
                "blackart",
                "artgallery",
                "artbasel",
                "blackgirlswhopaint",
                "abstractart",
                "artistsofinsta",
                "artforsale",
                "celebrityart",
                "artdeco",
                "decorating"
            ],
            "taken_at_timestamp": 1602897667,
            "thumbnail_resources": [
                {
                    "config_height": 150,
                    "config_width": 150,
                    "src": "https://instagram.fabe1-1.fna.fbcdn.net/v/t51.2885-15/e35/s150x150/121571971_3149799191815958_2733175605856366800_n.jpg?_nc_ht=instagram.fabe1-1.fna.fbcdn.net&_nc_cat=102&_nc_ohc=56BykwPHOdsAX9KBQyc&_nc_tp=15&oh=d20edf3aece3d62e31dcaf482fc9792c&oe=5FB304CC"
                },
                {
                    "config_height": 240,
                    "config_width": 240,
                    "src": "https://instagram.fabe1-1.fna.fbcdn.net/v/t51.2885-15/e35/s240x240/121571971_3149799191815958_2733175605856366800_n.jpg?_nc_ht=instagram.fabe1-1.fna.fbcdn.net&_nc_cat=102&_nc_ohc=56BykwPHOdsAX9KBQyc&_nc_tp=15&oh=49d2ff49aca5d0eda83f421234f006ca&oe=5FB35584"
                },
                {
                    "config_height": 320,
                    "config_width": 320,
                    "src": "https://instagram.fabe1-1.fna.fbcdn.net/v/t51.2885-15/e35/s320x320/121571971_3149799191815958_2733175605856366800_n.jpg?_nc_ht=instagram.fabe1-1.fna.fbcdn.net&_nc_cat=102&_nc_ohc=56BykwPHOdsAX9KBQyc&_nc_tp=15&oh=34c124583942ba87e6d7e23bb0bd1797&oe=5FB35C5D"
                },
                {
                    "config_height": 480,
                    "config_width": 480,
                    "src": "https://instagram.fabe1-1.fna.fbcdn.net/v/t51.2885-15/e35/s480x480/121571971_3149799191815958_2733175605856366800_n.jpg?_nc_ht=instagram.fabe1-1.fna.fbcdn.net&_nc_cat=102&_nc_ohc=56BykwPHOdsAX9KBQyc&_nc_tp=15&oh=a32eb0410d8ecf4a22e6759b5bc372c6&oe=5FB1FB1F"
                },
                {
                    "config_height": 640,
                    "config_width": 640,
                    "src": "https://instagram.fabe1-1.fna.fbcdn.net/v/t51.2885-15/sh0.08/e35/s640x640/121571971_3149799191815958_2733175605856366800_n.jpg?_nc_ht=instagram.fabe1-1.fna.fbcdn.net&_nc_cat=102&_nc_ohc=56BykwPHOdsAX9KBQyc&_nc_tp=24&oh=157ce9a972fbe4ee77a6a4c0ff89f289&oe=5FB2BEBF"
                }
            ],
            "thumbnail_src": "https://instagram.fabe1-1.fna.fbcdn.net/v/t51.2885-15/sh0.08/e35/s640x640/121571971_3149799191815958_2733175605856366800_n.jpg?_nc_ht=instagram.fabe1-1.fna.fbcdn.net&_nc_cat=102&_nc_ohc=56BykwPHOdsAX9KBQyc&_nc_tp=24&oh=157ce9a972fbe4ee77a6a4c0ff89f289&oe=5FB2BEBF",
            "urls": [
                "https://instagram.fabe1-1.fna.fbcdn.net/v/t51.2885-15/e35/s1080x1080/121571971_3149799191815958_2733175605856366800_n.jpg?_nc_ht=instagram.fabe1-1.fna.fbcdn.net&_nc_cat=102&_nc_ohc=56BykwPHOdsAX9KBQyc&_nc_tp=15&oh=6f9d333d47712f1b86d8b6677a93d606&oe=5FB426D8"
            ]
        },
        {
            "comments_disabled": false,
            "dimensions": {
                "height": 1278,
                "width": 1080
            },
            "display_url": "https://instagram.fabe1-1.fna.fbcdn.net/v/t51.2885-15/e35/p1080x1080/121592747_351552189284029_6754489551500313323_n.jpg?_nc_ht=instagram.fabe1-1.fna.fbcdn.net&_nc_cat=101&_nc_ohc=jSMXaxyx_VMAX8_apK4&tp=19&oh=c5dd29679d568a5ebf4f153549e9dcec&oe=5FB20D97",
            "edge_liked_by": {
                "count": 3
            },
            "edge_media_preview_like": {
                "count": 3
            },
            "edge_media_to_caption": {
                "edges": [
                    {
                        "node": {
                            "text": "🤍"
                        }
                    }
                ]
            },
            "edge_media_to_comment": {
                "count": 1
            },
            "id": "2421603200589053372",
            "is_video": false,
            "owner": {
                "id": "9987296758"
            },
            "shortcode": "CGbQ0feDz28",
            "tags": [],
            "taken_at_timestamp": 1602897618,
            "thumbnail_resources": [
                {
                    "config_height": 150,
                    "config_width": 150,
                    "src": "https://instagram.fabe1-1.fna.fbcdn.net/v/t51.2885-15/e35/c0.132.1440.1440a/s150x150/121592747_351552189284029_6754489551500313323_n.jpg?_nc_ht=instagram.fabe1-1.fna.fbcdn.net&_nc_cat=101&_nc_ohc=jSMXaxyx_VMAX8_apK4&tp=16&oh=7ff3713feeb2ea407975697065c278c7&oe=5FB40530"
                },
                {
                    "config_height": 240,
                    "config_width": 240,
                    "src": "https://instagram.fabe1-1.fna.fbcdn.net/v/t51.2885-15/e35/c0.132.1440.1440a/s240x240/121592747_351552189284029_6754489551500313323_n.jpg?_nc_ht=instagram.fabe1-1.fna.fbcdn.net&_nc_cat=101&_nc_ohc=jSMXaxyx_VMAX8_apK4&tp=16&oh=a344bd81674116a483a1c27d0d9883aa&oe=5FB349AA"
                },
                {
                    "config_height": 320,
                    "config_width": 320,
                    "src": "https://instagram.fabe1-1.fna.fbcdn.net/v/t51.2885-15/e35/c0.132.1440.1440a/s320x320/121592747_351552189284029_6754489551500313323_n.jpg?_nc_ht=instagram.fabe1-1.fna.fbcdn.net&_nc_cat=101&_nc_ohc=jSMXaxyx_VMAX8_apK4&tp=16&oh=55a6625170999dd729feddad2cf18a81&oe=5FB2F358"
                },
                {
                    "config_height": 480,
                    "config_width": 480,
                    "src": "https://instagram.fabe1-1.fna.fbcdn.net/v/t51.2885-15/e35/c0.132.1440.1440a/s480x480/121592747_351552189284029_6754489551500313323_n.jpg?_nc_ht=instagram.fabe1-1.fna.fbcdn.net&_nc_cat=101&_nc_ohc=jSMXaxyx_VMAX8_apK4&tp=16&oh=f350e589399ab5a02ebe8f0d6d7d95dc&oe=5FB4ED11"
                },
                {
                    "config_height": 640,
                    "config_width": 640,
                    "src": "https://instagram.fabe1-1.fna.fbcdn.net/v/t51.2885-15/sh0.08/e35/c0.132.1440.1440a/s640x640/121592747_351552189284029_6754489551500313323_n.jpg?_nc_ht=instagram.fabe1-1.fna.fbcdn.net&_nc_cat=101&_nc_ohc=jSMXaxyx_VMAX8_apK4&oh=4271e593eea228b5b23f4499986c8f96&oe=5FB1FF20"
                }
            ],
            "thumbnail_src": "https://instagram.fabe1-1.fna.fbcdn.net/v/t51.2885-15/sh0.08/e35/c0.132.1440.1440a/s640x640/121592747_351552189284029_6754489551500313323_n.jpg?_nc_ht=instagram.fabe1-1.fna.fbcdn.net&_nc_cat=101&_nc_ohc=jSMXaxyx_VMAX8_apK4&oh=4271e593eea228b5b23f4499986c8f96&oe=5FB1FF20",
            "urls": [
                "https://instagram.fabe1-1.fna.fbcdn.net/v/t51.2885-15/e35/p1080x1080/121592747_351552189284029_6754489551500313323_n.jpg?_nc_ht=instagram.fabe1-1.fna.fbcdn.net&_nc_cat=101&_nc_ohc=jSMXaxyx_VMAX8_apK4&tp=19&oh=c5dd29679d568a5ebf4f153549e9dcec&oe=5FB20D97"
            ]
        },
        {
            "comments_disabled": true,
            "dimensions": {
                "height": 1080,
                "width": 1080
            },
            "display_url": "https://instagram.fabe1-1.fna.fbcdn.net/v/t51.2885-15/e35/121613081_1049187032200377_2481935163444691669_n.jpg?_nc_ht=instagram.fabe1-1.fna.fbcdn.net&_nc_cat=109&_nc_ohc=Vbr1vSR7iegAX-tkeWJ&_nc_tp=18&oh=bbf0eb9aa1cb0f4609f1b114c2488ef5&oe=5FB21627",
            "edge_liked_by": {
                "count": 3
            },
            "edge_media_preview_like": {
                "count": 3
            },
            "edge_media_to_caption": {
                "edges": [
                    {
                        "node": {
                            "text": "uh yea link in bio ."
                        }
                    }
                ]
            },
            "edge_media_to_comment": {
                "count": 0
            },
            "id": "2421602737956631904",
            "is_video": false,
            "owner": {
                "id": "2365472795"
            },
            "shortcode": "CGbQtwnBLVg",
            "tags": [],
            "taken_at_timestamp": 1602897563,
            "thumbnail_resources": [
                {
                    "config_height": 150,
                    "config_width": 150,
                    "src": "https://instagram.fabe1-1.fna.fbcdn.net/v/t51.2885-15/e35/s150x150/121613081_1049187032200377_2481935163444691669_n.jpg?_nc_ht=instagram.fabe1-1.fna.fbcdn.net&_nc_cat=109&_nc_ohc=Vbr1vSR7iegAX-tkeWJ&_nc_tp=15&oh=82e0340e096ba0b1883cf77bc1b09e8b&oe=5FB4404B"
                },
                {
                    "config_height": 240,
                    "config_width": 240,
                    "src": "https://instagram.fabe1-1.fna.fbcdn.net/v/t51.2885-15/e35/s240x240/121613081_1049187032200377_2481935163444691669_n.jpg?_nc_ht=instagram.fabe1-1.fna.fbcdn.net&_nc_cat=109&_nc_ohc=Vbr1vSR7iegAX-tkeWJ&_nc_tp=15&oh=cc293e209fa09bd97fb6f24777080d4f&oe=5FB4F683"
                },
                {
                    "config_height": 320,
                    "config_width": 320,
                    "src": "https://instagram.fabe1-1.fna.fbcdn.net/v/t51.2885-15/e35/s320x320/121613081_1049187032200377_2481935163444691669_n.jpg?_nc_ht=instagram.fabe1-1.fna.fbcdn.net&_nc_cat=109&_nc_ohc=Vbr1vSR7iegAX-tkeWJ&_nc_tp=15&oh=e9c409fb040ad70882b1d09e5704096c&oe=5FB4C05E"
                },
                {
                    "config_height": 480,
                    "config_width": 480,
                    "src": "https://instagram.fabe1-1.fna.fbcdn.net/v/t51.2885-15/e35/s480x480/121613081_1049187032200377_2481935163444691669_n.jpg?_nc_ht=instagram.fabe1-1.fna.fbcdn.net&_nc_cat=109&_nc_ohc=Vbr1vSR7iegAX-tkeWJ&_nc_tp=15&oh=95e6d388a1a4f9a64ccc7ac8a5fcf750&oe=5FB20420"
                },
                {
                    "config_height": 640,
                    "config_width": 640,
                    "src": "https://instagram.fabe1-1.fna.fbcdn.net/v/t51.2885-15/sh0.08/e35/s640x640/121613081_1049187032200377_2481935163444691669_n.jpg?_nc_ht=instagram.fabe1-1.fna.fbcdn.net&_nc_cat=109&_nc_ohc=Vbr1vSR7iegAX-tkeWJ&_nc_tp=24&oh=4c0ee6d17c8433f8662049ec95a0ce5d&oe=5FB5BA40"
                }
            ],
            "thumbnail_src": "https://instagram.fabe1-1.fna.fbcdn.net/v/t51.2885-15/sh0.08/e35/s640x640/121613081_1049187032200377_2481935163444691669_n.jpg?_nc_ht=instagram.fabe1-1.fna.fbcdn.net&_nc_cat=109&_nc_ohc=Vbr1vSR7iegAX-tkeWJ&_nc_tp=24&oh=4c0ee6d17c8433f8662049ec95a0ce5d&oe=5FB5BA40",
            "urls": [
                "https://instagram.fabe1-1.fna.fbcdn.net/v/t51.2885-15/e35/121613081_1049187032200377_2481935163444691669_n.jpg?_nc_ht=instagram.fabe1-1.fna.fbcdn.net&_nc_cat=109&_nc_ohc=Vbr1vSR7iegAX-tkeWJ&_nc_tp=18&oh=bbf0eb9aa1cb0f4609f1b114c2488ef5&oe=5FB21627"
            ]
        }
    ]
}