{
    "GraphImages": [
        {
            "comments_disabled": false,
            "dimensions": {
                "height": 1080,
                "width": 1080
            },
            "display_url": "https://instagram.fabe1-1.fna.fbcdn.net/v/t51.2885-15/e35/121662931_990862398082635_5192955730953713174_n.jpg?_nc_ht=instagram.fabe1-1.fna.fbcdn.net&_nc_cat=103&_nc_ohc=f3wp5vTHjSAAX8Z-FMK&_nc_tp=18&oh=c640fb93b629280c3442090eecf9b81c&oe=5FB1E438",
            "edge_liked_by": {
                "count": 2
            },
            "edge_media_preview_like": {
                "count": 2
            },
            "edge_media_to_caption": {
                "edges": [
                    {
                        "node": {
                            "text": "@PlacingPoliticalArt\nObtuse Exercises for Dissenting Bodies\nFrancisco Maso @fcomaso\n\nAhora mi tiempo se acabó y lo que queda es un hermoso eco o reverberación para que lo transmita como un recuerdo compartido.  Ayer devolví la obra de Francisco y sentí la pérdida en mi espacio.\n\nmuchísimas gracias a @dimensions_variable por hacer posible esta experiencia • ́ ‿, • ̀\n.\n.\n#placingpoliticalart#franciscomaso#dv#dimensionsvariable#politicalartathome#politicalartforall#artonloanprogram#politicalartist#archivoartstudio#obtuseexercises#dissentingbodies#artworkinresidency#avatar#artist#contemporaryart#contermporaryartist#platformspecific#performance#performanceart#conceptual#conceptualart#intermedia#scupture#relational#aesthetics#relationalaesthetics#ornot"
                        }
                    }
                ]
            },
            "edge_media_to_comment": {
                "count": 0
            },
            "id": "2421558511253416792",
            "is_video": false,
            "owner": {
                "id": "6918764323"
            },
            "shortcode": "CGbGqLSFWtY",
            "tags": [
                "placingpoliticalart",
                "intermedia",
                "archivoartstudio",
                "performance",
                "platformspecific",
                "politicalartathome",
                "politicalartforall",
                "politicalartist",
                "conceptual",
                "dimensionsvariable",
                "franciscomaso",
                "dv",
                "relationalaesthetics",
                "dissentingbodies",
                "aesthetics",
                "scupture",
                "ornot",
                "contemporaryart",
                "artworkinresidency",
                "obtuseexercises",
                "artonloanprogram",
                "relational",
                "artist",
                "avatar",
                "contermporaryartist",
                "performanceart",
                "conceptualart"
            ],
            "taken_at_timestamp": 1602892291,
            "thumbnail_resources": [
                {
                    "config_height": 150,
                    "config_width": 150,
                    "src": "https://instagram.fabe1-1.fna.fbcdn.net/v/t51.2885-15/e35/s150x150/121662931_990862398082635_5192955730953713174_n.jpg?_nc_ht=instagram.fabe1-1.fna.fbcdn.net&_nc_cat=103&_nc_ohc=f3wp5vTHjSAAX8Z-FMK&_nc_tp=15&oh=f794826a8fe6f6a0ff92a8cf37c5ab30&oe=5FB4A009"
                },
                {
                    "config_height": 240,
                    "config_width": 240,
                    "src": "https://instagram.fabe1-1.fna.fbcdn.net/v/t51.2885-15/e35/s240x240/121662931_990862398082635_5192955730953713174_n.jpg?_nc_ht=instagram.fabe1-1.fna.fbcdn.net&_nc_cat=103&_nc_ohc=f3wp5vTHjSAAX8Z-FMK&_nc_tp=15&oh=608e0f2cce65c282d0013ffae93a2132&oe=5FB2C78F"
                },
                {
                    "config_height": 320,
                    "config_width": 320,
                    "src": "https://instagram.fabe1-1.fna.fbcdn.net/v/t51.2885-15/e35/s320x320/121662931_990862398082635_5192955730953713174_n.jpg?_nc_ht=instagram.fabe1-1.fna.fbcdn.net&_nc_cat=103&_nc_ohc=f3wp5vTHjSAAX8Z-FMK&_nc_tp=15&oh=b830d86b6a0ddc17bbfbf9464137ebc3&oe=5FB50A71"
                },
                {
                    "config_height": 480,
                    "config_width": 480,
                    "src": "https://instagram.fabe1-1.fna.fbcdn.net/v/t51.2885-15/e35/s480x480/121662931_990862398082635_5192955730953713174_n.jpg?_nc_ht=instagram.fabe1-1.fna.fbcdn.net&_nc_cat=103&_nc_ohc=f3wp5vTHjSAAX8Z-FMK&_nc_tp=15&oh=1112df4c0a0dba12f3fe81e78f6109f6&oe=5FB3F938"
                },
                {
                    "config_height": 640,
                    "config_width": 640,
                    "src": "https://instagram.fabe1-1.fna.fbcdn.net/v/t51.2885-15/sh0.08/e35/s640x640/121662931_990862398082635_5192955730953713174_n.jpg?_nc_ht=instagram.fabe1-1.fna.fbcdn.net&_nc_cat=103&_nc_ohc=f3wp5vTHjSAAX8Z-FMK&_nc_tp=24&oh=03a11a3fd39f3864fed022fd9bd19587&oe=5FB4E48E"
                }
            ],
            "thumbnail_src": "https://instagram.fabe1-1.fna.fbcdn.net/v/t51.2885-15/sh0.08/e35/s640x640/121662931_990862398082635_5192955730953713174_n.jpg?_nc_ht=instagram.fabe1-1.fna.fbcdn.net&_nc_cat=103&_nc_ohc=f3wp5vTHjSAAX8Z-FMK&_nc_tp=24&oh=03a11a3fd39f3864fed022fd9bd19587&oe=5FB4E48E",
            "urls": [
                "https://instagram.fabe1-1.fna.fbcdn.net/v/t51.2885-15/e35/121662931_990862398082635_5192955730953713174_n.jpg?_nc_ht=instagram.fabe1-1.fna.fbcdn.net&_nc_cat=103&_nc_ohc=f3wp5vTHjSAAX8Z-FMK&_nc_tp=18&oh=c640fb93b629280c3442090eecf9b81c&oe=5FB1E438"
            ]
        },
        {
            "comments_disabled": false,
            "dimensions": {
                "height": 750,
                "width": 750
            },
            "display_url": "https://instagram.fabe1-1.fna.fbcdn.net/v/t51.2885-15/e35/121621569_143826317434484_2619116048452906245_n.jpg?_nc_ht=instagram.fabe1-1.fna.fbcdn.net&_nc_cat=108&_nc_ohc=0KB5lEOAkVQAX-24VQc&_nc_tp=18&oh=0233479a5707aa7e66bd6466932fa7ab&oe=5F8C3203",
            "edge_liked_by": {
                "count": 1
            },
            "edge_media_preview_like": {
                "count": 1
            },
            "edge_media_to_caption": {
                "edges": [
                    {
                        "node": {
                            "text": "Shoutout to the awesome shoot days back in march with the best artist in the world @nickyjam\n.\nPre-covid days were the best with so many shoots and events\n.\nAlready planning for the next shoot\n.\nWhich music video do you guys think will Rose Paulino clothing feature in next?\n.\n.\n.\n#nickyjam #jbalvin #ozuna #daddyyankee #badbunny #bts #kpop #jungkook #blackpink #jimin #army #twice #btsarmy #nickyjampr #trap #myketowers #lunay #bryantmyers"
                        }
                    }
                ]
            },
            "edge_media_to_comment": {
                "count": 0
            },
            "id": "2421558232213822903",
            "is_video": true,
            "owner": {
                "id": "196478091"
            },
            "shortcode": "CGbGmHaBx23",
            "tags": [
                "ozuna",
                "blackpink",
                "kpop",
                "btsarmy",
                "jbalvin",
                "bts",
                "nickyjampr",
                "myketowers",
                "badbunny",
                "jungkook",
                "jimin",
                "daddyyankee",
                "bryantmyers",
                "nickyjam",
                "twice",
                "lunay",
                "trap",
                "army"
            ],
            "taken_at_timestamp": 1602892269,
            "thumbnail_resources": [
                {
                    "config_height": 150,
                    "config_width": 150,
                    "src": "https://instagram.fabe1-1.fna.fbcdn.net/v/t51.2885-15/e35/s150x150/121621569_143826317434484_2619116048452906245_n.jpg?_nc_ht=instagram.fabe1-1.fna.fbcdn.net&_nc_cat=108&_nc_ohc=0KB5lEOAkVQAX-24VQc&_nc_tp=15&oh=07fd6109d1622b6dabe47f0b85e46ca7&oe=5F8C747E"
                },
                {
                    "config_height": 240,
                    "config_width": 240,
                    "src": "https://instagram.fabe1-1.fna.fbcdn.net/v/t51.2885-15/e35/s240x240/121621569_143826317434484_2619116048452906245_n.jpg?_nc_ht=instagram.fabe1-1.fna.fbcdn.net&_nc_cat=108&_nc_ohc=0KB5lEOAkVQAX-24VQc&_nc_tp=15&oh=53371023a5b87b1f158c1315ab3983d7&oe=5F8CA47C"
                },
                {
                    "config_height": 320,
                    "config_width": 320,
                    "src": "https://instagram.fabe1-1.fna.fbcdn.net/v/t51.2885-15/e35/s320x320/121621569_143826317434484_2619116048452906245_n.jpg?_nc_ht=instagram.fabe1-1.fna.fbcdn.net&_nc_cat=108&_nc_ohc=0KB5lEOAkVQAX-24VQc&_nc_tp=15&oh=4fab0ce3caa3606a9b66e9af532d0f2d&oe=5F8CC5C6"
                },
                {
                    "config_height": 480,
                    "config_width": 480,
                    "src": "https://instagram.fabe1-1.fna.fbcdn.net/v/t51.2885-15/e35/s480x480/121621569_143826317434484_2619116048452906245_n.jpg?_nc_ht=instagram.fabe1-1.fna.fbcdn.net&_nc_cat=108&_nc_ohc=0KB5lEOAkVQAX-24VQc&_nc_tp=15&oh=897c8a6127a1bdfc4a44529b4feaec02&oe=5F8C3A43"
                },
                {
                    "config_height": 640,
                    "config_width": 640,
                    "src": "https://instagram.fabe1-1.fna.fbcdn.net/v/t51.2885-15/sh0.08/e35/s640x640/121621569_143826317434484_2619116048452906245_n.jpg?_nc_ht=instagram.fabe1-1.fna.fbcdn.net&_nc_cat=108&_nc_ohc=0KB5lEOAkVQAX-24VQc&_nc_tp=24&oh=63d5d23046863587a30c278b4bcf9162&oe=5F8C8079"
                }
            ],
            "thumbnail_src": "https://instagram.fabe1-1.fna.fbcdn.net/v/t51.2885-15/sh0.08/e35/s640x640/121621569_143826317434484_2619116048452906245_n.jpg?_nc_ht=instagram.fabe1-1.fna.fbcdn.net&_nc_cat=108&_nc_ohc=0KB5lEOAkVQAX-24VQc&_nc_tp=24&oh=63d5d23046863587a30c278b4bcf9162&oe=5F8C8079",
            "urls": [
                "https://instagram.fabe1-1.fna.fbcdn.net/v/t50.2886-16/121694495_174038634265574_7412260916152749503_n.mp4?_nc_ht=instagram.fabe1-1.fna.fbcdn.net&_nc_cat=102&_nc_ohc=bb0HUm1nDokAX9q5v2E&oe=5F8C3F43&oh=56c6b38d29f08b73df8f352715458476"
            ],
            "video_view_count": 1
        }
    ]
}