{
    "GraphImages": [
        {
            "comments_disabled": false,
            "dimensions": {
                "height": 640,
                "width": 640
            },
            "display_url": "https://instagram.fabe1-1.fna.fbcdn.net/v/t51.2885-15/e35/122017190_378069533226457_3712766589901024372_n.jpg?_nc_ht=instagram.fabe1-1.fna.fbcdn.net&_nc_cat=101&_nc_ohc=Nsteqd4ROboAX802aPP&_nc_tp=18&oh=29da5c52204c745682cb1eca428f6dca&oe=5FB3381C",
            "edge_liked_by": {
                "count": 0
            },
            "edge_media_preview_like": {
                "count": 0
            },
            "edge_media_to_caption": {
                "edges": [
                    {
                        "node": {
                            "text": "𝗦𝘂𝗻𝘀𝗲𝘁𝘀 𝗶𝗻 𝗜𝗹 𝗩𝗶𝗹𝗹𝗮𝗴𝗴𝗶𝗼\n.\n.\n.\n.\n.\n.\n.\n.\n.\n.\n.\n#𝗦𝘂𝗻𝘀𝗲𝘁 #𝗥𝗲𝗮𝗹𝗘𝘀𝘁𝗮𝘁𝗲 #𝗠𝗶𝗮𝗺𝗶𝗕𝗲𝗮𝗰𝗵 #𝗠𝗶𝗮𝗺𝗶"
                        }
                    }
                ]
            },
            "edge_media_to_comment": {
                "count": 0
            },
            "id": "2421387622935274379",
            "is_video": false,
            "owner": {
                "id": "840351681"
            },
            "shortcode": "CGafzbIlaOL",
            "tags": [
                "𝗥𝗲𝗮𝗹𝗘𝘀𝘁𝗮𝘁𝗲",
                "𝗦𝘂𝗻𝘀𝗲𝘁",
                "𝗠𝗶𝗮𝗺𝗶",
                "𝗠𝗶𝗮𝗺𝗶𝗕𝗲𝗮𝗰𝗵"
            ],
            "taken_at_timestamp": 1602871919,
            "thumbnail_resources": [
                {
                    "config_height": 150,
                    "config_width": 150,
                    "src": "https://instagram.fabe1-1.fna.fbcdn.net/v/t51.2885-15/e35/s150x150/122017190_378069533226457_3712766589901024372_n.jpg?_nc_ht=instagram.fabe1-1.fna.fbcdn.net&_nc_cat=101&_nc_ohc=Nsteqd4ROboAX802aPP&_nc_tp=15&oh=7424651483dd1d9e1a0c7d77c320ed51&oe=5FB425A5"
                },
                {
                    "config_height": 240,
                    "config_width": 240,
                    "src": "https://instagram.fabe1-1.fna.fbcdn.net/v/t51.2885-15/e35/s240x240/122017190_378069533226457_3712766589901024372_n.jpg?_nc_ht=instagram.fabe1-1.fna.fbcdn.net&_nc_cat=101&_nc_ohc=Nsteqd4ROboAX802aPP&_nc_tp=15&oh=a9305b06b88243a7789872ad21b3d52a&oe=5FB458A3"
                },
                {
                    "config_height": 320,
                    "config_width": 320,
                    "src": "https://instagram.fabe1-1.fna.fbcdn.net/v/t51.2885-15/e35/s320x320/122017190_378069533226457_3712766589901024372_n.jpg?_nc_ht=instagram.fabe1-1.fna.fbcdn.net&_nc_cat=101&_nc_ohc=Nsteqd4ROboAX802aPP&_nc_tp=15&oh=5ef3b0bd4069ab59d9188d3f132e230b&oe=5FB252DD"
                },
                {
                    "config_height": 480,
                    "config_width": 480,
                    "src": "https://instagram.fabe1-1.fna.fbcdn.net/v/t51.2885-15/e35/s480x480/122017190_378069533226457_3712766589901024372_n.jpg?_nc_ht=instagram.fabe1-1.fna.fbcdn.net&_nc_cat=101&_nc_ohc=Nsteqd4ROboAX802aPP&_nc_tp=15&oh=d8df70eff6f70f2345d89f07d05137bd&oe=5FB2E91C"
                },
                {
                    "config_height": 640,
                    "config_width": 640,
                    "src": "https://instagram.fabe1-1.fna.fbcdn.net/v/t51.2885-15/e35/122017190_378069533226457_3712766589901024372_n.jpg?_nc_ht=instagram.fabe1-1.fna.fbcdn.net&_nc_cat=101&_nc_ohc=Nsteqd4ROboAX802aPP&_nc_tp=18&oh=29da5c52204c745682cb1eca428f6dca&oe=5FB3381C"
                }
            ],
            "thumbnail_src": "https://instagram.fabe1-1.fna.fbcdn.net/v/t51.2885-15/e35/122017190_378069533226457_3712766589901024372_n.jpg?_nc_ht=instagram.fabe1-1.fna.fbcdn.net&_nc_cat=101&_nc_ohc=Nsteqd4ROboAX802aPP&_nc_tp=18&oh=29da5c52204c745682cb1eca428f6dca&oe=5FB3381C",
            "urls": [
                "https://instagram.fabe1-1.fna.fbcdn.net/v/t51.2885-15/e35/122017190_378069533226457_3712766589901024372_n.jpg?_nc_ht=instagram.fabe1-1.fna.fbcdn.net&_nc_cat=101&_nc_ohc=Nsteqd4ROboAX802aPP&_nc_tp=18&oh=29da5c52204c745682cb1eca428f6dca&oe=5FB3381C"
            ]
        },
        {
            "comments_disabled": false,
            "dimensions": {
                "height": 1313,
                "width": 1080
            },
            "display_url": "https://instagram.fabe1-1.fna.fbcdn.net/v/t51.2885-15/e35/121661178_815454065870901_3572083756584986996_n.jpg?_nc_ht=instagram.fabe1-1.fna.fbcdn.net&_nc_cat=109&_nc_ohc=NXWZ55DaPaAAX8d8fZW&_nc_tp=18&oh=0cb195a4bb88a5beb0a90cc7445b0d26&oe=5FB329B1",
            "edge_liked_by": {
                "count": 0
            },
            "edge_media_preview_like": {
                "count": 0
            },
            "edge_media_to_caption": {
                "edges": []
            },
            "edge_media_to_comment": {
                "count": 0
            },
            "id": "2421387306273784104",
            "is_video": false,
            "owner": {
                "id": "936958544"
            },
            "shortcode": "CGafu0OFsEo",
            "taken_at_timestamp": 1602871882,
            "thumbnail_resources": [
                {
                    "config_height": 150,
                    "config_width": 150,
                    "src": "https://instagram.fabe1-1.fna.fbcdn.net/v/t51.2885-15/e35/c0.116.1080.1080a/s150x150/121661178_815454065870901_3572083756584986996_n.jpg?_nc_ht=instagram.fabe1-1.fna.fbcdn.net&_nc_cat=109&_nc_ohc=NXWZ55DaPaAAX8d8fZW&tp=16&oh=616b7740b903c47f3e820ca206907fbd&oe=5FB3C834"
                },
                {
                    "config_height": 240,
                    "config_width": 240,
                    "src": "https://instagram.fabe1-1.fna.fbcdn.net/v/t51.2885-15/e35/c0.116.1080.1080a/s240x240/121661178_815454065870901_3572083756584986996_n.jpg?_nc_ht=instagram.fabe1-1.fna.fbcdn.net&_nc_cat=109&_nc_ohc=NXWZ55DaPaAAX8d8fZW&tp=16&oh=5ed0463fe54eb00045151bfdd53052ac&oe=5FB2B036"
                },
                {
                    "config_height": 320,
                    "config_width": 320,
                    "src": "https://instagram.fabe1-1.fna.fbcdn.net/v/t51.2885-15/e35/c0.116.1080.1080a/s320x320/121661178_815454065870901_3572083756584986996_n.jpg?_nc_ht=instagram.fabe1-1.fna.fbcdn.net&_nc_cat=109&_nc_ohc=NXWZ55DaPaAAX8d8fZW&tp=16&oh=6214044a6072b7878f649aa4583f4efb&oe=5FB3904C"
                },
                {
                    "config_height": 480,
                    "config_width": 480,
                    "src": "https://instagram.fabe1-1.fna.fbcdn.net/v/t51.2885-15/e35/c0.116.1080.1080a/s480x480/121661178_815454065870901_3572083756584986996_n.jpg?_nc_ht=instagram.fabe1-1.fna.fbcdn.net&_nc_cat=109&_nc_ohc=NXWZ55DaPaAAX8d8fZW&tp=16&oh=51c7cd1f68f6694eb4d704351535ef7e&oe=5FB2990D"
                },
                {
                    "config_height": 640,
                    "config_width": 640,
                    "src": "https://instagram.fabe1-1.fna.fbcdn.net/v/t51.2885-15/sh0.08/e35/c0.116.1080.1080a/s640x640/121661178_815454065870901_3572083756584986996_n.jpg?_nc_ht=instagram.fabe1-1.fna.fbcdn.net&_nc_cat=109&_nc_ohc=NXWZ55DaPaAAX8d8fZW&oh=a90817b7b92335bd836c9e5766420e59&oe=5FB53504"
                }
            ],
            "thumbnail_src": "https://instagram.fabe1-1.fna.fbcdn.net/v/t51.2885-15/sh0.08/e35/c0.116.1080.1080a/s640x640/121661178_815454065870901_3572083756584986996_n.jpg?_nc_ht=instagram.fabe1-1.fna.fbcdn.net&_nc_cat=109&_nc_ohc=NXWZ55DaPaAAX8d8fZW&oh=a90817b7b92335bd836c9e5766420e59&oe=5FB53504",
            "urls": [
                "https://instagram.fabe1-1.fna.fbcdn.net/v/t51.2885-15/e35/121661178_815454065870901_3572083756584986996_n.jpg?_nc_ht=instagram.fabe1-1.fna.fbcdn.net&_nc_cat=109&_nc_ohc=NXWZ55DaPaAAX8d8fZW&_nc_tp=18&oh=0cb195a4bb88a5beb0a90cc7445b0d26&oe=5FB329B1"
            ]
        }
    ]
}