{
    "GraphImages": [
        {
            "comments_disabled": false,
            "dimensions": {
                "height": 1107,
                "width": 1080
            },
            "display_url": "https://instagram.fabe1-1.fna.fbcdn.net/v/t51.2885-15/e35/121614470_212135116925217_1218287337887574913_n.jpg?_nc_ht=instagram.fabe1-1.fna.fbcdn.net&_nc_cat=109&_nc_ohc=6EyzAEerQfIAX8kd5mj&_nc_tp=18&oh=8727b2a772b1c4621486c44c60c13945&oe=5FB4DABC",
            "edge_liked_by": {
                "count": 0
            },
            "edge_media_preview_like": {
                "count": 0
            },
            "edge_media_to_caption": {
                "edges": [
                    {
                        "node": {
                            "text": "𝐑𝐄𝐃 𝐟𝐨𝐫 𝐌𝐞𝐧 ♦️\n📣 Mejora el crecimiento muscular y el mantenimiento de la masa muscular magra\n📣 Aumenta la quema de grasa para una composición corporal más delgada\n📣 Mejora la resistencia y disminuye la fatiga .\n. \n.\n.\n#bodycarevital  #phoenixusa  #bluepinkbhip  #nonigia  #plan90dias  #plandetox  #cuidadovitaldelcuerpo  #sanfranciscoca #bakersfieldusa  #texas  #miami  #houston  #escondidoca  #atlantausa  #seattle #preguntaportuplan  #pierdepesoganavida  #louisvilleusa  #cuidatucuerpo  #vidamassaludable  #latinoseneeuu  #tomaelriesgo  #tratamientointensivo  #dejameayudartebhip"
                        }
                    }
                ]
            },
            "edge_media_to_comment": {
                "count": 0
            },
            "id": "2421492456250780062",
            "is_video": false,
            "owner": {
                "id": "34118547733"
            },
            "shortcode": "CGa3o8xHame",
            "tags": [
                "phoenixusa",
                "dejameayudartebhip",
                "tratamientointensivo",
                "nonigia",
                "houston",
                "plandetox",
                "tomaelriesgo",
                "vidamassaludable",
                "bodycarevital",
                "louisvilleusa",
                "cuidatucuerpo",
                "sanfranciscoca",
                "miami",
                "atlantausa",
                "latinoseneeuu",
                "plan90dias",
                "pierdepesoganavida",
                "escondidoca",
                "bakersfieldusa",
                "seattle",
                "texas",
                "cuidadovitaldelcuerpo",
                "preguntaportuplan",
                "bluepinkbhip"
            ],
            "taken_at_timestamp": 1602884417,
            "thumbnail_resources": [
                {
                    "config_height": 150,
                    "config_width": 150,
                    "src": "https://instagram.fabe1-1.fna.fbcdn.net/v/t51.2885-15/e35/c0.13.1053.1053a/s150x150/121614470_212135116925217_1218287337887574913_n.jpg?_nc_ht=instagram.fabe1-1.fna.fbcdn.net&_nc_cat=109&_nc_ohc=6EyzAEerQfIAX8kd5mj&tp=16&oh=6aed0c88f85e9fda7585cdd3f6b68e8e&oe=5FB303CF"
                },
                {
                    "config_height": 240,
                    "config_width": 240,
                    "src": "https://instagram.fabe1-1.fna.fbcdn.net/v/t51.2885-15/e35/c0.13.1053.1053a/s240x240/121614470_212135116925217_1218287337887574913_n.jpg?_nc_ht=instagram.fabe1-1.fna.fbcdn.net&_nc_cat=109&_nc_ohc=6EyzAEerQfIAX8kd5mj&tp=16&oh=0507616a0ac395e2b17e1bb26041f876&oe=5FB35749"
                },
                {
                    "config_height": 320,
                    "config_width": 320,
                    "src": "https://instagram.fabe1-1.fna.fbcdn.net/v/t51.2885-15/e35/c0.13.1053.1053a/s320x320/121614470_212135116925217_1218287337887574913_n.jpg?_nc_ht=instagram.fabe1-1.fna.fbcdn.net&_nc_cat=109&_nc_ohc=6EyzAEerQfIAX8kd5mj&tp=16&oh=064ccb04a018ba3839baf1205e0d3f44&oe=5FB45A37"
                },
                {
                    "config_height": 480,
                    "config_width": 480,
                    "src": "https://instagram.fabe1-1.fna.fbcdn.net/v/t51.2885-15/e35/c0.13.1053.1053a/s480x480/121614470_212135116925217_1218287337887574913_n.jpg?_nc_ht=instagram.fabe1-1.fna.fbcdn.net&_nc_cat=109&_nc_ohc=6EyzAEerQfIAX8kd5mj&tp=16&oh=13ee79e3d35e5336f7dc237fb1ffd158&oe=5FB479F2"
                },
                {
                    "config_height": 640,
                    "config_width": 640,
                    "src": "https://instagram.fabe1-1.fna.fbcdn.net/v/t51.2885-15/sh0.08/e35/c0.13.1053.1053a/s640x640/121614470_212135116925217_1218287337887574913_n.jpg?_nc_ht=instagram.fabe1-1.fna.fbcdn.net&_nc_cat=109&_nc_ohc=6EyzAEerQfIAX8kd5mj&oh=2761efc655ed7ccd9cafe1dc7e66e560&oe=5FB2C95A"
                }
            ],
            "thumbnail_src": "https://instagram.fabe1-1.fna.fbcdn.net/v/t51.2885-15/sh0.08/e35/c0.13.1053.1053a/s640x640/121614470_212135116925217_1218287337887574913_n.jpg?_nc_ht=instagram.fabe1-1.fna.fbcdn.net&_nc_cat=109&_nc_ohc=6EyzAEerQfIAX8kd5mj&oh=2761efc655ed7ccd9cafe1dc7e66e560&oe=5FB2C95A",
            "urls": [
                "https://instagram.fabe1-1.fna.fbcdn.net/v/t51.2885-15/e35/121614470_212135116925217_1218287337887574913_n.jpg?_nc_ht=instagram.fabe1-1.fna.fbcdn.net&_nc_cat=109&_nc_ohc=6EyzAEerQfIAX8kd5mj&_nc_tp=18&oh=8727b2a772b1c4621486c44c60c13945&oe=5FB4DABC"
            ]
        },
        {
            "comments_disabled": false,
            "dimensions": {
                "height": 1337,
                "width": 1080
            },
            "display_url": "https://instagram.fabe1-1.fna.fbcdn.net/v/t51.2885-15/fr/e15/p1080x1080/121997405_161933082238304_7310455855523331148_n.jpg?_nc_ht=instagram.fabe1-1.fna.fbcdn.net&_nc_cat=108&_nc_ohc=eeNIl89vm-sAX_wYq-W&oh=2c1509e70fa029108df1fe96ede8a09f&oe=5FB4E0BB",
            "edge_liked_by": {
                "count": 1
            },
            "edge_media_preview_like": {
                "count": 1
            },
            "edge_media_to_caption": {
                "edges": [
                    {
                        "node": {
                            "text": "⭐ Recordando estos momentos de disfrute en un lugar hermoso, 🏖 disfrutando de la más deliciosa compañía y la exquisitez de momentos que la naturaleza nos obsequia.\n\n¡Conectarse con la naturaleza también puede ayudarnos a reconectarnos con nosotros mismos! 🤍\n\n#spalife #saludholistica #amor #felicidad #esteticista #esthetician  #hispanosenusa #bosslady"
                        }
                    }
                ]
            },
            "edge_media_to_comment": {
                "count": 0
            },
            "id": "2421492416621103841",
            "is_video": false,
            "owner": {
                "id": "395743369"
            },
            "shortcode": "CGa3oX3AMrh",
            "tags": [
                "saludholistica",
                "felicidad",
                "esthetician",
                "bosslady",
                "spalife",
                "hispanosenusa",
                "esteticista",
                "amor"
            ],
            "taken_at_timestamp": 1602884412,
            "thumbnail_resources": [
                {
                    "config_height": 150,
                    "config_width": 150,
                    "src": "https://instagram.fabe1-1.fna.fbcdn.net/v/t51.2885-15/e15/c0.128.1080.1080a/s150x150/121997405_161933082238304_7310455855523331148_n.jpg?_nc_ht=instagram.fabe1-1.fna.fbcdn.net&_nc_cat=108&_nc_ohc=eeNIl89vm-sAX_wYq-W&tp=16&oh=afe754316ed9d058c6d4a81bffb57aa5&oe=5FB51EC3"
                },
                {
                    "config_height": 240,
                    "config_width": 240,
                    "src": "https://instagram.fabe1-1.fna.fbcdn.net/v/t51.2885-15/e15/c0.128.1080.1080a/s240x240/121997405_161933082238304_7310455855523331148_n.jpg?_nc_ht=instagram.fabe1-1.fna.fbcdn.net&_nc_cat=108&_nc_ohc=eeNIl89vm-sAX_wYq-W&tp=16&oh=afc15866c097c4cd36f68ddeba50d31a&oe=5FB1C345"
                },
                {
                    "config_height": 320,
                    "config_width": 320,
                    "src": "https://instagram.fabe1-1.fna.fbcdn.net/v/t51.2885-15/e15/c0.128.1080.1080a/s320x320/121997405_161933082238304_7310455855523331148_n.jpg?_nc_ht=instagram.fabe1-1.fna.fbcdn.net&_nc_cat=108&_nc_ohc=eeNIl89vm-sAX_wYq-W&tp=16&oh=9480153c49ced8baf941802dd72eafe4&oe=5FB29CBB"
                },
                {
                    "config_height": 480,
                    "config_width": 480,
                    "src": "https://instagram.fabe1-1.fna.fbcdn.net/v/t51.2885-15/e15/c0.128.1080.1080a/s480x480/121997405_161933082238304_7310455855523331148_n.jpg?_nc_ht=instagram.fabe1-1.fna.fbcdn.net&_nc_cat=108&_nc_ohc=eeNIl89vm-sAX_wYq-W&tp=16&oh=91a52b5f7721198b924878ba017146d4&oe=5FB3957E"
                },
                {
                    "config_height": 640,
                    "config_width": 640,
                    "src": "https://instagram.fabe1-1.fna.fbcdn.net/v/t51.2885-15/sh0.08/e35/c0.128.1080.1080a/s640x640/121997405_161933082238304_7310455855523331148_n.jpg?_nc_ht=instagram.fabe1-1.fna.fbcdn.net&_nc_cat=108&_nc_ohc=eeNIl89vm-sAX_wYq-W&oh=c3e3d182522ff33d640853feaf249bc6&oe=5FB23D95"
                }
            ],
            "thumbnail_src": "https://instagram.fabe1-1.fna.fbcdn.net/v/t51.2885-15/sh0.08/e35/c0.128.1080.1080a/s640x640/121997405_161933082238304_7310455855523331148_n.jpg?_nc_ht=instagram.fabe1-1.fna.fbcdn.net&_nc_cat=108&_nc_ohc=eeNIl89vm-sAX_wYq-W&oh=c3e3d182522ff33d640853feaf249bc6&oe=5FB23D95",
            "urls": [
                "https://instagram.fabe1-1.fna.fbcdn.net/v/t51.2885-15/fr/e15/p1080x1080/121997405_161933082238304_7310455855523331148_n.jpg?_nc_ht=instagram.fabe1-1.fna.fbcdn.net&_nc_cat=108&_nc_ohc=eeNIl89vm-sAX_wYq-W&oh=2c1509e70fa029108df1fe96ede8a09f&oe=5FB4E0BB",
                "https://instagram.fabe1-1.fna.fbcdn.net/v/t51.2885-15/fr/e15/p1080x1080/121504375_705534183379909_2813439827407693375_n.jpg?_nc_ht=instagram.fabe1-1.fna.fbcdn.net&_nc_cat=101&_nc_ohc=YlYJwqFzhBAAX_GoZW4&oh=b20b09061655b7bf756ecf6a581f78d4&oe=5FB4CEC3",
                "https://instagram.fabe1-1.fna.fbcdn.net/v/t51.2885-15/fr/e15/p1080x1080/121623794_1029984240757651_4444918616269375205_n.jpg?_nc_ht=instagram.fabe1-1.fna.fbcdn.net&_nc_cat=107&_nc_ohc=66xrYCHULnoAX-pGsL3&oh=dfb9f6809c0ec58f74b64fdb95c642ca&oe=5FB569A7"
            ]
        },
        {
            "comments_disabled": false,
            "dimensions": {
                "height": 1350,
                "width": 1080
            },
            "display_url": "https://instagram.fabe1-1.fna.fbcdn.net/v/t51.2885-15/e35/p1080x1080/121674382_783379889112287_7634797217613477081_n.jpg?_nc_ht=instagram.fabe1-1.fna.fbcdn.net&_nc_cat=111&_nc_ohc=-upowZsygwoAX8jFBAv&tp=19&oh=691f77278d42e01224a45ccd9566de98&oe=5FB23E73",
            "edge_liked_by": {
                "count": 1
            },
            "edge_media_preview_like": {
                "count": 1
            },
            "edge_media_to_caption": {
                "edges": [
                    {
                        "node": {
                            "text": "Short hair don’t care😜"
                        }
                    }
                ]
            },
            "edge_media_to_comment": {
                "count": 0
            },
            "id": "2421492280943973149",
            "is_video": false,
            "owner": {
                "id": "14184771779"
            },
            "shortcode": "CGa3mZgBBMd",
            "tags": [],
            "taken_at_timestamp": 1602884396,
            "thumbnail_resources": [
                {
                    "config_height": 150,
                    "config_width": 150,
                    "src": "https://instagram.fabe1-1.fna.fbcdn.net/v/t51.2885-15/e35/c0.180.1440.1440a/s150x150/121674382_783379889112287_7634797217613477081_n.jpg?_nc_ht=instagram.fabe1-1.fna.fbcdn.net&_nc_cat=111&_nc_ohc=-upowZsygwoAX8jFBAv&tp=16&oh=d281c7e5a5e1b630d0cb15dc838560ee&oe=5FB2F7E7"
                },
                {
                    "config_height": 240,
                    "config_width": 240,
                    "src": "https://instagram.fabe1-1.fna.fbcdn.net/v/t51.2885-15/e35/c0.180.1440.1440a/s240x240/121674382_783379889112287_7634797217613477081_n.jpg?_nc_ht=instagram.fabe1-1.fna.fbcdn.net&_nc_cat=111&_nc_ohc=-upowZsygwoAX8jFBAv&tp=16&oh=8f246130640c04d59069f5c00f199c7e&oe=5FB410E1"
                },
                {
                    "config_height": 320,
                    "config_width": 320,
                    "src": "https://instagram.fabe1-1.fna.fbcdn.net/v/t51.2885-15/e35/c0.180.1440.1440a/s320x320/121674382_783379889112287_7634797217613477081_n.jpg?_nc_ht=instagram.fabe1-1.fna.fbcdn.net&_nc_cat=111&_nc_ohc=-upowZsygwoAX8jFBAv&tp=16&oh=084270a34c2f431dc7eca5b260fe2eb0&oe=5FB41E1F"
                },
                {
                    "config_height": 480,
                    "config_width": 480,
                    "src": "https://instagram.fabe1-1.fna.fbcdn.net/v/t51.2885-15/e35/c0.180.1440.1440a/s480x480/121674382_783379889112287_7634797217613477081_n.jpg?_nc_ht=instagram.fabe1-1.fna.fbcdn.net&_nc_cat=111&_nc_ohc=-upowZsygwoAX8jFBAv&tp=16&oh=ec321ee9d13e6c60e267c662c8201f64&oe=5FB2265A"
                },
                {
                    "config_height": 640,
                    "config_width": 640,
                    "src": "https://instagram.fabe1-1.fna.fbcdn.net/v/t51.2885-15/sh0.08/e35/c0.180.1440.1440a/s640x640/121674382_783379889112287_7634797217613477081_n.jpg?_nc_ht=instagram.fabe1-1.fna.fbcdn.net&_nc_cat=111&_nc_ohc=-upowZsygwoAX8jFBAv&oh=a840235b0e177efa7d83fc0287a16167&oe=5FB4FF57"
                }
            ],
            "thumbnail_src": "https://instagram.fabe1-1.fna.fbcdn.net/v/t51.2885-15/sh0.08/e35/c0.180.1440.1440a/s640x640/121674382_783379889112287_7634797217613477081_n.jpg?_nc_ht=instagram.fabe1-1.fna.fbcdn.net&_nc_cat=111&_nc_ohc=-upowZsygwoAX8jFBAv&oh=a840235b0e177efa7d83fc0287a16167&oe=5FB4FF57",
            "urls": [
                "https://instagram.fabe1-1.fna.fbcdn.net/v/t51.2885-15/e35/p1080x1080/121674382_783379889112287_7634797217613477081_n.jpg?_nc_ht=instagram.fabe1-1.fna.fbcdn.net&_nc_cat=111&_nc_ohc=-upowZsygwoAX8jFBAv&tp=19&oh=691f77278d42e01224a45ccd9566de98&oe=5FB23E73",
                "https://instagram.fabe1-1.fna.fbcdn.net/v/t51.2885-15/e35/p1080x1080/121659983_826220911467510_8810645039278900742_n.jpg?_nc_ht=instagram.fabe1-1.fna.fbcdn.net&_nc_cat=106&_nc_ohc=n6kSX3bBoE0AX8wSvr9&tp=19&oh=202e9203dd75b2422285c87d6027bc67&oe=5FB3E8E0"
            ]
        },
        {
            "comments_disabled": false,
            "dimensions": {
                "height": 1080,
                "width": 1080
            },
            "display_url": "https://instagram.fabe1-1.fna.fbcdn.net/v/t51.2885-15/e35/121827602_257269622389484_1256419089269037060_n.jpg?_nc_ht=instagram.fabe1-1.fna.fbcdn.net&_nc_cat=108&_nc_ohc=_MNq2oHGFvcAX_oebAW&_nc_tp=18&oh=58693689255a583a61fdb25144d1d4de&oe=5FB47E61",
            "edge_liked_by": {
                "count": 1
            },
            "edge_media_preview_like": {
                "count": 1
            },
            "edge_media_to_caption": {
                "edges": [
                    {
                        "node": {
                            "text": "You have to believe in yourself when no one else does🤩that makes you a winner right there💪🏻"
                        }
                    }
                ]
            },
            "edge_media_to_comment": {
                "count": 1
            },
            "id": "2421492116494404285",
            "is_video": false,
            "owner": {
                "id": "8601339038"
            },
            "shortcode": "CGa3kAWDsq9",
            "tags": [],
            "taken_at_timestamp": 1602884376,
            "thumbnail_resources": [
                {
                    "config_height": 150,
                    "config_width": 150,
                    "src": "https://instagram.fabe1-1.fna.fbcdn.net/v/t51.2885-15/e35/s150x150/121827602_257269622389484_1256419089269037060_n.jpg?_nc_ht=instagram.fabe1-1.fna.fbcdn.net&_nc_cat=108&_nc_ohc=_MNq2oHGFvcAX_oebAW&_nc_tp=15&oh=8ba5ff1b3a08d2016ff544afaab2938e&oe=5FB52FE0"
                },
                {
                    "config_height": 240,
                    "config_width": 240,
                    "src": "https://instagram.fabe1-1.fna.fbcdn.net/v/t51.2885-15/e35/s240x240/121827602_257269622389484_1256419089269037060_n.jpg?_nc_ht=instagram.fabe1-1.fna.fbcdn.net&_nc_cat=108&_nc_ohc=_MNq2oHGFvcAX_oebAW&_nc_tp=15&oh=e8bb618639c631a4c42746dfe18873e1&oe=5FB4765A"
                },
                {
                    "config_height": 320,
                    "config_width": 320,
                    "src": "https://instagram.fabe1-1.fna.fbcdn.net/v/t51.2885-15/e35/s320x320/121827602_257269622389484_1256419089269037060_n.jpg?_nc_ht=instagram.fabe1-1.fna.fbcdn.net&_nc_cat=108&_nc_ohc=_MNq2oHGFvcAX_oebAW&_nc_tp=15&oh=4c195c6139b9fa032805c6a960c0640a&oe=5FB1DEA8"
                },
                {
                    "config_height": 480,
                    "config_width": 480,
                    "src": "https://instagram.fabe1-1.fna.fbcdn.net/v/t51.2885-15/e35/s480x480/121827602_257269622389484_1256419089269037060_n.jpg?_nc_ht=instagram.fabe1-1.fna.fbcdn.net&_nc_cat=108&_nc_ohc=_MNq2oHGFvcAX_oebAW&_nc_tp=15&oh=1837d7cc649348a5c588e8a266f1553d&oe=5FB507E1"
                },
                {
                    "config_height": 640,
                    "config_width": 640,
                    "src": "https://instagram.fabe1-1.fna.fbcdn.net/v/t51.2885-15/sh0.08/e35/s640x640/121827602_257269622389484_1256419089269037060_n.jpg?_nc_ht=instagram.fabe1-1.fna.fbcdn.net&_nc_cat=108&_nc_ohc=_MNq2oHGFvcAX_oebAW&_nc_tp=24&oh=e62d3c3782c9c36ea9f9311a90feec73&oe=5FB47FDB"
                }
            ],
            "thumbnail_src": "https://instagram.fabe1-1.fna.fbcdn.net/v/t51.2885-15/sh0.08/e35/s640x640/121827602_257269622389484_1256419089269037060_n.jpg?_nc_ht=instagram.fabe1-1.fna.fbcdn.net&_nc_cat=108&_nc_ohc=_MNq2oHGFvcAX_oebAW&_nc_tp=24&oh=e62d3c3782c9c36ea9f9311a90feec73&oe=5FB47FDB",
            "urls": [
                "https://instagram.fabe1-1.fna.fbcdn.net/v/t51.2885-15/e35/121827602_257269622389484_1256419089269037060_n.jpg?_nc_ht=instagram.fabe1-1.fna.fbcdn.net&_nc_cat=108&_nc_ohc=_MNq2oHGFvcAX_oebAW&_nc_tp=18&oh=58693689255a583a61fdb25144d1d4de&oe=5FB47E61"
            ]
        }
    ]
}