{
    "GraphImages": [
        {
            "comments_disabled": false,
            "dimensions": {
                "height": 1266,
                "width": 1080
            },
            "display_url": "https://instagram.fabe1-1.fna.fbcdn.net/v/t51.2885-15/e35/p1080x1080/121512253_982154725636455_8436806783098216971_n.jpg?_nc_ht=instagram.fabe1-1.fna.fbcdn.net&_nc_cat=103&_nc_ohc=cDZ4V3nOzrcAX_YeIva&tp=19&oh=3b61673bada3ca3e8171eed8e4e21f7b&oe=5FB2C2C2",
            "edge_liked_by": {
                "count": 0
            },
            "edge_media_preview_like": {
                "count": 0
            },
            "edge_media_to_caption": {
                "edges": [
                    {
                        "node": {
                            "text": "👉🏻CAMISA R$55,00\n👉🏻CALÇÃO R$37,00"
                        }
                    }
                ]
            },
            "edge_media_to_comment": {
                "count": 0
            },
            "id": "2421486033378226503",
            "is_video": false,
            "owner": {
                "id": "3167800348"
            },
            "shortcode": "CGa2LfAFDFH",
            "tags": [],
            "taken_at_timestamp": 1602883651,
            "thumbnail_resources": [
                {
                    "config_height": 150,
                    "config_width": 150,
                    "src": "https://instagram.fabe1-1.fna.fbcdn.net/v/t51.2885-15/e35/c0.124.1440.1440a/s150x150/121512253_982154725636455_8436806783098216971_n.jpg?_nc_ht=instagram.fabe1-1.fna.fbcdn.net&_nc_cat=103&_nc_ohc=cDZ4V3nOzrcAX_YeIva&tp=16&oh=b3eda1d2c1bcee1738034defced34e81&oe=5FB53745"
                },
                {
                    "config_height": 240,
                    "config_width": 240,
                    "src": "https://instagram.fabe1-1.fna.fbcdn.net/v/t51.2885-15/e35/c0.124.1440.1440a/s240x240/121512253_982154725636455_8436806783098216971_n.jpg?_nc_ht=instagram.fabe1-1.fna.fbcdn.net&_nc_cat=103&_nc_ohc=cDZ4V3nOzrcAX_YeIva&tp=16&oh=6e62deba71a74f970a9959ce834487cc&oe=5FB45EC3"
                },
                {
                    "config_height": 320,
                    "config_width": 320,
                    "src": "https://instagram.fabe1-1.fna.fbcdn.net/v/t51.2885-15/e35/c0.124.1440.1440a/s320x320/121512253_982154725636455_8436806783098216971_n.jpg?_nc_ht=instagram.fabe1-1.fna.fbcdn.net&_nc_cat=103&_nc_ohc=cDZ4V3nOzrcAX_YeIva&tp=16&oh=d754572d8c68008613194c6b96f24c2e&oe=5FB531BD"
                },
                {
                    "config_height": 480,
                    "config_width": 480,
                    "src": "https://instagram.fabe1-1.fna.fbcdn.net/v/t51.2885-15/e35/c0.124.1440.1440a/s480x480/121512253_982154725636455_8436806783098216971_n.jpg?_nc_ht=instagram.fabe1-1.fna.fbcdn.net&_nc_cat=103&_nc_ohc=cDZ4V3nOzrcAX_YeIva&tp=16&oh=63adac3d9773d7e1123028e79afbf6d4&oe=5FB3867C"
                },
                {
                    "config_height": 640,
                    "config_width": 640,
                    "src": "https://instagram.fabe1-1.fna.fbcdn.net/v/t51.2885-15/sh0.08/e35/c0.124.1440.1440a/s640x640/121512253_982154725636455_8436806783098216971_n.jpg?_nc_ht=instagram.fabe1-1.fna.fbcdn.net&_nc_cat=103&_nc_ohc=cDZ4V3nOzrcAX_YeIva&oh=5f7214f34ec0686d3e4dbd6b3ff60217&oe=5FB2D275"
                }
            ],
            "thumbnail_src": "https://instagram.fabe1-1.fna.fbcdn.net/v/t51.2885-15/sh0.08/e35/c0.124.1440.1440a/s640x640/121512253_982154725636455_8436806783098216971_n.jpg?_nc_ht=instagram.fabe1-1.fna.fbcdn.net&_nc_cat=103&_nc_ohc=cDZ4V3nOzrcAX_YeIva&oh=5f7214f34ec0686d3e4dbd6b3ff60217&oe=5FB2D275",
            "urls": [
                "https://instagram.fabe1-1.fna.fbcdn.net/v/t51.2885-15/e35/p1080x1080/121512253_982154725636455_8436806783098216971_n.jpg?_nc_ht=instagram.fabe1-1.fna.fbcdn.net&_nc_cat=103&_nc_ohc=cDZ4V3nOzrcAX_YeIva&tp=19&oh=3b61673bada3ca3e8171eed8e4e21f7b&oe=5FB2C2C2",
                "https://instagram.fabe1-1.fna.fbcdn.net/v/t51.2885-15/e35/p1080x1080/121540115_821769688590395_6323923628256446766_n.jpg?_nc_ht=instagram.fabe1-1.fna.fbcdn.net&_nc_cat=111&_nc_ohc=9UmENk0dfCoAX9p4BOJ&tp=19&oh=af3e784d9cd7b8ff1b2fa71d180347f5&oe=5FB2A2BE",
                "https://instagram.fabe1-1.fna.fbcdn.net/v/t51.2885-15/e35/p1080x1080/121600189_346634029742053_6247487281806686926_n.jpg?_nc_ht=instagram.fabe1-1.fna.fbcdn.net&_nc_cat=101&_nc_ohc=OzMkOFUOlPkAX-d-1DA&tp=19&oh=af80fdd76ed9fba08bad8d94490fcea1&oe=5FB2BBEE"
            ]
        },
        {
            "comments_disabled": false,
            "dimensions": {
                "height": 422,
                "width": 750
            },
            "display_url": "https://instagram.fabe1-1.fna.fbcdn.net/v/t51.2885-15/e35/121680438_2762678783976026_370154295820644923_n.jpg?_nc_ht=instagram.fabe1-1.fna.fbcdn.net&_nc_cat=102&_nc_ohc=ur03083Q6PMAX92TBfo&_nc_tp=18&oh=d40f1e8e20506ad3da06ebd91956da2b&oe=5F8C52E7",
            "edge_liked_by": {
                "count": 0
            },
            "edge_media_preview_like": {
                "count": 0
            },
            "edge_media_to_caption": {
                "edges": [
                    {
                        "node": {
                            "text": "Great day! LMFAO"
                        }
                    }
                ]
            },
            "edge_media_to_comment": {
                "count": 0
            },
            "id": "2421485851629324672",
            "is_video": true,
            "owner": {
                "id": "386592315"
            },
            "shortcode": "CGa2I1vAAmA",
            "tags": [],
            "taken_at_timestamp": 1602883650,
            "thumbnail_resources": [
                {
                    "config_height": 150,
                    "config_width": 150,
                    "src": "https://instagram.fabe1-1.fna.fbcdn.net/v/t51.2885-15/e35/c157.0.406.406a/s150x150/121680438_2762678783976026_370154295820644923_n.jpg?_nc_ht=instagram.fabe1-1.fna.fbcdn.net&_nc_cat=102&_nc_ohc=ur03083Q6PMAX92TBfo&tp=16&oh=6fdbce457808130a72e5dbf9e4513976&oe=5F8C3B22"
                },
                {
                    "config_height": 240,
                    "config_width": 240,
                    "src": "https://instagram.fabe1-1.fna.fbcdn.net/v/t51.2885-15/e35/c157.0.406.406a/s240x240/121680438_2762678783976026_370154295820644923_n.jpg?_nc_ht=instagram.fabe1-1.fna.fbcdn.net&_nc_cat=102&_nc_ohc=ur03083Q6PMAX92TBfo&tp=16&oh=149c3b943693f6a0c8c2e83fba144e4d&oe=5F8C7C68"
                },
                {
                    "config_height": 320,
                    "config_width": 320,
                    "src": "https://instagram.fabe1-1.fna.fbcdn.net/v/t51.2885-15/e35/c157.0.406.406a/s320x320/121680438_2762678783976026_370154295820644923_n.jpg?_nc_ht=instagram.fabe1-1.fna.fbcdn.net&_nc_cat=102&_nc_ohc=ur03083Q6PMAX92TBfo&tp=16&oh=7c8ec6747081c556790ae84c8803962f&oe=5F8C509A"
                },
                {
                    "config_height": 480,
                    "config_width": 480,
                    "src": "https://instagram.fabe1-1.fna.fbcdn.net/v/t51.2885-15/e35/c157.0.406.406a/121680438_2762678783976026_370154295820644923_n.jpg?_nc_ht=instagram.fabe1-1.fna.fbcdn.net&_nc_cat=102&_nc_ohc=ur03083Q6PMAX92TBfo&oh=c3aa11548cda187b95688d628462bc73&oe=5F8C8833"
                },
                {
                    "config_height": 640,
                    "config_width": 640,
                    "src": "https://instagram.fabe1-1.fna.fbcdn.net/v/t51.2885-15/e35/c157.0.406.406a/121680438_2762678783976026_370154295820644923_n.jpg?_nc_ht=instagram.fabe1-1.fna.fbcdn.net&_nc_cat=102&_nc_ohc=ur03083Q6PMAX92TBfo&oh=c3aa11548cda187b95688d628462bc73&oe=5F8C8833"
                }
            ],
            "thumbnail_src": "https://instagram.fabe1-1.fna.fbcdn.net/v/t51.2885-15/e35/c157.0.406.406a/121680438_2762678783976026_370154295820644923_n.jpg?_nc_ht=instagram.fabe1-1.fna.fbcdn.net&_nc_cat=102&_nc_ohc=ur03083Q6PMAX92TBfo&oh=c3aa11548cda187b95688d628462bc73&oe=5F8C8833",
            "urls": [
                "https://instagram.fabe1-1.fna.fbcdn.net/v/t50.2886-16/121710639_256895459092123_5120725039739700616_n.mp4?_nc_ht=instagram.fabe1-1.fna.fbcdn.net&_nc_cat=107&_nc_ohc=28cSyqZ8_1AAX9EzNlD&oe=5F8C8736&oh=366f7f34582dcf475a545fbb1790dc13"
            ],
            "video_view_count": 0
        },
        {
            "comments_disabled": false,
            "dimensions": {
                "height": 1350,
                "width": 1080
            },
            "display_url": "https://instagram.fabe1-1.fna.fbcdn.net/v/t51.2885-15/e35/121571614_647488115970260_9051659779822071375_n.jpg?_nc_ht=instagram.fabe1-1.fna.fbcdn.net&_nc_cat=108&_nc_ohc=qEGU7M4Yk-0AX-A62EV&_nc_tp=18&oh=b4594d12eada3993f8ecad7a4b4630d3&oe=5FB277A5",
            "edge_liked_by": {
                "count": 2
            },
            "edge_media_preview_like": {
                "count": 2
            },
            "edge_media_to_caption": {
                "edges": [
                    {
                        "node": {
                            "text": "got me walkin' on a thin line on my tippy toes"
                        }
                    }
                ]
            },
            "edge_media_to_comment": {
                "count": 0
            },
            "id": "2421485694738225423",
            "is_video": false,
            "owner": {
                "id": "1224176077"
            },
            "shortcode": "CGa2Gjnj9kP",
            "tags": [],
            "taken_at_timestamp": 1602883611,
            "thumbnail_resources": [
                {
                    "config_height": 150,
                    "config_width": 150,
                    "src": "https://instagram.fabe1-1.fna.fbcdn.net/v/t51.2885-15/e35/c0.104.833.833a/s150x150/121571614_647488115970260_9051659779822071375_n.jpg?_nc_ht=instagram.fabe1-1.fna.fbcdn.net&_nc_cat=108&_nc_ohc=qEGU7M4Yk-0AX-A62EV&tp=16&oh=43c9339b36683355d163ab3c02931219&oe=5FB2A615"
                },
                {
                    "config_height": 240,
                    "config_width": 240,
                    "src": "https://instagram.fabe1-1.fna.fbcdn.net/v/t51.2885-15/e35/c0.104.833.833a/s240x240/121571614_647488115970260_9051659779822071375_n.jpg?_nc_ht=instagram.fabe1-1.fna.fbcdn.net&_nc_cat=108&_nc_ohc=qEGU7M4Yk-0AX-A62EV&tp=16&oh=f1770694f4bb4583205f89210b739b2d&oe=5FB20493"
                },
                {
                    "config_height": 320,
                    "config_width": 320,
                    "src": "https://instagram.fabe1-1.fna.fbcdn.net/v/t51.2885-15/e35/c0.104.833.833a/s320x320/121571614_647488115970260_9051659779822071375_n.jpg?_nc_ht=instagram.fabe1-1.fna.fbcdn.net&_nc_cat=108&_nc_ohc=qEGU7M4Yk-0AX-A62EV&tp=16&oh=b9517d505d037f586d5ebdf869dafe44&oe=5FB575ED"
                },
                {
                    "config_height": 480,
                    "config_width": 480,
                    "src": "https://instagram.fabe1-1.fna.fbcdn.net/v/t51.2885-15/e35/c0.104.833.833a/s480x480/121571614_647488115970260_9051659779822071375_n.jpg?_nc_ht=instagram.fabe1-1.fna.fbcdn.net&_nc_cat=108&_nc_ohc=qEGU7M4Yk-0AX-A62EV&tp=16&oh=5bad4994ee922917e7a5aaa11559a92e&oe=5FB409AC"
                },
                {
                    "config_height": 640,
                    "config_width": 640,
                    "src": "https://instagram.fabe1-1.fna.fbcdn.net/v/t51.2885-15/sh0.08/e35/c0.104.833.833a/s640x640/121571614_647488115970260_9051659779822071375_n.jpg?_nc_ht=instagram.fabe1-1.fna.fbcdn.net&_nc_cat=108&_nc_ohc=qEGU7M4Yk-0AX-A62EV&oh=342069bfda6476667e218297e750f276&oe=5FB497D4"
                }
            ],
            "thumbnail_src": "https://instagram.fabe1-1.fna.fbcdn.net/v/t51.2885-15/sh0.08/e35/c0.104.833.833a/s640x640/121571614_647488115970260_9051659779822071375_n.jpg?_nc_ht=instagram.fabe1-1.fna.fbcdn.net&_nc_cat=108&_nc_ohc=qEGU7M4Yk-0AX-A62EV&oh=342069bfda6476667e218297e750f276&oe=5FB497D4",
            "urls": [
                "https://instagram.fabe1-1.fna.fbcdn.net/v/t51.2885-15/e35/121571614_647488115970260_9051659779822071375_n.jpg?_nc_ht=instagram.fabe1-1.fna.fbcdn.net&_nc_cat=108&_nc_ohc=qEGU7M4Yk-0AX-A62EV&_nc_tp=18&oh=b4594d12eada3993f8ecad7a4b4630d3&oe=5FB277A5"
            ]
        },
        {
            "comments_disabled": false,
            "dimensions": {
                "height": 936,
                "width": 750
            },
            "display_url": "https://instagram.fabe1-1.fna.fbcdn.net/v/t51.2885-15/e35/121576003_761098494439987_8251820010472092317_n.jpg?_nc_ht=instagram.fabe1-1.fna.fbcdn.net&_nc_cat=107&_nc_ohc=8AN20nK286YAX9H5mgh&_nc_tp=18&oh=3f155f9c6d33db737b1fa26c4bd4c74d&oe=5FB2818A",
            "edge_liked_by": {
                "count": 1
            },
            "edge_media_preview_like": {
                "count": 1
            },
            "edge_media_to_caption": {
                "edges": [
                    {
                        "node": {
                            "text": "ART APPRECIATION POST:\nKEITH HARRING- American artist Keith Haring was best known for his graffiti-inspired drawings, which he first made in subway stations and later exhibited in museums. His pop art and graffiti-like work grew out of the New York City street culture of the 1980s. Much of his work includes sexual allusions that turned into social activism. He achieved this by using sexual images to advocate for safe sex and AIDS awareness.\n.\n.\n.\n.\n#art #arthistory #artlover #artinfo #artinformation #artists #famousartists #artonline #artschool #modernart #contemporaryart #contemporaryartist #artforsale #popartist #keithharring#galleryart#streetart #popart #artcollective #artfollow #artistoftheday #artoftheday #artshare #artsy #americanart  #artcollector #artcollection #artbasel #artmiami #keithharing"
                        }
                    }
                ]
            },
            "edge_media_to_comment": {
                "count": 0
            },
            "id": "2421485367615430528",
            "is_video": false,
            "owner": {
                "id": "20741236666"
            },
            "shortcode": "CGa2By9hh-A",
            "tags": [
                "modernart",
                "artinfo",
                "americanart",
                "keithharring",
                "arthistory",
                "streetart",
                "popartist",
                "contemporaryart",
                "artistoftheday",
                "artschool",
                "artists",
                "artoftheday",
                "contemporaryartist",
                "artforsale",
                "popart",
                "galleryart",
                "artlover",
                "artshare",
                "artmiami",
                "artsy",
                "artcollector",
                "keithharing",
                "artcollective",
                "artfollow",
                "artinformation",
                "famousartists",
                "artcollection",
                "art",
                "artonline",
                "artbasel"
            ],
            "taken_at_timestamp": 1602883572,
            "thumbnail_resources": [
                {
                    "config_height": 150,
                    "config_width": 150,
                    "src": "https://instagram.fabe1-1.fna.fbcdn.net/v/t51.2885-15/e35/c0.83.666.666a/s150x150/121576003_761098494439987_8251820010472092317_n.jpg?_nc_ht=instagram.fabe1-1.fna.fbcdn.net&_nc_cat=107&_nc_ohc=8AN20nK286YAX9H5mgh&tp=16&oh=d622b3af808e4c58e47f8312640ad77a&oe=5FB58C23"
                },
                {
                    "config_height": 240,
                    "config_width": 240,
                    "src": "https://instagram.fabe1-1.fna.fbcdn.net/v/t51.2885-15/e35/c0.83.666.666a/s240x240/121576003_761098494439987_8251820010472092317_n.jpg?_nc_ht=instagram.fabe1-1.fna.fbcdn.net&_nc_cat=107&_nc_ohc=8AN20nK286YAX9H5mgh&tp=16&oh=14952df9a076d2143c1b36907d9b2d7b&oe=5FB38525"
                },
                {
                    "config_height": 320,
                    "config_width": 320,
                    "src": "https://instagram.fabe1-1.fna.fbcdn.net/v/t51.2885-15/e35/c0.83.666.666a/s320x320/121576003_761098494439987_8251820010472092317_n.jpg?_nc_ht=instagram.fabe1-1.fna.fbcdn.net&_nc_cat=107&_nc_ohc=8AN20nK286YAX9H5mgh&tp=16&oh=70658833f2aa5f72f0e9adfec310ac8a&oe=5FB564DB"
                },
                {
                    "config_height": 480,
                    "config_width": 480,
                    "src": "https://instagram.fabe1-1.fna.fbcdn.net/v/t51.2885-15/e35/c0.83.666.666a/s480x480/121576003_761098494439987_8251820010472092317_n.jpg?_nc_ht=instagram.fabe1-1.fna.fbcdn.net&_nc_cat=107&_nc_ohc=8AN20nK286YAX9H5mgh&tp=16&oh=83d3544687b68838acfd49e15c77ffa9&oe=5FB4891E"
                },
                {
                    "config_height": 640,
                    "config_width": 640,
                    "src": "https://instagram.fabe1-1.fna.fbcdn.net/v/t51.2885-15/sh0.08/e35/c0.83.666.666a/s640x640/121576003_761098494439987_8251820010472092317_n.jpg?_nc_ht=instagram.fabe1-1.fna.fbcdn.net&_nc_cat=107&_nc_ohc=8AN20nK286YAX9H5mgh&oh=651204f80f60a3820a7d524271e01f12&oe=5FB47C97"
                }
            ],
            "thumbnail_src": "https://instagram.fabe1-1.fna.fbcdn.net/v/t51.2885-15/sh0.08/e35/c0.83.666.666a/s640x640/121576003_761098494439987_8251820010472092317_n.jpg?_nc_ht=instagram.fabe1-1.fna.fbcdn.net&_nc_cat=107&_nc_ohc=8AN20nK286YAX9H5mgh&oh=651204f80f60a3820a7d524271e01f12&oe=5FB47C97",
            "urls": [
                "https://instagram.fabe1-1.fna.fbcdn.net/v/t51.2885-15/e35/121576003_761098494439987_8251820010472092317_n.jpg?_nc_ht=instagram.fabe1-1.fna.fbcdn.net&_nc_cat=107&_nc_ohc=8AN20nK286YAX9H5mgh&_nc_tp=18&oh=3f155f9c6d33db737b1fa26c4bd4c74d&oe=5FB2818A"
            ]
        }
    ]
}