{
    "GraphImages": [
        {
            "comments_disabled": false,
            "dimensions": {
                "height": 1349,
                "width": 1080
            },
            "display_url": "https://instagram.fabe1-1.fna.fbcdn.net/v/t51.2885-15/e35/p1080x1080/121805117_648207932507154_7093941632143567984_n.jpg?_nc_ht=instagram.fabe1-1.fna.fbcdn.net&_nc_cat=106&_nc_ohc=YCOqOSOGCRQAX_KQ-Eg&tp=19&oh=3bfb1da11ec8fbe9b4613d4f78fffb79&oe=5FB41BA1",
            "edge_liked_by": {
                "count": 0
            },
            "edge_media_preview_like": {
                "count": 0
            },
            "edge_media_to_caption": {
                "edges": [
                    {
                        "node": {
                            "text": "Be proud of what you do for a living. Only you can write your own checks wherever and whenever you want. There is power in the phone 🌎📲"
                        }
                    }
                ]
            },
            "edge_media_to_comment": {
                "count": 1
            },
            "id": "2421527060441688088",
            "is_video": false,
            "owner": {
                "id": "278188849"
            },
            "shortcode": "CGa_ggbn2gY",
            "tags": [],
            "taken_at_timestamp": 1602888542,
            "thumbnail_resources": [
                {
                    "config_height": 150,
                    "config_width": 150,
                    "src": "https://instagram.fabe1-1.fna.fbcdn.net/v/t51.2885-15/e35/c0.175.1406.1406a/s150x150/121805117_648207932507154_7093941632143567984_n.jpg?_nc_ht=instagram.fabe1-1.fna.fbcdn.net&_nc_cat=106&_nc_ohc=YCOqOSOGCRQAX_KQ-Eg&tp=16&oh=40a3b3f2eebfcf32acb34c2e7597508c&oe=5FB41F00"
                },
                {
                    "config_height": 240,
                    "config_width": 240,
                    "src": "https://instagram.fabe1-1.fna.fbcdn.net/v/t51.2885-15/e35/c0.175.1406.1406a/s240x240/121805117_648207932507154_7093941632143567984_n.jpg?_nc_ht=instagram.fabe1-1.fna.fbcdn.net&_nc_cat=106&_nc_ohc=YCOqOSOGCRQAX_KQ-Eg&tp=16&oh=90c883fdb365134256d8c25642986dec&oe=5FB489FA"
                },
                {
                    "config_height": 320,
                    "config_width": 320,
                    "src": "https://instagram.fabe1-1.fna.fbcdn.net/v/t51.2885-15/e35/c0.175.1406.1406a/s320x320/121805117_648207932507154_7093941632143567984_n.jpg?_nc_ht=instagram.fabe1-1.fna.fbcdn.net&_nc_cat=106&_nc_ohc=YCOqOSOGCRQAX_KQ-Eg&tp=16&oh=5ee8e95bbbe97e9556d526db5ecdbb2e&oe=5FB3AB08"
                },
                {
                    "config_height": 480,
                    "config_width": 480,
                    "src": "https://instagram.fabe1-1.fna.fbcdn.net/v/t51.2885-15/e35/c0.175.1406.1406a/s480x480/121805117_648207932507154_7093941632143567984_n.jpg?_nc_ht=instagram.fabe1-1.fna.fbcdn.net&_nc_cat=106&_nc_ohc=YCOqOSOGCRQAX_KQ-Eg&tp=16&oh=aab0d9c169668d73f786eb0ff3098110&oe=5FB3A2C1"
                },
                {
                    "config_height": 640,
                    "config_width": 640,
                    "src": "https://instagram.fabe1-1.fna.fbcdn.net/v/t51.2885-15/sh0.08/e35/c0.175.1406.1406a/s640x640/121805117_648207932507154_7093941632143567984_n.jpg?_nc_ht=instagram.fabe1-1.fna.fbcdn.net&_nc_cat=106&_nc_ohc=YCOqOSOGCRQAX_KQ-Eg&oh=5d65164b0a740c4c310549ebe8f9e43b&oe=5FB54C50"
                }
            ],
            "thumbnail_src": "https://instagram.fabe1-1.fna.fbcdn.net/v/t51.2885-15/sh0.08/e35/c0.175.1406.1406a/s640x640/121805117_648207932507154_7093941632143567984_n.jpg?_nc_ht=instagram.fabe1-1.fna.fbcdn.net&_nc_cat=106&_nc_ohc=YCOqOSOGCRQAX_KQ-Eg&oh=5d65164b0a740c4c310549ebe8f9e43b&oe=5FB54C50",
            "urls": [
                "https://instagram.fabe1-1.fna.fbcdn.net/v/t51.2885-15/e35/p1080x1080/121805117_648207932507154_7093941632143567984_n.jpg?_nc_ht=instagram.fabe1-1.fna.fbcdn.net&_nc_cat=106&_nc_ohc=YCOqOSOGCRQAX_KQ-Eg&tp=19&oh=3bfb1da11ec8fbe9b4613d4f78fffb79&oe=5FB41BA1"
            ]
        },
        {
            "comments_disabled": false,
            "dimensions": {
                "height": 1349,
                "width": 1080
            },
            "display_url": "https://instagram.fabe1-1.fna.fbcdn.net/v/t51.2885-15/e35/p1080x1080/121598511_164554122028904_8717863844292914461_n.jpg?_nc_ht=instagram.fabe1-1.fna.fbcdn.net&_nc_cat=108&_nc_ohc=xR-jXIUtFBEAX_qwM8V&tp=19&oh=27fa3d6aa953b759a2925f7c0d4cd3d5&oe=5FB1CC36",
            "edge_liked_by": {
                "count": 1
            },
            "edge_media_preview_like": {
                "count": 1
            },
            "edge_media_to_caption": {
                "edges": [
                    {
                        "node": {
                            "text": "It’s the being an ✨ A L C H E M I S T ✨ for me 🤍♾ #loml #throwback"
                        }
                    }
                ]
            },
            "edge_media_to_comment": {
                "count": 1
            },
            "id": "2421526957696757138",
            "is_video": false,
            "owner": {
                "id": "351885757"
            },
            "shortcode": "CGa_fAvjC2S",
            "tags": [
                "throwback",
                "loml"
            ],
            "taken_at_timestamp": 1602888529,
            "thumbnail_resources": [
                {
                    "config_height": 150,
                    "config_width": 150,
                    "src": "https://instagram.fabe1-1.fna.fbcdn.net/v/t51.2885-15/e35/c0.179.1440.1440a/s150x150/121598511_164554122028904_8717863844292914461_n.jpg?_nc_ht=instagram.fabe1-1.fna.fbcdn.net&_nc_cat=108&_nc_ohc=xR-jXIUtFBEAX_qwM8V&tp=16&oh=268067c371b32adfee288115f531db1c&oe=5FB33E46"
                },
                {
                    "config_height": 240,
                    "config_width": 240,
                    "src": "https://instagram.fabe1-1.fna.fbcdn.net/v/t51.2885-15/e35/c0.179.1440.1440a/s240x240/121598511_164554122028904_8717863844292914461_n.jpg?_nc_ht=instagram.fabe1-1.fna.fbcdn.net&_nc_cat=108&_nc_ohc=xR-jXIUtFBEAX_qwM8V&tp=16&oh=e39f0a18793e1becd05e6c25f3b6168b&oe=5FB24C44"
                },
                {
                    "config_height": 320,
                    "config_width": 320,
                    "src": "https://instagram.fabe1-1.fna.fbcdn.net/v/t51.2885-15/e35/c0.179.1440.1440a/s320x320/121598511_164554122028904_8717863844292914461_n.jpg?_nc_ht=instagram.fabe1-1.fna.fbcdn.net&_nc_cat=108&_nc_ohc=xR-jXIUtFBEAX_qwM8V&tp=16&oh=d32c185122104ade84e3f14d10681267&oe=5FB3743E"
                },
                {
                    "config_height": 480,
                    "config_width": 480,
                    "src": "https://instagram.fabe1-1.fna.fbcdn.net/v/t51.2885-15/e35/c0.179.1440.1440a/s480x480/121598511_164554122028904_8717863844292914461_n.jpg?_nc_ht=instagram.fabe1-1.fna.fbcdn.net&_nc_cat=108&_nc_ohc=xR-jXIUtFBEAX_qwM8V&tp=16&oh=25050c32b82f07e21046286847817482&oe=5FB2837B"
                },
                {
                    "config_height": 640,
                    "config_width": 640,
                    "src": "https://instagram.fabe1-1.fna.fbcdn.net/v/t51.2885-15/sh0.08/e35/c0.179.1440.1440a/s640x640/121598511_164554122028904_8717863844292914461_n.jpg?_nc_ht=instagram.fabe1-1.fna.fbcdn.net&_nc_cat=108&_nc_ohc=xR-jXIUtFBEAX_qwM8V&oh=530e86057abb900477a00c53819103ac&oe=5FB1F3F6"
                }
            ],
            "thumbnail_src": "https://instagram.fabe1-1.fna.fbcdn.net/v/t51.2885-15/sh0.08/e35/c0.179.1440.1440a/s640x640/121598511_164554122028904_8717863844292914461_n.jpg?_nc_ht=instagram.fabe1-1.fna.fbcdn.net&_nc_cat=108&_nc_ohc=xR-jXIUtFBEAX_qwM8V&oh=530e86057abb900477a00c53819103ac&oe=5FB1F3F6",
            "urls": [
                "https://instagram.fabe1-1.fna.fbcdn.net/v/t51.2885-15/e35/p1080x1080/121598511_164554122028904_8717863844292914461_n.jpg?_nc_ht=instagram.fabe1-1.fna.fbcdn.net&_nc_cat=108&_nc_ohc=xR-jXIUtFBEAX_qwM8V&tp=19&oh=27fa3d6aa953b759a2925f7c0d4cd3d5&oe=5FB1CC36",
                "https://instagram.fabe1-1.fna.fbcdn.net/v/t51.2885-15/e35/p1080x1080/121614759_382411196247938_2487061803957758616_n.jpg?_nc_ht=instagram.fabe1-1.fna.fbcdn.net&_nc_cat=102&_nc_ohc=nPQmo6cv6HcAX8AMD3Q&tp=19&oh=f6011cf89d23a5872d7a4addbabb904a&oe=5FB53EAA",
                "https://instagram.fabe1-1.fna.fbcdn.net/v/t51.2885-15/e35/p1080x1080/121703364_618514305512109_5238241937756361380_n.jpg?_nc_ht=instagram.fabe1-1.fna.fbcdn.net&_nc_cat=109&_nc_ohc=p5b3t7lvQ6wAX8IRKqW&tp=19&oh=2747397c95e3d51fb38cb24cc96408c3&oe=5FB233D4"
            ]
        },
        {
            "comments_disabled": false,
            "dimensions": {
                "height": 1350,
                "width": 1080
            },
            "display_url": "https://instagram.fabe1-1.fna.fbcdn.net/v/t51.2885-15/e35/p1080x1080/121525936_176157204094714_3059712963101708966_n.jpg?_nc_ht=instagram.fabe1-1.fna.fbcdn.net&_nc_cat=110&_nc_ohc=2ilbHlyk7jkAX-El9Vd&tp=19&oh=5bad64dc66b2ed4ee1955fa80aafda66&oe=5FB38A50",
            "edge_liked_by": {
                "count": 0
            },
            "edge_media_preview_like": {
                "count": 0
            },
            "edge_media_to_caption": {
                "edges": [
                    {
                        "node": {
                            "text": "I love you @sammiami305 )))) together for now and the next life"
                        }
                    }
                ]
            },
            "edge_media_to_comment": {
                "count": 0
            },
            "id": "2421526931104405914",
            "is_video": false,
            "owner": {
                "id": "3242549143"
            },
            "shortcode": "CGa_en-hRma",
            "tags": [],
            "taken_at_timestamp": 1602888526,
            "thumbnail_resources": [
                {
                    "config_height": 150,
                    "config_width": 150,
                    "src": "https://instagram.fabe1-1.fna.fbcdn.net/v/t51.2885-15/e35/c0.180.1440.1440a/s150x150/121525936_176157204094714_3059712963101708966_n.jpg?_nc_ht=instagram.fabe1-1.fna.fbcdn.net&_nc_cat=110&_nc_ohc=2ilbHlyk7jkAX-El9Vd&tp=16&oh=8f2f9f0752a02415d0d122aae24575b5&oe=5FB47EDC"
                },
                {
                    "config_height": 240,
                    "config_width": 240,
                    "src": "https://instagram.fabe1-1.fna.fbcdn.net/v/t51.2885-15/e35/c0.180.1440.1440a/s240x240/121525936_176157204094714_3059712963101708966_n.jpg?_nc_ht=instagram.fabe1-1.fna.fbcdn.net&_nc_cat=110&_nc_ohc=2ilbHlyk7jkAX-El9Vd&tp=16&oh=b21550c70987610d76a657cb14a6279c&oe=5FB443DE"
                },
                {
                    "config_height": 320,
                    "config_width": 320,
                    "src": "https://instagram.fabe1-1.fna.fbcdn.net/v/t51.2885-15/e35/c0.180.1440.1440a/s320x320/121525936_176157204094714_3059712963101708966_n.jpg?_nc_ht=instagram.fabe1-1.fna.fbcdn.net&_nc_cat=110&_nc_ohc=2ilbHlyk7jkAX-El9Vd&tp=16&oh=c78eedec7f312e933228a500ba5cc5ea&oe=5FB3FFA4"
                },
                {
                    "config_height": 480,
                    "config_width": 480,
                    "src": "https://instagram.fabe1-1.fna.fbcdn.net/v/t51.2885-15/e35/c0.180.1440.1440a/s480x480/121525936_176157204094714_3059712963101708966_n.jpg?_nc_ht=instagram.fabe1-1.fna.fbcdn.net&_nc_cat=110&_nc_ohc=2ilbHlyk7jkAX-El9Vd&tp=16&oh=13161810bf7aaa2c12cd8bc800372496&oe=5FB3FDE5"
                },
                {
                    "config_height": 640,
                    "config_width": 640,
                    "src": "https://instagram.fabe1-1.fna.fbcdn.net/v/t51.2885-15/sh0.08/e35/c0.180.1440.1440a/s640x640/121525936_176157204094714_3059712963101708966_n.jpg?_nc_ht=instagram.fabe1-1.fna.fbcdn.net&_nc_cat=110&_nc_ohc=2ilbHlyk7jkAX-El9Vd&oh=905eb3a68cdb1b499744e802eeb603a9&oe=5FB1B3EC"
                }
            ],
            "thumbnail_src": "https://instagram.fabe1-1.fna.fbcdn.net/v/t51.2885-15/sh0.08/e35/c0.180.1440.1440a/s640x640/121525936_176157204094714_3059712963101708966_n.jpg?_nc_ht=instagram.fabe1-1.fna.fbcdn.net&_nc_cat=110&_nc_ohc=2ilbHlyk7jkAX-El9Vd&oh=905eb3a68cdb1b499744e802eeb603a9&oe=5FB1B3EC",
            "urls": [
                "https://instagram.fabe1-1.fna.fbcdn.net/v/t51.2885-15/e35/p1080x1080/121525936_176157204094714_3059712963101708966_n.jpg?_nc_ht=instagram.fabe1-1.fna.fbcdn.net&_nc_cat=110&_nc_ohc=2ilbHlyk7jkAX-El9Vd&tp=19&oh=5bad64dc66b2ed4ee1955fa80aafda66&oe=5FB38A50",
                "https://instagram.fabe1-1.fna.fbcdn.net/v/t51.2885-15/e35/p1080x1080/121575698_387567165608613_8154253570596400453_n.jpg?_nc_ht=instagram.fabe1-1.fna.fbcdn.net&_nc_cat=109&_nc_ohc=BmfnnKLNK70AX9Q12z7&tp=19&oh=20ac600964214834510391afb5a1ad8f&oe=5FB58E8A",
                "https://instagram.fabe1-1.fna.fbcdn.net/v/t51.2885-15/e35/p1080x1080/121601393_907986766401280_463515112568928191_n.jpg?_nc_ht=instagram.fabe1-1.fna.fbcdn.net&_nc_cat=104&_nc_ohc=y_ahzaMihU4AX8dvOoY&tp=19&oh=7fe5068f1a364873170cd0c1ff76a6a2&oe=5FB3C08C",
                "https://instagram.fabe1-1.fna.fbcdn.net/v/t51.2885-15/e35/p1080x1080/121664843_171665724581717_1142663852732197611_n.jpg?_nc_ht=instagram.fabe1-1.fna.fbcdn.net&_nc_cat=105&_nc_ohc=OxVRGPl6QmkAX8-2wpB&tp=19&oh=293d0ed21e2655b2b6575140b9a54152&oe=5FB3E9DB",
                "https://instagram.fabe1-1.fna.fbcdn.net/v/t51.2885-15/e35/p1080x1080/121834470_2698782750344318_7013034242672239050_n.jpg?_nc_ht=instagram.fabe1-1.fna.fbcdn.net&_nc_cat=102&_nc_ohc=JBdg-0qvuYAAX9GhovN&tp=19&oh=2d37b94293061d4bb935c9c9f6eb229f&oe=5FB42DC8",
                "https://instagram.fabe1-1.fna.fbcdn.net/v/t51.2885-15/e35/121578880_196530038543595_4380700075045318070_n.jpg?_nc_ht=instagram.fabe1-1.fna.fbcdn.net&_nc_cat=103&_nc_ohc=iqy0ExDGVG4AX84POJB&_nc_tp=18&oh=f962bcc13f5090af3e5d5c3675cc0637&oe=5FB2199B",
                "https://instagram.fabe1-1.fna.fbcdn.net/v/t51.2885-15/e35/121582819_174928057514927_4123871883243726490_n.jpg?_nc_ht=instagram.fabe1-1.fna.fbcdn.net&_nc_cat=111&_nc_ohc=fvRQnKCUsSsAX931-xc&_nc_tp=18&oh=04977136c96d325b81b2f9e6ee771b25&oe=5FB4FE35"
            ]
        },
        {
            "comments_disabled": false,
            "dimensions": {
                "height": 1350,
                "width": 1080
            },
            "display_url": "https://instagram.fabe1-1.fna.fbcdn.net/v/t51.2885-15/e35/p1080x1080/121583883_1079875712415185_2445936875840236579_n.jpg?_nc_ht=instagram.fabe1-1.fna.fbcdn.net&_nc_cat=105&_nc_ohc=Snx2EE_Y51YAX8Baq4h&tp=19&oh=0c601054d268744bd73cd579b2fe617e&oe=5FB40E4F",
            "edge_liked_by": {
                "count": 0
            },
            "edge_media_preview_like": {
                "count": 0
            },
            "edge_media_to_caption": {
                "edges": []
            },
            "edge_media_to_comment": {
                "count": 0
            },
            "id": "2421526798817637756",
            "is_video": false,
            "owner": {
                "id": "43951275245"
            },
            "shortcode": "CGa_csxnTV8",
            "taken_at_timestamp": 1602888511,
            "thumbnail_resources": [
                {
                    "config_height": 150,
                    "config_width": 150,
                    "src": "https://instagram.fabe1-1.fna.fbcdn.net/v/t51.2885-15/e35/c0.180.1440.1440a/s150x150/121583883_1079875712415185_2445936875840236579_n.jpg?_nc_ht=instagram.fabe1-1.fna.fbcdn.net&_nc_cat=105&_nc_ohc=Snx2EE_Y51YAX8Baq4h&tp=16&oh=8a46a51b25f67604d51cf784286777c1&oe=5FB460E5"
                },
                {
                    "config_height": 240,
                    "config_width": 240,
                    "src": "https://instagram.fabe1-1.fna.fbcdn.net/v/t51.2885-15/e35/c0.180.1440.1440a/s240x240/121583883_1079875712415185_2445936875840236579_n.jpg?_nc_ht=instagram.fabe1-1.fna.fbcdn.net&_nc_cat=105&_nc_ohc=Snx2EE_Y51YAX8Baq4h&tp=16&oh=f3a45bdf018faa622dd8ad081a874fc7&oe=5FB411AD"
                },
                {
                    "config_height": 320,
                    "config_width": 320,
                    "src": "https://instagram.fabe1-1.fna.fbcdn.net/v/t51.2885-15/e35/c0.180.1440.1440a/s320x320/121583883_1079875712415185_2445936875840236579_n.jpg?_nc_ht=instagram.fabe1-1.fna.fbcdn.net&_nc_cat=105&_nc_ohc=Snx2EE_Y51YAX8Baq4h&tp=16&oh=d8c46469d2424e3bd6e316c8d36e07b7&oe=5FB2FD74"
                },
                {
                    "config_height": 480,
                    "config_width": 480,
                    "src": "https://instagram.fabe1-1.fna.fbcdn.net/v/t51.2885-15/e35/c0.180.1440.1440a/s480x480/121583883_1079875712415185_2445936875840236579_n.jpg?_nc_ht=instagram.fabe1-1.fna.fbcdn.net&_nc_cat=105&_nc_ohc=Snx2EE_Y51YAX8Baq4h&tp=16&oh=f4b9f3931d2ba92d6e790b9b38765675&oe=5FB2D832"
                },
                {
                    "config_height": 640,
                    "config_width": 640,
                    "src": "https://instagram.fabe1-1.fna.fbcdn.net/v/t51.2885-15/sh0.08/e35/c0.180.1440.1440a/s640x640/121583883_1079875712415185_2445936875840236579_n.jpg?_nc_ht=instagram.fabe1-1.fna.fbcdn.net&_nc_cat=105&_nc_ohc=Snx2EE_Y51YAX8Baq4h&oh=fb9f08c8d23a8d665a6b1abc48441f88&oe=5FB29A8C"
                }
            ],
            "thumbnail_src": "https://instagram.fabe1-1.fna.fbcdn.net/v/t51.2885-15/sh0.08/e35/c0.180.1440.1440a/s640x640/121583883_1079875712415185_2445936875840236579_n.jpg?_nc_ht=instagram.fabe1-1.fna.fbcdn.net&_nc_cat=105&_nc_ohc=Snx2EE_Y51YAX8Baq4h&oh=fb9f08c8d23a8d665a6b1abc48441f88&oe=5FB29A8C",
            "urls": [
                "https://instagram.fabe1-1.fna.fbcdn.net/v/t51.2885-15/e35/p1080x1080/121583883_1079875712415185_2445936875840236579_n.jpg?_nc_ht=instagram.fabe1-1.fna.fbcdn.net&_nc_cat=105&_nc_ohc=Snx2EE_Y51YAX8Baq4h&tp=19&oh=0c601054d268744bd73cd579b2fe617e&oe=5FB40E4F"
            ]
        },
        {
            "comments_disabled": false,
            "dimensions": {
                "height": 1080,
                "width": 1080
            },
            "display_url": "https://instagram.fabe1-1.fna.fbcdn.net/v/t51.2885-15/e35/s1080x1080/121613771_189037916013979_4823298718674596690_n.jpg?_nc_ht=instagram.fabe1-1.fna.fbcdn.net&_nc_cat=107&_nc_ohc=BkIehZQQ524AX9UvW3p&_nc_tp=15&oh=d76f1bdcc3d4fd444e599b3961b022b6&oe=5FB41DC1",
            "edge_liked_by": {
                "count": 0
            },
            "edge_media_preview_like": {
                "count": 0
            },
            "edge_media_to_caption": {
                "edges": [
                    {
                        "node": {
                            "text": "Mini Excavator in action. A very useful machine for construction.⁣\n⁣\n⁣\n⁣\n⁣\n⁣\nPhone: (786) 641 7005⁣\nFor Spanish: (786) 641 3900 ⁣\n2801, Greene St, Hollywood, FL, 33020⁣\n⁣\n⁣\n⁣\n⁣\n⁣\n⁣\n⁣\n⁣\n#rentalequipment#forkliftoperator #construcciön #generators⁣\n#florida #usedequipment #machine#generators#safety⁣\n#latinosenmiami #rentalequipements #construction #trackeddumper #rentalequipments #rentalequipment⁣\n#homedepot #toolsrent #tools #eventplanning⁣\n#luxurywedding #equipment #implements #Lighttower #electricalscissorlift #machines #machinery #maquinaria⁣\n#trabajoseguroenalturas #worksafe ⁣"
                        }
                    }
                ]
            },
            "edge_media_to_comment": {
                "count": 0
            },
            "id": "2421526318517584986",
            "is_video": false,
            "owner": {
                "id": "30578600240"
            },
            "shortcode": "CGa_VtdgARa",
            "tags": [
                "machinery",
                "construcciön",
                "luxurywedding",
                "trabajoseguroenalturas",
                "florida",
                "electricalscissorlift",
                "forkliftoperator",
                "rentalequipments",
                "eventplanning",
                "Lighttower",
                "usedequipment",
                "trackeddumper",
                "maquinaria",
                "rentalequipements",
                "homedepot",
                "tools",
                "equipment",
                "machines",
                "safety",
                "toolsrent",
                "rentalequipment",
                "machine",
                "worksafe",
                "generators",
                "construction",
                "latinosenmiami",
                "implements"
            ],
            "taken_at_timestamp": 1602888453,
            "thumbnail_resources": [
                {
                    "config_height": 150,
                    "config_width": 150,
                    "src": "https://instagram.fabe1-1.fna.fbcdn.net/v/t51.2885-15/e35/s150x150/121613771_189037916013979_4823298718674596690_n.jpg?_nc_ht=instagram.fabe1-1.fna.fbcdn.net&_nc_cat=107&_nc_ohc=BkIehZQQ524AX9UvW3p&_nc_tp=15&oh=2a4799210cf631eb30930990b8e12b15&oe=5FB2E702"
                },
                {
                    "config_height": 240,
                    "config_width": 240,
                    "src": "https://instagram.fabe1-1.fna.fbcdn.net/v/t51.2885-15/e35/s240x240/121613771_189037916013979_4823298718674596690_n.jpg?_nc_ht=instagram.fabe1-1.fna.fbcdn.net&_nc_cat=107&_nc_ohc=BkIehZQQ524AX9UvW3p&_nc_tp=15&oh=1828c9d1938809f0ffa7d56f340324dd&oe=5FB2D408"
                },
                {
                    "config_height": 320,
                    "config_width": 320,
                    "src": "https://instagram.fabe1-1.fna.fbcdn.net/v/t51.2885-15/e35/s320x320/121613771_189037916013979_4823298718674596690_n.jpg?_nc_ht=instagram.fabe1-1.fna.fbcdn.net&_nc_cat=107&_nc_ohc=BkIehZQQ524AX9UvW3p&_nc_tp=15&oh=597952ef920b4448ceb288fe1783b4d3&oe=5FB39BFA"
                },
                {
                    "config_height": 480,
                    "config_width": 480,
                    "src": "https://instagram.fabe1-1.fna.fbcdn.net/v/t51.2885-15/e35/s480x480/121613771_189037916013979_4823298718674596690_n.jpg?_nc_ht=instagram.fabe1-1.fna.fbcdn.net&_nc_cat=107&_nc_ohc=BkIehZQQ524AX9UvW3p&_nc_tp=15&oh=5efdd89c398d3931c44ebe94b37c6bb5&oe=5FB5603F"
                },
                {
                    "config_height": 640,
                    "config_width": 640,
                    "src": "https://instagram.fabe1-1.fna.fbcdn.net/v/t51.2885-15/sh0.08/e35/s640x640/121613771_189037916013979_4823298718674596690_n.jpg?_nc_ht=instagram.fabe1-1.fna.fbcdn.net&_nc_cat=107&_nc_ohc=BkIehZQQ524AX9UvW3p&_nc_tp=24&oh=aadd4b16f997dd3e5904cd5b7fbe35c5&oe=5FB29705"
                }
            ],
            "thumbnail_src": "https://instagram.fabe1-1.fna.fbcdn.net/v/t51.2885-15/sh0.08/e35/s640x640/121613771_189037916013979_4823298718674596690_n.jpg?_nc_ht=instagram.fabe1-1.fna.fbcdn.net&_nc_cat=107&_nc_ohc=BkIehZQQ524AX9UvW3p&_nc_tp=24&oh=aadd4b16f997dd3e5904cd5b7fbe35c5&oe=5FB29705",
            "urls": [
                "https://instagram.fabe1-1.fna.fbcdn.net/v/t51.2885-15/e35/s1080x1080/121613771_189037916013979_4823298718674596690_n.jpg?_nc_ht=instagram.fabe1-1.fna.fbcdn.net&_nc_cat=107&_nc_ohc=BkIehZQQ524AX9UvW3p&_nc_tp=15&oh=d76f1bdcc3d4fd444e599b3961b022b6&oe=5FB41DC1"
            ]
        }
    ]
}