{
    "GraphImages": [
        {
            "comments_disabled": false,
            "dimensions": {
                "height": 1080,
                "width": 1080
            },
            "display_url": "https://instagram.fabe1-1.fna.fbcdn.net/v/t51.2885-15/e35/s1080x1080/121784696_2886545368248052_2642286673019669065_n.jpg?_nc_ht=instagram.fabe1-1.fna.fbcdn.net&_nc_cat=104&_nc_ohc=XQDdti6ASokAX_jANkM&_nc_tp=15&oh=7bac526571aad4630d3e38d6bbc0820d&oe=5FB564DB",
            "edge_liked_by": {
                "count": 1
            },
            "edge_media_preview_like": {
                "count": 1
            },
            "edge_media_to_caption": {
                "edges": [
                    {
                        "node": {
                            "text": "I haven’t told that’s no way to treat a lady 🙄 #rottweilers_of_instagram #rottie #rott #rottweilers #rottweiler #dog #chien #perro #hond #hund #cachorro #puppy #puppylove #miami #miamibeach #instadaily #instadog #videooftheday #ilovemydog #bestfriend"
                        }
                    }
                ]
            },
            "edge_media_to_comment": {
                "count": 1
            },
            "id": "2421504201979831332",
            "is_video": false,
            "owner": {
                "id": "39921303681"
            },
            "shortcode": "CGa6T31H6Qk",
            "tags": [
                "instadog",
                "puppylove",
                "hond",
                "bestfriend",
                "instadaily",
                "cachorro",
                "rottweiler",
                "chien",
                "perro",
                "puppy",
                "rott",
                "rottweilers_of_instagram",
                "ilovemydog",
                "miami",
                "videooftheday",
                "miamibeach",
                "rottie",
                "hund",
                "dog",
                "rottweilers"
            ],
            "taken_at_timestamp": 1602885817,
            "thumbnail_resources": [
                {
                    "config_height": 150,
                    "config_width": 150,
                    "src": "https://instagram.fabe1-1.fna.fbcdn.net/v/t51.2885-15/e35/s150x150/121784696_2886545368248052_2642286673019669065_n.jpg?_nc_ht=instagram.fabe1-1.fna.fbcdn.net&_nc_cat=104&_nc_ohc=XQDdti6ASokAX_jANkM&_nc_tp=15&oh=2a445de5c33c7f57bb531021936c6a0d&oe=5FB21FC7"
                },
                {
                    "config_height": 240,
                    "config_width": 240,
                    "src": "https://instagram.fabe1-1.fna.fbcdn.net/v/t51.2885-15/e35/s240x240/121784696_2886545368248052_2642286673019669065_n.jpg?_nc_ht=instagram.fabe1-1.fna.fbcdn.net&_nc_cat=104&_nc_ohc=XQDdti6ASokAX_jANkM&_nc_tp=15&oh=cd4b96cdd4825b8e7d6e1ce54d5ac0c5&oe=5FB43F8F"
                },
                {
                    "config_height": 320,
                    "config_width": 320,
                    "src": "https://instagram.fabe1-1.fna.fbcdn.net/v/t51.2885-15/e35/s320x320/121784696_2886545368248052_2642286673019669065_n.jpg?_nc_ht=instagram.fabe1-1.fna.fbcdn.net&_nc_cat=104&_nc_ohc=XQDdti6ASokAX_jANkM&_nc_tp=15&oh=d884cd87c3bafb6890d24ef3deb637a2&oe=5FB23652"
                },
                {
                    "config_height": 480,
                    "config_width": 480,
                    "src": "https://instagram.fabe1-1.fna.fbcdn.net/v/t51.2885-15/e35/s480x480/121784696_2886545368248052_2642286673019669065_n.jpg?_nc_ht=instagram.fabe1-1.fna.fbcdn.net&_nc_cat=104&_nc_ohc=XQDdti6ASokAX_jANkM&_nc_tp=15&oh=a068b11fa11ade91381cbef022c4836a&oe=5FB1E914"
                },
                {
                    "config_height": 640,
                    "config_width": 640,
                    "src": "https://instagram.fabe1-1.fna.fbcdn.net/v/t51.2885-15/sh0.08/e35/s640x640/121784696_2886545368248052_2642286673019669065_n.jpg?_nc_ht=instagram.fabe1-1.fna.fbcdn.net&_nc_cat=104&_nc_ohc=XQDdti6ASokAX_jANkM&_nc_tp=24&oh=543948a5d6282ca94a82a5b19f772e17&oe=5FB515B4"
                }
            ],
            "thumbnail_src": "https://instagram.fabe1-1.fna.fbcdn.net/v/t51.2885-15/sh0.08/e35/s640x640/121784696_2886545368248052_2642286673019669065_n.jpg?_nc_ht=instagram.fabe1-1.fna.fbcdn.net&_nc_cat=104&_nc_ohc=XQDdti6ASokAX_jANkM&_nc_tp=24&oh=543948a5d6282ca94a82a5b19f772e17&oe=5FB515B4",
            "urls": [
                "https://instagram.fabe1-1.fna.fbcdn.net/v/t51.2885-15/e35/s1080x1080/121784696_2886545368248052_2642286673019669065_n.jpg?_nc_ht=instagram.fabe1-1.fna.fbcdn.net&_nc_cat=104&_nc_ohc=XQDdti6ASokAX_jANkM&_nc_tp=15&oh=7bac526571aad4630d3e38d6bbc0820d&oe=5FB564DB"
            ]
        },
        {
            "comments_disabled": false,
            "dimensions": {
                "height": 1350,
                "width": 1080
            },
            "display_url": "https://instagram.fabe1-1.fna.fbcdn.net/v/t51.2885-15/e35/p1080x1080/121653301_376893970131899_4946099643746173697_n.jpg?_nc_ht=instagram.fabe1-1.fna.fbcdn.net&_nc_cat=111&_nc_ohc=hkyRgjYkK00AX_dap5r&tp=19&oh=759f80e521e728ced7c2f20a74acbb55&oe=5FB25181",
            "edge_liked_by": {
                "count": 1
            },
            "edge_media_preview_like": {
                "count": 1
            },
            "edge_media_to_caption": {
                "edges": [
                    {
                        "node": {
                            "text": "Link in bio for our latest YouTube. We had some fun installing some patch panels on our #fj62landcruiser to cover where the old girl had rusted out. \n.\n.\n.\n.\n.\n#fj62 #60series #60serieslandcruiser #fj60 #toyota #toyotalandcruiser #toyotalandcruiser60 #toyotalandcruiser60series #rustrepair #rustremoval #ih8mud #miami #miamibeach #cute #lovestory #fplovestories #diy #youtube"
                        }
                    }
                ]
            },
            "edge_media_to_comment": {
                "count": 0
            },
            "id": "2421504093496588030",
            "is_video": false,
            "owner": {
                "id": "104743461"
            },
            "shortcode": "CGa6SSzBLb-",
            "tags": [
                "toyotalandcruiser60",
                "rustrepair",
                "youtube",
                "toyotalandcruiser",
                "rustremoval",
                "fj62landcruiser",
                "lovestory",
                "fj62",
                "60serieslandcruiser",
                "toyota",
                "miami",
                "miamibeach",
                "fplovestories",
                "fj60",
                "ih8mud",
                "cute",
                "60series",
                "diy",
                "toyotalandcruiser60series"
            ],
            "taken_at_timestamp": 1602885804,
            "thumbnail_resources": [
                {
                    "config_height": 150,
                    "config_width": 150,
                    "src": "https://instagram.fabe1-1.fna.fbcdn.net/v/t51.2885-15/e35/c0.169.1349.1349a/s150x150/121653301_376893970131899_4946099643746173697_n.jpg?_nc_ht=instagram.fabe1-1.fna.fbcdn.net&_nc_cat=111&_nc_ohc=hkyRgjYkK00AX_dap5r&tp=16&oh=b994e97761c5fb4752c67ba49001fed5&oe=5FB26905"
                },
                {
                    "config_height": 240,
                    "config_width": 240,
                    "src": "https://instagram.fabe1-1.fna.fbcdn.net/v/t51.2885-15/e35/c0.169.1349.1349a/s240x240/121653301_376893970131899_4946099643746173697_n.jpg?_nc_ht=instagram.fabe1-1.fna.fbcdn.net&_nc_cat=111&_nc_ohc=hkyRgjYkK00AX_dap5r&tp=16&oh=3d6a7532654c3d56678f1199312b4249&oe=5FB54D83"
                },
                {
                    "config_height": 320,
                    "config_width": 320,
                    "src": "https://instagram.fabe1-1.fna.fbcdn.net/v/t51.2885-15/e35/c0.169.1349.1349a/s320x320/121653301_376893970131899_4946099643746173697_n.jpg?_nc_ht=instagram.fabe1-1.fna.fbcdn.net&_nc_cat=111&_nc_ohc=hkyRgjYkK00AX_dap5r&tp=16&oh=a5b73591a2aead0cef7d879b7bd2ab27&oe=5FB38B7D"
                },
                {
                    "config_height": 480,
                    "config_width": 480,
                    "src": "https://instagram.fabe1-1.fna.fbcdn.net/v/t51.2885-15/e35/c0.169.1349.1349a/s480x480/121653301_376893970131899_4946099643746173697_n.jpg?_nc_ht=instagram.fabe1-1.fna.fbcdn.net&_nc_cat=111&_nc_ohc=hkyRgjYkK00AX_dap5r&tp=16&oh=6970aee904b2c466012418e85ea078b2&oe=5FB1D63C"
                },
                {
                    "config_height": 640,
                    "config_width": 640,
                    "src": "https://instagram.fabe1-1.fna.fbcdn.net/v/t51.2885-15/sh0.08/e35/c0.169.1349.1349a/s640x640/121653301_376893970131899_4946099643746173697_n.jpg?_nc_ht=instagram.fabe1-1.fna.fbcdn.net&_nc_cat=111&_nc_ohc=hkyRgjYkK00AX_dap5r&oh=8170921cca188701e2b2c311d16085a1&oe=5FB4B035"
                }
            ],
            "thumbnail_src": "https://instagram.fabe1-1.fna.fbcdn.net/v/t51.2885-15/sh0.08/e35/c0.169.1349.1349a/s640x640/121653301_376893970131899_4946099643746173697_n.jpg?_nc_ht=instagram.fabe1-1.fna.fbcdn.net&_nc_cat=111&_nc_ohc=hkyRgjYkK00AX_dap5r&oh=8170921cca188701e2b2c311d16085a1&oe=5FB4B035",
            "urls": [
                "https://instagram.fabe1-1.fna.fbcdn.net/v/t51.2885-15/e35/p1080x1080/121653301_376893970131899_4946099643746173697_n.jpg?_nc_ht=instagram.fabe1-1.fna.fbcdn.net&_nc_cat=111&_nc_ohc=hkyRgjYkK00AX_dap5r&tp=19&oh=759f80e521e728ced7c2f20a74acbb55&oe=5FB25181"
            ]
        }
    ]
}