{
    "GraphImages": [
        {
            "comments_disabled": false,
            "dimensions": {
                "height": 1168,
                "width": 1080
            },
            "display_url": "https://instagram.fabe1-1.fna.fbcdn.net/v/t51.2885-15/e35/p1080x1080/121634164_377718996921998_4322410664839061918_n.jpg?_nc_ht=instagram.fabe1-1.fna.fbcdn.net&_nc_cat=102&_nc_ohc=dTY7mC9x_6AAX8siXsj&tp=19&oh=a796cbd0efa84fffd7836719acf1c187&oe=5FB30C0D",
            "edge_liked_by": {
                "count": 0
            },
            "edge_media_preview_like": {
                "count": 0
            },
            "edge_media_to_caption": {
                "edges": [
                    {
                        "node": {
                            "text": "Sunset 🌅 before the storm ⛈ #miamibeach"
                        }
                    }
                ]
            },
            "edge_media_to_comment": {
                "count": 0
            },
            "id": "2421509683708132809",
            "is_video": false,
            "owner": {
                "id": "932557637"
            },
            "shortcode": "CGa7jpFl33J",
            "tags": [
                "miamibeach"
            ],
            "taken_at_timestamp": 1602886470,
            "thumbnail_resources": [
                {
                    "config_height": 150,
                    "config_width": 150,
                    "src": "https://instagram.fabe1-1.fna.fbcdn.net/v/t51.2885-15/e35/c0.59.1440.1440a/s150x150/121634164_377718996921998_4322410664839061918_n.jpg?_nc_ht=instagram.fabe1-1.fna.fbcdn.net&_nc_cat=102&_nc_ohc=dTY7mC9x_6AAX8siXsj&tp=16&oh=2f57cbf2dcf0f71aee2b00fae737dce9&oe=5FB3CDCD"
                },
                {
                    "config_height": 240,
                    "config_width": 240,
                    "src": "https://instagram.fabe1-1.fna.fbcdn.net/v/t51.2885-15/e35/c0.59.1440.1440a/s240x240/121634164_377718996921998_4322410664839061918_n.jpg?_nc_ht=instagram.fabe1-1.fna.fbcdn.net&_nc_cat=102&_nc_ohc=dTY7mC9x_6AAX8siXsj&tp=16&oh=fb3e78dd654ada6dfd26b2efd3d02d5d&oe=5FB3F5CB"
                },
                {
                    "config_height": 320,
                    "config_width": 320,
                    "src": "https://instagram.fabe1-1.fna.fbcdn.net/v/t51.2885-15/e35/c0.59.1440.1440a/s320x320/121634164_377718996921998_4322410664839061918_n.jpg?_nc_ht=instagram.fabe1-1.fna.fbcdn.net&_nc_cat=102&_nc_ohc=dTY7mC9x_6AAX8siXsj&tp=16&oh=81a637873791394b56d7b2074ce75c34&oe=5FB303B5"
                },
                {
                    "config_height": 480,
                    "config_width": 480,
                    "src": "https://instagram.fabe1-1.fna.fbcdn.net/v/t51.2885-15/e35/c0.59.1440.1440a/s480x480/121634164_377718996921998_4322410664839061918_n.jpg?_nc_ht=instagram.fabe1-1.fna.fbcdn.net&_nc_cat=102&_nc_ohc=dTY7mC9x_6AAX8siXsj&tp=16&oh=a0e3ed95e1f7929f0d34b4b7fcd96ff5&oe=5FB51974"
                },
                {
                    "config_height": 640,
                    "config_width": 640,
                    "src": "https://instagram.fabe1-1.fna.fbcdn.net/v/t51.2885-15/sh0.08/e35/c0.59.1440.1440a/s640x640/121634164_377718996921998_4322410664839061918_n.jpg?_nc_ht=instagram.fabe1-1.fna.fbcdn.net&_nc_cat=102&_nc_ohc=dTY7mC9x_6AAX8siXsj&oh=4a7d834ba75b8031306a838502117a4f&oe=5FB455DC"
                }
            ],
            "thumbnail_src": "https://instagram.fabe1-1.fna.fbcdn.net/v/t51.2885-15/sh0.08/e35/c0.59.1440.1440a/s640x640/121634164_377718996921998_4322410664839061918_n.jpg?_nc_ht=instagram.fabe1-1.fna.fbcdn.net&_nc_cat=102&_nc_ohc=dTY7mC9x_6AAX8siXsj&oh=4a7d834ba75b8031306a838502117a4f&oe=5FB455DC",
            "urls": [
                "https://instagram.fabe1-1.fna.fbcdn.net/v/t51.2885-15/e35/p1080x1080/121634164_377718996921998_4322410664839061918_n.jpg?_nc_ht=instagram.fabe1-1.fna.fbcdn.net&_nc_cat=102&_nc_ohc=dTY7mC9x_6AAX8siXsj&tp=19&oh=a796cbd0efa84fffd7836719acf1c187&oe=5FB30C0D"
            ]
        },
        {
            "comments_disabled": false,
            "dimensions": {
                "height": 1350,
                "width": 1080
            },
            "display_url": "https://instagram.fabe1-1.fna.fbcdn.net/v/t51.2885-15/e35/p1080x1080/121531207_182182593516023_5537151777289600885_n.jpg?_nc_ht=instagram.fabe1-1.fna.fbcdn.net&_nc_cat=111&_nc_ohc=HDl81fq_x1QAX8gWdk5&tp=19&oh=2d023828782dc6bcf15ded75c06236ce&oe=5FB44FF3",
            "edge_liked_by": {
                "count": 1
            },
            "edge_media_preview_like": {
                "count": 1
            },
            "edge_media_to_caption": {
                "edges": [
                    {
                        "node": {
                            "text": "My boo who took the last “Famous Gucci headband” looking cute as ever ✨✨✨✨✨💋 headband will be back in stock soon ladies 💁🏽‍♀️"
                        }
                    }
                ]
            },
            "edge_media_to_comment": {
                "count": 0
            },
            "id": "2421509622386227006",
            "is_video": false,
            "owner": {
                "id": "39697103290"
            },
            "shortcode": "CGa7iv-hXc-",
            "tags": [],
            "taken_at_timestamp": 1602886463,
            "thumbnail_resources": [
                {
                    "config_height": 150,
                    "config_width": 150,
                    "src": "https://instagram.fabe1-1.fna.fbcdn.net/v/t51.2885-15/e35/c0.148.1187.1187a/s150x150/121531207_182182593516023_5537151777289600885_n.jpg?_nc_ht=instagram.fabe1-1.fna.fbcdn.net&_nc_cat=111&_nc_ohc=HDl81fq_x1QAX8gWdk5&tp=16&oh=689f3d36b987cccf335c9f7d4b3d4af6&oe=5FB1C390"
                },
                {
                    "config_height": 240,
                    "config_width": 240,
                    "src": "https://instagram.fabe1-1.fna.fbcdn.net/v/t51.2885-15/e35/c0.148.1187.1187a/s240x240/121531207_182182593516023_5537151777289600885_n.jpg?_nc_ht=instagram.fabe1-1.fna.fbcdn.net&_nc_cat=111&_nc_ohc=HDl81fq_x1QAX8gWdk5&tp=16&oh=d4157075bf29cf449f47ef43b9a36b22&oe=5FB4668A"
                },
                {
                    "config_height": 320,
                    "config_width": 320,
                    "src": "https://instagram.fabe1-1.fna.fbcdn.net/v/t51.2885-15/e35/c0.148.1187.1187a/s320x320/121531207_182182593516023_5537151777289600885_n.jpg?_nc_ht=instagram.fabe1-1.fna.fbcdn.net&_nc_cat=111&_nc_ohc=HDl81fq_x1QAX8gWdk5&tp=16&oh=b00a7c04b990eaac775fe62a8158425e&oe=5FB2CA78"
                },
                {
                    "config_height": 480,
                    "config_width": 480,
                    "src": "https://instagram.fabe1-1.fna.fbcdn.net/v/t51.2885-15/e35/c0.148.1187.1187a/s480x480/121531207_182182593516023_5537151777289600885_n.jpg?_nc_ht=instagram.fabe1-1.fna.fbcdn.net&_nc_cat=111&_nc_ohc=HDl81fq_x1QAX8gWdk5&tp=16&oh=bfe7d6314b258756a3e0506d7de9d0e4&oe=5FB4FE31"
                },
                {
                    "config_height": 640,
                    "config_width": 640,
                    "src": "https://instagram.fabe1-1.fna.fbcdn.net/v/t51.2885-15/sh0.08/e35/c0.148.1187.1187a/s640x640/121531207_182182593516023_5537151777289600885_n.jpg?_nc_ht=instagram.fabe1-1.fna.fbcdn.net&_nc_cat=111&_nc_ohc=HDl81fq_x1QAX8gWdk5&oh=d31fb5fe6629f78807e4a1ddc5676485&oe=5FB56FC0"
                }
            ],
            "thumbnail_src": "https://instagram.fabe1-1.fna.fbcdn.net/v/t51.2885-15/sh0.08/e35/c0.148.1187.1187a/s640x640/121531207_182182593516023_5537151777289600885_n.jpg?_nc_ht=instagram.fabe1-1.fna.fbcdn.net&_nc_cat=111&_nc_ohc=HDl81fq_x1QAX8gWdk5&oh=d31fb5fe6629f78807e4a1ddc5676485&oe=5FB56FC0",
            "urls": [
                "https://instagram.fabe1-1.fna.fbcdn.net/v/t51.2885-15/e35/p1080x1080/121531207_182182593516023_5537151777289600885_n.jpg?_nc_ht=instagram.fabe1-1.fna.fbcdn.net&_nc_cat=111&_nc_ohc=HDl81fq_x1QAX8gWdk5&tp=19&oh=2d023828782dc6bcf15ded75c06236ce&oe=5FB44FF3"
            ]
        },
        {
            "comments_disabled": false,
            "dimensions": {
                "height": 1080,
                "width": 1080
            },
            "display_url": "https://instagram.fabe1-1.fna.fbcdn.net/v/t51.2885-15/e35/121483755_2829271770731358_5641241470024716149_n.jpg?_nc_ht=instagram.fabe1-1.fna.fbcdn.net&_nc_cat=106&_nc_ohc=cBN2wcCI8xAAX-K_9r7&_nc_tp=18&oh=dcb87932547c5bd3ab6e7b88646c95dc&oe=5FB47D1C",
            "edge_liked_by": {
                "count": 0
            },
            "edge_media_preview_like": {
                "count": 0
            },
            "edge_media_to_caption": {
                "edges": [
                    {
                        "node": {
                            "text": "Bawdy Babes! We are just 6 days away!\n_\nSwimwear ✔️\n_\nPhotographer✔️\n_\nStudio✔️\n_\nAll we are missing are our Official Bawdy Babes!!! Good thing we are still accepting submissions! Get them in ASAP! Don’t be shy babes! ☺️🥰"
                        }
                    }
                ]
            },
            "edge_media_to_comment": {
                "count": 0
            },
            "id": "2421509530270709718",
            "is_video": false,
            "owner": {
                "id": "31981362"
            },
            "shortcode": "CGa7haMAjfW",
            "tags": [],
            "taken_at_timestamp": 1602886452,
            "thumbnail_resources": [
                {
                    "config_height": 150,
                    "config_width": 150,
                    "src": "https://instagram.fabe1-1.fna.fbcdn.net/v/t51.2885-15/e35/s150x150/121483755_2829271770731358_5641241470024716149_n.jpg?_nc_ht=instagram.fabe1-1.fna.fbcdn.net&_nc_cat=106&_nc_ohc=cBN2wcCI8xAAX-K_9r7&_nc_tp=15&oh=a6c626124f5f797e7b27a0e48fcc2beb&oe=5FB58C78"
                },
                {
                    "config_height": 240,
                    "config_width": 240,
                    "src": "https://instagram.fabe1-1.fna.fbcdn.net/v/t51.2885-15/e35/s240x240/121483755_2829271770731358_5641241470024716149_n.jpg?_nc_ht=instagram.fabe1-1.fna.fbcdn.net&_nc_cat=106&_nc_ohc=cBN2wcCI8xAAX-K_9r7&_nc_tp=15&oh=1d5c894b54f8fc5e8c1a71bc8ffc72b9&oe=5FB47740"
                },
                {
                    "config_height": 320,
                    "config_width": 320,
                    "src": "https://instagram.fabe1-1.fna.fbcdn.net/v/t51.2885-15/e35/s320x320/121483755_2829271770731358_5641241470024716149_n.jpg?_nc_ht=instagram.fabe1-1.fna.fbcdn.net&_nc_cat=106&_nc_ohc=cBN2wcCI8xAAX-K_9r7&_nc_tp=15&oh=1cba3a7bf2b077c006b68f0b8a0cda18&oe=5FB202E1"
                },
                {
                    "config_height": 480,
                    "config_width": 480,
                    "src": "https://instagram.fabe1-1.fna.fbcdn.net/v/t51.2885-15/e35/s480x480/121483755_2829271770731358_5641241470024716149_n.jpg?_nc_ht=instagram.fabe1-1.fna.fbcdn.net&_nc_cat=106&_nc_ohc=cBN2wcCI8xAAX-K_9r7&_nc_tp=15&oh=3999ba1b81ac7a1bd13f1eb965ad08ad&oe=5FB4B223"
                },
                {
                    "config_height": 640,
                    "config_width": 640,
                    "src": "https://instagram.fabe1-1.fna.fbcdn.net/v/t51.2885-15/sh0.08/e35/s640x640/121483755_2829271770731358_5641241470024716149_n.jpg?_nc_ht=instagram.fabe1-1.fna.fbcdn.net&_nc_cat=106&_nc_ohc=cBN2wcCI8xAAX-K_9r7&_nc_tp=24&oh=2fe2de0148d077eb10f932b8621a23f8&oe=5FB4B103"
                }
            ],
            "thumbnail_src": "https://instagram.fabe1-1.fna.fbcdn.net/v/t51.2885-15/sh0.08/e35/s640x640/121483755_2829271770731358_5641241470024716149_n.jpg?_nc_ht=instagram.fabe1-1.fna.fbcdn.net&_nc_cat=106&_nc_ohc=cBN2wcCI8xAAX-K_9r7&_nc_tp=24&oh=2fe2de0148d077eb10f932b8621a23f8&oe=5FB4B103",
            "urls": [
                "https://instagram.fabe1-1.fna.fbcdn.net/v/t51.2885-15/e35/121483755_2829271770731358_5641241470024716149_n.jpg?_nc_ht=instagram.fabe1-1.fna.fbcdn.net&_nc_cat=106&_nc_ohc=cBN2wcCI8xAAX-K_9r7&_nc_tp=18&oh=dcb87932547c5bd3ab6e7b88646c95dc&oe=5FB47D1C",
                "https://instagram.fabe1-1.fna.fbcdn.net/v/t51.2885-15/e35/121667649_356389282339620_686853353139443976_n.jpg?_nc_ht=instagram.fabe1-1.fna.fbcdn.net&_nc_cat=100&_nc_ohc=H19tgZDejvEAX9ejKSA&_nc_tp=18&oh=633d957f90f4c2fa386db7fbeb1a3302&oe=5FB23DD2"
            ]
        },
        {
            "comments_disabled": false,
            "dimensions": {
                "height": 1080,
                "width": 1080
            },
            "display_url": "https://instagram.fabe1-1.fna.fbcdn.net/v/t51.2885-15/e35/s1080x1080/121608046_657330625153913_7758677469514725302_n.jpg?_nc_ht=instagram.fabe1-1.fna.fbcdn.net&_nc_cat=105&_nc_ohc=CKvT0GyYvpQAX-rj6XU&_nc_tp=15&oh=a6d0fc82f4e3845cfe5e27588f227f69&oe=5FB359C7",
            "edge_liked_by": {
                "count": 21
            },
            "edge_media_preview_like": {
                "count": 21
            },
            "edge_media_to_caption": {
                "edges": [
                    {
                        "node": {
                            "text": "When the spot lights on me I always perform, now watch me dance🍽🕺🏽"
                        }
                    }
                ]
            },
            "edge_media_to_comment": {
                "count": 1
            },
            "id": "2421509289108349471",
            "is_video": false,
            "owner": {
                "id": "1137851024"
            },
            "shortcode": "CGa7d5lnKIf",
            "tags": [],
            "taken_at_timestamp": 1602886423,
            "thumbnail_resources": [
                {
                    "config_height": 150,
                    "config_width": 150,
                    "src": "https://instagram.fabe1-1.fna.fbcdn.net/v/t51.2885-15/e35/s150x150/121608046_657330625153913_7758677469514725302_n.jpg?_nc_ht=instagram.fabe1-1.fna.fbcdn.net&_nc_cat=105&_nc_ohc=CKvT0GyYvpQAX-rj6XU&_nc_tp=15&oh=397f63e1915c162062b3308545cb2058&oe=5FB29208"
                },
                {
                    "config_height": 240,
                    "config_width": 240,
                    "src": "https://instagram.fabe1-1.fna.fbcdn.net/v/t51.2885-15/e35/s240x240/121608046_657330625153913_7758677469514725302_n.jpg?_nc_ht=instagram.fabe1-1.fna.fbcdn.net&_nc_cat=105&_nc_ohc=CKvT0GyYvpQAX-rj6XU&_nc_tp=15&oh=d0bb5ee9208b26ff000008c1d513c2d4&oe=5FB32602"
                },
                {
                    "config_height": 320,
                    "config_width": 320,
                    "src": "https://instagram.fabe1-1.fna.fbcdn.net/v/t51.2885-15/e35/s320x320/121608046_657330625153913_7758677469514725302_n.jpg?_nc_ht=instagram.fabe1-1.fna.fbcdn.net&_nc_cat=105&_nc_ohc=CKvT0GyYvpQAX-rj6XU&_nc_tp=15&oh=7e5cf9982febaa50e0521f90ea5cd858&oe=5FB32400"
                },
                {
                    "config_height": 480,
                    "config_width": 480,
                    "src": "https://instagram.fabe1-1.fna.fbcdn.net/v/t51.2885-15/e35/s480x480/121608046_657330625153913_7758677469514725302_n.jpg?_nc_ht=instagram.fabe1-1.fna.fbcdn.net&_nc_cat=105&_nc_ohc=CKvT0GyYvpQAX-rj6XU&_nc_tp=15&oh=9c6eb93440f2f82bc2339b9518b411bc&oe=5FB405B9"
                },
                {
                    "config_height": 640,
                    "config_width": 640,
                    "src": "https://instagram.fabe1-1.fna.fbcdn.net/v/t51.2885-15/sh0.08/e35/s640x640/121608046_657330625153913_7758677469514725302_n.jpg?_nc_ht=instagram.fabe1-1.fna.fbcdn.net&_nc_cat=105&_nc_ohc=CKvT0GyYvpQAX-rj6XU&_nc_tp=24&oh=a30d5a2203c73a0149ba59180d583a67&oe=5FB2B883"
                }
            ],
            "thumbnail_src": "https://instagram.fabe1-1.fna.fbcdn.net/v/t51.2885-15/sh0.08/e35/s640x640/121608046_657330625153913_7758677469514725302_n.jpg?_nc_ht=instagram.fabe1-1.fna.fbcdn.net&_nc_cat=105&_nc_ohc=CKvT0GyYvpQAX-rj6XU&_nc_tp=24&oh=a30d5a2203c73a0149ba59180d583a67&oe=5FB2B883",
            "urls": [
                "https://instagram.fabe1-1.fna.fbcdn.net/v/t51.2885-15/e35/s1080x1080/121608046_657330625153913_7758677469514725302_n.jpg?_nc_ht=instagram.fabe1-1.fna.fbcdn.net&_nc_cat=105&_nc_ohc=CKvT0GyYvpQAX-rj6XU&_nc_tp=15&oh=a6d0fc82f4e3845cfe5e27588f227f69&oe=5FB359C7"
            ]
        }
    ]
}