{
    "GraphImages": [
        {
            "comments_disabled": false,
            "dimensions": {
                "height": 1350,
                "width": 1080
            },
            "display_url": "https://instagram.fabe1-1.fna.fbcdn.net/v/t51.2885-15/e35/p1080x1080/121560322_257029222417626_4534280395289893223_n.jpg?_nc_ht=instagram.fabe1-1.fna.fbcdn.net&_nc_cat=106&_nc_ohc=gvNpctHQFx8AX8g0Pb6&tp=19&oh=0321ea425303aa4503d653f6f93694d9&oe=5FB563B7",
            "edge_liked_by": {
                "count": 1
            },
            "edge_media_preview_like": {
                "count": 1
            },
            "edge_media_to_caption": {
                "edges": [
                    {
                        "node": {
                            "text": "todos feliz.\nAme este lugar ❤️"
                        }
                    }
                ]
            },
            "edge_media_to_comment": {
                "count": 0
            },
            "id": "2421541132749848970",
            "is_video": false,
            "owner": {
                "id": "2170283606"
            },
            "shortcode": "CGbCtSSjUGK",
            "tags": [],
            "taken_at_timestamp": 1602890219,
            "thumbnail_resources": [
                {
                    "config_height": 150,
                    "config_width": 150,
                    "src": "https://instagram.fabe1-1.fna.fbcdn.net/v/t51.2885-15/e35/c0.180.1440.1440a/s150x150/121560322_257029222417626_4534280395289893223_n.jpg?_nc_ht=instagram.fabe1-1.fna.fbcdn.net&_nc_cat=106&_nc_ohc=gvNpctHQFx8AX8g0Pb6&tp=16&oh=8cf61169bf1b08ee4ca43c8b0d24754c&oe=5FB59E23"
                },
                {
                    "config_height": 240,
                    "config_width": 240,
                    "src": "https://instagram.fabe1-1.fna.fbcdn.net/v/t51.2885-15/e35/c0.180.1440.1440a/s240x240/121560322_257029222417626_4534280395289893223_n.jpg?_nc_ht=instagram.fabe1-1.fna.fbcdn.net&_nc_cat=106&_nc_ohc=gvNpctHQFx8AX8g0Pb6&tp=16&oh=044c54a5d42869d590044792a99b2fd9&oe=5FB565A5"
                },
                {
                    "config_height": 320,
                    "config_width": 320,
                    "src": "https://instagram.fabe1-1.fna.fbcdn.net/v/t51.2885-15/e35/c0.180.1440.1440a/s320x320/121560322_257029222417626_4534280395289893223_n.jpg?_nc_ht=instagram.fabe1-1.fna.fbcdn.net&_nc_cat=106&_nc_ohc=gvNpctHQFx8AX8g0Pb6&tp=16&oh=f2becce92a860ea97341c4ac8f42eb50&oe=5FB2E3DB"
                },
                {
                    "config_height": 480,
                    "config_width": 480,
                    "src": "https://instagram.fabe1-1.fna.fbcdn.net/v/t51.2885-15/e35/c0.180.1440.1440a/s480x480/121560322_257029222417626_4534280395289893223_n.jpg?_nc_ht=instagram.fabe1-1.fna.fbcdn.net&_nc_cat=106&_nc_ohc=gvNpctHQFx8AX8g0Pb6&tp=16&oh=b569177efc6f0959880df0bbc6aecf73&oe=5FB3169E"
                },
                {
                    "config_height": 640,
                    "config_width": 640,
                    "src": "https://instagram.fabe1-1.fna.fbcdn.net/v/t51.2885-15/sh0.08/e35/c0.180.1440.1440a/s640x640/121560322_257029222417626_4534280395289893223_n.jpg?_nc_ht=instagram.fabe1-1.fna.fbcdn.net&_nc_cat=106&_nc_ohc=gvNpctHQFx8AX8g0Pb6&oh=8d6d8916824cc5125562c7d80eda2cc5&oe=5FB4CB93"
                }
            ],
            "thumbnail_src": "https://instagram.fabe1-1.fna.fbcdn.net/v/t51.2885-15/sh0.08/e35/c0.180.1440.1440a/s640x640/121560322_257029222417626_4534280395289893223_n.jpg?_nc_ht=instagram.fabe1-1.fna.fbcdn.net&_nc_cat=106&_nc_ohc=gvNpctHQFx8AX8g0Pb6&oh=8d6d8916824cc5125562c7d80eda2cc5&oe=5FB4CB93",
            "urls": [
                "https://instagram.fabe1-1.fna.fbcdn.net/v/t51.2885-15/e35/p1080x1080/121560322_257029222417626_4534280395289893223_n.jpg?_nc_ht=instagram.fabe1-1.fna.fbcdn.net&_nc_cat=106&_nc_ohc=gvNpctHQFx8AX8g0Pb6&tp=19&oh=0321ea425303aa4503d653f6f93694d9&oe=5FB563B7"
            ]
        },
        {
            "comments_disabled": false,
            "dimensions": {
                "height": 937,
                "width": 750
            },
            "display_url": "https://instagram.fabe1-1.fna.fbcdn.net/v/t51.2885-15/e35/121575126_1763420653819567_2365641560132577505_n.jpg?_nc_ht=instagram.fabe1-1.fna.fbcdn.net&_nc_cat=107&_nc_ohc=2qgK_wsmGz8AX-PXhTR&_nc_tp=18&oh=fad6f05d6fe5fc434da8030111354de5&oe=5F8C748E",
            "edge_liked_by": {
                "count": 1
            },
            "edge_media_preview_like": {
                "count": 1
            },
            "edge_media_to_caption": {
                "edges": [
                    {
                        "node": {
                            "text": "@imjvzel ❤️🌈🙊✍🏾 u are so so so..."
                        }
                    }
                ]
            },
            "edge_media_to_comment": {
                "count": 0
            },
            "id": "2421540858896393213",
            "is_video": true,
            "owner": {
                "id": "240396533"
            },
            "shortcode": "CGbCpTPnSP9",
            "tags": [],
            "taken_at_timestamp": 1602890205,
            "thumbnail_resources": [
                {
                    "config_height": 150,
                    "config_width": 150,
                    "src": "https://instagram.fabe1-1.fna.fbcdn.net/v/t51.2885-15/e35/c0.90.720.720a/s150x150/121575126_1763420653819567_2365641560132577505_n.jpg?_nc_ht=instagram.fabe1-1.fna.fbcdn.net&_nc_cat=107&_nc_ohc=2qgK_wsmGz8AX-PXhTR&tp=16&oh=6a1eedf8fb429860231ecf9d2f0b7d08&oe=5F8C774D"
                },
                {
                    "config_height": 240,
                    "config_width": 240,
                    "src": "https://instagram.fabe1-1.fna.fbcdn.net/v/t51.2885-15/e35/c0.90.720.720a/s240x240/121575126_1763420653819567_2365641560132577505_n.jpg?_nc_ht=instagram.fabe1-1.fna.fbcdn.net&_nc_cat=107&_nc_ohc=2qgK_wsmGz8AX-PXhTR&tp=16&oh=d9a317513c1c0802e0174ea86b746ee9&oe=5F8C2A85"
                },
                {
                    "config_height": 320,
                    "config_width": 320,
                    "src": "https://instagram.fabe1-1.fna.fbcdn.net/v/t51.2885-15/e35/c0.90.720.720a/s320x320/121575126_1763420653819567_2365641560132577505_n.jpg?_nc_ht=instagram.fabe1-1.fna.fbcdn.net&_nc_cat=107&_nc_ohc=2qgK_wsmGz8AX-PXhTR&tp=16&oh=58283aef09ad0b20785812d00bfb413d&oe=5F8C549C"
                },
                {
                    "config_height": 480,
                    "config_width": 480,
                    "src": "https://instagram.fabe1-1.fna.fbcdn.net/v/t51.2885-15/e35/c0.90.720.720a/s480x480/121575126_1763420653819567_2365641560132577505_n.jpg?_nc_ht=instagram.fabe1-1.fna.fbcdn.net&_nc_cat=107&_nc_ohc=2qgK_wsmGz8AX-PXhTR&tp=16&oh=24203e2114c88f50994f277270e450cd&oe=5F8CAE9A"
                },
                {
                    "config_height": 640,
                    "config_width": 640,
                    "src": "https://instagram.fabe1-1.fna.fbcdn.net/v/t51.2885-15/sh0.08/e35/c0.90.720.720a/s640x640/121575126_1763420653819567_2365641560132577505_n.jpg?_nc_ht=instagram.fabe1-1.fna.fbcdn.net&_nc_cat=107&_nc_ohc=2qgK_wsmGz8AX-PXhTR&oh=52833275bfb81b8093b08849234d483f&oe=5F8C8963"
                }
            ],
            "thumbnail_src": "https://instagram.fabe1-1.fna.fbcdn.net/v/t51.2885-15/sh0.08/e35/c0.90.720.720a/s640x640/121575126_1763420653819567_2365641560132577505_n.jpg?_nc_ht=instagram.fabe1-1.fna.fbcdn.net&_nc_cat=107&_nc_ohc=2qgK_wsmGz8AX-PXhTR&oh=52833275bfb81b8093b08849234d483f&oe=5F8C8963",
            "urls": [
                "https://instagram.fabe1-1.fna.fbcdn.net/v/t50.2886-16/121676597_114734153608138_4204321068613096952_n.mp4?_nc_ht=instagram.fabe1-1.fna.fbcdn.net&_nc_cat=110&_nc_ohc=jyhor1fX_JgAX-mQMXC&oe=5F8C8BB8&oh=6488ee2ff5973d5e71467255d709f01b"
            ],
            "video_view_count": 1
        },
        {
            "comments_disabled": false,
            "dimensions": {
                "height": 1080,
                "width": 1080
            },
            "display_url": "https://instagram.fabe1-1.fna.fbcdn.net/v/t51.2885-15/e35/121601237_181619653523364_3560696436578510562_n.jpg?_nc_ht=instagram.fabe1-1.fna.fbcdn.net&_nc_cat=100&_nc_ohc=RZdWjBtv-c8AX9pB1ng&_nc_tp=18&oh=ef8ce9410d2268b5f4badeded226b4d1&oe=5FB27575",
            "edge_liked_by": {
                "count": 0
            },
            "edge_media_preview_like": {
                "count": 0
            },
            "edge_media_to_caption": {
                "edges": []
            },
            "edge_media_to_comment": {
                "count": 0
            },
            "id": "2421540960045637829",
            "is_video": false,
            "owner": {
                "id": "43800718107"
            },
            "shortcode": "CGbCqxclCDF",
            "taken_at_timestamp": 1602890199,
            "thumbnail_resources": [
                {
                    "config_height": 150,
                    "config_width": 150,
                    "src": "https://instagram.fabe1-1.fna.fbcdn.net/v/t51.2885-15/e35/s150x150/121601237_181619653523364_3560696436578510562_n.jpg?_nc_ht=instagram.fabe1-1.fna.fbcdn.net&_nc_cat=100&_nc_ohc=RZdWjBtv-c8AX9pB1ng&_nc_tp=15&oh=beb9bb2179c5e85f8ed8ee3bdceca6db&oe=5FB283CC"
                },
                {
                    "config_height": 240,
                    "config_width": 240,
                    "src": "https://instagram.fabe1-1.fna.fbcdn.net/v/t51.2885-15/e35/s240x240/121601237_181619653523364_3560696436578510562_n.jpg?_nc_ht=instagram.fabe1-1.fna.fbcdn.net&_nc_cat=100&_nc_ohc=RZdWjBtv-c8AX9pB1ng&_nc_tp=15&oh=199bb5e73af86034acaa5417e9a45ec4&oe=5FB1BF4E"
                },
                {
                    "config_height": 320,
                    "config_width": 320,
                    "src": "https://instagram.fabe1-1.fna.fbcdn.net/v/t51.2885-15/e35/s320x320/121601237_181619653523364_3560696436578510562_n.jpg?_nc_ht=instagram.fabe1-1.fna.fbcdn.net&_nc_cat=100&_nc_ohc=RZdWjBtv-c8AX9pB1ng&_nc_tp=15&oh=27b038b6cbe8d3b1c14c0a604bde4222&oe=5FB3E7B4"
                },
                {
                    "config_height": 480,
                    "config_width": 480,
                    "src": "https://instagram.fabe1-1.fna.fbcdn.net/v/t51.2885-15/e35/s480x480/121601237_181619653523364_3560696436578510562_n.jpg?_nc_ht=instagram.fabe1-1.fna.fbcdn.net&_nc_cat=100&_nc_ohc=RZdWjBtv-c8AX9pB1ng&_nc_tp=15&oh=dc81d0fd4aafa8e3affdad9306aa4c17&oe=5FB43E75"
                },
                {
                    "config_height": 640,
                    "config_width": 640,
                    "src": "https://instagram.fabe1-1.fna.fbcdn.net/v/t51.2885-15/sh0.08/e35/s640x640/121601237_181619653523364_3560696436578510562_n.jpg?_nc_ht=instagram.fabe1-1.fna.fbcdn.net&_nc_cat=100&_nc_ohc=RZdWjBtv-c8AX9pB1ng&_nc_tp=24&oh=f0c00f61d37aa62569a509825bcf64b7&oe=5FB5554F"
                }
            ],
            "thumbnail_src": "https://instagram.fabe1-1.fna.fbcdn.net/v/t51.2885-15/sh0.08/e35/s640x640/121601237_181619653523364_3560696436578510562_n.jpg?_nc_ht=instagram.fabe1-1.fna.fbcdn.net&_nc_cat=100&_nc_ohc=RZdWjBtv-c8AX9pB1ng&_nc_tp=24&oh=f0c00f61d37aa62569a509825bcf64b7&oe=5FB5554F",
            "urls": [
                "https://instagram.fabe1-1.fna.fbcdn.net/v/t51.2885-15/e35/121601237_181619653523364_3560696436578510562_n.jpg?_nc_ht=instagram.fabe1-1.fna.fbcdn.net&_nc_cat=100&_nc_ohc=RZdWjBtv-c8AX9pB1ng&_nc_tp=18&oh=ef8ce9410d2268b5f4badeded226b4d1&oe=5FB27575",
                "https://instagram.fabe1-1.fna.fbcdn.net/v/t51.2885-15/e35/121608389_681023092518201_8167518664434523072_n.jpg?_nc_ht=instagram.fabe1-1.fna.fbcdn.net&_nc_cat=109&_nc_ohc=Jk5MIpixSssAX8llbPF&_nc_tp=18&oh=1860e88e5b3432af35e53bf034520bc5&oe=5FB373F0",
                "https://instagram.fabe1-1.fna.fbcdn.net/v/t51.2885-15/e35/120674374_382782899434003_3179027625693947060_n.jpg?_nc_ht=instagram.fabe1-1.fna.fbcdn.net&_nc_cat=107&_nc_ohc=AomfU9O_2TMAX8eA111&_nc_tp=18&oh=573599f316ef650781a473a4e2cf1793&oe=5FB35100",
                "https://instagram.fabe1-1.fna.fbcdn.net/v/t51.2885-15/e35/121384206_342678250158065_7022329627919636085_n.jpg?_nc_ht=instagram.fabe1-1.fna.fbcdn.net&_nc_cat=105&_nc_ohc=D3YlV4iipc8AX-Y0S1d&_nc_tp=18&oh=0cd1f0c61cc94fdf6a3a81c38cbf5425&oe=5FB497A3",
                "https://instagram.fabe1-1.fna.fbcdn.net/v/t51.2885-15/e35/121705293_419861082332810_5586349410100382449_n.jpg?_nc_ht=instagram.fabe1-1.fna.fbcdn.net&_nc_cat=102&_nc_ohc=PXtrnfzf8-oAX8rAB9T&_nc_tp=18&oh=3a03a9a498a50a4b1e4f53c59b58b2ca&oe=5FB4FD4D"
            ]
        }
    ]
}