{
    "GraphImages": [
        {
            "comments_disabled": false,
            "dimensions": {
                "height": 1348,
                "width": 1080
            },
            "display_url": "https://instagram.fabe1-1.fna.fbcdn.net/v/t51.2885-15/e35/121633400_639480570093108_2009069424204684582_n.jpg?_nc_ht=instagram.fabe1-1.fna.fbcdn.net&_nc_cat=100&_nc_ohc=tq-vTxcsvqIAX8sEP8T&_nc_tp=18&oh=6ffd809d7f2d295461686c8bc31db776&oe=5FB405DE",
            "edge_liked_by": {
                "count": 0
            },
            "edge_media_preview_like": {
                "count": 0
            },
            "edge_media_to_caption": {
                "edges": [
                    {
                        "node": {
                            "text": "Praia🌞\n. \n. \n. \n. \nTags:\navakinbrasil #avakinfashion #avakinphoto #avakinlove #avakinlifegame #avakinedits #avakinoffical #playavakin #avakin #avakininstagram"
                        }
                    }
                ]
            },
            "edge_media_to_comment": {
                "count": 0
            },
            "id": "2421378486750387165",
            "is_video": false,
            "owner": {
                "id": "30383843319"
            },
            "shortcode": "CGadueZh5vd",
            "tags": [
                "avakin",
                "avakininstagram",
                "avakinedits",
                "avakinphoto",
                "playavakin",
                "avakinoffical",
                "avakinlifegame",
                "avakinlove",
                "avakinfashion"
            ],
            "taken_at_timestamp": 1602870830,
            "thumbnail_resources": [
                {
                    "config_height": 150,
                    "config_width": 150,
                    "src": "https://instagram.fabe1-1.fna.fbcdn.net/v/t51.2885-15/e35/c0.119.960.960a/s150x150/121633400_639480570093108_2009069424204684582_n.jpg?_nc_ht=instagram.fabe1-1.fna.fbcdn.net&_nc_cat=100&_nc_ohc=tq-vTxcsvqIAX8sEP8T&tp=16&oh=78ead4697a0a34187047a3e96be1fc1a&oe=5FB32809"
                },
                {
                    "config_height": 240,
                    "config_width": 240,
                    "src": "https://instagram.fabe1-1.fna.fbcdn.net/v/t51.2885-15/e35/c0.119.960.960a/s240x240/121633400_639480570093108_2009069424204684582_n.jpg?_nc_ht=instagram.fabe1-1.fna.fbcdn.net&_nc_cat=100&_nc_ohc=tq-vTxcsvqIAX8sEP8T&tp=16&oh=b58472c73738d38e617ec5067badf4cc&oe=5FB3900F"
                },
                {
                    "config_height": 320,
                    "config_width": 320,
                    "src": "https://instagram.fabe1-1.fna.fbcdn.net/v/t51.2885-15/e35/c0.119.960.960a/s320x320/121633400_639480570093108_2009069424204684582_n.jpg?_nc_ht=instagram.fabe1-1.fna.fbcdn.net&_nc_cat=100&_nc_ohc=tq-vTxcsvqIAX8sEP8T&tp=16&oh=e20c31fe87e9f56a4bc874da624bc0a9&oe=5FB44771"
                },
                {
                    "config_height": 480,
                    "config_width": 480,
                    "src": "https://instagram.fabe1-1.fna.fbcdn.net/v/t51.2885-15/e35/c0.119.960.960a/s480x480/121633400_639480570093108_2009069424204684582_n.jpg?_nc_ht=instagram.fabe1-1.fna.fbcdn.net&_nc_cat=100&_nc_ohc=tq-vTxcsvqIAX8sEP8T&tp=16&oh=fff1c61e3ba128d25467e5ca2952ddb5&oe=5FB4A8B8"
                },
                {
                    "config_height": 640,
                    "config_width": 640,
                    "src": "https://instagram.fabe1-1.fna.fbcdn.net/v/t51.2885-15/sh0.08/e35/c0.119.960.960a/s640x640/121633400_639480570093108_2009069424204684582_n.jpg?_nc_ht=instagram.fabe1-1.fna.fbcdn.net&_nc_cat=100&_nc_ohc=tq-vTxcsvqIAX8sEP8T&oh=690b9ac52a446ad01201b8ec68583712&oe=5FB4A4D0"
                }
            ],
            "thumbnail_src": "https://instagram.fabe1-1.fna.fbcdn.net/v/t51.2885-15/sh0.08/e35/c0.119.960.960a/s640x640/121633400_639480570093108_2009069424204684582_n.jpg?_nc_ht=instagram.fabe1-1.fna.fbcdn.net&_nc_cat=100&_nc_ohc=tq-vTxcsvqIAX8sEP8T&oh=690b9ac52a446ad01201b8ec68583712&oe=5FB4A4D0",
            "urls": [
                "https://instagram.fabe1-1.fna.fbcdn.net/v/t51.2885-15/e35/121633400_639480570093108_2009069424204684582_n.jpg?_nc_ht=instagram.fabe1-1.fna.fbcdn.net&_nc_cat=100&_nc_ohc=tq-vTxcsvqIAX8sEP8T&_nc_tp=18&oh=6ffd809d7f2d295461686c8bc31db776&oe=5FB405DE"
            ]
        },
        {
            "comments_disabled": false,
            "dimensions": {
                "height": 750,
                "width": 750
            },
            "display_url": "https://instagram.fabe1-1.fna.fbcdn.net/v/t51.2885-15/e35/121636988_1217465245319912_5625033229527201128_n.jpg?_nc_ht=instagram.fabe1-1.fna.fbcdn.net&_nc_cat=108&_nc_ohc=mvsuVHfuQBYAX8OnS7m&_nc_tp=18&oh=ae46d85177334eb9b0bf3d4189409291&oe=5F8C0D69",
            "edge_liked_by": {
                "count": 0
            },
            "edge_media_preview_like": {
                "count": 0
            },
            "edge_media_to_caption": {
                "edges": [
                    {
                        "node": {
                            "text": "Riding"
                        }
                    }
                ]
            },
            "edge_media_to_comment": {
                "count": 0
            },
            "id": "2421377992376062435",
            "is_video": true,
            "owner": {
                "id": "191014929"
            },
            "shortcode": "CGadnR-hhHj",
            "tags": [],
            "taken_at_timestamp": 1602870820,
            "thumbnail_resources": [
                {
                    "config_height": 150,
                    "config_width": 150,
                    "src": "https://instagram.fabe1-1.fna.fbcdn.net/v/t51.2885-15/e35/s150x150/121636988_1217465245319912_5625033229527201128_n.jpg?_nc_ht=instagram.fabe1-1.fna.fbcdn.net&_nc_cat=108&_nc_ohc=mvsuVHfuQBYAX8OnS7m&_nc_tp=15&oh=cc00e0c5cf967fca92e487cd75ecf7e3&oe=5F8BDAC5"
                },
                {
                    "config_height": 240,
                    "config_width": 240,
                    "src": "https://instagram.fabe1-1.fna.fbcdn.net/v/t51.2885-15/e35/s240x240/121636988_1217465245319912_5625033229527201128_n.jpg?_nc_ht=instagram.fabe1-1.fna.fbcdn.net&_nc_cat=108&_nc_ohc=mvsuVHfuQBYAX8OnS7m&_nc_tp=15&oh=a80f187487a1dd0f2ce0bf3372b6af7c&oe=5F8C4E0D"
                },
                {
                    "config_height": 320,
                    "config_width": 320,
                    "src": "https://instagram.fabe1-1.fna.fbcdn.net/v/t51.2885-15/e35/s320x320/121636988_1217465245319912_5625033229527201128_n.jpg?_nc_ht=instagram.fabe1-1.fna.fbcdn.net&_nc_cat=108&_nc_ohc=mvsuVHfuQBYAX8OnS7m&_nc_tp=15&oh=f65d56f9d08288845b3fdb7e021cdd2a&oe=5F8C3A54"
                },
                {
                    "config_height": 480,
                    "config_width": 480,
                    "src": "https://instagram.fabe1-1.fna.fbcdn.net/v/t51.2885-15/e35/s480x480/121636988_1217465245319912_5625033229527201128_n.jpg?_nc_ht=instagram.fabe1-1.fna.fbcdn.net&_nc_cat=108&_nc_ohc=mvsuVHfuQBYAX8OnS7m&_nc_tp=15&oh=18ebda3620a5baa61d94b60f8c39e69f&oe=5F8C28D2"
                },
                {
                    "config_height": 640,
                    "config_width": 640,
                    "src": "https://instagram.fabe1-1.fna.fbcdn.net/v/t51.2885-15/sh0.08/e35/s640x640/121636988_1217465245319912_5625033229527201128_n.jpg?_nc_ht=instagram.fabe1-1.fna.fbcdn.net&_nc_cat=108&_nc_ohc=mvsuVHfuQBYAX8OnS7m&_nc_tp=24&oh=8309f38451332d277ec687f82f597c21&oe=5F8BE9F2"
                }
            ],
            "thumbnail_src": "https://instagram.fabe1-1.fna.fbcdn.net/v/t51.2885-15/sh0.08/e35/s640x640/121636988_1217465245319912_5625033229527201128_n.jpg?_nc_ht=instagram.fabe1-1.fna.fbcdn.net&_nc_cat=108&_nc_ohc=mvsuVHfuQBYAX8OnS7m&_nc_tp=24&oh=8309f38451332d277ec687f82f597c21&oe=5F8BE9F2",
            "urls": [
                "https://instagram.fabe1-1.fna.fbcdn.net/v/t50.2886-16/121614352_165652625220322_2520486834392718448_n.mp4?_nc_ht=instagram.fabe1-1.fna.fbcdn.net&_nc_cat=110&_nc_ohc=5Jotsx8SiEwAX8GyNtT&oe=5F8C2818&oh=86fb732b84e2062b00154d67cca24605"
            ],
            "video_view_count": 0
        },
        {
            "comments_disabled": false,
            "dimensions": {
                "height": 800,
                "width": 640
            },
            "display_url": "https://instagram.fabe1-1.fna.fbcdn.net/v/t51.2885-15/e35/121574040_681973079404343_2123261369683383583_n.jpg?_nc_ht=instagram.fabe1-1.fna.fbcdn.net&_nc_cat=111&_nc_ohc=BFFrompnkeIAX8o4xAy&_nc_tp=18&oh=0506079b31caf36377efbb71f28e33f2&oe=5F8C56DA",
            "edge_liked_by": {
                "count": 4
            },
            "edge_media_preview_like": {
                "count": 4
            },
            "edge_media_to_caption": {
                "edges": [
                    {
                        "node": {
                            "text": "I saw a horse 🐎 and a wolf 🐺at the same time 😳\n➖\nTag someone who is addicted to puppys 👇\n▪︎\n▪︎\nFollow~@doggys.planet for more  fun!!\nFollow~@doggys.planet for more  fun!!\nFollow~@doggys.planet for more  fun!!\n▪︎\n▪︎\n▪︎\n\n#doglife #dogclothes #dogs🐶  dogsinstagram #dogstar #dogshirt #dogswhohike #dogsforlife  #dogsarebetterthanpeople #dogsgram  #dogsdoingthings #puppypic #puppydaily #puppypaws #puppydays #puppybowl #puppyfriends #puppyselfie #puppysface #puppysquad #puppyscene #puppysurprise #puppyspam #puppyswim #puppyshoot"
                        }
                    }
                ]
            },
            "edge_media_to_comment": {
                "count": 0
            },
            "id": "2421377623730775700",
            "is_video": true,
            "owner": {
                "id": "35671713025"
            },
            "shortcode": "CGadh6pjWaU",
            "tags": [
                "puppysurprise",
                "dogshirt",
                "dogsarebetterthanpeople",
                "dogclothes",
                "doglife",
                "dogswhohike",
                "puppyselfie",
                "dogsgram",
                "dogs",
                "puppyshoot",
                "dogsdoingthings",
                "puppypic",
                "puppysquad",
                "puppyspam",
                "dogstar",
                "puppysface",
                "puppypaws",
                "puppydays",
                "puppydaily",
                "puppyswim",
                "puppyfriends",
                "puppyscene",
                "dogsforlife",
                "puppybowl"
            ],
            "taken_at_timestamp": 1602870799,
            "thumbnail_resources": [
                {
                    "config_height": 150,
                    "config_width": 150,
                    "src": "https://instagram.fabe1-1.fna.fbcdn.net/v/t51.2885-15/e35/c0.80.640.640a/s150x150/121574040_681973079404343_2123261369683383583_n.jpg?_nc_ht=instagram.fabe1-1.fna.fbcdn.net&_nc_cat=111&_nc_ohc=BFFrompnkeIAX8o4xAy&tp=16&oh=7086a75728f606989c50006a44881931&oe=5F8C0F40"
                },
                {
                    "config_height": 240,
                    "config_width": 240,
                    "src": "https://instagram.fabe1-1.fna.fbcdn.net/v/t51.2885-15/e35/c0.80.640.640a/s240x240/121574040_681973079404343_2123261369683383583_n.jpg?_nc_ht=instagram.fabe1-1.fna.fbcdn.net&_nc_cat=111&_nc_ohc=BFFrompnkeIAX8o4xAy&tp=16&oh=2d1a1bc9fe49375503de1b3f9d98e46e&oe=5F8C433A"
                },
                {
                    "config_height": 320,
                    "config_width": 320,
                    "src": "https://instagram.fabe1-1.fna.fbcdn.net/v/t51.2885-15/e35/c0.80.640.640a/s320x320/121574040_681973079404343_2123261369683383583_n.jpg?_nc_ht=instagram.fabe1-1.fna.fbcdn.net&_nc_cat=111&_nc_ohc=BFFrompnkeIAX8o4xAy&tp=16&oh=e45c11f8c4654c1808ec3f4dc3f4924b&oe=5F8BEB08"
                },
                {
                    "config_height": 480,
                    "config_width": 480,
                    "src": "https://instagram.fabe1-1.fna.fbcdn.net/v/t51.2885-15/e35/c0.80.640.640a/s480x480/121574040_681973079404343_2123261369683383583_n.jpg?_nc_ht=instagram.fabe1-1.fna.fbcdn.net&_nc_cat=111&_nc_ohc=BFFrompnkeIAX8o4xAy&tp=16&oh=564cb0f2d5e885c32a6c02e050271b97&oe=5F8BE281"
                },
                {
                    "config_height": 640,
                    "config_width": 640,
                    "src": "https://instagram.fabe1-1.fna.fbcdn.net/v/t51.2885-15/e35/c0.80.640.640a/121574040_681973079404343_2123261369683383583_n.jpg?_nc_ht=instagram.fabe1-1.fna.fbcdn.net&_nc_cat=111&_nc_ohc=BFFrompnkeIAX8o4xAy&oh=cc118aabf5ad83de3aa10ef26d15d4f0&oe=5F8C2FE3"
                }
            ],
            "thumbnail_src": "https://instagram.fabe1-1.fna.fbcdn.net/v/t51.2885-15/e35/c0.80.640.640a/121574040_681973079404343_2123261369683383583_n.jpg?_nc_ht=instagram.fabe1-1.fna.fbcdn.net&_nc_cat=111&_nc_ohc=BFFrompnkeIAX8o4xAy&oh=cc118aabf5ad83de3aa10ef26d15d4f0&oe=5F8C2FE3",
            "urls": [
                "https://instagram.fabe1-1.fna.fbcdn.net/v/t50.2886-16/121135736_384631479374859_38526162885077458_n.mp4?_nc_ht=instagram.fabe1-1.fna.fbcdn.net&_nc_cat=103&_nc_ohc=uDj5FpJEzEYAX9TCqKq&oe=5F8BDC6A&oh=9a9f9876d28563bcf511e4b782b97336"
            ],
            "video_view_count": 1
        },
        {
            "comments_disabled": false,
            "dimensions": {
                "height": 750,
                "width": 750
            },
            "display_url": "https://instagram.fabe1-1.fna.fbcdn.net/v/t51.2885-15/e35/121555223_354664562435944_6867259251087586118_n.jpg?_nc_ht=instagram.fabe1-1.fna.fbcdn.net&_nc_cat=104&_nc_ohc=4iuDKK28qOkAX-dTsmL&_nc_tp=18&oh=97793b17cf31aee3e1415199ededf234&oe=5F8C6457",
            "edge_liked_by": {
                "count": 0
            },
            "edge_media_preview_like": {
                "count": 0
            },
            "edge_media_to_caption": {
                "edges": [
                    {
                        "node": {
                            "text": "💙💬 Accessibility allows us to tap into everyone’s potential. - Debra Ruh\n\n#DadeAccess #accessibility #inclusion"
                        }
                    }
                ]
            },
            "edge_media_to_comment": {
                "count": 0
            },
            "id": "2421377449398273358",
            "is_video": true,
            "owner": {
                "id": "43830072662"
            },
            "shortcode": "CGadfYShoVO",
            "tags": [
                "DadeAccess",
                "inclusion",
                "accessibility"
            ],
            "taken_at_timestamp": 1602870792,
            "thumbnail_resources": [
                {
                    "config_height": 150,
                    "config_width": 150,
                    "src": "https://instagram.fabe1-1.fna.fbcdn.net/v/t51.2885-15/e35/s150x150/121555223_354664562435944_6867259251087586118_n.jpg?_nc_ht=instagram.fabe1-1.fna.fbcdn.net&_nc_cat=104&_nc_ohc=4iuDKK28qOkAX-dTsmL&_nc_tp=15&oh=fbecb245d523532fa43396e639081c12&oe=5F8C4A2A"
                },
                {
                    "config_height": 240,
                    "config_width": 240,
                    "src": "https://instagram.fabe1-1.fna.fbcdn.net/v/t51.2885-15/e35/s240x240/121555223_354664562435944_6867259251087586118_n.jpg?_nc_ht=instagram.fabe1-1.fna.fbcdn.net&_nc_cat=104&_nc_ohc=4iuDKK28qOkAX-dTsmL&_nc_tp=15&oh=a1c57aab8aa6d71d9161d488142eb483&oe=5F8C4330"
                },
                {
                    "config_height": 320,
                    "config_width": 320,
                    "src": "https://instagram.fabe1-1.fna.fbcdn.net/v/t51.2885-15/e35/s320x320/121555223_354664562435944_6867259251087586118_n.jpg?_nc_ht=instagram.fabe1-1.fna.fbcdn.net&_nc_cat=104&_nc_ohc=4iuDKK28qOkAX-dTsmL&_nc_tp=15&oh=fef352dcdfd138eb472894e7af73aabe&oe=5F8BF8D2"
                },
                {
                    "config_height": 480,
                    "config_width": 480,
                    "src": "https://instagram.fabe1-1.fna.fbcdn.net/v/t51.2885-15/e35/s480x480/121555223_354664562435944_6867259251087586118_n.jpg?_nc_ht=instagram.fabe1-1.fna.fbcdn.net&_nc_cat=104&_nc_ohc=4iuDKK28qOkAX-dTsmL&_nc_tp=15&oh=0cae48f189f3a87aebc65063b7d64042&oe=5F8C5417"
                },
                {
                    "config_height": 640,
                    "config_width": 640,
                    "src": "https://instagram.fabe1-1.fna.fbcdn.net/v/t51.2885-15/sh0.08/e35/s640x640/121555223_354664562435944_6867259251087586118_n.jpg?_nc_ht=instagram.fabe1-1.fna.fbcdn.net&_nc_cat=104&_nc_ohc=4iuDKK28qOkAX-dTsmL&_nc_tp=24&oh=aa27dfacabe7903eaf8a4b7f26a964c7&oe=5F8C31AD"
                }
            ],
            "thumbnail_src": "https://instagram.fabe1-1.fna.fbcdn.net/v/t51.2885-15/sh0.08/e35/s640x640/121555223_354664562435944_6867259251087586118_n.jpg?_nc_ht=instagram.fabe1-1.fna.fbcdn.net&_nc_cat=104&_nc_ohc=4iuDKK28qOkAX-dTsmL&_nc_tp=24&oh=aa27dfacabe7903eaf8a4b7f26a964c7&oe=5F8C31AD",
            "urls": [
                "https://instagram.fabe1-1.fna.fbcdn.net/v/t50.2886-16/121696130_371332360648933_1199947128755647395_n.mp4?_nc_ht=instagram.fabe1-1.fna.fbcdn.net&_nc_cat=101&_nc_ohc=2PLG0Nj96ckAX9Ut8iW&oe=5F8C7FBA&oh=52036a5faa232140473ca65a5c478a98"
            ],
            "video_view_count": 1
        }
    ]
}