{
    "GraphImages": [
        {
            "comments_disabled": false,
            "dimensions": {
                "height": 1350,
                "width": 1080
            },
            "display_url": "https://instagram.fabe1-1.fna.fbcdn.net/v/t51.2885-15/e35/p1080x1080/121605318_721857755065609_8419804382596110945_n.jpg?_nc_ht=instagram.fabe1-1.fna.fbcdn.net&_nc_cat=101&_nc_ohc=Q4CU6X77NgAAX-hiQMy&tp=19&oh=418552fd0fe30dc1c3071c39491dff20&oe=5FB4A590",
            "edge_liked_by": {
                "count": 0
            },
            "edge_media_preview_like": {
                "count": 0
            },
            "edge_media_to_caption": {
                "edges": [
                    {
                        "node": {
                            "text": "@she.got.body \nFollow: @beautifullyprettywomen @beautifullyprettywomen @beautifullyprettywomen \n_\nModel: @misslulusimmons"
                        }
                    }
                ]
            },
            "edge_media_to_comment": {
                "count": 0
            },
            "id": "2421572846141879066",
            "is_video": false,
            "owner": {
                "id": "985696054"
            },
            "shortcode": "CGbJ6xsBLMa",
            "tags": [],
            "taken_at_timestamp": 1602894000,
            "thumbnail_resources": [
                {
                    "config_height": 150,
                    "config_width": 150,
                    "src": "https://instagram.fabe1-1.fna.fbcdn.net/v/t51.2885-15/e35/c0.169.1349.1349a/s150x150/121605318_721857755065609_8419804382596110945_n.jpg?_nc_ht=instagram.fabe1-1.fna.fbcdn.net&_nc_cat=101&_nc_ohc=Q4CU6X77NgAAX-hiQMy&tp=16&oh=a3c86fe57cbfeb71315c7fb650f188dd&oe=5FB3BF8C"
                },
                {
                    "config_height": 240,
                    "config_width": 240,
                    "src": "https://instagram.fabe1-1.fna.fbcdn.net/v/t51.2885-15/e35/c0.169.1349.1349a/s240x240/121605318_721857755065609_8419804382596110945_n.jpg?_nc_ht=instagram.fabe1-1.fna.fbcdn.net&_nc_cat=101&_nc_ohc=Q4CU6X77NgAAX-hiQMy&tp=16&oh=a8c16c47cb92369fc20cca5ce3b0801c&oe=5FB2CB8E"
                },
                {
                    "config_height": 320,
                    "config_width": 320,
                    "src": "https://instagram.fabe1-1.fna.fbcdn.net/v/t51.2885-15/e35/c0.169.1349.1349a/s320x320/121605318_721857755065609_8419804382596110945_n.jpg?_nc_ht=instagram.fabe1-1.fna.fbcdn.net&_nc_cat=101&_nc_ohc=Q4CU6X77NgAAX-hiQMy&tp=16&oh=b347ff8723d827074380943b846e70db&oe=5FB48E74"
                },
                {
                    "config_height": 480,
                    "config_width": 480,
                    "src": "https://instagram.fabe1-1.fna.fbcdn.net/v/t51.2885-15/e35/c0.169.1349.1349a/s480x480/121605318_721857755065609_8419804382596110945_n.jpg?_nc_ht=instagram.fabe1-1.fna.fbcdn.net&_nc_cat=101&_nc_ohc=Q4CU6X77NgAAX-hiQMy&tp=16&oh=09133dd499e6163f3bb5f528fb01cbf7&oe=5FB35FB5"
                },
                {
                    "config_height": 640,
                    "config_width": 640,
                    "src": "https://instagram.fabe1-1.fna.fbcdn.net/v/t51.2885-15/sh0.08/e35/c0.169.1349.1349a/s640x640/121605318_721857755065609_8419804382596110945_n.jpg?_nc_ht=instagram.fabe1-1.fna.fbcdn.net&_nc_cat=101&_nc_ohc=Q4CU6X77NgAAX-hiQMy&oh=df9feeefdb4a13904e242333700e5094&oe=5FB4AEBC"
                }
            ],
            "thumbnail_src": "https://instagram.fabe1-1.fna.fbcdn.net/v/t51.2885-15/sh0.08/e35/c0.169.1349.1349a/s640x640/121605318_721857755065609_8419804382596110945_n.jpg?_nc_ht=instagram.fabe1-1.fna.fbcdn.net&_nc_cat=101&_nc_ohc=Q4CU6X77NgAAX-hiQMy&oh=df9feeefdb4a13904e242333700e5094&oe=5FB4AEBC",
            "urls": [
                "https://instagram.fabe1-1.fna.fbcdn.net/v/t51.2885-15/e35/p1080x1080/121605318_721857755065609_8419804382596110945_n.jpg?_nc_ht=instagram.fabe1-1.fna.fbcdn.net&_nc_cat=101&_nc_ohc=Q4CU6X77NgAAX-hiQMy&tp=19&oh=418552fd0fe30dc1c3071c39491dff20&oe=5FB4A590"
            ]
        },
        {
            "comments_disabled": false,
            "dimensions": {
                "height": 1080,
                "width": 1080
            },
            "display_url": "https://instagram.fabe1-1.fna.fbcdn.net/v/t51.2885-15/e35/s1080x1080/121948370_633883080589287_5095300008929379809_n.jpg?_nc_ht=instagram.fabe1-1.fna.fbcdn.net&_nc_cat=103&_nc_ohc=OPATSb-jSeMAX_Mtk85&_nc_tp=15&oh=fa1669c008a16868a08de0dc4178c001&oe=5FB488CC",
            "edge_liked_by": {
                "count": 0
            },
            "edge_media_preview_like": {
                "count": 0
            },
            "edge_media_to_caption": {
                "edges": [
                    {
                        "node": {
                            "text": "We deliver to you! \n@splash.miamibeach \n#jetski #jetskilifestyle #yamaha #family #familytime #familytravel"
                        }
                    }
                ]
            },
            "edge_media_to_comment": {
                "count": 0
            },
            "id": "2421572537130614911",
            "is_video": false,
            "owner": {
                "id": "35622576128"
            },
            "shortcode": "CGbJ2R5gwB_",
            "tags": [
                "yamaha",
                "familytravel",
                "familytime",
                "family",
                "jetski",
                "jetskilifestyle"
            ],
            "taken_at_timestamp": 1602893963,
            "thumbnail_resources": [
                {
                    "config_height": 150,
                    "config_width": 150,
                    "src": "https://instagram.fabe1-1.fna.fbcdn.net/v/t51.2885-15/e35/s150x150/121948370_633883080589287_5095300008929379809_n.jpg?_nc_ht=instagram.fabe1-1.fna.fbcdn.net&_nc_cat=103&_nc_ohc=OPATSb-jSeMAX_Mtk85&_nc_tp=15&oh=49b5dc4b130ab3f45698845e18c422d9&oe=5FB3BF0B"
                },
                {
                    "config_height": 240,
                    "config_width": 240,
                    "src": "https://instagram.fabe1-1.fna.fbcdn.net/v/t51.2885-15/e35/s240x240/121948370_633883080589287_5095300008929379809_n.jpg?_nc_ht=instagram.fabe1-1.fna.fbcdn.net&_nc_cat=103&_nc_ohc=OPATSb-jSeMAX_Mtk85&_nc_tp=15&oh=3c30e38930887aff0e869227eb15a3fe&oe=5FB59D0D"
                },
                {
                    "config_height": 320,
                    "config_width": 320,
                    "src": "https://instagram.fabe1-1.fna.fbcdn.net/v/t51.2885-15/e35/s320x320/121948370_633883080589287_5095300008929379809_n.jpg?_nc_ht=instagram.fabe1-1.fna.fbcdn.net&_nc_cat=103&_nc_ohc=OPATSb-jSeMAX_Mtk85&_nc_tp=15&oh=95ab9ab34be98c27c7c548071c91fcb5&oe=5FB26B73"
                },
                {
                    "config_height": 480,
                    "config_width": 480,
                    "src": "https://instagram.fabe1-1.fna.fbcdn.net/v/t51.2885-15/e35/s480x480/121948370_633883080589287_5095300008929379809_n.jpg?_nc_ht=instagram.fabe1-1.fna.fbcdn.net&_nc_cat=103&_nc_ohc=OPATSb-jSeMAX_Mtk85&_nc_tp=15&oh=7060acb63cc6ca76002af20a7357ad41&oe=5FB49936"
                },
                {
                    "config_height": 640,
                    "config_width": 640,
                    "src": "https://instagram.fabe1-1.fna.fbcdn.net/v/t51.2885-15/sh0.08/e35/s640x640/121948370_633883080589287_5095300008929379809_n.jpg?_nc_ht=instagram.fabe1-1.fna.fbcdn.net&_nc_cat=103&_nc_ohc=OPATSb-jSeMAX_Mtk85&_nc_tp=24&oh=73458da7622b771722eaaabaf3186c1d&oe=5FB3F090"
                }
            ],
            "thumbnail_src": "https://instagram.fabe1-1.fna.fbcdn.net/v/t51.2885-15/sh0.08/e35/s640x640/121948370_633883080589287_5095300008929379809_n.jpg?_nc_ht=instagram.fabe1-1.fna.fbcdn.net&_nc_cat=103&_nc_ohc=OPATSb-jSeMAX_Mtk85&_nc_tp=24&oh=73458da7622b771722eaaabaf3186c1d&oe=5FB3F090",
            "urls": [
                "https://instagram.fabe1-1.fna.fbcdn.net/v/t51.2885-15/e35/s1080x1080/121948370_633883080589287_5095300008929379809_n.jpg?_nc_ht=instagram.fabe1-1.fna.fbcdn.net&_nc_cat=103&_nc_ohc=OPATSb-jSeMAX_Mtk85&_nc_tp=15&oh=fa1669c008a16868a08de0dc4178c001&oe=5FB488CC"
            ]
        },
        {
            "comments_disabled": false,
            "dimensions": {
                "height": 1165,
                "width": 1080
            },
            "display_url": "https://instagram.fabe1-1.fna.fbcdn.net/v/t51.2885-15/e35/p1080x1080/122010143_351203426132492_8698788381594871587_n.jpg?_nc_ht=instagram.fabe1-1.fna.fbcdn.net&_nc_cat=108&_nc_ohc=UF9Pm60OSbkAX9QnCb3&tp=19&oh=0e6626479fa342ab74e77b088ca251dd&oe=5FB1F251",
            "edge_liked_by": {
                "count": 0
            },
            "edge_media_preview_like": {
                "count": 0
            },
            "edge_media_to_caption": {
                "edges": [
                    {
                        "node": {
                            "text": "People ask me, why prefer @milwaukeetool ??? The answer... simply the best.... PACKOUT is another lever on tool storage...🔥🔥🔥🔥🔥🔥"
                        }
                    }
                ]
            },
            "edge_media_to_comment": {
                "count": 0
            },
            "id": "2421572442633567159",
            "is_video": false,
            "owner": {
                "id": "25037146641"
            },
            "shortcode": "CGbJ055DHu3",
            "tags": [],
            "taken_at_timestamp": 1602893952,
            "thumbnail_resources": [
                {
                    "config_height": 150,
                    "config_width": 150,
                    "src": "https://instagram.fabe1-1.fna.fbcdn.net/v/t51.2885-15/e35/c0.57.1440.1440a/s150x150/122010143_351203426132492_8698788381594871587_n.jpg?_nc_ht=instagram.fabe1-1.fna.fbcdn.net&_nc_cat=108&_nc_ohc=UF9Pm60OSbkAX9QnCb3&tp=16&oh=91fc4965a0cac5cc879cc6419ab0edbd&oe=5FB46104"
                },
                {
                    "config_height": 240,
                    "config_width": 240,
                    "src": "https://instagram.fabe1-1.fna.fbcdn.net/v/t51.2885-15/e35/c0.57.1440.1440a/s240x240/122010143_351203426132492_8698788381594871587_n.jpg?_nc_ht=instagram.fabe1-1.fna.fbcdn.net&_nc_cat=108&_nc_ohc=UF9Pm60OSbkAX9QnCb3&tp=16&oh=6468d2c8e264c98f8f6b3af5c8de6b57&oe=5FB3AC06"
                },
                {
                    "config_height": 320,
                    "config_width": 320,
                    "src": "https://instagram.fabe1-1.fna.fbcdn.net/v/t51.2885-15/e35/c0.57.1440.1440a/s320x320/122010143_351203426132492_8698788381594871587_n.jpg?_nc_ht=instagram.fabe1-1.fna.fbcdn.net&_nc_cat=108&_nc_ohc=UF9Pm60OSbkAX9QnCb3&tp=16&oh=a4901661af1b865bca5198d826c484d1&oe=5FB3337C"
                },
                {
                    "config_height": 480,
                    "config_width": 480,
                    "src": "https://instagram.fabe1-1.fna.fbcdn.net/v/t51.2885-15/e35/c0.57.1440.1440a/s480x480/122010143_351203426132492_8698788381594871587_n.jpg?_nc_ht=instagram.fabe1-1.fna.fbcdn.net&_nc_cat=108&_nc_ohc=UF9Pm60OSbkAX9QnCb3&tp=16&oh=26afd1ff1ae4985faef1c210426a54d0&oe=5FB4FDBD"
                },
                {
                    "config_height": 640,
                    "config_width": 640,
                    "src": "https://instagram.fabe1-1.fna.fbcdn.net/v/t51.2885-15/sh0.08/e35/c0.57.1440.1440a/s640x640/122010143_351203426132492_8698788381594871587_n.jpg?_nc_ht=instagram.fabe1-1.fna.fbcdn.net&_nc_cat=108&_nc_ohc=UF9Pm60OSbkAX9QnCb3&oh=49aca21a54a4919c06f5a3aec697307a&oe=5FB3F415"
                }
            ],
            "thumbnail_src": "https://instagram.fabe1-1.fna.fbcdn.net/v/t51.2885-15/sh0.08/e35/c0.57.1440.1440a/s640x640/122010143_351203426132492_8698788381594871587_n.jpg?_nc_ht=instagram.fabe1-1.fna.fbcdn.net&_nc_cat=108&_nc_ohc=UF9Pm60OSbkAX9QnCb3&oh=49aca21a54a4919c06f5a3aec697307a&oe=5FB3F415",
            "urls": [
                "https://instagram.fabe1-1.fna.fbcdn.net/v/t51.2885-15/e35/p1080x1080/122010143_351203426132492_8698788381594871587_n.jpg?_nc_ht=instagram.fabe1-1.fna.fbcdn.net&_nc_cat=108&_nc_ohc=UF9Pm60OSbkAX9QnCb3&tp=19&oh=0e6626479fa342ab74e77b088ca251dd&oe=5FB1F251"
            ]
        },
        {
            "comments_disabled": false,
            "dimensions": {
                "height": 750,
                "width": 750
            },
            "display_url": "https://instagram.fabe1-1.fna.fbcdn.net/v/t51.2885-15/e35/121607508_257435462374896_4057913036844626591_n.jpg?_nc_ht=instagram.fabe1-1.fna.fbcdn.net&_nc_cat=100&_nc_ohc=8_pRtdg7LjwAX9p9geC&_nc_tp=18&oh=a09b13139f5fbf86a3e26bee9852221f&oe=5F8C8A6F",
            "edge_liked_by": {
                "count": 0
            },
            "edge_media_preview_like": {
                "count": 0
            },
            "edge_media_to_caption": {
                "edges": [
                    {
                        "node": {
                            "text": "Valet Parking, Valet Parking ☝🏻 @ferraroskitchenrestaurant #valet #valetparking #bestservice #fridaynight #dinner #luxurylifestyle #luxuryservice #luxurycars @porsche #italianrestaurant #bestitalianchef #chefigorferraro #winelist #vote #miamilifestyle #showoff #cars #bestitalianfood #foodie #foodiesofinstagram #miamifoodie #weekend #weekendvibes"
                        }
                    }
                ]
            },
            "edge_media_to_comment": {
                "count": 0
            },
            "id": "2421560660589641041",
            "is_video": true,
            "owner": {
                "id": "4490314699"
            },
            "shortcode": "CGbHJdAgX1R",
            "tags": [
                "luxurylifestyle",
                "vote",
                "luxuryservice",
                "chefigorferraro",
                "weekendvibes",
                "foodie",
                "dinner",
                "miamilifestyle",
                "showoff",
                "foodiesofinstagram",
                "bestitalianfood",
                "winelist",
                "valet",
                "luxurycars",
                "bestitalianchef",
                "bestservice",
                "fridaynight",
                "cars",
                "italianrestaurant",
                "valetparking",
                "weekend",
                "miamifoodie"
            ],
            "taken_at_timestamp": 1602893943,
            "thumbnail_resources": [
                {
                    "config_height": 150,
                    "config_width": 150,
                    "src": "https://instagram.fabe1-1.fna.fbcdn.net/v/t51.2885-15/e35/s150x150/121607508_257435462374896_4057913036844626591_n.jpg?_nc_ht=instagram.fabe1-1.fna.fbcdn.net&_nc_cat=100&_nc_ohc=8_pRtdg7LjwAX9p9geC&_nc_tp=15&oh=93b4dfc159908a8cf5a88c01fef19d32&oe=5F8C83D2"
                },
                {
                    "config_height": 240,
                    "config_width": 240,
                    "src": "https://instagram.fabe1-1.fna.fbcdn.net/v/t51.2885-15/e35/s240x240/121607508_257435462374896_4057913036844626591_n.jpg?_nc_ht=instagram.fabe1-1.fna.fbcdn.net&_nc_cat=100&_nc_ohc=8_pRtdg7LjwAX9p9geC&_nc_tp=15&oh=2e643fba63098da24b88fb682f353750&oe=5F8CA998"
                },
                {
                    "config_height": 320,
                    "config_width": 320,
                    "src": "https://instagram.fabe1-1.fna.fbcdn.net/v/t51.2885-15/e35/s320x320/121607508_257435462374896_4057913036844626591_n.jpg?_nc_ht=instagram.fabe1-1.fna.fbcdn.net&_nc_cat=100&_nc_ohc=8_pRtdg7LjwAX9p9geC&_nc_tp=15&oh=626c417fa338bf88b06286bc036cc268&oe=5F8C776A"
                },
                {
                    "config_height": 480,
                    "config_width": 480,
                    "src": "https://instagram.fabe1-1.fna.fbcdn.net/v/t51.2885-15/e35/s480x480/121607508_257435462374896_4057913036844626591_n.jpg?_nc_ht=instagram.fabe1-1.fna.fbcdn.net&_nc_cat=100&_nc_ohc=8_pRtdg7LjwAX9p9geC&_nc_tp=15&oh=26fac9671357313f66cf7c47a7bc7b29&oe=5F8C83AF"
                },
                {
                    "config_height": 640,
                    "config_width": 640,
                    "src": "https://instagram.fabe1-1.fna.fbcdn.net/v/t51.2885-15/sh0.08/e35/s640x640/121607508_257435462374896_4057913036844626591_n.jpg?_nc_ht=instagram.fabe1-1.fna.fbcdn.net&_nc_cat=100&_nc_ohc=8_pRtdg7LjwAX9p9geC&_nc_tp=24&oh=9df8f7593f233f449ddfd92ed0d82312&oe=5F8C8F55"
                }
            ],
            "thumbnail_src": "https://instagram.fabe1-1.fna.fbcdn.net/v/t51.2885-15/sh0.08/e35/s640x640/121607508_257435462374896_4057913036844626591_n.jpg?_nc_ht=instagram.fabe1-1.fna.fbcdn.net&_nc_cat=100&_nc_ohc=8_pRtdg7LjwAX9p9geC&_nc_tp=24&oh=9df8f7593f233f449ddfd92ed0d82312&oe=5F8C8F55",
            "urls": [
                "https://instagram.fabe1-1.fna.fbcdn.net/v/t50.2886-16/121688255_258543498926205_7363018824710784982_n.mp4?_nc_ht=instagram.fabe1-1.fna.fbcdn.net&_nc_cat=109&_nc_ohc=euQPoga6WwIAX-O1s2O&oe=5F8CBD94&oh=bfe5d0503900ea9f3e6b4b181ddb523a"
            ],
            "video_view_count": 0
        }
    ]
}