{
    "GraphImages": [
        {
            "comments_disabled": false,
            "dimensions": {
                "height": 1080,
                "width": 1080
            },
            "display_url": "https://instagram.fabe1-1.fna.fbcdn.net/v/t51.2885-15/e35/s1080x1080/121520523_114801516925827_3718569169540009064_n.jpg?_nc_ht=instagram.fabe1-1.fna.fbcdn.net&_nc_cat=103&_nc_ohc=sN6no7IninYAX9Ei3G5&_nc_tp=15&oh=18dba571219cff0ce8366258966b30c1&oe=5FB51AF0",
            "edge_liked_by": {
                "count": 0
            },
            "edge_media_preview_like": {
                "count": 0
            },
            "edge_media_to_caption": {
                "edges": []
            },
            "edge_media_to_comment": {
                "count": 0
            },
            "id": "2421567473130580669",
            "is_video": false,
            "owner": {
                "id": "9486577410"
            },
            "shortcode": "CGbIslrlqq9",
            "taken_at_timestamp": 1602893359,
            "thumbnail_resources": [
                {
                    "config_height": 150,
                    "config_width": 150,
                    "src": "https://instagram.fabe1-1.fna.fbcdn.net/v/t51.2885-15/e35/s150x150/121520523_114801516925827_3718569169540009064_n.jpg?_nc_ht=instagram.fabe1-1.fna.fbcdn.net&_nc_cat=103&_nc_ohc=sN6no7IninYAX9Ei3G5&_nc_tp=15&oh=d65323f8eafec56ade0e5a3f561adffa&oe=5FB33BAF"
                },
                {
                    "config_height": 240,
                    "config_width": 240,
                    "src": "https://instagram.fabe1-1.fna.fbcdn.net/v/t51.2885-15/e35/s240x240/121520523_114801516925827_3718569169540009064_n.jpg?_nc_ht=instagram.fabe1-1.fna.fbcdn.net&_nc_cat=103&_nc_ohc=sN6no7IninYAX9Ei3G5&_nc_tp=15&oh=286e3a3077d27cc71614378a33d8deb0&oe=5FB52029"
                },
                {
                    "config_height": 320,
                    "config_width": 320,
                    "src": "https://instagram.fabe1-1.fna.fbcdn.net/v/t51.2885-15/e35/s320x320/121520523_114801516925827_3718569169540009064_n.jpg?_nc_ht=instagram.fabe1-1.fna.fbcdn.net&_nc_cat=103&_nc_ohc=sN6no7IninYAX9Ei3G5&_nc_tp=15&oh=5e9df38fb090583f4622b4f1af284626&oe=5FB554D7"
                },
                {
                    "config_height": 480,
                    "config_width": 480,
                    "src": "https://instagram.fabe1-1.fna.fbcdn.net/v/t51.2885-15/e35/s480x480/121520523_114801516925827_3718569169540009064_n.jpg?_nc_ht=instagram.fabe1-1.fna.fbcdn.net&_nc_cat=103&_nc_ohc=sN6no7IninYAX9Ei3G5&_nc_tp=15&oh=dc41ad58b00e9795989543d9697e1ff3&oe=5FB45892"
                },
                {
                    "config_height": 640,
                    "config_width": 640,
                    "src": "https://instagram.fabe1-1.fna.fbcdn.net/v/t51.2885-15/sh0.08/e35/s640x640/121520523_114801516925827_3718569169540009064_n.jpg?_nc_ht=instagram.fabe1-1.fna.fbcdn.net&_nc_cat=103&_nc_ohc=sN6no7IninYAX9Ei3G5&_nc_tp=24&oh=107adb2de9644496f45a75c63facb7dd&oe=5FB307AC"
                }
            ],
            "thumbnail_src": "https://instagram.fabe1-1.fna.fbcdn.net/v/t51.2885-15/sh0.08/e35/s640x640/121520523_114801516925827_3718569169540009064_n.jpg?_nc_ht=instagram.fabe1-1.fna.fbcdn.net&_nc_cat=103&_nc_ohc=sN6no7IninYAX9Ei3G5&_nc_tp=24&oh=107adb2de9644496f45a75c63facb7dd&oe=5FB307AC",
            "urls": [
                "https://instagram.fabe1-1.fna.fbcdn.net/v/t51.2885-15/e35/s1080x1080/121520523_114801516925827_3718569169540009064_n.jpg?_nc_ht=instagram.fabe1-1.fna.fbcdn.net&_nc_cat=103&_nc_ohc=sN6no7IninYAX9Ei3G5&_nc_tp=15&oh=18dba571219cff0ce8366258966b30c1&oe=5FB51AF0"
            ]
        },
        {
            "comments_disabled": false,
            "dimensions": {
                "height": 1080,
                "width": 1080
            },
            "display_url": "https://instagram.fabe1-1.fna.fbcdn.net/v/t51.2885-15/e35/s1080x1080/121828903_777459606425506_3036147312050265542_n.jpg?_nc_ht=instagram.fabe1-1.fna.fbcdn.net&_nc_cat=110&_nc_ohc=Iz28qS9AI8EAX841tC9&_nc_tp=15&oh=e40cc5b5e90b6da2f376f90fd12dbfe3&oe=5FB3E670",
            "edge_liked_by": {
                "count": 0
            },
            "edge_media_preview_like": {
                "count": 0
            },
            "edge_media_to_caption": {
                "edges": []
            },
            "edge_media_to_comment": {
                "count": 0
            },
            "id": "2421567448684886684",
            "is_video": false,
            "owner": {
                "id": "41472923363"
            },
            "shortcode": "CGbIsO6gvqc",
            "taken_at_timestamp": 1602893356,
            "thumbnail_resources": [
                {
                    "config_height": 150,
                    "config_width": 150,
                    "src": "https://instagram.fabe1-1.fna.fbcdn.net/v/t51.2885-15/e35/s150x150/121828903_777459606425506_3036147312050265542_n.jpg?_nc_ht=instagram.fabe1-1.fna.fbcdn.net&_nc_cat=110&_nc_ohc=Iz28qS9AI8EAX841tC9&_nc_tp=15&oh=e8d0c4b24f3b0dc6c48658b8a5a01ef8&oe=5FB3DFAF"
                },
                {
                    "config_height": 240,
                    "config_width": 240,
                    "src": "https://instagram.fabe1-1.fna.fbcdn.net/v/t51.2885-15/e35/s240x240/121828903_777459606425506_3036147312050265542_n.jpg?_nc_ht=instagram.fabe1-1.fna.fbcdn.net&_nc_cat=110&_nc_ohc=Iz28qS9AI8EAX841tC9&_nc_tp=15&oh=ae8a3aa740ed810b58f7ae87f03799a3&oe=5FB447A9"
                },
                {
                    "config_height": 320,
                    "config_width": 320,
                    "src": "https://instagram.fabe1-1.fna.fbcdn.net/v/t51.2885-15/e35/s320x320/121828903_777459606425506_3036147312050265542_n.jpg?_nc_ht=instagram.fabe1-1.fna.fbcdn.net&_nc_cat=110&_nc_ohc=Iz28qS9AI8EAX841tC9&_nc_tp=15&oh=7200cde2377dc33f61fb5eb67ff5d847&oe=5FB35557"
                },
                {
                    "config_height": 480,
                    "config_width": 480,
                    "src": "https://instagram.fabe1-1.fna.fbcdn.net/v/t51.2885-15/e35/s480x480/121828903_777459606425506_3036147312050265542_n.jpg?_nc_ht=instagram.fabe1-1.fna.fbcdn.net&_nc_cat=110&_nc_ohc=Iz28qS9AI8EAX841tC9&_nc_tp=15&oh=5eb4462a697b184dedaf1a7b1be7eed1&oe=5FB2A212"
                },
                {
                    "config_height": 640,
                    "config_width": 640,
                    "src": "https://instagram.fabe1-1.fna.fbcdn.net/v/t51.2885-15/sh0.08/e35/s640x640/121828903_777459606425506_3036147312050265542_n.jpg?_nc_ht=instagram.fabe1-1.fna.fbcdn.net&_nc_cat=110&_nc_ohc=Iz28qS9AI8EAX841tC9&_nc_tp=24&oh=358d285839dea30af07cb6836ce83ae8&oe=5FB50BAC"
                }
            ],
            "thumbnail_src": "https://instagram.fabe1-1.fna.fbcdn.net/v/t51.2885-15/sh0.08/e35/s640x640/121828903_777459606425506_3036147312050265542_n.jpg?_nc_ht=instagram.fabe1-1.fna.fbcdn.net&_nc_cat=110&_nc_ohc=Iz28qS9AI8EAX841tC9&_nc_tp=24&oh=358d285839dea30af07cb6836ce83ae8&oe=5FB50BAC",
            "urls": [
                "https://instagram.fabe1-1.fna.fbcdn.net/v/t51.2885-15/e35/s1080x1080/121828903_777459606425506_3036147312050265542_n.jpg?_nc_ht=instagram.fabe1-1.fna.fbcdn.net&_nc_cat=110&_nc_ohc=Iz28qS9AI8EAX841tC9&_nc_tp=15&oh=e40cc5b5e90b6da2f376f90fd12dbfe3&oe=5FB3E670"
            ]
        },
        {
            "comments_disabled": false,
            "dimensions": {
                "height": 1080,
                "width": 1080
            },
            "display_url": "https://instagram.fabe1-1.fna.fbcdn.net/v/t51.2885-15/e35/s1080x1080/121486935_760914981417846_737349515136224157_n.jpg?_nc_ht=instagram.fabe1-1.fna.fbcdn.net&_nc_cat=106&_nc_ohc=21lKrIxAhrMAX8DhZMn&_nc_tp=15&oh=7f1a5e9c514f7f19736db357b90765c8&oe=5FB2818C",
            "edge_liked_by": {
                "count": 0
            },
            "edge_media_preview_like": {
                "count": 0
            },
            "edge_media_to_caption": {
                "edges": []
            },
            "edge_media_to_comment": {
                "count": 0
            },
            "id": "2421567292363377347",
            "is_video": false,
            "owner": {
                "id": "11090798346"
            },
            "shortcode": "CGbIp9VBgrD",
            "taken_at_timestamp": 1602893338,
            "thumbnail_resources": [
                {
                    "config_height": 150,
                    "config_width": 150,
                    "src": "https://instagram.fabe1-1.fna.fbcdn.net/v/t51.2885-15/e35/s150x150/121486935_760914981417846_737349515136224157_n.jpg?_nc_ht=instagram.fabe1-1.fna.fbcdn.net&_nc_cat=106&_nc_ohc=21lKrIxAhrMAX8DhZMn&_nc_tp=15&oh=9041fa89c73afec29ab67a7be7be662d&oe=5FB4601C"
                },
                {
                    "config_height": 240,
                    "config_width": 240,
                    "src": "https://instagram.fabe1-1.fna.fbcdn.net/v/t51.2885-15/e35/s240x240/121486935_760914981417846_737349515136224157_n.jpg?_nc_ht=instagram.fabe1-1.fna.fbcdn.net&_nc_cat=106&_nc_ohc=21lKrIxAhrMAX8DhZMn&_nc_tp=15&oh=8805ed42161600a460154b025e3761c0&oe=5FB21DD2"
                },
                {
                    "config_height": 320,
                    "config_width": 320,
                    "src": "https://instagram.fabe1-1.fna.fbcdn.net/v/t51.2885-15/e35/s320x320/121486935_760914981417846_737349515136224157_n.jpg?_nc_ht=instagram.fabe1-1.fna.fbcdn.net&_nc_cat=106&_nc_ohc=21lKrIxAhrMAX8DhZMn&_nc_tp=15&oh=b75a6809273dbcf818a1326c7f55ef75&oe=5FB49AEC"
                },
                {
                    "config_height": 480,
                    "config_width": 480,
                    "src": "https://instagram.fabe1-1.fna.fbcdn.net/v/t51.2885-15/e35/s480x480/121486935_760914981417846_737349515136224157_n.jpg?_nc_ht=instagram.fabe1-1.fna.fbcdn.net&_nc_cat=106&_nc_ohc=21lKrIxAhrMAX8DhZMn&_nc_tp=15&oh=e89cf9a4f176a4394ddfb1964f75cfd6&oe=5FB55D32"
                },
                {
                    "config_height": 640,
                    "config_width": 640,
                    "src": "https://instagram.fabe1-1.fna.fbcdn.net/v/t51.2885-15/sh0.08/e35/s640x640/121486935_760914981417846_737349515136224157_n.jpg?_nc_ht=instagram.fabe1-1.fna.fbcdn.net&_nc_cat=106&_nc_ohc=21lKrIxAhrMAX8DhZMn&_nc_tp=24&oh=5190094929fc5f7d5680cf87b79e07e7&oe=5FB3EB3D"
                }
            ],
            "thumbnail_src": "https://instagram.fabe1-1.fna.fbcdn.net/v/t51.2885-15/sh0.08/e35/s640x640/121486935_760914981417846_737349515136224157_n.jpg?_nc_ht=instagram.fabe1-1.fna.fbcdn.net&_nc_cat=106&_nc_ohc=21lKrIxAhrMAX8DhZMn&_nc_tp=24&oh=5190094929fc5f7d5680cf87b79e07e7&oe=5FB3EB3D",
            "urls": [
                "https://instagram.fabe1-1.fna.fbcdn.net/v/t51.2885-15/e35/s1080x1080/121486935_760914981417846_737349515136224157_n.jpg?_nc_ht=instagram.fabe1-1.fna.fbcdn.net&_nc_cat=106&_nc_ohc=21lKrIxAhrMAX8DhZMn&_nc_tp=15&oh=7f1a5e9c514f7f19736db357b90765c8&oe=5FB2818C",
                "https://instagram.fabe1-1.fna.fbcdn.net/v/t51.2885-15/e35/s1080x1080/121826548_2997088563857204_740227566399777997_n.jpg?_nc_ht=instagram.fabe1-1.fna.fbcdn.net&_nc_cat=108&_nc_ohc=YfX_Q975VQ8AX_9YBBN&_nc_tp=15&oh=694d4d078a63d6b9597ae7f2558a665d&oe=5FB4C30B",
                "https://instagram.fabe1-1.fna.fbcdn.net/v/t51.2885-15/e35/s1080x1080/121606733_783259559180749_3428827940375982265_n.jpg?_nc_ht=instagram.fabe1-1.fna.fbcdn.net&_nc_cat=101&_nc_ohc=7slrMtY1BA4AX9uTK4P&_nc_tp=15&oh=d114ba33958842f9ed9d6ff7323db002&oe=5FB3E24B",
                "https://instagram.fabe1-1.fna.fbcdn.net/v/t51.2885-15/e35/s1080x1080/121509479_1867069496767772_7034049465957191639_n.jpg?_nc_ht=instagram.fabe1-1.fna.fbcdn.net&_nc_cat=108&_nc_ohc=R08wYScvOS4AX8F45HJ&_nc_tp=15&oh=d3e8b932b83e044d64de94fb304adafd&oe=5FB1E93C",
                "https://instagram.fabe1-1.fna.fbcdn.net/v/t50.2886-16/121571470_908971842839924_2187634902777542144_n.mp4?_nc_ht=instagram.fabe1-1.fna.fbcdn.net&_nc_cat=108&_nc_ohc=g4VyDBAtJdkAX8O8d6a&oe=5F8C8614&oh=bc8997509f6f24873438d012f0bda8b3"
            ]
        },
        {
            "comments_disabled": false,
            "dimensions": {
                "height": 1264,
                "width": 1080
            },
            "display_url": "https://instagram.fabe1-1.fna.fbcdn.net/v/t51.2885-15/e35/p1080x1080/121486935_185085489899650_4178087877920080405_n.jpg?_nc_ht=instagram.fabe1-1.fna.fbcdn.net&_nc_cat=110&_nc_ohc=-sjJ6QQ0u0wAX9DC4Dq&tp=19&oh=1b2243521694fc71e4165b8055525964&oe=5FB4E00B",
            "edge_liked_by": {
                "count": 0
            },
            "edge_media_preview_like": {
                "count": 0
            },
            "edge_media_to_caption": {
                "edges": [
                    {
                        "node": {
                            "text": "🌕 love full moon 🌕"
                        }
                    }
                ]
            },
            "edge_media_to_comment": {
                "count": 0
            },
            "id": "2421567165569620782",
            "is_video": false,
            "owner": {
                "id": "28122581156"
            },
            "shortcode": "CGbIoHPhtsu",
            "tags": [],
            "taken_at_timestamp": 1602893323,
            "thumbnail_resources": [
                {
                    "config_height": 150,
                    "config_width": 150,
                    "src": "https://instagram.fabe1-1.fna.fbcdn.net/v/t51.2885-15/e35/c0.123.1440.1440a/s150x150/121486935_185085489899650_4178087877920080405_n.jpg?_nc_ht=instagram.fabe1-1.fna.fbcdn.net&_nc_cat=110&_nc_ohc=-sjJ6QQ0u0wAX9DC4Dq&tp=16&oh=fa1674ba35c45aa6541e8343ac996169&oe=5FB225E7"
                },
                {
                    "config_height": 240,
                    "config_width": 240,
                    "src": "https://instagram.fabe1-1.fna.fbcdn.net/v/t51.2885-15/e35/c0.123.1440.1440a/s240x240/121486935_185085489899650_4178087877920080405_n.jpg?_nc_ht=instagram.fabe1-1.fna.fbcdn.net&_nc_cat=110&_nc_ohc=-sjJ6QQ0u0wAX9DC4Dq&tp=16&oh=35238dc141ffbf4ab774a05f8eff9466&oe=5FB2BDE1"
                },
                {
                    "config_height": 320,
                    "config_width": 320,
                    "src": "https://instagram.fabe1-1.fna.fbcdn.net/v/t51.2885-15/e35/c0.123.1440.1440a/s320x320/121486935_185085489899650_4178087877920080405_n.jpg?_nc_ht=instagram.fabe1-1.fna.fbcdn.net&_nc_cat=110&_nc_ohc=-sjJ6QQ0u0wAX9DC4Dq&tp=16&oh=b957302cb1050f3828d8898e2963ff60&oe=5FB3D01F"
                },
                {
                    "config_height": 480,
                    "config_width": 480,
                    "src": "https://instagram.fabe1-1.fna.fbcdn.net/v/t51.2885-15/e35/c0.123.1440.1440a/s480x480/121486935_185085489899650_4178087877920080405_n.jpg?_nc_ht=instagram.fabe1-1.fna.fbcdn.net&_nc_cat=110&_nc_ohc=-sjJ6QQ0u0wAX9DC4Dq&tp=16&oh=cb0ed719a7630812af55872a61f7f642&oe=5FB40F5A"
                },
                {
                    "config_height": 640,
                    "config_width": 640,
                    "src": "https://instagram.fabe1-1.fna.fbcdn.net/v/t51.2885-15/sh0.08/e35/c0.123.1440.1440a/s640x640/121486935_185085489899650_4178087877920080405_n.jpg?_nc_ht=instagram.fabe1-1.fna.fbcdn.net&_nc_cat=110&_nc_ohc=-sjJ6QQ0u0wAX9DC4Dq&oh=937e555200f286fc06ebd52f83a4d8a9&oe=5FB35B57"
                }
            ],
            "thumbnail_src": "https://instagram.fabe1-1.fna.fbcdn.net/v/t51.2885-15/sh0.08/e35/c0.123.1440.1440a/s640x640/121486935_185085489899650_4178087877920080405_n.jpg?_nc_ht=instagram.fabe1-1.fna.fbcdn.net&_nc_cat=110&_nc_ohc=-sjJ6QQ0u0wAX9DC4Dq&oh=937e555200f286fc06ebd52f83a4d8a9&oe=5FB35B57",
            "urls": [
                "https://instagram.fabe1-1.fna.fbcdn.net/v/t51.2885-15/e35/p1080x1080/121486935_185085489899650_4178087877920080405_n.jpg?_nc_ht=instagram.fabe1-1.fna.fbcdn.net&_nc_cat=110&_nc_ohc=-sjJ6QQ0u0wAX9DC4Dq&tp=19&oh=1b2243521694fc71e4165b8055525964&oe=5FB4E00B"
            ]
        },
        {
            "comments_disabled": false,
            "dimensions": {
                "height": 1080,
                "width": 1080
            },
            "display_url": "https://instagram.fabe1-1.fna.fbcdn.net/v/t51.2885-15/e35/s1080x1080/121607185_718882238838758_286718780212307425_n.jpg?_nc_ht=instagram.fabe1-1.fna.fbcdn.net&_nc_cat=102&_nc_ohc=r6qNxMZvVnMAX_0ojvT&_nc_tp=15&oh=06ba8e6f147479ff8af4d563653b8549&oe=5FB329A6",
            "edge_liked_by": {
                "count": 0
            },
            "edge_media_preview_like": {
                "count": 0
            },
            "edge_media_to_caption": {
                "edges": [
                    {
                        "node": {
                            "text": "Make a change today invest on bitcoin"
                        }
                    }
                ]
            },
            "edge_media_to_comment": {
                "count": 0
            },
            "id": "2421567048086958201",
            "is_video": false,
            "owner": {
                "id": "43828610339"
            },
            "shortcode": "CGbImZ1A7B5",
            "tags": [],
            "taken_at_timestamp": 1602893309,
            "thumbnail_resources": [
                {
                    "config_height": 150,
                    "config_width": 150,
                    "src": "https://instagram.fabe1-1.fna.fbcdn.net/v/t51.2885-15/e35/s150x150/121607185_718882238838758_286718780212307425_n.jpg?_nc_ht=instagram.fabe1-1.fna.fbcdn.net&_nc_cat=102&_nc_ohc=r6qNxMZvVnMAX_0ojvT&_nc_tp=15&oh=c91d592dea997e0a88d3f90a2a1a3a9f&oe=5FB3FDB6"
                },
                {
                    "config_height": 240,
                    "config_width": 240,
                    "src": "https://instagram.fabe1-1.fna.fbcdn.net/v/t51.2885-15/e35/s240x240/121607185_718882238838758_286718780212307425_n.jpg?_nc_ht=instagram.fabe1-1.fna.fbcdn.net&_nc_cat=102&_nc_ohc=r6qNxMZvVnMAX_0ojvT&_nc_tp=15&oh=17c5ca38a6e25203be788e9306ef371d&oe=5FB38600"
                },
                {
                    "config_height": 320,
                    "config_width": 320,
                    "src": "https://instagram.fabe1-1.fna.fbcdn.net/v/t51.2885-15/e35/s320x320/121607185_718882238838758_286718780212307425_n.jpg?_nc_ht=instagram.fabe1-1.fna.fbcdn.net&_nc_cat=102&_nc_ohc=r6qNxMZvVnMAX_0ojvT&_nc_tp=15&oh=397c90395ac22692c5c18383075de3c2&oe=5FB2E246"
                },
                {
                    "config_height": 480,
                    "config_width": 480,
                    "src": "https://instagram.fabe1-1.fna.fbcdn.net/v/t51.2885-15/e35/s480x480/121607185_718882238838758_286718780212307425_n.jpg?_nc_ht=instagram.fabe1-1.fna.fbcdn.net&_nc_cat=102&_nc_ohc=r6qNxMZvVnMAX_0ojvT&_nc_tp=15&oh=1489a8de076ba43bd854f42bdc001b55&oe=5FB48AA0"
                },
                {
                    "config_height": 640,
                    "config_width": 640,
                    "src": "https://instagram.fabe1-1.fna.fbcdn.net/v/t51.2885-15/sh0.08/e35/s640x640/121607185_718882238838758_286718780212307425_n.jpg?_nc_ht=instagram.fabe1-1.fna.fbcdn.net&_nc_cat=102&_nc_ohc=r6qNxMZvVnMAX_0ojvT&_nc_tp=24&oh=fe54b2fe54dff93d48dcf6fd4a77a3cb&oe=5FB4BC93"
                }
            ],
            "thumbnail_src": "https://instagram.fabe1-1.fna.fbcdn.net/v/t51.2885-15/sh0.08/e35/s640x640/121607185_718882238838758_286718780212307425_n.jpg?_nc_ht=instagram.fabe1-1.fna.fbcdn.net&_nc_cat=102&_nc_ohc=r6qNxMZvVnMAX_0ojvT&_nc_tp=24&oh=fe54b2fe54dff93d48dcf6fd4a77a3cb&oe=5FB4BC93",
            "urls": [
                "https://instagram.fabe1-1.fna.fbcdn.net/v/t51.2885-15/e35/s1080x1080/121607185_718882238838758_286718780212307425_n.jpg?_nc_ht=instagram.fabe1-1.fna.fbcdn.net&_nc_cat=102&_nc_ohc=r6qNxMZvVnMAX_0ojvT&_nc_tp=15&oh=06ba8e6f147479ff8af4d563653b8549&oe=5FB329A6"
            ]
        }
    ]
}