{
    "GraphImages": [
        {
            "dimensions": {
                "height": 1182,
                "width": 1080
            },
            "display_url": "https://instagram.fabe1-1.fna.fbcdn.net/v/t51.2885-15/e35/p1080x1080/121594426_805029343606285_6164269470613034050_n.jpg?_nc_ht=instagram.fabe1-1.fna.fbcdn.net&_nc_cat=101&_nc_ohc=g9tsLfru1PYAX-ZnTfO&tp=19&oh=a1e3d26d4f0a92b337dbc37a509754ff&oe=5FB526FA",
            "edge_liked_by": {
                "count": 3
            },
            "edge_media_preview_like": {
                "count": 3
            },
            "edge_media_to_caption": {
                "edges": [
                    {
                        "node": {
                            "text": "As for the design ... The phrase “Everything new is well forgotten old” is relevant here.  In case, the new \"old\" design of the iPhone line in 2020-2021, judging by any repetition, hit the mark: many with a nostalgic sigh recall the iPhone 4/5 and their intermediate modifications, despite how sharp edges of devices tore pockets  jeans.  By the way, many immediately remembered that this design was born under Jobs.  As if that Apple has once again put into production the legacy of Jobs! 🤔😌\n\nDo you like these new IPhones ?! 😀 \n\nГлавная тема этой недели - Apple продолжает презентовать новинки. Теперь настало время новеньких IPhone! 😍 \nТеперь ваши фото, сделанные на телефон смогут выглядет ещё более профессиональными, благодаря  улучшенным экранам, новому процессору и сканеру LiDAR. Увеличенная матрица, по словам Apple, означает «улучшение на 87%» фотографий при низкой освещенности! 😏 Ну что ж, проверим! 😍\n\nЧто касается дизайна... Тут актуальна фраза «Все новое – это хорошо забытое старое». В любом случае, новый «старый» дизайн линейки iPhone в 2020-2021 гг., судя по отзывам, попал в точку: многие с ностальгическим вздохом вспоминают iPhone 4/5 и их промежуточные модификации, даже несмотря на то, как острые кромки устройств рвали карманы джинс. Кстати, многие тут же вспомнили, что этот дизайн был рожден еще при Джобсе. Как будто то, что Apple в очередной раз пустила в производство наследие Джобса! 🤔😌\n\nА как вам эти новинки?! 😀"
                        }
                    }
                ]
            },
            "edge_media_to_comment": {
                "count": 0
            },
            "id": "2421357951959050768",
            "is_video": false,
            "owner": {
                "id": "1139688"
            },
            "shortcode": "CGaZDp4lioQ",
            "tags": [],
            "taken_at_timestamp": 1602868382,
            "thumbnail_resources": [
                {
                    "config_height": 150,
                    "config_width": 150,
                    "src": "https://instagram.fabe1-1.fna.fbcdn.net/v/t51.2885-15/e35/c0.64.1360.1360a/s150x150/121594426_805029343606285_6164269470613034050_n.jpg?_nc_ht=instagram.fabe1-1.fna.fbcdn.net&_nc_cat=101&_nc_ohc=g9tsLfru1PYAX-ZnTfO&tp=16&oh=fa1933b54e7cf58aace3abf9644a357d&oe=5FB28568"
                },
                {
                    "config_height": 240,
                    "config_width": 240,
                    "src": "https://instagram.fabe1-1.fna.fbcdn.net/v/t51.2885-15/e35/c0.64.1360.1360a/s240x240/121594426_805029343606285_6164269470613034050_n.jpg?_nc_ht=instagram.fabe1-1.fna.fbcdn.net&_nc_cat=101&_nc_ohc=g9tsLfru1PYAX-ZnTfO&tp=16&oh=5c5897c3799ef1ed963c9914b00bb564&oe=5FB1EE62"
                },
                {
                    "config_height": 320,
                    "config_width": 320,
                    "src": "https://instagram.fabe1-1.fna.fbcdn.net/v/t51.2885-15/e35/c0.64.1360.1360a/s320x320/121594426_805029343606285_6164269470613034050_n.jpg?_nc_ht=instagram.fabe1-1.fna.fbcdn.net&_nc_cat=101&_nc_ohc=g9tsLfru1PYAX-ZnTfO&tp=16&oh=34f000cc02c3d35c64a8f20eb02d0631&oe=5FB54420"
                },
                {
                    "config_height": 480,
                    "config_width": 480,
                    "src": "https://instagram.fabe1-1.fna.fbcdn.net/v/t51.2885-15/e35/c0.64.1360.1360a/s480x480/121594426_805029343606285_6164269470613034050_n.jpg?_nc_ht=instagram.fabe1-1.fna.fbcdn.net&_nc_cat=101&_nc_ohc=g9tsLfru1PYAX-ZnTfO&tp=16&oh=8db2e55892720459fd691bef728e261b&oe=5FB4DE59"
                },
                {
                    "config_height": 640,
                    "config_width": 640,
                    "src": "https://instagram.fabe1-1.fna.fbcdn.net/v/t51.2885-15/sh0.08/e35/c0.64.1360.1360a/s640x640/121594426_805029343606285_6164269470613034050_n.jpg?_nc_ht=instagram.fabe1-1.fna.fbcdn.net&_nc_cat=101&_nc_ohc=g9tsLfru1PYAX-ZnTfO&oh=a9984d998f0dafe27fe198c509e66406&oe=5FB24D71"
                }
            ],
            "thumbnail_src": "https://instagram.fabe1-1.fna.fbcdn.net/v/t51.2885-15/sh0.08/e35/c0.64.1360.1360a/s640x640/121594426_805029343606285_6164269470613034050_n.jpg?_nc_ht=instagram.fabe1-1.fna.fbcdn.net&_nc_cat=101&_nc_ohc=g9tsLfru1PYAX-ZnTfO&oh=a9984d998f0dafe27fe198c509e66406&oe=5FB24D71",
            "urls": [
                "https://instagram.fabe1-1.fna.fbcdn.net/v/t51.2885-15/e35/p1080x1080/121594426_805029343606285_6164269470613034050_n.jpg?_nc_ht=instagram.fabe1-1.fna.fbcdn.net&_nc_cat=101&_nc_ohc=g9tsLfru1PYAX-ZnTfO&tp=19&oh=a1e3d26d4f0a92b337dbc37a509754ff&oe=5FB526FA"
            ]
        },
        {
            "comments_disabled": false,
            "dimensions": {
                "height": 1182,
                "width": 1080
            },
            "display_url": "https://instagram.fabe1-1.fna.fbcdn.net/v/t51.2885-15/e35/p1080x1080/121594426_805029343606285_6164269470613034050_n.jpg?_nc_ht=instagram.fabe1-1.fna.fbcdn.net&_nc_cat=101&_nc_ohc=g9tsLfru1PYAX-ZnTfO&tp=19&oh=a1e3d26d4f0a92b337dbc37a509754ff&oe=5FB526FA",
            "edge_liked_by": {
                "count": 3
            },
            "edge_media_preview_like": {
                "count": 3
            },
            "edge_media_to_caption": {
                "edges": [
                    {
                        "node": {
                            "text": "As for the design ... The phrase “Everything new is well forgotten old” is relevant here.  In case, the new \"old\" design of the iPhone line in 2020-2021, judging by any repetition, hit the mark: many with a nostalgic sigh recall the iPhone 4/5 and their intermediate modifications, despite how sharp edges of devices tore pockets  jeans.  By the way, many immediately remembered that this design was born under Jobs.  As if that Apple has once again put into production the legacy of Jobs! 🤔😌\n\nDo you like these new IPhones ?! 😀 \n\nГлавная тема этой недели - Apple продолжает презентовать новинки. Теперь настало время новеньких IPhone! 😍 \nТеперь ваши фото, сделанные на телефон смогут выглядет ещё более профессиональными, благодаря  улучшенным экранам, новому процессору и сканеру LiDAR. Увеличенная матрица, по словам Apple, означает «улучшение на 87%» фотографий при низкой освещенности! 😏 Ну что ж, проверим! 😍\n\nЧто касается дизайна... Тут актуальна фраза «Все новое – это хорошо забытое старое». В любом случае, новый «старый» дизайн линейки iPhone в 2020-2021 гг., судя по отзывам, попал в точку: многие с ностальгическим вздохом вспоминают iPhone 4/5 и их промежуточные модификации, даже несмотря на то, как острые кромки устройств рвали карманы джинс. Кстати, многие тут же вспомнили, что этот дизайн был рожден еще при Джобсе. Как будто то, что Apple в очередной раз пустила в производство наследие Джобса! 🤔😌\n\nА как вам эти новинки?! 😀"
                        }
                    }
                ]
            },
            "edge_media_to_comment": {
                "count": 0
            },
            "id": "2421357951959050768",
            "is_video": false,
            "owner": {
                "id": "1139688"
            },
            "shortcode": "CGaZDp4lioQ",
            "tags": [],
            "taken_at_timestamp": 1602868382,
            "thumbnail_resources": [
                {
                    "config_height": 150,
                    "config_width": 150,
                    "src": "https://instagram.fabe1-1.fna.fbcdn.net/v/t51.2885-15/e35/c0.64.1360.1360a/s150x150/121594426_805029343606285_6164269470613034050_n.jpg?_nc_ht=instagram.fabe1-1.fna.fbcdn.net&_nc_cat=101&_nc_ohc=g9tsLfru1PYAX-ZnTfO&tp=16&oh=fa1933b54e7cf58aace3abf9644a357d&oe=5FB28568"
                },
                {
                    "config_height": 240,
                    "config_width": 240,
                    "src": "https://instagram.fabe1-1.fna.fbcdn.net/v/t51.2885-15/e35/c0.64.1360.1360a/s240x240/121594426_805029343606285_6164269470613034050_n.jpg?_nc_ht=instagram.fabe1-1.fna.fbcdn.net&_nc_cat=101&_nc_ohc=g9tsLfru1PYAX-ZnTfO&tp=16&oh=5c5897c3799ef1ed963c9914b00bb564&oe=5FB1EE62"
                },
                {
                    "config_height": 320,
                    "config_width": 320,
                    "src": "https://instagram.fabe1-1.fna.fbcdn.net/v/t51.2885-15/e35/c0.64.1360.1360a/s320x320/121594426_805029343606285_6164269470613034050_n.jpg?_nc_ht=instagram.fabe1-1.fna.fbcdn.net&_nc_cat=101&_nc_ohc=g9tsLfru1PYAX-ZnTfO&tp=16&oh=34f000cc02c3d35c64a8f20eb02d0631&oe=5FB54420"
                },
                {
                    "config_height": 480,
                    "config_width": 480,
                    "src": "https://instagram.fabe1-1.fna.fbcdn.net/v/t51.2885-15/e35/c0.64.1360.1360a/s480x480/121594426_805029343606285_6164269470613034050_n.jpg?_nc_ht=instagram.fabe1-1.fna.fbcdn.net&_nc_cat=101&_nc_ohc=g9tsLfru1PYAX-ZnTfO&tp=16&oh=8db2e55892720459fd691bef728e261b&oe=5FB4DE59"
                },
                {
                    "config_height": 640,
                    "config_width": 640,
                    "src": "https://instagram.fabe1-1.fna.fbcdn.net/v/t51.2885-15/sh0.08/e35/c0.64.1360.1360a/s640x640/121594426_805029343606285_6164269470613034050_n.jpg?_nc_ht=instagram.fabe1-1.fna.fbcdn.net&_nc_cat=101&_nc_ohc=g9tsLfru1PYAX-ZnTfO&oh=a9984d998f0dafe27fe198c509e66406&oe=5FB24D71"
                }
            ],
            "thumbnail_src": "https://instagram.fabe1-1.fna.fbcdn.net/v/t51.2885-15/sh0.08/e35/c0.64.1360.1360a/s640x640/121594426_805029343606285_6164269470613034050_n.jpg?_nc_ht=instagram.fabe1-1.fna.fbcdn.net&_nc_cat=101&_nc_ohc=g9tsLfru1PYAX-ZnTfO&oh=a9984d998f0dafe27fe198c509e66406&oe=5FB24D71",
            "urls": [
                "https://instagram.fabe1-1.fna.fbcdn.net/v/t51.2885-15/e35/p1080x1080/121594426_805029343606285_6164269470613034050_n.jpg?_nc_ht=instagram.fabe1-1.fna.fbcdn.net&_nc_cat=101&_nc_ohc=g9tsLfru1PYAX-ZnTfO&tp=19&oh=a1e3d26d4f0a92b337dbc37a509754ff&oe=5FB526FA"
            ]
        },
        {
            "comments_disabled": false,
            "dimensions": {
                "height": 720,
                "width": 1080
            },
            "display_url": "https://instagram.fabe1-1.fna.fbcdn.net/v/t51.2885-15/e35/121668431_780833246044654_7832661500100389027_n.jpg?_nc_ht=instagram.fabe1-1.fna.fbcdn.net&_nc_cat=110&_nc_ohc=WNadeKZJdzoAX9fP4pl&_nc_tp=18&oh=fd84a01191d54958cfba30e53ff43c07&oe=5FB20099",
            "edge_liked_by": {
                "count": 0
            },
            "edge_media_preview_like": {
                "count": 0
            },
            "edge_media_to_caption": {
                "edges": [
                    {
                        "node": {
                            "text": "🏖️Miami Beach🌴\n.\nPhoto by Jason Briscoe on unsplash.\n.\n.\n.\n.\n.\n.\n.\n#miami #miamibeach #viewofmiami #miamifl #southflorida #miamibeachflorida #welovemiami #southbeachmiami #igersmiami #destinations #southbeach #citygrammers #oceandrive #miamiphotography #city_captures #cityscapes_unlimited #exploremiami #thisismiami #miaexplore #instamiami #welcometomiami #miamiincreible #miamilovers #visitmiami #bestoftheusa_urban #seeusatours"
                        }
                    }
                ]
            },
            "edge_media_to_comment": {
                "count": 0
            },
            "id": "2421357871167308957",
            "is_video": false,
            "owner": {
                "id": "4323993333"
            },
            "shortcode": "CGaZCepBgSd",
            "tags": [
                "igersmiami",
                "bestoftheusa_urban",
                "exploremiami",
                "welovemiami",
                "miamibeach",
                "miamilovers",
                "southbeach",
                "thisismiami",
                "miamiincreible",
                "miamibeachflorida",
                "miamiphotography",
                "instamiami",
                "city_captures",
                "destinations",
                "visitmiami",
                "oceandrive",
                "viewofmiami",
                "citygrammers",
                "miaexplore",
                "seeusatours",
                "southflorida",
                "welcometomiami",
                "miami",
                "miamifl",
                "southbeachmiami",
                "cityscapes_unlimited"
            ],
            "taken_at_timestamp": 1602868373,
            "thumbnail_resources": [
                {
                    "config_height": 150,
                    "config_width": 150,
                    "src": "https://instagram.fabe1-1.fna.fbcdn.net/v/t51.2885-15/e35/c180.0.720.720a/s150x150/121668431_780833246044654_7832661500100389027_n.jpg?_nc_ht=instagram.fabe1-1.fna.fbcdn.net&_nc_cat=110&_nc_ohc=WNadeKZJdzoAX9fP4pl&tp=16&oh=a79eda405433b07b3a7cf9fe6c7f3dc3&oe=5FB3EA06"
                },
                {
                    "config_height": 240,
                    "config_width": 240,
                    "src": "https://instagram.fabe1-1.fna.fbcdn.net/v/t51.2885-15/e35/c180.0.720.720a/s240x240/121668431_780833246044654_7832661500100389027_n.jpg?_nc_ht=instagram.fabe1-1.fna.fbcdn.net&_nc_cat=110&_nc_ohc=WNadeKZJdzoAX9fP4pl&tp=16&oh=e2dfe6ec37c0aac8da7c82f66eb4846c&oe=5FB42B04"
                },
                {
                    "config_height": 320,
                    "config_width": 320,
                    "src": "https://instagram.fabe1-1.fna.fbcdn.net/v/t51.2885-15/e35/c180.0.720.720a/s320x320/121668431_780833246044654_7832661500100389027_n.jpg?_nc_ht=instagram.fabe1-1.fna.fbcdn.net&_nc_cat=110&_nc_ohc=WNadeKZJdzoAX9fP4pl&tp=16&oh=6f5fe78b5fb97104fd45ca79a415a036&oe=5FB3FF7E"
                },
                {
                    "config_height": 480,
                    "config_width": 480,
                    "src": "https://instagram.fabe1-1.fna.fbcdn.net/v/t51.2885-15/e35/c180.0.720.720a/s480x480/121668431_780833246044654_7832661500100389027_n.jpg?_nc_ht=instagram.fabe1-1.fna.fbcdn.net&_nc_cat=110&_nc_ohc=WNadeKZJdzoAX9fP4pl&tp=16&oh=7da2a6f83e02f17403c8b8226aa58999&oe=5FB4C83B"
                },
                {
                    "config_height": 640,
                    "config_width": 640,
                    "src": "https://instagram.fabe1-1.fna.fbcdn.net/v/t51.2885-15/sh0.08/e35/c180.0.720.720a/s640x640/121668431_780833246044654_7832661500100389027_n.jpg?_nc_ht=instagram.fabe1-1.fna.fbcdn.net&_nc_cat=110&_nc_ohc=WNadeKZJdzoAX9fP4pl&oh=941295476053eb57b305af58d7e2f3b5&oe=5FB1BDC3"
                }
            ],
            "thumbnail_src": "https://instagram.fabe1-1.fna.fbcdn.net/v/t51.2885-15/sh0.08/e35/c180.0.720.720a/s640x640/121668431_780833246044654_7832661500100389027_n.jpg?_nc_ht=instagram.fabe1-1.fna.fbcdn.net&_nc_cat=110&_nc_ohc=WNadeKZJdzoAX9fP4pl&oh=941295476053eb57b305af58d7e2f3b5&oe=5FB1BDC3",
            "urls": [
                "https://instagram.fabe1-1.fna.fbcdn.net/v/t51.2885-15/e35/121668431_780833246044654_7832661500100389027_n.jpg?_nc_ht=instagram.fabe1-1.fna.fbcdn.net&_nc_cat=110&_nc_ohc=WNadeKZJdzoAX9fP4pl&_nc_tp=18&oh=fd84a01191d54958cfba30e53ff43c07&oe=5FB20099"
            ]
        },
        {
            "comments_disabled": false,
            "dimensions": {
                "height": 1080,
                "width": 1080
            },
            "display_url": "https://instagram.fabe1-1.fna.fbcdn.net/v/t51.2885-15/e35/121499994_407436643987992_5129330647865270506_n.jpg?_nc_ht=instagram.fabe1-1.fna.fbcdn.net&_nc_cat=100&_nc_ohc=6rfMuBKLF3YAX8YMtxO&_nc_tp=18&oh=6bcc3931912ec8476042f2e275552940&oe=5FB23793",
            "edge_liked_by": {
                "count": 0
            },
            "edge_media_preview_like": {
                "count": 0
            },
            "edge_media_to_caption": {
                "edges": [
                    {
                        "node": {
                            "text": "Te dejo 3 ejercicios distintos para tus distinas zonas abdominales 💪 Puedes realizar esta rutina 3 veces por semana 🛑\n.\nSabías que existen distinas zonas abdominales? Hoy trabajaremos SUPERIORES, RECTO ABDOMINAL E INFERORES 💪\n\n.\n.\n.\n.\n.\n.\n.\n.\n#bodycarevital  #idahousa  #bluepinkbhip  #nonigia  #plan90diaspink  #plandetox  #cuidadovitaldelcuerpo  #sanfranciscoca #alaheimusa  #texas  #miami  #houston  #escondidoca  #virginiausa  #seattle #preguntaportuplan  #pierdepesoganavida  #katyusa  #cuidatucuerpo  #vidamassaludable  #latinoseneeuu  #tomaelriesgo  #tratamientointensivo  #dejameayudartebhip  #trabajojuntosbodycarevital  #cambiatuvidabhip  #cambiodiaadia  #calidaddevidabhip  #ayudaatucuerpobhip  #plandealimentacionbhip"
                        }
                    }
                ]
            },
            "edge_media_to_comment": {
                "count": 0
            },
            "id": "2421357824234623966",
            "is_video": false,
            "owner": {
                "id": "34118547733"
            },
            "shortcode": "CGaZBy7nhPe",
            "tags": [
                "cuidatucuerpo",
                "seattle",
                "alaheimusa",
                "cambiodiaadia",
                "preguntaportuplan",
                "nonigia",
                "plan90diaspink",
                "cambiatuvidabhip",
                "bodycarevital",
                "texas",
                "pierdepesoganavida",
                "calidaddevidabhip",
                "cuidadovitaldelcuerpo",
                "latinoseneeuu",
                "virginiausa",
                "houston",
                "ayudaatucuerpobhip",
                "dejameayudartebhip",
                "plandetox",
                "sanfranciscoca",
                "katyusa",
                "trabajojuntosbodycarevital",
                "escondidoca",
                "idahousa",
                "tratamientointensivo",
                "miami",
                "bluepinkbhip",
                "vidamassaludable",
                "tomaelriesgo",
                "plandealimentacionbhip"
            ],
            "taken_at_timestamp": 1602868367,
            "thumbnail_resources": [
                {
                    "config_height": 150,
                    "config_width": 150,
                    "src": "https://instagram.fabe1-1.fna.fbcdn.net/v/t51.2885-15/e35/s150x150/121499994_407436643987992_5129330647865270506_n.jpg?_nc_ht=instagram.fabe1-1.fna.fbcdn.net&_nc_cat=100&_nc_ohc=6rfMuBKLF3YAX8YMtxO&_nc_tp=15&oh=2025d93aef5aba70a636a43af68143b2&oe=5FB20AAE"
                },
                {
                    "config_height": 240,
                    "config_width": 240,
                    "src": "https://instagram.fabe1-1.fna.fbcdn.net/v/t51.2885-15/e35/s240x240/121499994_407436643987992_5129330647865270506_n.jpg?_nc_ht=instagram.fabe1-1.fna.fbcdn.net&_nc_cat=100&_nc_ohc=6rfMuBKLF3YAX8YMtxO&_nc_tp=15&oh=89c393c191e51077f7379675167acc4f&oe=5FB23BAC"
                },
                {
                    "config_height": 320,
                    "config_width": 320,
                    "src": "https://instagram.fabe1-1.fna.fbcdn.net/v/t51.2885-15/e35/s320x320/121499994_407436643987992_5129330647865270506_n.jpg?_nc_ht=instagram.fabe1-1.fna.fbcdn.net&_nc_cat=100&_nc_ohc=6rfMuBKLF3YAX8YMtxO&_nc_tp=15&oh=822c48ef92c3484bd644b28c7f56ab99&oe=5FB48156"
                },
                {
                    "config_height": 480,
                    "config_width": 480,
                    "src": "https://instagram.fabe1-1.fna.fbcdn.net/v/t51.2885-15/e35/s480x480/121499994_407436643987992_5129330647865270506_n.jpg?_nc_ht=instagram.fabe1-1.fna.fbcdn.net&_nc_cat=100&_nc_ohc=6rfMuBKLF3YAX8YMtxO&_nc_tp=15&oh=0dec8c2a71bcb76d0b7d9409ce02cbad&oe=5FB3BD13"
                },
                {
                    "config_height": 640,
                    "config_width": 640,
                    "src": "https://instagram.fabe1-1.fna.fbcdn.net/v/t51.2885-15/sh0.08/e35/s640x640/121499994_407436643987992_5129330647865270506_n.jpg?_nc_ht=instagram.fabe1-1.fna.fbcdn.net&_nc_cat=100&_nc_ohc=6rfMuBKLF3YAX8YMtxO&_nc_tp=24&oh=effa6115ce95e88e1bc00ac2bec06933&oe=5FB32FA9"
                }
            ],
            "thumbnail_src": "https://instagram.fabe1-1.fna.fbcdn.net/v/t51.2885-15/sh0.08/e35/s640x640/121499994_407436643987992_5129330647865270506_n.jpg?_nc_ht=instagram.fabe1-1.fna.fbcdn.net&_nc_cat=100&_nc_ohc=6rfMuBKLF3YAX8YMtxO&_nc_tp=24&oh=effa6115ce95e88e1bc00ac2bec06933&oe=5FB32FA9",
            "urls": [
                "https://instagram.fabe1-1.fna.fbcdn.net/v/t51.2885-15/e35/121499994_407436643987992_5129330647865270506_n.jpg?_nc_ht=instagram.fabe1-1.fna.fbcdn.net&_nc_cat=100&_nc_ohc=6rfMuBKLF3YAX8YMtxO&_nc_tp=18&oh=6bcc3931912ec8476042f2e275552940&oe=5FB23793"
            ]
        },
        {
            "comments_disabled": false,
            "dimensions": {
                "height": 1350,
                "width": 1080
            },
            "display_url": "https://instagram.fabe1-1.fna.fbcdn.net/v/t51.2885-15/e35/p1080x1080/121535019_2059397587692862_4429749579831905729_n.jpg?_nc_ht=instagram.fabe1-1.fna.fbcdn.net&_nc_cat=110&_nc_ohc=332cvt-TLcMAX8PCrzX&tp=19&oh=1e40341717bc10460182304a7930e4df&oe=5FB3567C",
            "edge_liked_by": {
                "count": 2
            },
            "edge_media_preview_like": {
                "count": 2
            },
            "edge_media_to_caption": {
                "edges": [
                    {
                        "node": {
                            "text": "It ain’t even fair when it’s us against y’all"
                        }
                    }
                ]
            },
            "edge_media_to_comment": {
                "count": 0
            },
            "id": "2421357813991706265",
            "is_video": false,
            "owner": {
                "id": "38814395"
            },
            "shortcode": "CGaZBpZF46Z",
            "tags": [],
            "taken_at_timestamp": 1602868366,
            "thumbnail_resources": [
                {
                    "config_height": 150,
                    "config_width": 150,
                    "src": "https://instagram.fabe1-1.fna.fbcdn.net/v/t51.2885-15/e35/c0.180.1440.1440a/s150x150/121535019_2059397587692862_4429749579831905729_n.jpg?_nc_ht=instagram.fabe1-1.fna.fbcdn.net&_nc_cat=110&_nc_ohc=332cvt-TLcMAX8PCrzX&tp=16&oh=3da8eef4e38663481cfcdec8274d2d8e&oe=5FB4F3D2"
                },
                {
                    "config_height": 240,
                    "config_width": 240,
                    "src": "https://instagram.fabe1-1.fna.fbcdn.net/v/t51.2885-15/e35/c0.180.1440.1440a/s240x240/121535019_2059397587692862_4429749579831905729_n.jpg?_nc_ht=instagram.fabe1-1.fna.fbcdn.net&_nc_cat=110&_nc_ohc=332cvt-TLcMAX8PCrzX&tp=16&oh=1bdb612b4f196383f2f4d4e8982e1ab1&oe=5FB4FD9A"
                },
                {
                    "config_height": 320,
                    "config_width": 320,
                    "src": "https://instagram.fabe1-1.fna.fbcdn.net/v/t51.2885-15/e35/c0.180.1440.1440a/s320x320/121535019_2059397587692862_4429749579831905729_n.jpg?_nc_ht=instagram.fabe1-1.fna.fbcdn.net&_nc_cat=110&_nc_ohc=332cvt-TLcMAX8PCrzX&tp=16&oh=9f68b88039919f68bfabad3071e11bbe&oe=5FB3EC47"
                },
                {
                    "config_height": 480,
                    "config_width": 480,
                    "src": "https://instagram.fabe1-1.fna.fbcdn.net/v/t51.2885-15/e35/c0.180.1440.1440a/s480x480/121535019_2059397587692862_4429749579831905729_n.jpg?_nc_ht=instagram.fabe1-1.fna.fbcdn.net&_nc_cat=110&_nc_ohc=332cvt-TLcMAX8PCrzX&tp=16&oh=d733e004829f1e438693efc42525d7b4&oe=5FB23A05"
                },
                {
                    "config_height": 640,
                    "config_width": 640,
                    "src": "https://instagram.fabe1-1.fna.fbcdn.net/v/t51.2885-15/sh0.08/e35/c0.180.1440.1440a/s640x640/121535019_2059397587692862_4429749579831905729_n.jpg?_nc_ht=instagram.fabe1-1.fna.fbcdn.net&_nc_cat=110&_nc_ohc=332cvt-TLcMAX8PCrzX&oh=cd14e95d8e50e37c7be14495a3443172&oe=5FB217BF"
                }
            ],
            "thumbnail_src": "https://instagram.fabe1-1.fna.fbcdn.net/v/t51.2885-15/sh0.08/e35/c0.180.1440.1440a/s640x640/121535019_2059397587692862_4429749579831905729_n.jpg?_nc_ht=instagram.fabe1-1.fna.fbcdn.net&_nc_cat=110&_nc_ohc=332cvt-TLcMAX8PCrzX&oh=cd14e95d8e50e37c7be14495a3443172&oe=5FB217BF",
            "urls": [
                "https://instagram.fabe1-1.fna.fbcdn.net/v/t51.2885-15/e35/p1080x1080/121535019_2059397587692862_4429749579831905729_n.jpg?_nc_ht=instagram.fabe1-1.fna.fbcdn.net&_nc_cat=110&_nc_ohc=332cvt-TLcMAX8PCrzX&tp=19&oh=1e40341717bc10460182304a7930e4df&oe=5FB3567C",
                "https://instagram.fabe1-1.fna.fbcdn.net/v/t51.2885-15/e35/p1080x1080/121534713_172247301175126_6616440390778828229_n.jpg?_nc_ht=instagram.fabe1-1.fna.fbcdn.net&_nc_cat=110&_nc_ohc=okwsXzDivuMAX8fiYd8&tp=19&oh=ab6a788fc7fc15f74a8c24ed5ccb66bd&oe=5FB171CC"
            ]
        },
        {
            "comments_disabled": false,
            "dimensions": {
                "height": 1350,
                "width": 1080
            },
            "display_url": "https://instagram.fabe1-1.fna.fbcdn.net/v/t51.2885-15/e35/p1080x1080/121428350_371233060668473_9111077141299231699_n.jpg?_nc_ht=instagram.fabe1-1.fna.fbcdn.net&_nc_cat=105&_nc_ohc=wvUuu5NA5D0AX-V9qP6&tp=19&oh=0391b2c3d624f6368159b0025a75d731&oe=5FB3AA26",
            "edge_liked_by": {
                "count": 0
            },
            "edge_media_preview_like": {
                "count": 0
            },
            "edge_media_to_caption": {
                "edges": [
                    {
                        "node": {
                            "text": "We strongly believe tank tops should be a year round thing🏝"
                        }
                    }
                ]
            },
            "edge_media_to_comment": {
                "count": 0
            },
            "id": "2421357786595549505",
            "is_video": false,
            "owner": {
                "id": "19781476096"
            },
            "shortcode": "CGaZBP4J2FB",
            "tags": [],
            "taken_at_timestamp": 1602868363,
            "thumbnail_resources": [
                {
                    "config_height": 150,
                    "config_width": 150,
                    "src": "https://instagram.fabe1-1.fna.fbcdn.net/v/t51.2885-15/e35/c0.180.1440.1440a/s150x150/121428350_371233060668473_9111077141299231699_n.jpg?_nc_ht=instagram.fabe1-1.fna.fbcdn.net&_nc_cat=105&_nc_ohc=wvUuu5NA5D0AX-V9qP6&tp=16&oh=a03d3775303f74585ba7ae3d1728f728&oe=5FB2B132"
                },
                {
                    "config_height": 240,
                    "config_width": 240,
                    "src": "https://instagram.fabe1-1.fna.fbcdn.net/v/t51.2885-15/e35/c0.180.1440.1440a/s240x240/121428350_371233060668473_9111077141299231699_n.jpg?_nc_ht=instagram.fabe1-1.fna.fbcdn.net&_nc_cat=105&_nc_ohc=wvUuu5NA5D0AX-V9qP6&tp=16&oh=0405f253fc2769db795e719e2117c4ea&oe=5FB2A938"
                },
                {
                    "config_height": 320,
                    "config_width": 320,
                    "src": "https://instagram.fabe1-1.fna.fbcdn.net/v/t51.2885-15/e35/c0.180.1440.1440a/s320x320/121428350_371233060668473_9111077141299231699_n.jpg?_nc_ht=instagram.fabe1-1.fna.fbcdn.net&_nc_cat=105&_nc_ohc=wvUuu5NA5D0AX-V9qP6&tp=16&oh=1d2c983913d3086cb0b59e81f7b304d9&oe=5FB3D5CA"
                },
                {
                    "config_height": 480,
                    "config_width": 480,
                    "src": "https://instagram.fabe1-1.fna.fbcdn.net/v/t51.2885-15/e35/c0.180.1440.1440a/s480x480/121428350_371233060668473_9111077141299231699_n.jpg?_nc_ht=instagram.fabe1-1.fna.fbcdn.net&_nc_cat=105&_nc_ohc=wvUuu5NA5D0AX-V9qP6&tp=16&oh=7d769ee26b424613ae6cfa445827faa7&oe=5FB3E60F"
                },
                {
                    "config_height": 640,
                    "config_width": 640,
                    "src": "https://instagram.fabe1-1.fna.fbcdn.net/v/t51.2885-15/sh0.08/e35/c0.180.1440.1440a/s640x640/121428350_371233060668473_9111077141299231699_n.jpg?_nc_ht=instagram.fabe1-1.fna.fbcdn.net&_nc_cat=105&_nc_ohc=wvUuu5NA5D0AX-V9qP6&oh=0a46681c4513ddd37d37354c58f1b0fd&oe=5FB33482"
                }
            ],
            "thumbnail_src": "https://instagram.fabe1-1.fna.fbcdn.net/v/t51.2885-15/sh0.08/e35/c0.180.1440.1440a/s640x640/121428350_371233060668473_9111077141299231699_n.jpg?_nc_ht=instagram.fabe1-1.fna.fbcdn.net&_nc_cat=105&_nc_ohc=wvUuu5NA5D0AX-V9qP6&oh=0a46681c4513ddd37d37354c58f1b0fd&oe=5FB33482",
            "urls": [
                "https://instagram.fabe1-1.fna.fbcdn.net/v/t51.2885-15/e35/p1080x1080/121428350_371233060668473_9111077141299231699_n.jpg?_nc_ht=instagram.fabe1-1.fna.fbcdn.net&_nc_cat=105&_nc_ohc=wvUuu5NA5D0AX-V9qP6&tp=19&oh=0391b2c3d624f6368159b0025a75d731&oe=5FB3AA26"
            ]
        }
    ]
}