{
    "GraphImages": [
        {
            "comments_disabled": false,
            "dimensions": {
                "height": 1080,
                "width": 1080
            },
            "display_url": "https://instagram.fabe1-1.fna.fbcdn.net/v/t51.2885-15/e35/s1080x1080/121969473_615523775784930_8057836835446641302_n.jpg?_nc_ht=instagram.fabe1-1.fna.fbcdn.net&_nc_cat=106&_nc_ohc=gqybB7UWtdwAX_eBxLT&_nc_tp=15&oh=4b983bc3e8f9cc088997a9ebf66043aa&oe=5FB2BAD5",
            "edge_liked_by": {
                "count": 0
            },
            "edge_media_preview_like": {
                "count": 0
            },
            "edge_media_to_caption": {
                "edges": [
                    {
                        "node": {
                            "text": "#testimonial #profits"
                        }
                    }
                ]
            },
            "edge_media_to_comment": {
                "count": 0
            },
            "id": "2421525826435376438",
            "is_video": false,
            "owner": {
                "id": "5907069561"
            },
            "shortcode": "CGa_OjLHWU2",
            "tags": [
                "profits",
                "testimonial"
            ],
            "taken_at_timestamp": 1602888395,
            "thumbnail_resources": [
                {
                    "config_height": 150,
                    "config_width": 150,
                    "src": "https://instagram.fabe1-1.fna.fbcdn.net/v/t51.2885-15/e35/s150x150/121969473_615523775784930_8057836835446641302_n.jpg?_nc_ht=instagram.fabe1-1.fna.fbcdn.net&_nc_cat=106&_nc_ohc=gqybB7UWtdwAX_eBxLT&_nc_tp=15&oh=594ff14067c73daf8c4baa9c3adf51ac&oe=5FB44C16"
                },
                {
                    "config_height": 240,
                    "config_width": 240,
                    "src": "https://instagram.fabe1-1.fna.fbcdn.net/v/t51.2885-15/e35/s240x240/121969473_615523775784930_8057836835446641302_n.jpg?_nc_ht=instagram.fabe1-1.fna.fbcdn.net&_nc_cat=106&_nc_ohc=gqybB7UWtdwAX_eBxLT&_nc_tp=15&oh=327ed1ae42069df2e2fb6c82bc7e0381&oe=5FB39D14"
                },
                {
                    "config_height": 320,
                    "config_width": 320,
                    "src": "https://instagram.fabe1-1.fna.fbcdn.net/v/t51.2885-15/e35/s320x320/121969473_615523775784930_8057836835446641302_n.jpg?_nc_ht=instagram.fabe1-1.fna.fbcdn.net&_nc_cat=106&_nc_ohc=gqybB7UWtdwAX_eBxLT&_nc_tp=15&oh=af370457ef4c43f57f025673984ff267&oe=5FB297EE"
                },
                {
                    "config_height": 480,
                    "config_width": 480,
                    "src": "https://instagram.fabe1-1.fna.fbcdn.net/v/t51.2885-15/e35/s480x480/121969473_615523775784930_8057836835446641302_n.jpg?_nc_ht=instagram.fabe1-1.fna.fbcdn.net&_nc_cat=106&_nc_ohc=gqybB7UWtdwAX_eBxLT&_nc_tp=15&oh=1cd3fb4a893e9833e80e12108b9c9f0b&oe=5FB1B9AB"
                },
                {
                    "config_height": 640,
                    "config_width": 640,
                    "src": "https://instagram.fabe1-1.fna.fbcdn.net/v/t51.2885-15/sh0.08/e35/s640x640/121969473_615523775784930_8057836835446641302_n.jpg?_nc_ht=instagram.fabe1-1.fna.fbcdn.net&_nc_cat=106&_nc_ohc=gqybB7UWtdwAX_eBxLT&_nc_tp=24&oh=56582165f556833dd7647626371f9475&oe=5FB41711"
                }
            ],
            "thumbnail_src": "https://instagram.fabe1-1.fna.fbcdn.net/v/t51.2885-15/sh0.08/e35/s640x640/121969473_615523775784930_8057836835446641302_n.jpg?_nc_ht=instagram.fabe1-1.fna.fbcdn.net&_nc_cat=106&_nc_ohc=gqybB7UWtdwAX_eBxLT&_nc_tp=24&oh=56582165f556833dd7647626371f9475&oe=5FB41711",
            "urls": [
                "https://instagram.fabe1-1.fna.fbcdn.net/v/t51.2885-15/e35/s1080x1080/121969473_615523775784930_8057836835446641302_n.jpg?_nc_ht=instagram.fabe1-1.fna.fbcdn.net&_nc_cat=106&_nc_ohc=gqybB7UWtdwAX_eBxLT&_nc_tp=15&oh=4b983bc3e8f9cc088997a9ebf66043aa&oe=5FB2BAD5",
                "https://instagram.fabe1-1.fna.fbcdn.net/v/t51.2885-15/e35/s1080x1080/121648465_1797133950438337_6691107903040190600_n.jpg?_nc_ht=instagram.fabe1-1.fna.fbcdn.net&_nc_cat=101&_nc_ohc=kuXV3NqWhSwAX802pT5&_nc_tp=15&oh=e5b1dd133a74717604c623ce7c2b8857&oe=5FB2D55F"
            ]
        },
        {
            "comments_disabled": false,
            "dimensions": {
                "height": 1080,
                "width": 1080
            },
            "display_url": "https://instagram.fabe1-1.fna.fbcdn.net/v/t51.2885-15/e35/s1080x1080/121497319_698539530768456_7173396190268441692_n.jpg?_nc_ht=instagram.fabe1-1.fna.fbcdn.net&_nc_cat=100&_nc_ohc=ZJv73pJTQbMAX9wbiDq&_nc_tp=15&oh=933fd08ad47fbf46a328610ac0a1852c&oe=5FB2CAF7",
            "edge_liked_by": {
                "count": 0
            },
            "edge_media_preview_like": {
                "count": 0
            },
            "edge_media_to_caption": {
                "edges": [
                    {
                        "node": {
                            "text": "Welcome! #CNMiami \nPelo Rei e pelo Reino!"
                        }
                    }
                ]
            },
            "edge_media_to_comment": {
                "count": 0
            },
            "id": "2421525816099118193",
            "is_video": false,
            "owner": {
                "id": "35349170001"
            },
            "shortcode": "CGa_OZjBpxx",
            "tags": [
                "CNMiami"
            ],
            "taken_at_timestamp": 1602888393,
            "thumbnail_resources": [
                {
                    "config_height": 150,
                    "config_width": 150,
                    "src": "https://instagram.fabe1-1.fna.fbcdn.net/v/t51.2885-15/e35/s150x150/121497319_698539530768456_7173396190268441692_n.jpg?_nc_ht=instagram.fabe1-1.fna.fbcdn.net&_nc_cat=100&_nc_ohc=ZJv73pJTQbMAX9wbiDq&_nc_tp=15&oh=8070d0021624b642a8c8922be0802c9a&oe=5FB32DB8"
                },
                {
                    "config_height": 240,
                    "config_width": 240,
                    "src": "https://instagram.fabe1-1.fna.fbcdn.net/v/t51.2885-15/e35/s240x240/121497319_698539530768456_7173396190268441692_n.jpg?_nc_ht=instagram.fabe1-1.fna.fbcdn.net&_nc_cat=100&_nc_ohc=ZJv73pJTQbMAX9wbiDq&_nc_tp=15&oh=e3763836eebe3dfbd399c0369e1db706&oe=5FB2CB32"
                },
                {
                    "config_height": 320,
                    "config_width": 320,
                    "src": "https://instagram.fabe1-1.fna.fbcdn.net/v/t51.2885-15/e35/s320x320/121497319_698539530768456_7173396190268441692_n.jpg?_nc_ht=instagram.fabe1-1.fna.fbcdn.net&_nc_cat=100&_nc_ohc=ZJv73pJTQbMAX9wbiDq&_nc_tp=15&oh=3eebbbfc79433bdcd8722547c620c7c4&oe=5FB2A1D0"
                },
                {
                    "config_height": 480,
                    "config_width": 480,
                    "src": "https://instagram.fabe1-1.fna.fbcdn.net/v/t51.2885-15/e35/s480x480/121497319_698539530768456_7173396190268441692_n.jpg?_nc_ht=instagram.fabe1-1.fna.fbcdn.net&_nc_cat=100&_nc_ohc=ZJv73pJTQbMAX9wbiDq&_nc_tp=15&oh=197c0d2b4b55613d6cf897e93114ad10&oe=5FB4B009"
                },
                {
                    "config_height": 640,
                    "config_width": 640,
                    "src": "https://instagram.fabe1-1.fna.fbcdn.net/v/t51.2885-15/sh0.08/e35/s640x640/121497319_698539530768456_7173396190268441692_n.jpg?_nc_ht=instagram.fabe1-1.fna.fbcdn.net&_nc_cat=100&_nc_ohc=ZJv73pJTQbMAX9wbiDq&_nc_tp=24&oh=e300b6366bd6405c6b0602df38f1e29f&oe=5FB2FE33"
                }
            ],
            "thumbnail_src": "https://instagram.fabe1-1.fna.fbcdn.net/v/t51.2885-15/sh0.08/e35/s640x640/121497319_698539530768456_7173396190268441692_n.jpg?_nc_ht=instagram.fabe1-1.fna.fbcdn.net&_nc_cat=100&_nc_ohc=ZJv73pJTQbMAX9wbiDq&_nc_tp=24&oh=e300b6366bd6405c6b0602df38f1e29f&oe=5FB2FE33",
            "urls": [
                "https://instagram.fabe1-1.fna.fbcdn.net/v/t51.2885-15/e35/s1080x1080/121497319_698539530768456_7173396190268441692_n.jpg?_nc_ht=instagram.fabe1-1.fna.fbcdn.net&_nc_cat=100&_nc_ohc=ZJv73pJTQbMAX9wbiDq&_nc_tp=15&oh=933fd08ad47fbf46a328610ac0a1852c&oe=5FB2CAF7",
                "https://instagram.fabe1-1.fna.fbcdn.net/v/t51.2885-15/e35/p1080x1080/121601238_105473118011941_4948368228495834813_n.jpg?_nc_ht=instagram.fabe1-1.fna.fbcdn.net&_nc_cat=101&_nc_ohc=wlfFjiDlhicAX_lJiwF&tp=19&oh=3ad001192af2dbe59927bf522e77eaa6&oe=5FB54D05"
            ]
        },
        {
            "comments_disabled": false,
            "dimensions": {
                "height": 1080,
                "width": 1080
            },
            "display_url": "https://instagram.fabe1-1.fna.fbcdn.net/v/t51.2885-15/e35/s1080x1080/121731779_275005427013492_6817262925028109117_n.jpg?_nc_ht=instagram.fabe1-1.fna.fbcdn.net&_nc_cat=100&_nc_ohc=GELWN93jsWYAX8vdUhu&_nc_tp=15&oh=1816abf84606885598b65dfd2830f4c0&oe=5FB2A6FB",
            "edge_liked_by": {
                "count": 0
            },
            "edge_media_preview_like": {
                "count": 0
            },
            "edge_media_to_caption": {
                "edges": [
                    {
                        "node": {
                            "text": "Miami Beach"
                        }
                    }
                ]
            },
            "edge_media_to_comment": {
                "count": 0
            },
            "id": "2421525794356440776",
            "is_video": false,
            "owner": {
                "id": "44009522136"
            },
            "shortcode": "CGa_OFTD67I",
            "tags": [],
            "taken_at_timestamp": 1602888391,
            "thumbnail_resources": [
                {
                    "config_height": 150,
                    "config_width": 150,
                    "src": "https://instagram.fabe1-1.fna.fbcdn.net/v/t51.2885-15/e35/s150x150/121731779_275005427013492_6817262925028109117_n.jpg?_nc_ht=instagram.fabe1-1.fna.fbcdn.net&_nc_cat=100&_nc_ohc=GELWN93jsWYAX8vdUhu&_nc_tp=15&oh=cb920e0bd883df824a3039314879705d&oe=5FB401BC"
                },
                {
                    "config_height": 240,
                    "config_width": 240,
                    "src": "https://instagram.fabe1-1.fna.fbcdn.net/v/t51.2885-15/e35/s240x240/121731779_275005427013492_6817262925028109117_n.jpg?_nc_ht=instagram.fabe1-1.fna.fbcdn.net&_nc_cat=100&_nc_ohc=GELWN93jsWYAX8vdUhu&_nc_tp=15&oh=ef8ee59c583b888fcb0e8540ed8d11df&oe=5FB3573E"
                },
                {
                    "config_height": 320,
                    "config_width": 320,
                    "src": "https://instagram.fabe1-1.fna.fbcdn.net/v/t51.2885-15/e35/s320x320/121731779_275005427013492_6817262925028109117_n.jpg?_nc_ht=instagram.fabe1-1.fna.fbcdn.net&_nc_cat=100&_nc_ohc=GELWN93jsWYAX8vdUhu&_nc_tp=15&oh=8c374baeeb2b46f492c6911f99a05202&oe=5FB4C444"
                },
                {
                    "config_height": 480,
                    "config_width": 480,
                    "src": "https://instagram.fabe1-1.fna.fbcdn.net/v/t51.2885-15/e35/s480x480/121731779_275005427013492_6817262925028109117_n.jpg?_nc_ht=instagram.fabe1-1.fna.fbcdn.net&_nc_cat=100&_nc_ohc=GELWN93jsWYAX8vdUhu&_nc_tp=15&oh=efc1c7d40f677704ada4e61b1762fbd0&oe=5FB36685"
                },
                {
                    "config_height": 640,
                    "config_width": 640,
                    "src": "https://instagram.fabe1-1.fna.fbcdn.net/v/t51.2885-15/sh0.08/e35/s640x640/121731779_275005427013492_6817262925028109117_n.jpg?_nc_ht=instagram.fabe1-1.fna.fbcdn.net&_nc_cat=100&_nc_ohc=GELWN93jsWYAX8vdUhu&_nc_tp=24&oh=067899b2b2c4e47ec6076386e38b663d&oe=5FB5163F"
                }
            ],
            "thumbnail_src": "https://instagram.fabe1-1.fna.fbcdn.net/v/t51.2885-15/sh0.08/e35/s640x640/121731779_275005427013492_6817262925028109117_n.jpg?_nc_ht=instagram.fabe1-1.fna.fbcdn.net&_nc_cat=100&_nc_ohc=GELWN93jsWYAX8vdUhu&_nc_tp=24&oh=067899b2b2c4e47ec6076386e38b663d&oe=5FB5163F",
            "urls": [
                "https://instagram.fabe1-1.fna.fbcdn.net/v/t51.2885-15/e35/s1080x1080/121731779_275005427013492_6817262925028109117_n.jpg?_nc_ht=instagram.fabe1-1.fna.fbcdn.net&_nc_cat=100&_nc_ohc=GELWN93jsWYAX8vdUhu&_nc_tp=15&oh=1816abf84606885598b65dfd2830f4c0&oe=5FB2A6FB"
            ]
        },
        {
            "comments_disabled": false,
            "dimensions": {
                "height": 937,
                "width": 750
            },
            "display_url": "https://instagram.fabe1-1.fna.fbcdn.net/v/t51.2885-15/e35/121503329_631198267567317_7700362869258630305_n.jpg?_nc_ht=instagram.fabe1-1.fna.fbcdn.net&_nc_cat=109&_nc_ohc=cWXeTpOan6EAX_Op-WZ&_nc_tp=18&oh=b2004e696d097c5329428ca2e806407c&oe=5F8C90DE",
            "edge_liked_by": {
                "count": 0
            },
            "edge_media_preview_like": {
                "count": 0
            },
            "edge_media_to_caption": {
                "edges": [
                    {
                        "node": {
                            "text": "🙃❤️✍🏾🙊 @imjvzel  u are so so so..."
                        }
                    }
                ]
            },
            "edge_media_to_comment": {
                "count": 0
            },
            "id": "2421521648824615187",
            "is_video": true,
            "owner": {
                "id": "240396533"
            },
            "shortcode": "CGa-RweHAET",
            "tags": [],
            "taken_at_timestamp": 1602888387,
            "thumbnail_resources": [
                {
                    "config_height": 150,
                    "config_width": 150,
                    "src": "https://instagram.fabe1-1.fna.fbcdn.net/v/t51.2885-15/e35/c0.90.720.720a/s150x150/121503329_631198267567317_7700362869258630305_n.jpg?_nc_ht=instagram.fabe1-1.fna.fbcdn.net&_nc_cat=109&_nc_ohc=cWXeTpOan6EAX_Op-WZ&tp=16&oh=d21ec0fe757391967c2d9ac2d1ebfd8a&oe=5F8CAEC5"
                },
                {
                    "config_height": 240,
                    "config_width": 240,
                    "src": "https://instagram.fabe1-1.fna.fbcdn.net/v/t51.2885-15/e35/c0.90.720.720a/s240x240/121503329_631198267567317_7700362869258630305_n.jpg?_nc_ht=instagram.fabe1-1.fna.fbcdn.net&_nc_cat=109&_nc_ohc=cWXeTpOan6EAX_Op-WZ&tp=16&oh=e577617c2110ff3c1ace99209052b203&oe=5F8C9103"
                },
                {
                    "config_height": 320,
                    "config_width": 320,
                    "src": "https://instagram.fabe1-1.fna.fbcdn.net/v/t51.2885-15/e35/c0.90.720.720a/s320x320/121503329_631198267567317_7700362869258630305_n.jpg?_nc_ht=instagram.fabe1-1.fna.fbcdn.net&_nc_cat=109&_nc_ohc=cWXeTpOan6EAX_Op-WZ&tp=16&oh=84abc0ec59fa10ade067a76f901c3373&oe=5F8C64FD"
                },
                {
                    "config_height": 480,
                    "config_width": 480,
                    "src": "https://instagram.fabe1-1.fna.fbcdn.net/v/t51.2885-15/e35/c0.90.720.720a/s480x480/121503329_631198267567317_7700362869258630305_n.jpg?_nc_ht=instagram.fabe1-1.fna.fbcdn.net&_nc_cat=109&_nc_ohc=cWXeTpOan6EAX_Op-WZ&tp=16&oh=37f5c63e6cc071274bcc20ac93a5da8d&oe=5F8CADFC"
                },
                {
                    "config_height": 640,
                    "config_width": 640,
                    "src": "https://instagram.fabe1-1.fna.fbcdn.net/v/t51.2885-15/sh0.08/e35/c0.90.720.720a/s640x640/121503329_631198267567317_7700362869258630305_n.jpg?_nc_ht=instagram.fabe1-1.fna.fbcdn.net&_nc_cat=109&_nc_ohc=cWXeTpOan6EAX_Op-WZ&oh=e90c4fd54076bbdc31636dee29cfc4ee&oe=5F8C44B1"
                }
            ],
            "thumbnail_src": "https://instagram.fabe1-1.fna.fbcdn.net/v/t51.2885-15/sh0.08/e35/c0.90.720.720a/s640x640/121503329_631198267567317_7700362869258630305_n.jpg?_nc_ht=instagram.fabe1-1.fna.fbcdn.net&_nc_cat=109&_nc_ohc=cWXeTpOan6EAX_Op-WZ&oh=e90c4fd54076bbdc31636dee29cfc4ee&oe=5F8C44B1",
            "urls": [
                "https://instagram.fabe1-1.fna.fbcdn.net/v/t50.2886-16/121656937_777019666210839_5791220194596004755_n.mp4?_nc_ht=instagram.fabe1-1.fna.fbcdn.net&_nc_cat=103&_nc_ohc=FNzNKiik7vQAX8Vldld&oe=5F8C6A89&oh=0a98d8d8ae16a09a75a3be85e55364c6"
            ],
            "video_view_count": 0
        },
        {
            "comments_disabled": false,
            "dimensions": {
                "height": 1080,
                "width": 1080
            },
            "display_url": "https://instagram.fabe1-1.fna.fbcdn.net/v/t51.2885-15/e35/s1080x1080/121515390_179684667025235_7743503259495484295_n.jpg?_nc_ht=instagram.fabe1-1.fna.fbcdn.net&_nc_cat=111&_nc_ohc=cScmOTRdqJkAX8oh1rz&_nc_tp=15&oh=da667801fe43d3096958179f836055b2&oe=5FB28912",
            "edge_liked_by": {
                "count": 0
            },
            "edge_media_preview_like": {
                "count": 0
            },
            "edge_media_to_caption": {
                "edges": [
                    {
                        "node": {
                            "text": "Hi Friends and Fam! I want to invite you to this event that I will be a panellist for.\nYou can enjoy and get inspired by some great ideas and perspectives.\n\n•••\n\nTHE WELLNESS EXPERIENCE Virtual Summit created by Organic Spa Media, October 20/21!  You will be on the following panel:\n\n•••\n\nPanel: Travel: The Evolution of Fitness on the Road\nDate:  Wednesday, October 21\nTime:  4:00pm EST\nModerator:  Jen Murphy, Wall Street Journal columnist\nPanelists:\n- Chris Vlaun, V Art of Wellness\n- Linzee Vita, Gravity Haus\n- Ingram Casey, EscapeExplore\n- Marty Munson, Men’s Health\n- Joe Cannon, Hyperice\n\nOrganic Spa Mag Wellness Panel\nhttps://organicspamedia.6connex.com/event/TheWellnessExperience/register"
                        }
                    }
                ]
            },
            "edge_media_to_comment": {
                "count": 0
            },
            "id": "2421525639822512879",
            "is_video": false,
            "owner": {
                "id": "1447137767"
            },
            "shortcode": "CGa_L1YHxLv",
            "tags": [],
            "taken_at_timestamp": 1602888372,
            "thumbnail_resources": [
                {
                    "config_height": 150,
                    "config_width": 150,
                    "src": "https://instagram.fabe1-1.fna.fbcdn.net/v/t51.2885-15/e35/s150x150/121515390_179684667025235_7743503259495484295_n.jpg?_nc_ht=instagram.fabe1-1.fna.fbcdn.net&_nc_cat=111&_nc_ohc=cScmOTRdqJkAX8oh1rz&_nc_tp=15&oh=72cf1c9106952acffc3920b1c934abf1&oe=5FB32151"
                },
                {
                    "config_height": 240,
                    "config_width": 240,
                    "src": "https://instagram.fabe1-1.fna.fbcdn.net/v/t51.2885-15/e35/s240x240/121515390_179684667025235_7743503259495484295_n.jpg?_nc_ht=instagram.fabe1-1.fna.fbcdn.net&_nc_cat=111&_nc_ohc=cScmOTRdqJkAX8oh1rz&_nc_tp=15&oh=ad981ee7f2a67dacde3547a9d8da66d1&oe=5FB37E57"
                },
                {
                    "config_height": 320,
                    "config_width": 320,
                    "src": "https://instagram.fabe1-1.fna.fbcdn.net/v/t51.2885-15/e35/s320x320/121515390_179684667025235_7743503259495484295_n.jpg?_nc_ht=instagram.fabe1-1.fna.fbcdn.net&_nc_cat=111&_nc_ohc=cScmOTRdqJkAX8oh1rz&_nc_tp=15&oh=e8894a1b0299a24bccf159bcaa65ec30&oe=5FB4C129"
                },
                {
                    "config_height": 480,
                    "config_width": 480,
                    "src": "https://instagram.fabe1-1.fna.fbcdn.net/v/t51.2885-15/e35/s480x480/121515390_179684667025235_7743503259495484295_n.jpg?_nc_ht=instagram.fabe1-1.fna.fbcdn.net&_nc_cat=111&_nc_ohc=cScmOTRdqJkAX8oh1rz&_nc_tp=15&oh=5f06d324dc7138bd758eb431b83e186c&oe=5FB39570"
                },
                {
                    "config_height": 640,
                    "config_width": 640,
                    "src": "https://instagram.fabe1-1.fna.fbcdn.net/v/t51.2885-15/sh0.08/e35/s640x640/121515390_179684667025235_7743503259495484295_n.jpg?_nc_ht=instagram.fabe1-1.fna.fbcdn.net&_nc_cat=111&_nc_ohc=cScmOTRdqJkAX8oh1rz&_nc_tp=24&oh=e60e13afc5fe2913d2ae54257fe8afa3&oe=5FB4E7D6"
                }
            ],
            "thumbnail_src": "https://instagram.fabe1-1.fna.fbcdn.net/v/t51.2885-15/sh0.08/e35/s640x640/121515390_179684667025235_7743503259495484295_n.jpg?_nc_ht=instagram.fabe1-1.fna.fbcdn.net&_nc_cat=111&_nc_ohc=cScmOTRdqJkAX8oh1rz&_nc_tp=24&oh=e60e13afc5fe2913d2ae54257fe8afa3&oe=5FB4E7D6",
            "urls": [
                "https://instagram.fabe1-1.fna.fbcdn.net/v/t51.2885-15/e35/s1080x1080/121515390_179684667025235_7743503259495484295_n.jpg?_nc_ht=instagram.fabe1-1.fna.fbcdn.net&_nc_cat=111&_nc_ohc=cScmOTRdqJkAX8oh1rz&_nc_tp=15&oh=da667801fe43d3096958179f836055b2&oe=5FB28912",
                "https://instagram.fabe1-1.fna.fbcdn.net/v/t51.2885-15/e35/s1080x1080/121820860_682774572621635_8765554468199149865_n.jpg?_nc_ht=instagram.fabe1-1.fna.fbcdn.net&_nc_cat=111&_nc_ohc=51n2rjvpkkkAX8cxBTj&_nc_tp=15&oh=74f739182f265d217f5c7e267c33f950&oe=5FB1C917"
            ]
        },
        {
            "comments_disabled": false,
            "dimensions": {
                "height": 1350,
                "width": 1080
            },
            "display_url": "https://instagram.fabe1-1.fna.fbcdn.net/v/t51.2885-15/e35/p1080x1080/121787401_202167011528864_3909950389268360181_n.jpg?_nc_ht=instagram.fabe1-1.fna.fbcdn.net&_nc_cat=108&_nc_ohc=KbBMwsRiiasAX8xMcfu&tp=19&oh=640c59f705a8e9f8e1ca61e6a9ab958e&oe=5FB42EAA",
            "edge_liked_by": {
                "count": 1
            },
            "edge_media_preview_like": {
                "count": 1
            },
            "edge_media_to_caption": {
                "edges": [
                    {
                        "node": {
                            "text": "All Family No Friends 🦈\nLimited Merch Left ‼️"
                        }
                    }
                ]
            },
            "edge_media_to_comment": {
                "count": 0
            },
            "id": "2421525400368009678",
            "is_video": false,
            "owner": {
                "id": "4890405845"
            },
            "shortcode": "CGa_IWXhVHO",
            "tags": [],
            "taken_at_timestamp": 1602888344,
            "thumbnail_resources": [
                {
                    "config_height": 150,
                    "config_width": 150,
                    "src": "https://instagram.fabe1-1.fna.fbcdn.net/v/t51.2885-15/e35/c0.180.1440.1440a/s150x150/121787401_202167011528864_3909950389268360181_n.jpg?_nc_ht=instagram.fabe1-1.fna.fbcdn.net&_nc_cat=108&_nc_ohc=KbBMwsRiiasAX8xMcfu&tp=16&oh=e724418e0011af40cf4a4f994619b895&oe=5FB5763E"
                },
                {
                    "config_height": 240,
                    "config_width": 240,
                    "src": "https://instagram.fabe1-1.fna.fbcdn.net/v/t51.2885-15/e35/c0.180.1440.1440a/s240x240/121787401_202167011528864_3909950389268360181_n.jpg?_nc_ht=instagram.fabe1-1.fna.fbcdn.net&_nc_cat=108&_nc_ohc=KbBMwsRiiasAX8xMcfu&tp=16&oh=840e123e37f5728295e887017a8d4e1a&oe=5FB4D33C"
                },
                {
                    "config_height": 320,
                    "config_width": 320,
                    "src": "https://instagram.fabe1-1.fna.fbcdn.net/v/t51.2885-15/e35/c0.180.1440.1440a/s320x320/121787401_202167011528864_3909950389268360181_n.jpg?_nc_ht=instagram.fabe1-1.fna.fbcdn.net&_nc_cat=108&_nc_ohc=KbBMwsRiiasAX8xMcfu&tp=16&oh=e3b3522ca5ce88d51a1bf5bce8ecdacf&oe=5FB54046"
                },
                {
                    "config_height": 480,
                    "config_width": 480,
                    "src": "https://instagram.fabe1-1.fna.fbcdn.net/v/t51.2885-15/e35/c0.180.1440.1440a/s480x480/121787401_202167011528864_3909950389268360181_n.jpg?_nc_ht=instagram.fabe1-1.fna.fbcdn.net&_nc_cat=108&_nc_ohc=KbBMwsRiiasAX8xMcfu&tp=16&oh=d46b1a9a6b351bd091088d7b6c70e4bf&oe=5FB42283"
                },
                {
                    "config_height": 640,
                    "config_width": 640,
                    "src": "https://instagram.fabe1-1.fna.fbcdn.net/v/t51.2885-15/sh0.08/e35/c0.180.1440.1440a/s640x640/121787401_202167011528864_3909950389268360181_n.jpg?_nc_ht=instagram.fabe1-1.fna.fbcdn.net&_nc_cat=108&_nc_ohc=KbBMwsRiiasAX8xMcfu&oh=e9b0dfd89e4c8276046b054a1d256f16&oe=5FB4E88E"
                }
            ],
            "thumbnail_src": "https://instagram.fabe1-1.fna.fbcdn.net/v/t51.2885-15/sh0.08/e35/c0.180.1440.1440a/s640x640/121787401_202167011528864_3909950389268360181_n.jpg?_nc_ht=instagram.fabe1-1.fna.fbcdn.net&_nc_cat=108&_nc_ohc=KbBMwsRiiasAX8xMcfu&oh=e9b0dfd89e4c8276046b054a1d256f16&oe=5FB4E88E",
            "urls": [
                "https://instagram.fabe1-1.fna.fbcdn.net/v/t51.2885-15/e35/p1080x1080/121787401_202167011528864_3909950389268360181_n.jpg?_nc_ht=instagram.fabe1-1.fna.fbcdn.net&_nc_cat=108&_nc_ohc=KbBMwsRiiasAX8xMcfu&tp=19&oh=640c59f705a8e9f8e1ca61e6a9ab958e&oe=5FB42EAA",
                "https://instagram.fabe1-1.fna.fbcdn.net/v/t51.2885-15/e35/p1080x1080/121569997_785879548937275_310511226967991388_n.jpg?_nc_ht=instagram.fabe1-1.fna.fbcdn.net&_nc_cat=107&_nc_ohc=xpW8ui4gg7YAX-mJJsZ&tp=19&oh=c2cb92df48bb13d4dc052435f5670135&oe=5FB2BE78"
            ]
        },
        {
            "comments_disabled": false,
            "dimensions": {
                "height": 1350,
                "width": 1080
            },
            "display_url": "https://instagram.fabe1-1.fna.fbcdn.net/v/t51.2885-15/e35/121356056_366628297820992_4555782461780811456_n.jpg?_nc_ht=instagram.fabe1-1.fna.fbcdn.net&_nc_cat=104&_nc_ohc=hSU5KN_3Ei8AX84mhsP&_nc_tp=18&oh=96ae7155ae23469a30bff6d58c347f65&oe=5FB2AEDC",
            "edge_liked_by": {
                "count": 1
            },
            "edge_media_preview_like": {
                "count": 1
            },
            "edge_media_to_caption": {
                "edges": [
                    {
                        "node": {
                            "text": "So much has shifted inside of me.. that I might be someone else now.. #friday #gattogram #miao"
                        }
                    }
                ]
            },
            "edge_media_to_comment": {
                "count": 0
            },
            "id": "2421525058785941267",
            "is_video": false,
            "owner": {
                "id": "228769393"
            },
            "shortcode": "CGa_DYPpJcT",
            "tags": [
                "miao",
                "friday",
                "gattogram"
            ],
            "taken_at_timestamp": 1602888303,
            "thumbnail_resources": [
                {
                    "config_height": 150,
                    "config_width": 150,
                    "src": "https://instagram.fabe1-1.fna.fbcdn.net/v/t51.2885-15/e35/c0.109.873.873a/s150x150/121356056_366628297820992_4555782461780811456_n.jpg?_nc_ht=instagram.fabe1-1.fna.fbcdn.net&_nc_cat=104&_nc_ohc=hSU5KN_3Ei8AX84mhsP&tp=16&oh=a6d24401987df75b82acce59e5d91aa1&oe=5FB4B7FB"
                },
                {
                    "config_height": 240,
                    "config_width": 240,
                    "src": "https://instagram.fabe1-1.fna.fbcdn.net/v/t51.2885-15/e35/c0.109.873.873a/s240x240/121356056_366628297820992_4555782461780811456_n.jpg?_nc_ht=instagram.fabe1-1.fna.fbcdn.net&_nc_cat=104&_nc_ohc=hSU5KN_3Ei8AX84mhsP&tp=16&oh=a9107a3ddbc05f394e3120e8370d6bc1&oe=5FB2937D"
                },
                {
                    "config_height": 320,
                    "config_width": 320,
                    "src": "https://instagram.fabe1-1.fna.fbcdn.net/v/t51.2885-15/e35/c0.109.873.873a/s320x320/121356056_366628297820992_4555782461780811456_n.jpg?_nc_ht=instagram.fabe1-1.fna.fbcdn.net&_nc_cat=104&_nc_ohc=hSU5KN_3Ei8AX84mhsP&tp=16&oh=47e9cf367c42e72133ca635740e02bd8&oe=5FB4C783"
                },
                {
                    "config_height": 480,
                    "config_width": 480,
                    "src": "https://instagram.fabe1-1.fna.fbcdn.net/v/t51.2885-15/e35/c0.109.873.873a/s480x480/121356056_366628297820992_4555782461780811456_n.jpg?_nc_ht=instagram.fabe1-1.fna.fbcdn.net&_nc_cat=104&_nc_ohc=hSU5KN_3Ei8AX84mhsP&tp=16&oh=5615255292bf443061672fa2db17fe77&oe=5FB388C6"
                },
                {
                    "config_height": 640,
                    "config_width": 640,
                    "src": "https://instagram.fabe1-1.fna.fbcdn.net/v/t51.2885-15/sh0.08/e35/c0.109.873.873a/s640x640/121356056_366628297820992_4555782461780811456_n.jpg?_nc_ht=instagram.fabe1-1.fna.fbcdn.net&_nc_cat=104&_nc_ohc=hSU5KN_3Ei8AX84mhsP&oh=4975ea2768c33f4b38c3599788539cc4&oe=5FB1D7BE"
                }
            ],
            "thumbnail_src": "https://instagram.fabe1-1.fna.fbcdn.net/v/t51.2885-15/sh0.08/e35/c0.109.873.873a/s640x640/121356056_366628297820992_4555782461780811456_n.jpg?_nc_ht=instagram.fabe1-1.fna.fbcdn.net&_nc_cat=104&_nc_ohc=hSU5KN_3Ei8AX84mhsP&oh=4975ea2768c33f4b38c3599788539cc4&oe=5FB1D7BE",
            "urls": [
                "https://instagram.fabe1-1.fna.fbcdn.net/v/t51.2885-15/e35/121356056_366628297820992_4555782461780811456_n.jpg?_nc_ht=instagram.fabe1-1.fna.fbcdn.net&_nc_cat=104&_nc_ohc=hSU5KN_3Ei8AX84mhsP&_nc_tp=18&oh=96ae7155ae23469a30bff6d58c347f65&oe=5FB2AEDC"
            ]
        }
    ]
}