{
    "GraphImages": [
        {
            "comments_disabled": false,
            "dimensions": {
                "height": 1350,
                "width": 1080
            },
            "display_url": "https://instagram.fabe1-1.fna.fbcdn.net/v/t51.2885-15/e35/p1080x1080/121589020_374779223652004_2489012679951807282_n.jpg?_nc_ht=instagram.fabe1-1.fna.fbcdn.net&_nc_cat=104&_nc_ohc=3yH6qOQKTG0AX-dMAZ3&tp=19&oh=0ced00fe773a471d7e935bdd6e147610&oe=5FB5900C",
            "edge_liked_by": {
                "count": 1
            },
            "edge_media_preview_like": {
                "count": 1
            },
            "edge_media_to_caption": {
                "edges": [
                    {
                        "node": {
                            "text": "Go ,Johnny go! Go!"
                        }
                    }
                ]
            },
            "edge_media_to_comment": {
                "count": 0
            },
            "id": "2421589347878193075",
            "is_video": false,
            "owner": {
                "id": "878873158"
            },
            "shortcode": "CGbNq6IJkez",
            "tags": [],
            "taken_at_timestamp": 1602895967,
            "thumbnail_resources": [
                {
                    "config_height": 150,
                    "config_width": 150,
                    "src": "https://instagram.fabe1-1.fna.fbcdn.net/v/t51.2885-15/e35/c0.180.1440.1440a/s150x150/121589020_374779223652004_2489012679951807282_n.jpg?_nc_ht=instagram.fabe1-1.fna.fbcdn.net&_nc_cat=104&_nc_ohc=3yH6qOQKTG0AX-dMAZ3&tp=16&oh=0e9b16b102a3a48c2819f5255a5c3482&oe=5FB1CDA0"
                },
                {
                    "config_height": 240,
                    "config_width": 240,
                    "src": "https://instagram.fabe1-1.fna.fbcdn.net/v/t51.2885-15/e35/c0.180.1440.1440a/s240x240/121589020_374779223652004_2489012679951807282_n.jpg?_nc_ht=instagram.fabe1-1.fna.fbcdn.net&_nc_cat=104&_nc_ohc=3yH6qOQKTG0AX-dMAZ3&tp=16&oh=a16ab017c9b4ef2d6b87e91dd43ede0e&oe=5FB27C9A"
                },
                {
                    "config_height": 320,
                    "config_width": 320,
                    "src": "https://instagram.fabe1-1.fna.fbcdn.net/v/t51.2885-15/e35/c0.180.1440.1440a/s320x320/121589020_374779223652004_2489012679951807282_n.jpg?_nc_ht=instagram.fabe1-1.fna.fbcdn.net&_nc_cat=104&_nc_ohc=3yH6qOQKTG0AX-dMAZ3&tp=16&oh=595494296b380f60420cc377fb1a39ac&oe=5FB1E368"
                },
                {
                    "config_height": 480,
                    "config_width": 480,
                    "src": "https://instagram.fabe1-1.fna.fbcdn.net/v/t51.2885-15/e35/c0.180.1440.1440a/s480x480/121589020_374779223652004_2489012679951807282_n.jpg?_nc_ht=instagram.fabe1-1.fna.fbcdn.net&_nc_cat=104&_nc_ohc=3yH6qOQKTG0AX-dMAZ3&tp=16&oh=1128fca4df6679cf5a773a27461dd05b&oe=5FB43B21"
                },
                {
                    "config_height": 640,
                    "config_width": 640,
                    "src": "https://instagram.fabe1-1.fna.fbcdn.net/v/t51.2885-15/sh0.08/e35/c0.180.1440.1440a/s640x640/121589020_374779223652004_2489012679951807282_n.jpg?_nc_ht=instagram.fabe1-1.fna.fbcdn.net&_nc_cat=104&_nc_ohc=3yH6qOQKTG0AX-dMAZ3&oh=774f46d0959fd7b1e89503eacb829b64&oe=5FB50AB0"
                }
            ],
            "thumbnail_src": "https://instagram.fabe1-1.fna.fbcdn.net/v/t51.2885-15/sh0.08/e35/c0.180.1440.1440a/s640x640/121589020_374779223652004_2489012679951807282_n.jpg?_nc_ht=instagram.fabe1-1.fna.fbcdn.net&_nc_cat=104&_nc_ohc=3yH6qOQKTG0AX-dMAZ3&oh=774f46d0959fd7b1e89503eacb829b64&oe=5FB50AB0",
            "urls": [
                "https://instagram.fabe1-1.fna.fbcdn.net/v/t51.2885-15/e35/p1080x1080/121589020_374779223652004_2489012679951807282_n.jpg?_nc_ht=instagram.fabe1-1.fna.fbcdn.net&_nc_cat=104&_nc_ohc=3yH6qOQKTG0AX-dMAZ3&tp=19&oh=0ced00fe773a471d7e935bdd6e147610&oe=5FB5900C",
                "https://instagram.fabe1-1.fna.fbcdn.net/v/t51.2885-15/e35/p1080x1080/121601393_719371781992431_49846536274197008_n.jpg?_nc_ht=instagram.fabe1-1.fna.fbcdn.net&_nc_cat=103&_nc_ohc=CBMuxy-BUTQAX8gASXS&tp=19&oh=9c2864b1e4eda26c6f83e1ba713ede4e&oe=5FB34BA7",
                "https://instagram.fabe1-1.fna.fbcdn.net/v/t50.2886-16/121579114_399987518064146_3829096023915758629_n.mp4?_nc_ht=instagram.fabe1-1.fna.fbcdn.net&_nc_cat=102&_nc_ohc=y5IBSIq_vpAAX80VEkK&oe=5F8CDD57&oh=794799ae458bc16cc1cb4164e965f1c8"
            ]
        },
        {
            "comments_disabled": false,
            "dimensions": {
                "height": 1164,
                "width": 1080
            },
            "display_url": "https://instagram.fabe1-1.fna.fbcdn.net/v/t51.2885-15/e35/121602554_662289614676678_8401853710071513205_n.jpg?_nc_ht=instagram.fabe1-1.fna.fbcdn.net&_nc_cat=106&_nc_ohc=EHm_6Vxr0fcAX9zv_m6&_nc_tp=18&oh=058e0d4881c762bc2cd978ea56d1bb75&oe=5FB490A2",
            "edge_liked_by": {
                "count": 0
            },
            "edge_media_preview_like": {
                "count": 0
            },
            "edge_media_to_caption": {
                "edges": [
                    {
                        "node": {
                            "text": "#oceandrivemiami#avenue"
                        }
                    }
                ]
            },
            "edge_media_to_comment": {
                "count": 0
            },
            "id": "2421589296705506804",
            "is_video": false,
            "owner": {
                "id": "2157228242"
            },
            "shortcode": "CGbNqKeBQ30",
            "tags": [
                "oceandrivemiami",
                "avenue"
            ],
            "taken_at_timestamp": 1602895961,
            "thumbnail_resources": [
                {
                    "config_height": 150,
                    "config_width": 150,
                    "src": "https://instagram.fabe1-1.fna.fbcdn.net/v/t51.2885-15/e35/c0.42.1080.1080a/s150x150/121602554_662289614676678_8401853710071513205_n.jpg?_nc_ht=instagram.fabe1-1.fna.fbcdn.net&_nc_cat=106&_nc_ohc=EHm_6Vxr0fcAX9zv_m6&tp=16&oh=55f4eda9759c82016aef8ebaa9c3a706&oe=5FB5A7EB"
                },
                {
                    "config_height": 240,
                    "config_width": 240,
                    "src": "https://instagram.fabe1-1.fna.fbcdn.net/v/t51.2885-15/e35/c0.42.1080.1080a/s240x240/121602554_662289614676678_8401853710071513205_n.jpg?_nc_ht=instagram.fabe1-1.fna.fbcdn.net&_nc_cat=106&_nc_ohc=EHm_6Vxr0fcAX9zv_m6&tp=16&oh=50797a24cfb8256d46dbaa7877dc6d0d&oe=5FB3AE6D"
                },
                {
                    "config_height": 320,
                    "config_width": 320,
                    "src": "https://instagram.fabe1-1.fna.fbcdn.net/v/t51.2885-15/e35/c0.42.1080.1080a/s320x320/121602554_662289614676678_8401853710071513205_n.jpg?_nc_ht=instagram.fabe1-1.fna.fbcdn.net&_nc_cat=106&_nc_ohc=EHm_6Vxr0fcAX9zv_m6&tp=16&oh=0d6ff5ae4abae13f519142ccc2e72030&oe=5FB57013"
                },
                {
                    "config_height": 480,
                    "config_width": 480,
                    "src": "https://instagram.fabe1-1.fna.fbcdn.net/v/t51.2885-15/e35/c0.42.1080.1080a/s480x480/121602554_662289614676678_8401853710071513205_n.jpg?_nc_ht=instagram.fabe1-1.fna.fbcdn.net&_nc_cat=106&_nc_ohc=EHm_6Vxr0fcAX9zv_m6&tp=16&oh=b31f1c08b6ecd18516d89af1675172bb&oe=5FB49B56"
                },
                {
                    "config_height": 640,
                    "config_width": 640,
                    "src": "https://instagram.fabe1-1.fna.fbcdn.net/v/t51.2885-15/sh0.08/e35/c0.42.1080.1080a/s640x640/121602554_662289614676678_8401853710071513205_n.jpg?_nc_ht=instagram.fabe1-1.fna.fbcdn.net&_nc_cat=106&_nc_ohc=EHm_6Vxr0fcAX9zv_m6&oh=51c3d701eb49f82614ea9c0b6059c1ed&oe=5FB432FE"
                }
            ],
            "thumbnail_src": "https://instagram.fabe1-1.fna.fbcdn.net/v/t51.2885-15/sh0.08/e35/c0.42.1080.1080a/s640x640/121602554_662289614676678_8401853710071513205_n.jpg?_nc_ht=instagram.fabe1-1.fna.fbcdn.net&_nc_cat=106&_nc_ohc=EHm_6Vxr0fcAX9zv_m6&oh=51c3d701eb49f82614ea9c0b6059c1ed&oe=5FB432FE",
            "urls": [
                "https://instagram.fabe1-1.fna.fbcdn.net/v/t51.2885-15/e35/121602554_662289614676678_8401853710071513205_n.jpg?_nc_ht=instagram.fabe1-1.fna.fbcdn.net&_nc_cat=106&_nc_ohc=EHm_6Vxr0fcAX9zv_m6&_nc_tp=18&oh=058e0d4881c762bc2cd978ea56d1bb75&oe=5FB490A2"
            ]
        },
        {
            "comments_disabled": false,
            "dimensions": {
                "height": 937,
                "width": 750
            },
            "display_url": "https://instagram.fabe1-1.fna.fbcdn.net/v/t51.2885-15/e35/121688690_343385530261848_4423260219133232443_n.jpg?_nc_ht=instagram.fabe1-1.fna.fbcdn.net&_nc_cat=100&_nc_ohc=-ltLKjMalIAAX9sET9R&_nc_tp=18&oh=0f135a6149477fd555db9355ba6e6dde&oe=5F8CD21D",
            "edge_liked_by": {
                "count": 1
            },
            "edge_media_preview_like": {
                "count": 1
            },
            "edge_media_to_caption": {
                "edges": [
                    {
                        "node": {
                            "text": "Acéptate tu mismo #fyp #parati #foryou 1 #fyp"
                        }
                    }
                ]
            },
            "edge_media_to_comment": {
                "count": 0
            },
            "id": "2421588249581306600",
            "is_video": true,
            "owner": {
                "id": "185241226"
            },
            "shortcode": "CGbNa7QjcLo",
            "tags": [
                "foryou",
                "parati",
                "fyp"
            ],
            "taken_at_timestamp": 1602895913,
            "thumbnail_resources": [
                {
                    "config_height": 150,
                    "config_width": 150,
                    "src": "https://instagram.fabe1-1.fna.fbcdn.net/v/t51.2885-15/e35/c0.90.720.720a/s150x150/121688690_343385530261848_4423260219133232443_n.jpg?_nc_ht=instagram.fabe1-1.fna.fbcdn.net&_nc_cat=100&_nc_ohc=-ltLKjMalIAAX9sET9R&tp=16&oh=f68981b7877e69f482cb2fcfcdd1b5f3&oe=5F8CA2C6"
                },
                {
                    "config_height": 240,
                    "config_width": 240,
                    "src": "https://instagram.fabe1-1.fna.fbcdn.net/v/t51.2885-15/e35/c0.90.720.720a/s240x240/121688690_343385530261848_4423260219133232443_n.jpg?_nc_ht=instagram.fabe1-1.fna.fbcdn.net&_nc_cat=100&_nc_ohc=-ltLKjMalIAAX9sET9R&tp=16&oh=ef870ecc5e52be8fa2f2e164e4b1fd66&oe=5F8C8AC4"
                },
                {
                    "config_height": 320,
                    "config_width": 320,
                    "src": "https://instagram.fabe1-1.fna.fbcdn.net/v/t51.2885-15/e35/c0.90.720.720a/s320x320/121688690_343385530261848_4423260219133232443_n.jpg?_nc_ht=instagram.fabe1-1.fna.fbcdn.net&_nc_cat=100&_nc_ohc=-ltLKjMalIAAX9sET9R&tp=16&oh=174ec53127583c8fb27cea3f9fc59390&oe=5F8C3C3E"
                },
                {
                    "config_height": 480,
                    "config_width": 480,
                    "src": "https://instagram.fabe1-1.fna.fbcdn.net/v/t51.2885-15/e35/c0.90.720.720a/s480x480/121688690_343385530261848_4423260219133232443_n.jpg?_nc_ht=instagram.fabe1-1.fna.fbcdn.net&_nc_cat=100&_nc_ohc=-ltLKjMalIAAX9sET9R&tp=16&oh=503b50711d63b7a76cbea88020628db3&oe=5F8CB2FB"
                },
                {
                    "config_height": 640,
                    "config_width": 640,
                    "src": "https://instagram.fabe1-1.fna.fbcdn.net/v/t51.2885-15/sh0.08/e35/c0.90.720.720a/s640x640/121688690_343385530261848_4423260219133232443_n.jpg?_nc_ht=instagram.fabe1-1.fna.fbcdn.net&_nc_cat=100&_nc_ohc=-ltLKjMalIAAX9sET9R&oh=1386a9e0810d36e99679bab405816b29&oe=5F8CA532"
                }
            ],
            "thumbnail_src": "https://instagram.fabe1-1.fna.fbcdn.net/v/t51.2885-15/sh0.08/e35/c0.90.720.720a/s640x640/121688690_343385530261848_4423260219133232443_n.jpg?_nc_ht=instagram.fabe1-1.fna.fbcdn.net&_nc_cat=100&_nc_ohc=-ltLKjMalIAAX9sET9R&oh=1386a9e0810d36e99679bab405816b29&oe=5F8CA532",
            "urls": [
                "https://instagram.fabe1-1.fna.fbcdn.net/v/t50.2886-16/121818306_2506939252934924_6263438351876027993_n.mp4?_nc_ht=instagram.fabe1-1.fna.fbcdn.net&_nc_cat=108&_nc_ohc=I0RsalA4D1gAX_Yx-j7&oe=5F8C5D81&oh=5d2d1615b957a9a017e7e34385882281"
            ],
            "video_view_count": 0
        }
    ]
}