{
    "GraphImages": [
        {
            "comments_disabled": false,
            "dimensions": {
                "height": 878,
                "width": 750
            },
            "display_url": "https://instagram.fabe1-1.fna.fbcdn.net/v/t51.2885-15/e35/121704234_3282250855237263_7019672731877522297_n.jpg?_nc_ht=instagram.fabe1-1.fna.fbcdn.net&_nc_cat=103&_nc_ohc=_xgx0_SAlmIAX_w-Yut&_nc_tp=18&oh=a306d0193e6f3ac2809401efcdc015d6&oe=5FB4F51A",
            "edge_liked_by": {
                "count": 0
            },
            "edge_media_preview_like": {
                "count": 0
            },
            "edge_media_to_caption": {
                "edges": [
                    {
                        "node": {
                            "text": "Where do our minds go when we allow ourselves to go deeper? ✨"
                        }
                    }
                ]
            },
            "edge_media_to_comment": {
                "count": 0
            },
            "id": "2421578410573789392",
            "is_video": false,
            "owner": {
                "id": "39186132408"
            },
            "shortcode": "CGbLLv-AXjQ",
            "tags": [],
            "taken_at_timestamp": 1602894663,
            "thumbnail_resources": [
                {
                    "config_height": 150,
                    "config_width": 150,
                    "src": "https://instagram.fabe1-1.fna.fbcdn.net/v/t51.2885-15/e35/c0.56.660.660a/s150x150/121704234_3282250855237263_7019672731877522297_n.jpg?_nc_ht=instagram.fabe1-1.fna.fbcdn.net&_nc_cat=103&_nc_ohc=_xgx0_SAlmIAX_w-Yut&tp=16&oh=071eb62ff97128be17d5d2fe2be77440&oe=5FB4AF32"
                },
                {
                    "config_height": 240,
                    "config_width": 240,
                    "src": "https://instagram.fabe1-1.fna.fbcdn.net/v/t51.2885-15/e35/c0.56.660.660a/s240x240/121704234_3282250855237263_7019672731877522297_n.jpg?_nc_ht=instagram.fabe1-1.fna.fbcdn.net&_nc_cat=103&_nc_ohc=_xgx0_SAlmIAX_w-Yut&tp=16&oh=129d8657417e2fd59d8c5fc1d16638a1&oe=5FB41D7A"
                },
                {
                    "config_height": 320,
                    "config_width": 320,
                    "src": "https://instagram.fabe1-1.fna.fbcdn.net/v/t51.2885-15/e35/c0.56.660.660a/s320x320/121704234_3282250855237263_7019672731877522297_n.jpg?_nc_ht=instagram.fabe1-1.fna.fbcdn.net&_nc_cat=103&_nc_ohc=_xgx0_SAlmIAX_w-Yut&tp=16&oh=fa45fa0c2d62f7018173f8a9886d0fdc&oe=5FB257A7"
                },
                {
                    "config_height": 480,
                    "config_width": 480,
                    "src": "https://instagram.fabe1-1.fna.fbcdn.net/v/t51.2885-15/e35/c0.56.660.660a/s480x480/121704234_3282250855237263_7019672731877522297_n.jpg?_nc_ht=instagram.fabe1-1.fna.fbcdn.net&_nc_cat=103&_nc_ohc=_xgx0_SAlmIAX_w-Yut&tp=16&oh=96ea33c81cc5cb3ace8f8b0c67147bdd&oe=5FB35E65"
                },
                {
                    "config_height": 640,
                    "config_width": 640,
                    "src": "https://instagram.fabe1-1.fna.fbcdn.net/v/t51.2885-15/sh0.08/e35/c0.56.660.660a/s640x640/121704234_3282250855237263_7019672731877522297_n.jpg?_nc_ht=instagram.fabe1-1.fna.fbcdn.net&_nc_cat=103&_nc_ohc=_xgx0_SAlmIAX_w-Yut&oh=4aca8ac7834cbdfbe45a5d5106d7c198&oe=5FB3CC20"
                }
            ],
            "thumbnail_src": "https://instagram.fabe1-1.fna.fbcdn.net/v/t51.2885-15/sh0.08/e35/c0.56.660.660a/s640x640/121704234_3282250855237263_7019672731877522297_n.jpg?_nc_ht=instagram.fabe1-1.fna.fbcdn.net&_nc_cat=103&_nc_ohc=_xgx0_SAlmIAX_w-Yut&oh=4aca8ac7834cbdfbe45a5d5106d7c198&oe=5FB3CC20",
            "urls": [
                "https://instagram.fabe1-1.fna.fbcdn.net/v/t51.2885-15/e35/121704234_3282250855237263_7019672731877522297_n.jpg?_nc_ht=instagram.fabe1-1.fna.fbcdn.net&_nc_cat=103&_nc_ohc=_xgx0_SAlmIAX_w-Yut&_nc_tp=18&oh=a306d0193e6f3ac2809401efcdc015d6&oe=5FB4F51A"
            ]
        },
        {
            "comments_disabled": false,
            "dimensions": {
                "height": 421,
                "width": 750
            },
            "display_url": "https://instagram.fabe1-1.fna.fbcdn.net/v/t51.2885-15/e35/121620660_2410605385915821_6914545573564345261_n.jpg?_nc_ht=instagram.fabe1-1.fna.fbcdn.net&_nc_cat=109&_nc_ohc=M-6JfMmkHPYAX94EG8t&_nc_tp=18&oh=5e57ed453bebbdabc3975622e606cff9&oe=5F8C6BD2",
            "edge_liked_by": {
                "count": 0
            },
            "edge_media_preview_like": {
                "count": 0
            },
            "edge_media_to_caption": {
                "edges": [
                    {
                        "node": {
                            "text": "Con orgullo les presento mi primer video hacia Mercedes-Benz 🎥🔥\n➡️ @mercedesbenz \n➡️ Música: MVXC - Morten w/yaywe \n➡️ Brazalete en el segundo 0:36 “Brazalete Pandora” @pandoraaventura @theofficialpandora"
                        }
                    }
                ]
            },
            "edge_media_to_comment": {
                "count": 0
            },
            "id": "2421577815177521902",
            "is_video": true,
            "owner": {
                "id": "1092725697"
            },
            "shortcode": "CGbLDFdn2ru",
            "tags": [],
            "taken_at_timestamp": 1602894659,
            "thumbnail_resources": [
                {
                    "config_height": 150,
                    "config_width": 150,
                    "src": "https://instagram.fabe1-1.fna.fbcdn.net/v/t51.2885-15/e35/c157.0.405.405a/s150x150/121620660_2410605385915821_6914545573564345261_n.jpg?_nc_ht=instagram.fabe1-1.fna.fbcdn.net&_nc_cat=109&_nc_ohc=M-6JfMmkHPYAX94EG8t&tp=16&oh=ddaf1271d827b7f8d526d539dfea311e&oe=5F8C8A74"
                },
                {
                    "config_height": 240,
                    "config_width": 240,
                    "src": "https://instagram.fabe1-1.fna.fbcdn.net/v/t51.2885-15/e35/c157.0.405.405a/s240x240/121620660_2410605385915821_6914545573564345261_n.jpg?_nc_ht=instagram.fabe1-1.fna.fbcdn.net&_nc_cat=109&_nc_ohc=M-6JfMmkHPYAX94EG8t&tp=16&oh=db392394957ed8bf7371822804397d2e&oe=5F8C9D3C"
                },
                {
                    "config_height": 320,
                    "config_width": 320,
                    "src": "https://instagram.fabe1-1.fna.fbcdn.net/v/t51.2885-15/e35/c157.0.405.405a/s320x320/121620660_2410605385915821_6914545573564345261_n.jpg?_nc_ht=instagram.fabe1-1.fna.fbcdn.net&_nc_cat=109&_nc_ohc=M-6JfMmkHPYAX94EG8t&tp=16&oh=1f086e662afeeb376b8e786f76ff9f81&oe=5F8CDD25"
                },
                {
                    "config_height": 480,
                    "config_width": 480,
                    "src": "https://instagram.fabe1-1.fna.fbcdn.net/v/t51.2885-15/e35/c157.0.405.405a/121620660_2410605385915821_6914545573564345261_n.jpg?_nc_ht=instagram.fabe1-1.fna.fbcdn.net&_nc_cat=109&_nc_ohc=M-6JfMmkHPYAX94EG8t&oh=55b818ae4b4c1db9f7d0dade19557f45&oe=5F8C39E4"
                },
                {
                    "config_height": 640,
                    "config_width": 640,
                    "src": "https://instagram.fabe1-1.fna.fbcdn.net/v/t51.2885-15/e35/c157.0.405.405a/121620660_2410605385915821_6914545573564345261_n.jpg?_nc_ht=instagram.fabe1-1.fna.fbcdn.net&_nc_cat=109&_nc_ohc=M-6JfMmkHPYAX94EG8t&oh=55b818ae4b4c1db9f7d0dade19557f45&oe=5F8C39E4"
                }
            ],
            "thumbnail_src": "https://instagram.fabe1-1.fna.fbcdn.net/v/t51.2885-15/e35/c157.0.405.405a/121620660_2410605385915821_6914545573564345261_n.jpg?_nc_ht=instagram.fabe1-1.fna.fbcdn.net&_nc_cat=109&_nc_ohc=M-6JfMmkHPYAX94EG8t&oh=55b818ae4b4c1db9f7d0dade19557f45&oe=5F8C39E4",
            "urls": [
                "https://instagram.fabe1-1.fna.fbcdn.net/v/t50.2886-16/121774615_367258597965418_6834538661322573492_n.mp4?_nc_ht=instagram.fabe1-1.fna.fbcdn.net&_nc_cat=110&_nc_ohc=FOADNE5cMWoAX9RIMS2&oe=5F8C9B8F&oh=e5f0269b0620aff9f0ee585d39981729"
            ],
            "video_view_count": 0
        },
        {
            "comments_disabled": false,
            "dimensions": {
                "height": 1080,
                "width": 1080
            },
            "display_url": "https://instagram.fabe1-1.fna.fbcdn.net/v/t51.2885-15/e35/s1080x1080/121642337_117587209956217_8411075430388677633_n.jpg?_nc_ht=instagram.fabe1-1.fna.fbcdn.net&_nc_cat=101&_nc_ohc=uz8_q9981YIAX860Oa6&_nc_tp=15&oh=58502b47eab470cd9400c2df1297dd05&oe=5FB2D842",
            "edge_liked_by": {
                "count": 1
            },
            "edge_media_preview_like": {
                "count": 1
            },
            "edge_media_to_caption": {
                "edges": [
                    {
                        "node": {
                            "text": "They still look the same but boy do I miss these sweet faces!! #mygirls #daddybettergetready #girlmom #sistersister #throwback"
                        }
                    }
                ]
            },
            "edge_media_to_comment": {
                "count": 0
            },
            "id": "2421578248875054634",
            "is_video": false,
            "owner": {
                "id": "48771369"
            },
            "shortcode": "CGbLJZYApYq",
            "tags": [
                "girlmom",
                "daddybettergetready",
                "mygirls",
                "sistersister",
                "throwback"
            ],
            "taken_at_timestamp": 1602894644,
            "thumbnail_resources": [
                {
                    "config_height": 150,
                    "config_width": 150,
                    "src": "https://instagram.fabe1-1.fna.fbcdn.net/v/t51.2885-15/e35/s150x150/121642337_117587209956217_8411075430388677633_n.jpg?_nc_ht=instagram.fabe1-1.fna.fbcdn.net&_nc_cat=101&_nc_ohc=uz8_q9981YIAX860Oa6&_nc_tp=15&oh=2ee02a60a5a7dbab23b074a9a92cc95c&oe=5FB38981"
                },
                {
                    "config_height": 240,
                    "config_width": 240,
                    "src": "https://instagram.fabe1-1.fna.fbcdn.net/v/t51.2885-15/e35/s240x240/121642337_117587209956217_8411075430388677633_n.jpg?_nc_ht=instagram.fabe1-1.fna.fbcdn.net&_nc_cat=101&_nc_ohc=uz8_q9981YIAX860Oa6&_nc_tp=15&oh=36c0076f750a749a8a28d859ab086a51&oe=5FB37087"
                },
                {
                    "config_height": 320,
                    "config_width": 320,
                    "src": "https://instagram.fabe1-1.fna.fbcdn.net/v/t51.2885-15/e35/s320x320/121642337_117587209956217_8411075430388677633_n.jpg?_nc_ht=instagram.fabe1-1.fna.fbcdn.net&_nc_cat=101&_nc_ohc=uz8_q9981YIAX860Oa6&_nc_tp=15&oh=82e38eeedc7cc5fd0704033134409131&oe=5FB35A79"
                },
                {
                    "config_height": 480,
                    "config_width": 480,
                    "src": "https://instagram.fabe1-1.fna.fbcdn.net/v/t51.2885-15/e35/s480x480/121642337_117587209956217_8411075430388677633_n.jpg?_nc_ht=instagram.fabe1-1.fna.fbcdn.net&_nc_cat=101&_nc_ohc=uz8_q9981YIAX860Oa6&_nc_tp=15&oh=95699a5b54de44819fbec5caae49d61c&oe=5FB25E40"
                },
                {
                    "config_height": 640,
                    "config_width": 640,
                    "src": "https://instagram.fabe1-1.fna.fbcdn.net/v/t51.2885-15/sh0.08/e35/s640x640/121642337_117587209956217_8411075430388677633_n.jpg?_nc_ht=instagram.fabe1-1.fna.fbcdn.net&_nc_cat=101&_nc_ohc=uz8_q9981YIAX860Oa6&_nc_tp=24&oh=0f515b7c79f04ea10e92265eed7911a2&oe=5FB4FC86"
                }
            ],
            "thumbnail_src": "https://instagram.fabe1-1.fna.fbcdn.net/v/t51.2885-15/sh0.08/e35/s640x640/121642337_117587209956217_8411075430388677633_n.jpg?_nc_ht=instagram.fabe1-1.fna.fbcdn.net&_nc_cat=101&_nc_ohc=uz8_q9981YIAX860Oa6&_nc_tp=24&oh=0f515b7c79f04ea10e92265eed7911a2&oe=5FB4FC86",
            "urls": [
                "https://instagram.fabe1-1.fna.fbcdn.net/v/t51.2885-15/e35/s1080x1080/121642337_117587209956217_8411075430388677633_n.jpg?_nc_ht=instagram.fabe1-1.fna.fbcdn.net&_nc_cat=101&_nc_ohc=uz8_q9981YIAX860Oa6&_nc_tp=15&oh=58502b47eab470cd9400c2df1297dd05&oe=5FB2D842"
            ]
        },
        {
            "comments_disabled": false,
            "dimensions": {
                "height": 937,
                "width": 750
            },
            "display_url": "https://instagram.fabe1-1.fna.fbcdn.net/v/t51.2885-15/e35/121606171_2807319219486104_1821471840157077180_n.jpg?_nc_ht=instagram.fabe1-1.fna.fbcdn.net&_nc_cat=108&_nc_ohc=pnHGJQ5AiH8AX9BIhVu&_nc_tp=18&oh=328b7fd2585ded132b0a3a9aa9011065&oe=5F8C73AC",
            "edge_liked_by": {
                "count": 0
            },
            "edge_media_preview_like": {
                "count": 0
            },
            "edge_media_to_caption": {
                "edges": [
                    {
                        "node": {
                            "text": "Memories are my most valuable possessions. 🤍#memories \n.\n.\n.\n.\n.\n.\n#love #makemoments #collectorofmoments #explore #wanderlust #visulagang #maluma #admv #documentlife #gooutside #instagood #adventure #exploretocreate #liveaunthentic #beautifuldestinations #wanderfolk #keepitwild #outside_project #liveputdoors #stayandwander #livefolk #finditliveit"
                        }
                    }
                ]
            },
            "edge_media_to_comment": {
                "count": 0
            },
            "id": "2421576882152755141",
            "is_video": true,
            "owner": {
                "id": "49188175"
            },
            "shortcode": "CGbK1ghA0_F",
            "tags": [
                "adventure",
                "memories",
                "documentlife",
                "maluma",
                "admv",
                "explore",
                "exploretocreate",
                "liveaunthentic",
                "beautifuldestinations",
                "liveputdoors",
                "love",
                "finditliveit",
                "livefolk",
                "outside_project",
                "gooutside",
                "instagood",
                "makemoments",
                "wanderfolk",
                "keepitwild",
                "collectorofmoments",
                "wanderlust",
                "stayandwander",
                "visulagang"
            ],
            "taken_at_timestamp": 1602894639,
            "thumbnail_resources": [
                {
                    "config_height": 150,
                    "config_width": 150,
                    "src": "https://instagram.fabe1-1.fna.fbcdn.net/v/t51.2885-15/e35/c0.90.720.720a/s150x150/121606171_2807319219486104_1821471840157077180_n.jpg?_nc_ht=instagram.fabe1-1.fna.fbcdn.net&_nc_cat=108&_nc_ohc=pnHGJQ5AiH8AX9BIhVu&tp=16&oh=50ad1b7873dbb5f7f5c7424a9dabe0fe&oe=5F8CBC2B"
                },
                {
                    "config_height": 240,
                    "config_width": 240,
                    "src": "https://instagram.fabe1-1.fna.fbcdn.net/v/t51.2885-15/e35/c0.90.720.720a/s240x240/121606171_2807319219486104_1821471840157077180_n.jpg?_nc_ht=instagram.fabe1-1.fna.fbcdn.net&_nc_cat=108&_nc_ohc=pnHGJQ5AiH8AX9BIhVu&tp=16&oh=5243da81ac529a6c449f8c7f71561446&oe=5F8CC323"
                },
                {
                    "config_height": 320,
                    "config_width": 320,
                    "src": "https://instagram.fabe1-1.fna.fbcdn.net/v/t51.2885-15/e35/c0.90.720.720a/s320x320/121606171_2807319219486104_1821471840157077180_n.jpg?_nc_ht=instagram.fabe1-1.fna.fbcdn.net&_nc_cat=108&_nc_ohc=pnHGJQ5AiH8AX9BIhVu&tp=16&oh=efab4d7a7f2ff220773985e77b99744b&oe=5F8CA3BE"
                },
                {
                    "config_height": 480,
                    "config_width": 480,
                    "src": "https://instagram.fabe1-1.fna.fbcdn.net/v/t51.2885-15/e35/c0.90.720.720a/s480x480/121606171_2807319219486104_1821471840157077180_n.jpg?_nc_ht=instagram.fabe1-1.fna.fbcdn.net&_nc_cat=108&_nc_ohc=pnHGJQ5AiH8AX9BIhVu&tp=16&oh=7ee10eac0a644a610ec97c226a297503&oe=5F8C4F40"
                },
                {
                    "config_height": 640,
                    "config_width": 640,
                    "src": "https://instagram.fabe1-1.fna.fbcdn.net/v/t51.2885-15/sh0.08/e35/c0.90.720.720a/s640x640/121606171_2807319219486104_1821471840157077180_n.jpg?_nc_ht=instagram.fabe1-1.fna.fbcdn.net&_nc_cat=108&_nc_ohc=pnHGJQ5AiH8AX9BIhVu&oh=7bbc1d7423b110015a8eff41a3e5b7b8&oe=5F8C6C05"
                }
            ],
            "thumbnail_src": "https://instagram.fabe1-1.fna.fbcdn.net/v/t51.2885-15/sh0.08/e35/c0.90.720.720a/s640x640/121606171_2807319219486104_1821471840157077180_n.jpg?_nc_ht=instagram.fabe1-1.fna.fbcdn.net&_nc_cat=108&_nc_ohc=pnHGJQ5AiH8AX9BIhVu&oh=7bbc1d7423b110015a8eff41a3e5b7b8&oe=5F8C6C05",
            "urls": [
                "https://instagram.fabe1-1.fna.fbcdn.net/v/t50.2886-16/121614908_390815551929642_5331838750185872153_n.mp4?_nc_ht=instagram.fabe1-1.fna.fbcdn.net&_nc_cat=106&_nc_ohc=F3FC_ai4lQwAX_UXTjO&oe=5F8C464F&oh=acc2b84fe1e343b6bb21ceceda9903c1"
            ],
            "video_view_count": 0
        },
        {
            "comments_disabled": false,
            "dimensions": {
                "height": 565,
                "width": 1080
            },
            "display_url": "https://instagram.fabe1-1.fna.fbcdn.net/v/t51.2885-15/e35/s1080x1080/121984642_677704676482934_2076911252076237506_n.jpg?_nc_ht=instagram.fabe1-1.fna.fbcdn.net&_nc_cat=102&_nc_ohc=yAGoN1u1ieYAX8coIN2&_nc_tp=15&oh=1653d05fe82c0c69c80b58efaed7f969&oe=5FB32BD6",
            "edge_liked_by": {
                "count": 3
            },
            "edge_media_preview_like": {
                "count": 3
            },
            "edge_media_to_caption": {
                "edges": [
                    {
                        "node": {
                            "text": "Another exciting early evening lightning show over South Beach\n.\n.\n.\n.\n.\n.\n.\n.\n.\n.\n.\n.\n.\n.\n.\n.\n.\n@myradar \n#djispark #droneoftheday #djiglobal #dronestagram #powerofnature #naturephotos #dronephotography #stormchaser #fantastic_earth #lightning #electric #artofvisuals #skysupply #visualsoflife #miamiflorida #miamibeach #southbeach #graphikvik"
                        }
                    }
                ]
            },
            "edge_media_to_comment": {
                "count": 0
            },
            "id": "2421577695765019656",
            "is_video": false,
            "owner": {
                "id": "225782779"
            },
            "shortcode": "CGbLBWQFTwI",
            "tags": [
                "fantastic_earth",
                "lightning",
                "southbeach",
                "dronephotography",
                "droneoftheday",
                "djiglobal",
                "dronestagram",
                "skysupply",
                "naturephotos",
                "miamiflorida",
                "visualsoflife",
                "miamibeach",
                "djispark",
                "graphikvik",
                "electric",
                "artofvisuals",
                "powerofnature",
                "stormchaser"
            ],
            "taken_at_timestamp": 1602894578,
            "thumbnail_resources": [
                {
                    "config_height": 150,
                    "config_width": 150,
                    "src": "https://instagram.fabe1-1.fna.fbcdn.net/v/t51.2885-15/e35/c343.0.754.754a/s150x150/121984642_677704676482934_2076911252076237506_n.jpg?_nc_ht=instagram.fabe1-1.fna.fbcdn.net&_nc_cat=102&_nc_ohc=yAGoN1u1ieYAX8coIN2&tp=16&oh=bc3590e778196626acfbcba1459e2bbc&oe=5FB38D79"
                },
                {
                    "config_height": 240,
                    "config_width": 240,
                    "src": "https://instagram.fabe1-1.fna.fbcdn.net/v/t51.2885-15/e35/c343.0.754.754a/s240x240/121984642_677704676482934_2076911252076237506_n.jpg?_nc_ht=instagram.fabe1-1.fna.fbcdn.net&_nc_cat=102&_nc_ohc=yAGoN1u1ieYAX8coIN2&tp=16&oh=bc45e208a40514a22bc0da1b62758aed&oe=5FB2A4FF"
                },
                {
                    "config_height": 320,
                    "config_width": 320,
                    "src": "https://instagram.fabe1-1.fna.fbcdn.net/v/t51.2885-15/e35/c343.0.754.754a/s320x320/121984642_677704676482934_2076911252076237506_n.jpg?_nc_ht=instagram.fabe1-1.fna.fbcdn.net&_nc_cat=102&_nc_ohc=yAGoN1u1ieYAX8coIN2&tp=16&oh=7f0eb0b2aa2d4c8bf799c3b894088b11&oe=5FB44181"
                },
                {
                    "config_height": 480,
                    "config_width": 480,
                    "src": "https://instagram.fabe1-1.fna.fbcdn.net/v/t51.2885-15/e35/c343.0.754.754a/s480x480/121984642_677704676482934_2076911252076237506_n.jpg?_nc_ht=instagram.fabe1-1.fna.fbcdn.net&_nc_cat=102&_nc_ohc=yAGoN1u1ieYAX8coIN2&tp=16&oh=46c6131e564270c6ba3697aa5f6fa883&oe=5FB5A3C8"
                },
                {
                    "config_height": 640,
                    "config_width": 640,
                    "src": "https://instagram.fabe1-1.fna.fbcdn.net/v/t51.2885-15/sh0.08/e35/c343.0.754.754a/s640x640/121984642_677704676482934_2076911252076237506_n.jpg?_nc_ht=instagram.fabe1-1.fna.fbcdn.net&_nc_cat=102&_nc_ohc=yAGoN1u1ieYAX8coIN2&oh=4a6f6a13ed5a6f74a12bf1b14e0e24e6&oe=5FB521C0"
                }
            ],
            "thumbnail_src": "https://instagram.fabe1-1.fna.fbcdn.net/v/t51.2885-15/sh0.08/e35/c343.0.754.754a/s640x640/121984642_677704676482934_2076911252076237506_n.jpg?_nc_ht=instagram.fabe1-1.fna.fbcdn.net&_nc_cat=102&_nc_ohc=yAGoN1u1ieYAX8coIN2&oh=4a6f6a13ed5a6f74a12bf1b14e0e24e6&oe=5FB521C0",
            "urls": [
                "https://instagram.fabe1-1.fna.fbcdn.net/v/t51.2885-15/e35/s1080x1080/121984642_677704676482934_2076911252076237506_n.jpg?_nc_ht=instagram.fabe1-1.fna.fbcdn.net&_nc_cat=102&_nc_ohc=yAGoN1u1ieYAX8coIN2&_nc_tp=15&oh=1653d05fe82c0c69c80b58efaed7f969&oe=5FB32BD6"
            ]
        }
    ]
}