{
    "GraphImages": [
        {
            "comments_disabled": false,
            "dimensions": {
                "height": 1215,
                "width": 1080
            },
            "display_url": "https://instagram.fabe1-1.fna.fbcdn.net/v/t51.2885-15/e35/p1080x1080/121600749_437949997177127_6263142518602380885_n.jpg?_nc_ht=instagram.fabe1-1.fna.fbcdn.net&_nc_cat=111&_nc_ohc=aV-kFIVrgzQAX_O95F8&tp=19&oh=589f85b21ff09efa16e9058719690add&oe=5FB25F17",
            "edge_liked_by": {
                "count": 1
            },
            "edge_media_preview_like": {
                "count": 1
            },
            "edge_media_to_caption": {
                "edges": [
                    {
                        "node": {
                            "text": "JAWS or The Meg?"
                        }
                    }
                ]
            },
            "edge_media_to_comment": {
                "count": 0
            },
            "id": "2421561741386204002",
            "is_video": false,
            "owner": {
                "id": "323264263"
            },
            "shortcode": "CGbHZLlAENi",
            "tags": [],
            "taken_at_timestamp": 1602892676,
            "thumbnail_resources": [
                {
                    "config_height": 150,
                    "config_width": 150,
                    "src": "https://instagram.fabe1-1.fna.fbcdn.net/v/t51.2885-15/e35/c0.90.1440.1440a/s150x150/121600749_437949997177127_6263142518602380885_n.jpg?_nc_ht=instagram.fabe1-1.fna.fbcdn.net&_nc_cat=111&_nc_ohc=aV-kFIVrgzQAX_O95F8&tp=16&oh=b68c3a58db3102c211bc6f735f938351&oe=5FB5859F"
                },
                {
                    "config_height": 240,
                    "config_width": 240,
                    "src": "https://instagram.fabe1-1.fna.fbcdn.net/v/t51.2885-15/e35/c0.90.1440.1440a/s240x240/121600749_437949997177127_6263142518602380885_n.jpg?_nc_ht=instagram.fabe1-1.fna.fbcdn.net&_nc_cat=111&_nc_ohc=aV-kFIVrgzQAX_O95F8&tp=16&oh=1b9cd5ea80e0deef2666399b953adf38&oe=5FB28419"
                },
                {
                    "config_height": 320,
                    "config_width": 320,
                    "src": "https://instagram.fabe1-1.fna.fbcdn.net/v/t51.2885-15/e35/c0.90.1440.1440a/s320x320/121600749_437949997177127_6263142518602380885_n.jpg?_nc_ht=instagram.fabe1-1.fna.fbcdn.net&_nc_cat=111&_nc_ohc=aV-kFIVrgzQAX_O95F8&tp=16&oh=bf5ec211bc5796ccd1de174856fdf962&oe=5FB4C267"
                },
                {
                    "config_height": 480,
                    "config_width": 480,
                    "src": "https://instagram.fabe1-1.fna.fbcdn.net/v/t51.2885-15/e35/c0.90.1440.1440a/s480x480/121600749_437949997177127_6263142518602380885_n.jpg?_nc_ht=instagram.fabe1-1.fna.fbcdn.net&_nc_cat=111&_nc_ohc=aV-kFIVrgzQAX_O95F8&tp=16&oh=ff59cca2861de36a1018f03416ea9e8b&oe=5FB38BA2"
                },
                {
                    "config_height": 640,
                    "config_width": 640,
                    "src": "https://instagram.fabe1-1.fna.fbcdn.net/v/t51.2885-15/sh0.08/e35/c0.90.1440.1440a/s640x640/121600749_437949997177127_6263142518602380885_n.jpg?_nc_ht=instagram.fabe1-1.fna.fbcdn.net&_nc_cat=111&_nc_ohc=aV-kFIVrgzQAX_O95F8&oh=951458668cb0d732ed1c294161552dc3&oe=5FB5AF0A"
                }
            ],
            "thumbnail_src": "https://instagram.fabe1-1.fna.fbcdn.net/v/t51.2885-15/sh0.08/e35/c0.90.1440.1440a/s640x640/121600749_437949997177127_6263142518602380885_n.jpg?_nc_ht=instagram.fabe1-1.fna.fbcdn.net&_nc_cat=111&_nc_ohc=aV-kFIVrgzQAX_O95F8&oh=951458668cb0d732ed1c294161552dc3&oe=5FB5AF0A",
            "urls": [
                "https://instagram.fabe1-1.fna.fbcdn.net/v/t51.2885-15/e35/p1080x1080/121600749_437949997177127_6263142518602380885_n.jpg?_nc_ht=instagram.fabe1-1.fna.fbcdn.net&_nc_cat=111&_nc_ohc=aV-kFIVrgzQAX_O95F8&tp=19&oh=589f85b21ff09efa16e9058719690add&oe=5FB25F17"
            ]
        },
        {
            "comments_disabled": false,
            "dimensions": {
                "height": 933,
                "width": 750
            },
            "display_url": "https://instagram.fabe1-1.fna.fbcdn.net/v/t51.2885-15/e35/121490150_380058879819012_1220774119974225532_n.jpg?_nc_ht=instagram.fabe1-1.fna.fbcdn.net&_nc_cat=100&_nc_ohc=Xn0Fl5OWCGUAX-MIr3H&_nc_tp=18&oh=487c7c62c36710be0a510081abfe30d6&oe=5F8CD597",
            "edge_liked_by": {
                "count": 0
            },
            "edge_media_preview_like": {
                "count": 0
            },
            "edge_media_to_caption": {
                "edges": [
                    {
                        "node": {
                            "text": "Come hang out with me as I celebrate Hip Hop Culture, LIVE!\n\n@mitdrinks presents;\n\n\"I ❤ HIP HOP\" \n\nDJ Willie Dynamite \n\nStarting October 17th, Every Saturday at 6pm on INSTAGRAM @ILOVEHIPHOPSATURDAYS Click the link in my bio!\n\nSponsored by @mitdrinks"
                        }
                    }
                ]
            },
            "edge_media_to_comment": {
                "count": 0
            },
            "id": "2421561598008558984",
            "is_video": true,
            "owner": {
                "id": "41244153092"
            },
            "shortcode": "CGbHXGDBwWI",
            "tags": [],
            "taken_at_timestamp": 1602892676,
            "thumbnail_resources": [
                {
                    "config_height": 150,
                    "config_width": 150,
                    "src": "https://instagram.fabe1-1.fna.fbcdn.net/v/t51.2885-15/e35/c0.88.720.720a/s150x150/121490150_380058879819012_1220774119974225532_n.jpg?_nc_ht=instagram.fabe1-1.fna.fbcdn.net&_nc_cat=100&_nc_ohc=Xn0Fl5OWCGUAX-MIr3H&tp=16&oh=bfa29ad191f9d1bf9f0c5e1e63fc2ed3&oe=5F8C6D1F"
                },
                {
                    "config_height": 240,
                    "config_width": 240,
                    "src": "https://instagram.fabe1-1.fna.fbcdn.net/v/t51.2885-15/e35/c0.88.720.720a/s240x240/121490150_380058879819012_1220774119974225532_n.jpg?_nc_ht=instagram.fabe1-1.fna.fbcdn.net&_nc_cat=100&_nc_ohc=Xn0Fl5OWCGUAX-MIr3H&tp=16&oh=f6336794812c55d0b2e0649e252dbcd1&oe=5F8CAF19"
                },
                {
                    "config_height": 320,
                    "config_width": 320,
                    "src": "https://instagram.fabe1-1.fna.fbcdn.net/v/t51.2885-15/e35/c0.88.720.720a/s320x320/121490150_380058879819012_1220774119974225532_n.jpg?_nc_ht=instagram.fabe1-1.fna.fbcdn.net&_nc_cat=100&_nc_ohc=Xn0Fl5OWCGUAX-MIr3H&tp=16&oh=a9385dec3255bebdcd764b3974526120&oe=5F8CAF67"
                },
                {
                    "config_height": 480,
                    "config_width": 480,
                    "src": "https://instagram.fabe1-1.fna.fbcdn.net/v/t51.2885-15/e35/c0.88.720.720a/s480x480/121490150_380058879819012_1220774119974225532_n.jpg?_nc_ht=instagram.fabe1-1.fna.fbcdn.net&_nc_cat=100&_nc_ohc=Xn0Fl5OWCGUAX-MIr3H&tp=16&oh=0c99d332cc6fed70946d7aae540730a1&oe=5F8CA762"
                },
                {
                    "config_height": 640,
                    "config_width": 640,
                    "src": "https://instagram.fabe1-1.fna.fbcdn.net/v/t51.2885-15/sh0.08/e35/c0.88.720.720a/s640x640/121490150_380058879819012_1220774119974225532_n.jpg?_nc_ht=instagram.fabe1-1.fna.fbcdn.net&_nc_cat=100&_nc_ohc=Xn0Fl5OWCGUAX-MIr3H&oh=33972065f00d4ad540caf63db7a7633b&oe=5F8C4EEB"
                }
            ],
            "thumbnail_src": "https://instagram.fabe1-1.fna.fbcdn.net/v/t51.2885-15/sh0.08/e35/c0.88.720.720a/s640x640/121490150_380058879819012_1220774119974225532_n.jpg?_nc_ht=instagram.fabe1-1.fna.fbcdn.net&_nc_cat=100&_nc_ohc=Xn0Fl5OWCGUAX-MIr3H&oh=33972065f00d4ad540caf63db7a7633b&oe=5F8C4EEB",
            "urls": [
                "https://instagram.fabe1-1.fna.fbcdn.net/v/t50.2886-16/121370542_734357097158615_8437594181384552297_n.mp4?_nc_ht=instagram.fabe1-1.fna.fbcdn.net&_nc_cat=111&_nc_ohc=78cD0iFTOBkAX-_0TJV&oe=5F8C6602&oh=c105931a2f9f98753ac7a654ae14a99c"
            ],
            "video_view_count": 0
        },
        {
            "comments_disabled": false,
            "dimensions": {
                "height": 810,
                "width": 1080
            },
            "display_url": "https://instagram.fabe1-1.fna.fbcdn.net/v/t51.2885-15/e35/s1080x1080/121606171_698962940715278_2107354437184853619_n.jpg?_nc_ht=instagram.fabe1-1.fna.fbcdn.net&_nc_cat=102&_nc_ohc=UuJxi22DczkAX-Uj_lM&_nc_tp=15&oh=a0399a4487eeb11a59d7d71b2a480af0&oe=5FB20660",
            "edge_liked_by": {
                "count": 0
            },
            "edge_media_preview_like": {
                "count": 0
            },
            "edge_media_to_caption": {
                "edges": [
                    {
                        "node": {
                            "text": "Rain rain go away..."
                        }
                    }
                ]
            },
            "edge_media_to_comment": {
                "count": 0
            },
            "id": "2421561590628211204",
            "is_video": false,
            "owner": {
                "id": "175921320"
            },
            "shortcode": "CGbHW_LH9oE",
            "tags": [],
            "taken_at_timestamp": 1602892658,
            "thumbnail_resources": [
                {
                    "config_height": 150,
                    "config_width": 150,
                    "src": "https://instagram.fabe1-1.fna.fbcdn.net/v/t51.2885-15/e35/c180.0.1080.1080a/s150x150/121606171_698962940715278_2107354437184853619_n.jpg?_nc_ht=instagram.fabe1-1.fna.fbcdn.net&_nc_cat=102&_nc_ohc=UuJxi22DczkAX-Uj_lM&tp=16&oh=ce0fc86fa30075406afa999e7eaf4597&oe=5FB23BD0"
                },
                {
                    "config_height": 240,
                    "config_width": 240,
                    "src": "https://instagram.fabe1-1.fna.fbcdn.net/v/t51.2885-15/e35/c180.0.1080.1080a/s240x240/121606171_698962940715278_2107354437184853619_n.jpg?_nc_ht=instagram.fabe1-1.fna.fbcdn.net&_nc_cat=102&_nc_ohc=UuJxi22DczkAX-Uj_lM&tp=16&oh=f59f5978240cfde1d4724cddac646916&oe=5FB224CA"
                },
                {
                    "config_height": 320,
                    "config_width": 320,
                    "src": "https://instagram.fabe1-1.fna.fbcdn.net/v/t51.2885-15/e35/c180.0.1080.1080a/s320x320/121606171_698962940715278_2107354437184853619_n.jpg?_nc_ht=instagram.fabe1-1.fna.fbcdn.net&_nc_cat=102&_nc_ohc=UuJxi22DczkAX-Uj_lM&tp=16&oh=81abc73f4cae65d1cedd1dc5e6202f69&oe=5FB48638"
                },
                {
                    "config_height": 480,
                    "config_width": 480,
                    "src": "https://instagram.fabe1-1.fna.fbcdn.net/v/t51.2885-15/e35/c180.0.1080.1080a/s480x480/121606171_698962940715278_2107354437184853619_n.jpg?_nc_ht=instagram.fabe1-1.fna.fbcdn.net&_nc_cat=102&_nc_ohc=UuJxi22DczkAX-Uj_lM&tp=16&oh=8a2a4d53dde42ae61e43d0a52c82645a&oe=5FB481F1"
                },
                {
                    "config_height": 640,
                    "config_width": 640,
                    "src": "https://instagram.fabe1-1.fna.fbcdn.net/v/t51.2885-15/sh0.08/e35/c180.0.1080.1080a/s640x640/121606171_698962940715278_2107354437184853619_n.jpg?_nc_ht=instagram.fabe1-1.fna.fbcdn.net&_nc_cat=102&_nc_ohc=UuJxi22DczkAX-Uj_lM&oh=6d4b02af46ae14dd4dcc46ab2c16b1df&oe=5FB1E580"
                }
            ],
            "thumbnail_src": "https://instagram.fabe1-1.fna.fbcdn.net/v/t51.2885-15/sh0.08/e35/c180.0.1080.1080a/s640x640/121606171_698962940715278_2107354437184853619_n.jpg?_nc_ht=instagram.fabe1-1.fna.fbcdn.net&_nc_cat=102&_nc_ohc=UuJxi22DczkAX-Uj_lM&oh=6d4b02af46ae14dd4dcc46ab2c16b1df&oe=5FB1E580",
            "urls": [
                "https://instagram.fabe1-1.fna.fbcdn.net/v/t51.2885-15/e35/s1080x1080/121606171_698962940715278_2107354437184853619_n.jpg?_nc_ht=instagram.fabe1-1.fna.fbcdn.net&_nc_cat=102&_nc_ohc=UuJxi22DczkAX-Uj_lM&_nc_tp=15&oh=a0399a4487eeb11a59d7d71b2a480af0&oe=5FB20660"
            ]
        },
        {
            "comments_disabled": false,
            "dimensions": {
                "height": 933,
                "width": 750
            },
            "display_url": "https://instagram.fabe1-1.fna.fbcdn.net/v/t51.2885-15/e35/121615488_187152056246440_8994028945262957223_n.jpg?_nc_ht=instagram.fabe1-1.fna.fbcdn.net&_nc_cat=104&_nc_ohc=gwXC8EzeeUcAX-JKXCU&_nc_tp=18&oh=ea36251315c32ecf5969bf121c441acf&oe=5F8C495C",
            "edge_liked_by": {
                "count": 0
            },
            "edge_media_preview_like": {
                "count": 0
            },
            "edge_media_to_caption": {
                "edges": [
                    {
                        "node": {
                            "text": "Come hang out with me as I celebrate Hip Hop Culture, LIVE!\n\n@mitdrinks presents;\n\n\"I ❤ HIP HOP\" \n\nDJ Willie Dynamite \n\nStarting October 17th, Every Saturday at 6pm on INSTAGRAM @ILOVEHIPHOPSATURDAYS Click the link in my bio!\n\nSponsored by @mitdrinks"
                        }
                    }
                ]
            },
            "edge_media_to_comment": {
                "count": 0
            },
            "id": "2421561388645563298",
            "is_video": true,
            "owner": {
                "id": "41244153092"
            },
            "shortcode": "CGbHUDEBTui",
            "tags": [],
            "taken_at_timestamp": 1602892650,
            "thumbnail_resources": [
                {
                    "config_height": 150,
                    "config_width": 150,
                    "src": "https://instagram.fabe1-1.fna.fbcdn.net/v/t51.2885-15/e35/c0.88.720.720a/s150x150/121615488_187152056246440_8994028945262957223_n.jpg?_nc_ht=instagram.fabe1-1.fna.fbcdn.net&_nc_cat=104&_nc_ohc=gwXC8EzeeUcAX-JKXCU&tp=16&oh=e1775a073675cfaf4bbb2e22b9445868&oe=5F8C5F14"
                },
                {
                    "config_height": 240,
                    "config_width": 240,
                    "src": "https://instagram.fabe1-1.fna.fbcdn.net/v/t51.2885-15/e35/c0.88.720.720a/s240x240/121615488_187152056246440_8994028945262957223_n.jpg?_nc_ht=instagram.fabe1-1.fna.fbcdn.net&_nc_cat=104&_nc_ohc=gwXC8EzeeUcAX-JKXCU&tp=16&oh=37e5c1e79fed725a74b76784d7c46a0b&oe=5F8CA756"
                },
                {
                    "config_height": 320,
                    "config_width": 320,
                    "src": "https://instagram.fabe1-1.fna.fbcdn.net/v/t51.2885-15/e35/c0.88.720.720a/s320x320/121615488_187152056246440_8994028945262957223_n.jpg?_nc_ht=instagram.fabe1-1.fna.fbcdn.net&_nc_cat=104&_nc_ohc=gwXC8EzeeUcAX-JKXCU&tp=16&oh=eb6675915d418929bf7a94cf2c9f86af&oe=5F8CB5AC"
                },
                {
                    "config_height": 480,
                    "config_width": 480,
                    "src": "https://instagram.fabe1-1.fna.fbcdn.net/v/t51.2885-15/e35/c0.88.720.720a/s480x480/121615488_187152056246440_8994028945262957223_n.jpg?_nc_ht=instagram.fabe1-1.fna.fbcdn.net&_nc_cat=104&_nc_ohc=gwXC8EzeeUcAX-JKXCU&tp=16&oh=f29f139bdbbbfc92a11c6ac1eb456495&oe=5F8C81AD"
                },
                {
                    "config_height": 640,
                    "config_width": 640,
                    "src": "https://instagram.fabe1-1.fna.fbcdn.net/v/t51.2885-15/sh0.08/e35/c0.88.720.720a/s640x640/121615488_187152056246440_8994028945262957223_n.jpg?_nc_ht=instagram.fabe1-1.fna.fbcdn.net&_nc_cat=104&_nc_ohc=gwXC8EzeeUcAX-JKXCU&oh=9ec275287c654b8450a368e1f1b1da69&oe=5F8CD228"
                }
            ],
            "thumbnail_src": "https://instagram.fabe1-1.fna.fbcdn.net/v/t51.2885-15/sh0.08/e35/c0.88.720.720a/s640x640/121615488_187152056246440_8994028945262957223_n.jpg?_nc_ht=instagram.fabe1-1.fna.fbcdn.net&_nc_cat=104&_nc_ohc=gwXC8EzeeUcAX-JKXCU&oh=9ec275287c654b8450a368e1f1b1da69&oe=5F8CD228",
            "urls": [
                "https://instagram.fabe1-1.fna.fbcdn.net/v/t50.2886-16/121609195_1076960956095719_5259767899883447517_n.mp4?_nc_ht=instagram.fabe1-1.fna.fbcdn.net&_nc_cat=111&_nc_ohc=JIbze5omUq0AX_LK8aJ&oe=5F8C32E6&oh=37761bf814deaabfea5eb7fe3fb7b3ad"
            ],
            "video_view_count": 0
        },
        {
            "comments_disabled": false,
            "dimensions": {
                "height": 750,
                "width": 750
            },
            "display_url": "https://instagram.fabe1-1.fna.fbcdn.net/v/t51.2885-15/e35/121580782_407674253559033_2009411768583009493_n.jpg?_nc_ht=instagram.fabe1-1.fna.fbcdn.net&_nc_cat=109&_nc_ohc=4rgMP3WMPUYAX9QDXNk&_nc_tp=18&oh=bbcec71736bf628a34e80b816aef0081&oe=5F8CC0AB",
            "edge_liked_by": {
                "count": 1
            },
            "edge_media_preview_like": {
                "count": 1
            },
            "edge_media_to_caption": {
                "edges": [
                    {
                        "node": {
                            "text": "#brownstonedoors #woodworking"
                        }
                    }
                ]
            },
            "edge_media_to_comment": {
                "count": 0
            },
            "id": "2421561501044409923",
            "is_video": false,
            "owner": {
                "id": "7068102854"
            },
            "shortcode": "CGbHVrvg4ZD",
            "tags": [
                "woodworking",
                "brownstonedoors"
            ],
            "taken_at_timestamp": 1602892647,
            "thumbnail_resources": [
                {
                    "config_height": 150,
                    "config_width": 150,
                    "src": "https://instagram.fabe1-1.fna.fbcdn.net/v/t51.2885-15/e35/s150x150/121580782_407674253559033_2009411768583009493_n.jpg?_nc_ht=instagram.fabe1-1.fna.fbcdn.net&_nc_cat=109&_nc_ohc=4rgMP3WMPUYAX9QDXNk&_nc_tp=15&oh=e4fe0e89da8037be1c98fbe272793712&oe=5F8CC496"
                },
                {
                    "config_height": 240,
                    "config_width": 240,
                    "src": "https://instagram.fabe1-1.fna.fbcdn.net/v/t51.2885-15/e35/s240x240/121580782_407674253559033_2009411768583009493_n.jpg?_nc_ht=instagram.fabe1-1.fna.fbcdn.net&_nc_cat=109&_nc_ohc=4rgMP3WMPUYAX9QDXNk&_nc_tp=15&oh=5ac7e6aa7e7be768c9ffdce5a553ebb5&oe=5F8C5D94"
                },
                {
                    "config_height": 320,
                    "config_width": 320,
                    "src": "https://instagram.fabe1-1.fna.fbcdn.net/v/t51.2885-15/e35/s320x320/121580782_407674253559033_2009411768583009493_n.jpg?_nc_ht=instagram.fabe1-1.fna.fbcdn.net&_nc_cat=109&_nc_ohc=4rgMP3WMPUYAX9QDXNk&_nc_tp=15&oh=fc59978710f737aaee85a50b3ca88ca9&oe=5F8C706E"
                },
                {
                    "config_height": 480,
                    "config_width": 480,
                    "src": "https://instagram.fabe1-1.fna.fbcdn.net/v/t51.2885-15/e35/s480x480/121580782_407674253559033_2009411768583009493_n.jpg?_nc_ht=instagram.fabe1-1.fna.fbcdn.net&_nc_cat=109&_nc_ohc=4rgMP3WMPUYAX9QDXNk&_nc_tp=15&oh=95130433482bff8e0238fa73aef3617c&oe=5F8C5EAB"
                },
                {
                    "config_height": 640,
                    "config_width": 640,
                    "src": "https://instagram.fabe1-1.fna.fbcdn.net/v/t51.2885-15/sh0.08/e35/s640x640/121580782_407674253559033_2009411768583009493_n.jpg?_nc_ht=instagram.fabe1-1.fna.fbcdn.net&_nc_cat=109&_nc_ohc=4rgMP3WMPUYAX9QDXNk&_nc_tp=24&oh=4e92b934b8cc0d30299c9955aa103099&oe=5F8C7411"
                }
            ],
            "thumbnail_src": "https://instagram.fabe1-1.fna.fbcdn.net/v/t51.2885-15/sh0.08/e35/s640x640/121580782_407674253559033_2009411768583009493_n.jpg?_nc_ht=instagram.fabe1-1.fna.fbcdn.net&_nc_cat=109&_nc_ohc=4rgMP3WMPUYAX9QDXNk&_nc_tp=24&oh=4e92b934b8cc0d30299c9955aa103099&oe=5F8C7411",
            "urls": [
                "https://instagram.fabe1-1.fna.fbcdn.net/v/t50.2886-16/121992685_397235085014369_4591399564001412715_n.mp4?_nc_ht=instagram.fabe1-1.fna.fbcdn.net&_nc_cat=105&_nc_ohc=4drWr0n8g-QAX87OypS&oe=5F8CA56D&oh=739aeca5926ffa8c48c08f6f41c36c65",
                "https://instagram.fabe1-1.fna.fbcdn.net/v/t51.2885-15/e35/s1080x1080/121649731_794035521378445_2829026550193541453_n.jpg?_nc_ht=instagram.fabe1-1.fna.fbcdn.net&_nc_cat=101&_nc_ohc=39qN5AI12fkAX_b6IAb&_nc_tp=15&oh=1656dec4ba45b559e4275c21b9b81a14&oe=5FB2A2B0"
            ]
        }
    ]
}