{
    "GraphImages": [
        {
            "dimensions": {
                "height": 750,
                "width": 750
            },
            "display_url": "https://instagram.fabe1-1.fna.fbcdn.net/v/t51.2885-15/e35/121969245_977198156091546_8273105387812864015_n.jpg?_nc_ht=instagram.fabe1-1.fna.fbcdn.net&_nc_cat=106&_nc_ohc=0V5Zf_b8iHQAX84oQ7h&_nc_tp=18&oh=b269e2c1621090d7ff67a96e1ed4dd4f&oe=5FB31F39",
            "edge_liked_by": {
                "count": 0
            },
            "edge_media_preview_like": {
                "count": 0
            },
            "edge_media_to_caption": {
                "edges": [
                    {
                        "node": {
                            "text": "Having fun ❤💓💕😍😘"
                        }
                    }
                ]
            },
            "edge_media_to_comment": {
                "count": 0
            },
            "id": "2421520322308480325",
            "is_video": false,
            "owner": {
                "id": "43979574010"
            },
            "shortcode": "CGa9-dDlh1F",
            "tags": [],
            "taken_at_timestamp": 1602887738,
            "thumbnail_resources": [
                {
                    "config_height": 150,
                    "config_width": 150,
                    "src": "https://instagram.fabe1-1.fna.fbcdn.net/v/t51.2885-15/e35/s150x150/121969245_977198156091546_8273105387812864015_n.jpg?_nc_ht=instagram.fabe1-1.fna.fbcdn.net&_nc_cat=106&_nc_ohc=0V5Zf_b8iHQAX84oQ7h&_nc_tp=15&oh=e914c565a73129d8915ffddec68cef05&oe=5FB4B208"
                },
                {
                    "config_height": 240,
                    "config_width": 240,
                    "src": "https://instagram.fabe1-1.fna.fbcdn.net/v/t51.2885-15/e35/s240x240/121969245_977198156091546_8273105387812864015_n.jpg?_nc_ht=instagram.fabe1-1.fna.fbcdn.net&_nc_cat=106&_nc_ohc=0V5Zf_b8iHQAX84oQ7h&_nc_tp=15&oh=0eeacaeb2b69096fe0fa027362df9271&oe=5FB37802"
                },
                {
                    "config_height": 320,
                    "config_width": 320,
                    "src": "https://instagram.fabe1-1.fna.fbcdn.net/v/t51.2885-15/e35/s320x320/121969245_977198156091546_8273105387812864015_n.jpg?_nc_ht=instagram.fabe1-1.fna.fbcdn.net&_nc_cat=106&_nc_ohc=0V5Zf_b8iHQAX84oQ7h&_nc_tp=15&oh=b320f356eb772a24087d01ad6b26198b&oe=5FB41080"
                },
                {
                    "config_height": 480,
                    "config_width": 480,
                    "src": "https://instagram.fabe1-1.fna.fbcdn.net/v/t51.2885-15/e35/s480x480/121969245_977198156091546_8273105387812864015_n.jpg?_nc_ht=instagram.fabe1-1.fna.fbcdn.net&_nc_cat=106&_nc_ohc=0V5Zf_b8iHQAX84oQ7h&_nc_tp=15&oh=3d873bbcb653864cd267d514789bd954&oe=5FB4F1B9"
                },
                {
                    "config_height": 640,
                    "config_width": 640,
                    "src": "https://instagram.fabe1-1.fna.fbcdn.net/v/t51.2885-15/sh0.08/e35/s640x640/121969245_977198156091546_8273105387812864015_n.jpg?_nc_ht=instagram.fabe1-1.fna.fbcdn.net&_nc_cat=106&_nc_ohc=0V5Zf_b8iHQAX84oQ7h&_nc_tp=24&oh=05ec0e52fc9970affed07c81bc7cf74b&oe=5FB33203"
                }
            ],
            "thumbnail_src": "https://instagram.fabe1-1.fna.fbcdn.net/v/t51.2885-15/sh0.08/e35/s640x640/121969245_977198156091546_8273105387812864015_n.jpg?_nc_ht=instagram.fabe1-1.fna.fbcdn.net&_nc_cat=106&_nc_ohc=0V5Zf_b8iHQAX84oQ7h&_nc_tp=24&oh=05ec0e52fc9970affed07c81bc7cf74b&oe=5FB33203",
            "urls": [
                "https://instagram.fabe1-1.fna.fbcdn.net/v/t51.2885-15/e35/121969245_977198156091546_8273105387812864015_n.jpg?_nc_ht=instagram.fabe1-1.fna.fbcdn.net&_nc_cat=106&_nc_ohc=0V5Zf_b8iHQAX84oQ7h&_nc_tp=18&oh=b269e2c1621090d7ff67a96e1ed4dd4f&oe=5FB31F39",
                "https://instagram.fabe1-1.fna.fbcdn.net/v/t51.2885-15/e35/121526745_189717695942004_2008748062975200840_n.jpg?_nc_ht=instagram.fabe1-1.fna.fbcdn.net&_nc_cat=100&_nc_ohc=fdtw5LYRsNMAX-Ak7wt&_nc_tp=18&oh=49961cfa0567acb29c2b0417e87a8f86&oe=5FB2797E",
                "https://instagram.fabe1-1.fna.fbcdn.net/v/t51.2885-15/e35/121602554_704939493754981_7835571492242659745_n.jpg?_nc_ht=instagram.fabe1-1.fna.fbcdn.net&_nc_cat=101&_nc_ohc=xhWZspSz2k0AX8dAB2P&_nc_tp=18&oh=cc2fc3e5b3c5e85e25b8b733659beb9a&oe=5FB3F2BF"
            ]
        },
        {
            "comments_disabled": false,
            "dimensions": {
                "height": 1080,
                "width": 1080
            },
            "display_url": "https://instagram.fabe1-1.fna.fbcdn.net/v/t51.2885-15/e35/s1080x1080/121274570_132327614912997_1022933802800682574_n.jpg?_nc_ht=instagram.fabe1-1.fna.fbcdn.net&_nc_cat=109&_nc_ohc=gPAkoOr9ZysAX__f1T3&_nc_tp=15&oh=bb64f56fdd0c5bc85c71474b45bdbc7f&oe=5FB33B0A",
            "edge_liked_by": {
                "count": 0
            },
            "edge_media_preview_like": {
                "count": 0
            },
            "edge_media_to_caption": {
                "edges": [
                    {
                        "node": {
                            "text": "Tress for all seasons!!🌳🌞❄️🍂🌸\n#kidslearnjng#homeschooling#homeschoollife📚#learningathome"
                        }
                    }
                ]
            },
            "edge_media_to_comment": {
                "count": 0
            },
            "id": "2421520823066995052",
            "is_video": false,
            "owner": {
                "id": "29668439763"
            },
            "shortcode": "CGa-FvbHqls",
            "tags": [
                "homeschooling",
                "learningathome",
                "homeschoollife",
                "kidslearnjng"
            ],
            "taken_at_timestamp": 1602887798,
            "thumbnail_resources": [
                {
                    "config_height": 150,
                    "config_width": 150,
                    "src": "https://instagram.fabe1-1.fna.fbcdn.net/v/t51.2885-15/e35/s150x150/121274570_132327614912997_1022933802800682574_n.jpg?_nc_ht=instagram.fabe1-1.fna.fbcdn.net&_nc_cat=109&_nc_ohc=gPAkoOr9ZysAX__f1T3&_nc_tp=15&oh=8619467045d1f30d305227be629e8cbb&oe=5FB4DDC9"
                },
                {
                    "config_height": 240,
                    "config_width": 240,
                    "src": "https://instagram.fabe1-1.fna.fbcdn.net/v/t51.2885-15/e35/s240x240/121274570_132327614912997_1022933802800682574_n.jpg?_nc_ht=instagram.fabe1-1.fna.fbcdn.net&_nc_cat=109&_nc_ohc=gPAkoOr9ZysAX__f1T3&_nc_tp=15&oh=1ede13512ac3d6fbe168c53ab03b7d35&oe=5FB38A4F"
                },
                {
                    "config_height": 320,
                    "config_width": 320,
                    "src": "https://instagram.fabe1-1.fna.fbcdn.net/v/t51.2885-15/e35/s320x320/121274570_132327614912997_1022933802800682574_n.jpg?_nc_ht=instagram.fabe1-1.fna.fbcdn.net&_nc_cat=109&_nc_ohc=gPAkoOr9ZysAX__f1T3&_nc_tp=15&oh=0c0ba48d58a81974a177f6e197230f05&oe=5FB36F31"
                },
                {
                    "config_height": 480,
                    "config_width": 480,
                    "src": "https://instagram.fabe1-1.fna.fbcdn.net/v/t51.2885-15/e35/s480x480/121274570_132327614912997_1022933802800682574_n.jpg?_nc_ht=instagram.fabe1-1.fna.fbcdn.net&_nc_cat=109&_nc_ohc=gPAkoOr9ZysAX__f1T3&_nc_tp=15&oh=1f567f19e562784bfb970fdcf9d1616f&oe=5FB2B5F8"
                },
                {
                    "config_height": 640,
                    "config_width": 640,
                    "src": "https://instagram.fabe1-1.fna.fbcdn.net/v/t51.2885-15/sh0.08/e35/s640x640/121274570_132327614912997_1022933802800682574_n.jpg?_nc_ht=instagram.fabe1-1.fna.fbcdn.net&_nc_cat=109&_nc_ohc=gPAkoOr9ZysAX__f1T3&_nc_tp=24&oh=d109549c838d5d5e0d31806cc50c4bb0&oe=5FB4DBCE"
                }
            ],
            "thumbnail_src": "https://instagram.fabe1-1.fna.fbcdn.net/v/t51.2885-15/sh0.08/e35/s640x640/121274570_132327614912997_1022933802800682574_n.jpg?_nc_ht=instagram.fabe1-1.fna.fbcdn.net&_nc_cat=109&_nc_ohc=gPAkoOr9ZysAX__f1T3&_nc_tp=24&oh=d109549c838d5d5e0d31806cc50c4bb0&oe=5FB4DBCE",
            "urls": [
                "https://instagram.fabe1-1.fna.fbcdn.net/v/t51.2885-15/e35/s1080x1080/121274570_132327614912997_1022933802800682574_n.jpg?_nc_ht=instagram.fabe1-1.fna.fbcdn.net&_nc_cat=109&_nc_ohc=gPAkoOr9ZysAX__f1T3&_nc_tp=15&oh=bb64f56fdd0c5bc85c71474b45bdbc7f&oe=5FB33B0A",
                "https://instagram.fabe1-1.fna.fbcdn.net/v/t51.2885-15/e35/s1080x1080/121624760_714307235838941_3242134064691417746_n.jpg?_nc_ht=instagram.fabe1-1.fna.fbcdn.net&_nc_cat=105&_nc_ohc=5LTvFesp0F0AX8BlNFR&_nc_tp=15&oh=0de479037eab1131f958ddeea0ede146&oe=5FB3EB46",
                "https://instagram.fabe1-1.fna.fbcdn.net/v/t51.2885-15/e35/s1080x1080/121670932_341002717189537_8742832895534732542_n.jpg?_nc_ht=instagram.fabe1-1.fna.fbcdn.net&_nc_cat=101&_nc_ohc=qAhSH3KcEIIAX-pPMbz&_nc_tp=15&oh=0eb241a1fc007f7b247526d4ef0c4c12&oe=5FB2EC6B",
                "https://instagram.fabe1-1.fna.fbcdn.net/v/t51.2885-15/e35/s1080x1080/121638287_212572746946783_3323694271968890820_n.jpg?_nc_ht=instagram.fabe1-1.fna.fbcdn.net&_nc_cat=107&_nc_ohc=CN7HAkb7IXcAX9Q2FfZ&_nc_tp=15&oh=0e5c6e47acea47fe5c62aa42f96b90a8&oe=5FB4CABE",
                "https://instagram.fabe1-1.fna.fbcdn.net/v/t51.2885-15/e35/s1080x1080/121697860_732955153971003_1249680969717826579_n.jpg?_nc_ht=instagram.fabe1-1.fna.fbcdn.net&_nc_cat=103&_nc_ohc=ryhgdS1EuO8AX8RgQDp&_nc_tp=15&oh=f8506a357a57057597c410233c3c88c1&oe=5FB33EDF",
                "https://instagram.fabe1-1.fna.fbcdn.net/v/t51.2885-15/e35/s1080x1080/121529190_200336474859487_5512934211038220875_n.jpg?_nc_ht=instagram.fabe1-1.fna.fbcdn.net&_nc_cat=107&_nc_ohc=3HeOgaRJL44AX8dxc4n&_nc_tp=15&oh=d0ee441bc35cdbea5e13f9b8655ee4c1&oe=5FB410B3",
                "https://instagram.fabe1-1.fna.fbcdn.net/v/t51.2885-15/e35/s1080x1080/121653301_157208819401380_5785539727146008775_n.jpg?_nc_ht=instagram.fabe1-1.fna.fbcdn.net&_nc_cat=100&_nc_ohc=DNH7jTM43wUAX-cmZim&_nc_tp=15&oh=645a574a135e3511b3ffcfa19bc50204&oe=5FB1FFFB",
                "https://instagram.fabe1-1.fna.fbcdn.net/v/t51.2885-15/e35/s1080x1080/121600189_353204782575772_8918099445896235821_n.jpg?_nc_ht=instagram.fabe1-1.fna.fbcdn.net&_nc_cat=104&_nc_ohc=WdDm3mIwJZcAX8AF5qI&_nc_tp=15&oh=35b79e9f54ea47d6569d7bbb5ed29e92&oe=5FB38E64"
            ]
        },
        {
            "comments_disabled": false,
            "dimensions": {
                "height": 1077,
                "width": 1080
            },
            "display_url": "https://instagram.fabe1-1.fna.fbcdn.net/v/t51.2885-15/e35/121515721_355421319140456_4847662945141178685_n.jpg?_nc_ht=instagram.fabe1-1.fna.fbcdn.net&_nc_cat=108&_nc_ohc=mJDfCX0VQcQAX99wa0R&_nc_tp=18&oh=287d7808fb5ce67f4a15bba647e85abe&oe=5FB251C3",
            "edge_liked_by": {
                "count": 1
            },
            "edge_media_preview_like": {
                "count": 1
            },
            "edge_media_to_caption": {
                "edges": [
                    {
                        "node": {
                            "text": "I’m sure you love seeing #throwback content, but how about seeing what I’m up to RIGHT NOW? 👀 There’s only one way to get a peek into my personal naughty adventures: premium Snapchat! 👻 I snap daily and you won’t be able to stop looking. 🥵 It’s on sale until Saturday, so hurry up and subscribe now! ⁠⠀\n.⁠⠀\n.⁠⠀\n.⁠⠀\n#blasian #asian #biracial #chinese #heels #model #longhair #mixedwomen #snapchat #snapme #orchids"
                        }
                    }
                ]
            },
            "edge_media_to_comment": {
                "count": 0
            },
            "id": "2421520520439642792",
            "is_video": false,
            "owner": {
                "id": "41256700991"
            },
            "shortcode": "CGa-BVlH7qo",
            "tags": [
                "heels",
                "asian",
                "snapme",
                "model",
                "biracial",
                "blasian",
                "chinese",
                "longhair",
                "mixedwomen",
                "orchids",
                "snapchat",
                "throwback"
            ],
            "taken_at_timestamp": 1602887762,
            "thumbnail_resources": [
                {
                    "config_height": 150,
                    "config_width": 150,
                    "src": "https://instagram.fabe1-1.fna.fbcdn.net/v/t51.2885-15/e35/c1.0.1023.1023a/s150x150/121515721_355421319140456_4847662945141178685_n.jpg?_nc_ht=instagram.fabe1-1.fna.fbcdn.net&_nc_cat=108&_nc_ohc=mJDfCX0VQcQAX99wa0R&tp=16&oh=3a89bdb4c141180ce2033487b6e5f880&oe=5FB41732"
                },
                {
                    "config_height": 240,
                    "config_width": 240,
                    "src": "https://instagram.fabe1-1.fna.fbcdn.net/v/t51.2885-15/e35/c1.0.1023.1023a/s240x240/121515721_355421319140456_4847662945141178685_n.jpg?_nc_ht=instagram.fabe1-1.fna.fbcdn.net&_nc_cat=108&_nc_ohc=mJDfCX0VQcQAX99wa0R&tp=16&oh=978eb1a0b24db19988ddf950182e5837&oe=5FB30C38"
                },
                {
                    "config_height": 320,
                    "config_width": 320,
                    "src": "https://instagram.fabe1-1.fna.fbcdn.net/v/t51.2885-15/e35/c1.0.1023.1023a/s320x320/121515721_355421319140456_4847662945141178685_n.jpg?_nc_ht=instagram.fabe1-1.fna.fbcdn.net&_nc_cat=108&_nc_ohc=mJDfCX0VQcQAX99wa0R&tp=16&oh=1d46b4e92823558245a13f35f7f4cee1&oe=5FB2EF4A"
                },
                {
                    "config_height": 480,
                    "config_width": 480,
                    "src": "https://instagram.fabe1-1.fna.fbcdn.net/v/t51.2885-15/e35/c1.0.1023.1023a/s480x480/121515721_355421319140456_4847662945141178685_n.jpg?_nc_ht=instagram.fabe1-1.fna.fbcdn.net&_nc_cat=108&_nc_ohc=mJDfCX0VQcQAX99wa0R&tp=16&oh=887ef09c7724aeb9f85bebe1c7894515&oe=5FB21C8F"
                },
                {
                    "config_height": 640,
                    "config_width": 640,
                    "src": "https://instagram.fabe1-1.fna.fbcdn.net/v/t51.2885-15/sh0.08/e35/c1.0.1023.1023a/s640x640/121515721_355421319140456_4847662945141178685_n.jpg?_nc_ht=instagram.fabe1-1.fna.fbcdn.net&_nc_cat=108&_nc_ohc=mJDfCX0VQcQAX99wa0R&oh=e8a1b91c2c96989456cc750c96461c9a&oe=5FB45777"
                }
            ],
            "thumbnail_src": "https://instagram.fabe1-1.fna.fbcdn.net/v/t51.2885-15/sh0.08/e35/c1.0.1023.1023a/s640x640/121515721_355421319140456_4847662945141178685_n.jpg?_nc_ht=instagram.fabe1-1.fna.fbcdn.net&_nc_cat=108&_nc_ohc=mJDfCX0VQcQAX99wa0R&oh=e8a1b91c2c96989456cc750c96461c9a&oe=5FB45777",
            "urls": [
                "https://instagram.fabe1-1.fna.fbcdn.net/v/t51.2885-15/e35/121515721_355421319140456_4847662945141178685_n.jpg?_nc_ht=instagram.fabe1-1.fna.fbcdn.net&_nc_cat=108&_nc_ohc=mJDfCX0VQcQAX99wa0R&_nc_tp=18&oh=287d7808fb5ce67f4a15bba647e85abe&oe=5FB251C3"
            ]
        },
        {
            "comments_disabled": false,
            "dimensions": {
                "height": 750,
                "width": 750
            },
            "display_url": "https://instagram.fabe1-1.fna.fbcdn.net/v/t51.2885-15/e35/121969245_977198156091546_8273105387812864015_n.jpg?_nc_ht=instagram.fabe1-1.fna.fbcdn.net&_nc_cat=106&_nc_ohc=0V5Zf_b8iHQAX84oQ7h&_nc_tp=18&oh=b269e2c1621090d7ff67a96e1ed4dd4f&oe=5FB31F39",
            "edge_liked_by": {
                "count": 0
            },
            "edge_media_preview_like": {
                "count": 0
            },
            "edge_media_to_caption": {
                "edges": [
                    {
                        "node": {
                            "text": "Having fun ❤💓💕😍😘"
                        }
                    }
                ]
            },
            "edge_media_to_comment": {
                "count": 0
            },
            "id": "2421520322308480325",
            "is_video": false,
            "owner": {
                "id": "43979574010"
            },
            "shortcode": "CGa9-dDlh1F",
            "tags": [],
            "taken_at_timestamp": 1602887738,
            "thumbnail_resources": [
                {
                    "config_height": 150,
                    "config_width": 150,
                    "src": "https://instagram.fabe1-1.fna.fbcdn.net/v/t51.2885-15/e35/s150x150/121969245_977198156091546_8273105387812864015_n.jpg?_nc_ht=instagram.fabe1-1.fna.fbcdn.net&_nc_cat=106&_nc_ohc=0V5Zf_b8iHQAX84oQ7h&_nc_tp=15&oh=e914c565a73129d8915ffddec68cef05&oe=5FB4B208"
                },
                {
                    "config_height": 240,
                    "config_width": 240,
                    "src": "https://instagram.fabe1-1.fna.fbcdn.net/v/t51.2885-15/e35/s240x240/121969245_977198156091546_8273105387812864015_n.jpg?_nc_ht=instagram.fabe1-1.fna.fbcdn.net&_nc_cat=106&_nc_ohc=0V5Zf_b8iHQAX84oQ7h&_nc_tp=15&oh=0eeacaeb2b69096fe0fa027362df9271&oe=5FB37802"
                },
                {
                    "config_height": 320,
                    "config_width": 320,
                    "src": "https://instagram.fabe1-1.fna.fbcdn.net/v/t51.2885-15/e35/s320x320/121969245_977198156091546_8273105387812864015_n.jpg?_nc_ht=instagram.fabe1-1.fna.fbcdn.net&_nc_cat=106&_nc_ohc=0V5Zf_b8iHQAX84oQ7h&_nc_tp=15&oh=b320f356eb772a24087d01ad6b26198b&oe=5FB41080"
                },
                {
                    "config_height": 480,
                    "config_width": 480,
                    "src": "https://instagram.fabe1-1.fna.fbcdn.net/v/t51.2885-15/e35/s480x480/121969245_977198156091546_8273105387812864015_n.jpg?_nc_ht=instagram.fabe1-1.fna.fbcdn.net&_nc_cat=106&_nc_ohc=0V5Zf_b8iHQAX84oQ7h&_nc_tp=15&oh=3d873bbcb653864cd267d514789bd954&oe=5FB4F1B9"
                },
                {
                    "config_height": 640,
                    "config_width": 640,
                    "src": "https://instagram.fabe1-1.fna.fbcdn.net/v/t51.2885-15/sh0.08/e35/s640x640/121969245_977198156091546_8273105387812864015_n.jpg?_nc_ht=instagram.fabe1-1.fna.fbcdn.net&_nc_cat=106&_nc_ohc=0V5Zf_b8iHQAX84oQ7h&_nc_tp=24&oh=05ec0e52fc9970affed07c81bc7cf74b&oe=5FB33203"
                }
            ],
            "thumbnail_src": "https://instagram.fabe1-1.fna.fbcdn.net/v/t51.2885-15/sh0.08/e35/s640x640/121969245_977198156091546_8273105387812864015_n.jpg?_nc_ht=instagram.fabe1-1.fna.fbcdn.net&_nc_cat=106&_nc_ohc=0V5Zf_b8iHQAX84oQ7h&_nc_tp=24&oh=05ec0e52fc9970affed07c81bc7cf74b&oe=5FB33203",
            "urls": [
                "https://instagram.fabe1-1.fna.fbcdn.net/v/t51.2885-15/e35/121969245_977198156091546_8273105387812864015_n.jpg?_nc_ht=instagram.fabe1-1.fna.fbcdn.net&_nc_cat=106&_nc_ohc=0V5Zf_b8iHQAX84oQ7h&_nc_tp=18&oh=b269e2c1621090d7ff67a96e1ed4dd4f&oe=5FB31F39",
                "https://instagram.fabe1-1.fna.fbcdn.net/v/t51.2885-15/e35/121526745_189717695942004_2008748062975200840_n.jpg?_nc_ht=instagram.fabe1-1.fna.fbcdn.net&_nc_cat=100&_nc_ohc=fdtw5LYRsNMAX-Ak7wt&_nc_tp=18&oh=49961cfa0567acb29c2b0417e87a8f86&oe=5FB2797E",
                "https://instagram.fabe1-1.fna.fbcdn.net/v/t51.2885-15/e35/121602554_704939493754981_7835571492242659745_n.jpg?_nc_ht=instagram.fabe1-1.fna.fbcdn.net&_nc_cat=101&_nc_ohc=xhWZspSz2k0AX8dAB2P&_nc_tp=18&oh=cc2fc3e5b3c5e85e25b8b733659beb9a&oe=5FB3F2BF"
            ]
        }
    ]
}