{
    "GraphImages": [
        {
            "comments_disabled": false,
            "dimensions": {
                "height": 1247,
                "width": 1080
            },
            "display_url": "https://instagram.fabe1-1.fna.fbcdn.net/v/t51.2885-15/e35/p1080x1080/121824723_1295807310812929_8351461061075332739_n.jpg?_nc_ht=instagram.fabe1-1.fna.fbcdn.net&_nc_cat=101&_nc_ohc=Mf5jKMih6TIAX9ODEIz&tp=19&oh=9072085bd470b2fd2abc8eb5b51dea46&oe=5FB45659",
            "edge_liked_by": {
                "count": 1
            },
            "edge_media_preview_like": {
                "count": 1
            },
            "edge_media_to_caption": {
                "edges": [
                    {
                        "node": {
                            "text": "Estoy muy contenta por todos los que se están volviendo veganos y vegetarianos por mí🥰.\nEs un cambio dífucil, pero es PROGRESO Asegurado!\nSe que cuesta... yo también extraño comer salchichas, filet mignon, làcteos, etc.\nPero no tengan miedo de perder masa múscular. Yo no he perdido. Lo único que si he perdido es INFLAMACIÓN, y eso es GENIAL!\nMientras más blanda es mi dieta, más seca me pongo.\nLos quería ayudar diciendoles cuales son las proteínas veganas más efectuvas.\nQuinoa, Champignones, almendras, garbanzos, Hemp seeds (cañamo); peanut butter.\nAdemás hoy en día existen miles de Proteínas veganas para batidos a base de plantas y súper foods!\nTambién decirles que tomen su BCAA, glutamina y creatina.\nEl irish moss de @atlanticgoldseamoss también promueve muchisimo la tonicidad múscular. Y las grasas buenas, la producción de colágeno.\nYo hago ejercicio 1 hora al día, y es más cardio que pesas. Porq uso pesos de primcipiante😂.\nMe gusta disfrutar de lo que hago. No me gusta martirizarme ni sentir que entrenar es un sacrificio.\nSiempre debes amar TODO lo que haces. Eso eleva tu vibración❤️.\n#fit #fitness #plantbaseddiet #vegan #vegetarian #veganfit #vegano #vegetariano #organic #seamoss"
                        }
                    }
                ]
            },
            "edge_media_to_comment": {
                "count": 0
            },
            "id": "2421613888145916127",
            "is_video": false,
            "owner": {
                "id": "6038199570"
            },
            "shortcode": "CGbTQBCFwDf",
            "tags": [
                "vegan",
                "vegano",
                "vegetariano",
                "fit",
                "seamoss",
                "fitness",
                "organic",
                "plantbaseddiet",
                "veganfit",
                "vegetarian"
            ],
            "taken_at_timestamp": 1602898892,
            "thumbnail_resources": [
                {
                    "config_height": 150,
                    "config_width": 150,
                    "src": "https://instagram.fabe1-1.fna.fbcdn.net/v/t51.2885-15/e35/c0.101.1300.1300a/s150x150/121824723_1295807310812929_8351461061075332739_n.jpg?_nc_ht=instagram.fabe1-1.fna.fbcdn.net&_nc_cat=101&_nc_ohc=Mf5jKMih6TIAX9ODEIz&tp=16&oh=2bcef3a3b9be3f6ca79719edea9d92dd&oe=5FB2A9B5"
                },
                {
                    "config_height": 240,
                    "config_width": 240,
                    "src": "https://instagram.fabe1-1.fna.fbcdn.net/v/t51.2885-15/e35/c0.101.1300.1300a/s240x240/121824723_1295807310812929_8351461061075332739_n.jpg?_nc_ht=instagram.fabe1-1.fna.fbcdn.net&_nc_cat=101&_nc_ohc=Mf5jKMih6TIAX9ODEIz&tp=16&oh=8bbd37a81a895af1760732de5d96b03e&oe=5FB2A47D"
                },
                {
                    "config_height": 320,
                    "config_width": 320,
                    "src": "https://instagram.fabe1-1.fna.fbcdn.net/v/t51.2885-15/e35/c0.101.1300.1300a/s320x320/121824723_1295807310812929_8351461061075332739_n.jpg?_nc_ht=instagram.fabe1-1.fna.fbcdn.net&_nc_cat=101&_nc_ohc=Mf5jKMih6TIAX9ODEIz&tp=16&oh=51521f0edb5988edc638e83e41216bc3&oe=5FB49AA4"
                },
                {
                    "config_height": 480,
                    "config_width": 480,
                    "src": "https://instagram.fabe1-1.fna.fbcdn.net/v/t51.2885-15/e35/c0.101.1300.1300a/s480x480/121824723_1295807310812929_8351461061075332739_n.jpg?_nc_ht=instagram.fabe1-1.fna.fbcdn.net&_nc_cat=101&_nc_ohc=Mf5jKMih6TIAX9ODEIz&tp=16&oh=7d4a2b9d655bb240bdac3436f8a79511&oe=5FB349E2"
                },
                {
                    "config_height": 640,
                    "config_width": 640,
                    "src": "https://instagram.fabe1-1.fna.fbcdn.net/v/t51.2885-15/sh0.08/e35/c0.101.1300.1300a/s640x640/121824723_1295807310812929_8351461061075332739_n.jpg?_nc_ht=instagram.fabe1-1.fna.fbcdn.net&_nc_cat=101&_nc_ohc=Mf5jKMih6TIAX9ODEIz&oh=bb32d62fca3e23b9ef484602fbdeb3d3&oe=5FB458DC"
                }
            ],
            "thumbnail_src": "https://instagram.fabe1-1.fna.fbcdn.net/v/t51.2885-15/sh0.08/e35/c0.101.1300.1300a/s640x640/121824723_1295807310812929_8351461061075332739_n.jpg?_nc_ht=instagram.fabe1-1.fna.fbcdn.net&_nc_cat=101&_nc_ohc=Mf5jKMih6TIAX9ODEIz&oh=bb32d62fca3e23b9ef484602fbdeb3d3&oe=5FB458DC",
            "urls": [
                "https://instagram.fabe1-1.fna.fbcdn.net/v/t51.2885-15/e35/p1080x1080/121824723_1295807310812929_8351461061075332739_n.jpg?_nc_ht=instagram.fabe1-1.fna.fbcdn.net&_nc_cat=101&_nc_ohc=Mf5jKMih6TIAX9ODEIz&tp=19&oh=9072085bd470b2fd2abc8eb5b51dea46&oe=5FB45659"
            ]
        },
        {
            "comments_disabled": false,
            "dimensions": {
                "height": 1080,
                "width": 1080
            },
            "display_url": "https://instagram.fabe1-1.fna.fbcdn.net/v/t51.2885-15/e35/s1080x1080/121569249_176847610748592_4040226085249359634_n.jpg?_nc_ht=instagram.fabe1-1.fna.fbcdn.net&_nc_cat=100&_nc_ohc=J8K0ysMM9HsAX8ZNCj6&_nc_tp=15&oh=57c04848f10935f134056cd156ff01ff&oe=5FB29139",
            "edge_liked_by": {
                "count": 1
            },
            "edge_media_preview_like": {
                "count": 1
            },
            "edge_media_to_caption": {
                "edges": [
                    {
                        "node": {
                            "text": "I can’t tell you bout my LIFE but you wouldn’t prolly understand!"
                        }
                    }
                ]
            },
            "edge_media_to_comment": {
                "count": 0
            },
            "id": "2421613413182773525",
            "is_video": false,
            "owner": {
                "id": "7611194667"
            },
            "shortcode": "CGbTJGsFJkV",
            "tags": [],
            "taken_at_timestamp": 1602898836,
            "thumbnail_resources": [
                {
                    "config_height": 150,
                    "config_width": 150,
                    "src": "https://instagram.fabe1-1.fna.fbcdn.net/v/t51.2885-15/e35/s150x150/121569249_176847610748592_4040226085249359634_n.jpg?_nc_ht=instagram.fabe1-1.fna.fbcdn.net&_nc_cat=100&_nc_ohc=J8K0ysMM9HsAX8ZNCj6&_nc_tp=15&oh=df94151238926ecb913120a29da0ead2&oe=5FB31DFA"
                },
                {
                    "config_height": 240,
                    "config_width": 240,
                    "src": "https://instagram.fabe1-1.fna.fbcdn.net/v/t51.2885-15/e35/s240x240/121569249_176847610748592_4040226085249359634_n.jpg?_nc_ht=instagram.fabe1-1.fna.fbcdn.net&_nc_cat=100&_nc_ohc=J8K0ysMM9HsAX8ZNCj6&_nc_tp=15&oh=22bad9a81b1e07b96a29042eae7c38de&oe=5FB1E300"
                },
                {
                    "config_height": 320,
                    "config_width": 320,
                    "src": "https://instagram.fabe1-1.fna.fbcdn.net/v/t51.2885-15/e35/s320x320/121569249_176847610748592_4040226085249359634_n.jpg?_nc_ht=instagram.fabe1-1.fna.fbcdn.net&_nc_cat=100&_nc_ohc=J8K0ysMM9HsAX8ZNCj6&_nc_tp=15&oh=cde0f061a295d4fc4988898415b5687d&oe=5FB26A02"
                },
                {
                    "config_height": 480,
                    "config_width": 480,
                    "src": "https://instagram.fabe1-1.fna.fbcdn.net/v/t51.2885-15/e35/s480x480/121569249_176847610748592_4040226085249359634_n.jpg?_nc_ht=instagram.fabe1-1.fna.fbcdn.net&_nc_cat=100&_nc_ohc=J8K0ysMM9HsAX8ZNCj6&_nc_tp=15&oh=fe1408ba61075e79bc2bd669600d67fc&oe=5FB29A47"
                },
                {
                    "config_height": 640,
                    "config_width": 640,
                    "src": "https://instagram.fabe1-1.fna.fbcdn.net/v/t51.2885-15/sh0.08/e35/s640x640/121569249_176847610748592_4040226085249359634_n.jpg?_nc_ht=instagram.fabe1-1.fna.fbcdn.net&_nc_cat=100&_nc_ohc=J8K0ysMM9HsAX8ZNCj6&_nc_tp=24&oh=dbe23324217094a4655751114db60800&oe=5FB3D6FD"
                }
            ],
            "thumbnail_src": "https://instagram.fabe1-1.fna.fbcdn.net/v/t51.2885-15/sh0.08/e35/s640x640/121569249_176847610748592_4040226085249359634_n.jpg?_nc_ht=instagram.fabe1-1.fna.fbcdn.net&_nc_cat=100&_nc_ohc=J8K0ysMM9HsAX8ZNCj6&_nc_tp=24&oh=dbe23324217094a4655751114db60800&oe=5FB3D6FD",
            "urls": [
                "https://instagram.fabe1-1.fna.fbcdn.net/v/t51.2885-15/e35/s1080x1080/121569249_176847610748592_4040226085249359634_n.jpg?_nc_ht=instagram.fabe1-1.fna.fbcdn.net&_nc_cat=100&_nc_ohc=J8K0ysMM9HsAX8ZNCj6&_nc_tp=15&oh=57c04848f10935f134056cd156ff01ff&oe=5FB29139",
                "https://instagram.fabe1-1.fna.fbcdn.net/v/t51.2885-15/e35/s1080x1080/121634960_390132608681410_1921287140701416840_n.jpg?_nc_ht=instagram.fabe1-1.fna.fbcdn.net&_nc_cat=110&_nc_ohc=tsxlPa_QM04AX9XX8jJ&_nc_tp=15&oh=5a39c1eef478aa9f4132552e8d62f68d&oe=5FB27332"
            ]
        }
    ]
}