{
    "GraphImages": [
        {
            "comments_disabled": false,
            "dimensions": {
                "height": 1080,
                "width": 1080
            },
            "display_url": "https://instagram.fabe1-1.fna.fbcdn.net/v/t51.2885-15/e35/s1080x1080/121499313_951576332002179_5997681431441220893_n.jpg?_nc_ht=instagram.fabe1-1.fna.fbcdn.net&_nc_cat=103&_nc_ohc=FmBu6Ioh0ygAX-ltT5z&_nc_tp=15&oh=68f16fc8fbc7c2ba5b8b13c4f6569539&oe=5FB2F079",
            "edge_liked_by": {
                "count": 0
            },
            "edge_media_preview_like": {
                "count": 0
            },
            "edge_media_to_caption": {
                "edges": [
                    {
                        "node": {
                            "text": "Daisy by SWÄN-´YĀ™ is a private restaurant dining service. We bring you a chef, a server, a mixologist, and any other help you may need to your home. We help you craft meals to meet the needs of yourself, but of every guest attending you event. \n\n\"Our Service, Dedication, Innovation, Determination, Ambition, & Experience is what sets us apart.\" \n\nwww.kanseptwerksinc.com \n\nwww.swanya.biz \n\nSWÄN-´YĀ™ is a Foodservice and Hospitality Boutique. We help our clients with crafting, then maintaining, personalized and unparalleled foodservice events within the privacy of the home, or any other setting they may choose.\n\n“Celebrating, connecting, & collaborating. All while enjoying food and beverages that themselves become a part of the conversation.”™\n\nLooking for safe restaurant alternatives? Interested in more elevated standards of service? Ready to entertain responsibly for the holidays and could also utilize some professional help to do so? Then SWÄN-´YĀ could be your solution. Why leave it up to chance, when you can have an event crafted specifically for yourself and those you hold dear. \n\nSWÄN-´YĀ offers Private Restaurant Style Dining within the home. Using C.A.R.E.x3, an elevated standard of Cleanliness and Engagement to ensure events are maintained at the highest standard.\n\nFor more info, visit us at: www.swanya.biz\n\n#concept #werks #openforbusiness #instagood #socal #houston #picoftheday #miami #localchef2yourtable #austin #swanya #norwalk #sd #goals #food #preppstep #hire #stamfordct #life #farmers #darienct #foodie #foodporn #fashion #newyork #dallas #stamford #darien #nyc #eatclean @localchef_2_yourtable @preppstep @kanseptwerks"
                        }
                    }
                ]
            },
            "edge_media_to_comment": {
                "count": 0
            },
            "id": "2421388814662806964",
            "is_video": false,
            "owner": {
                "id": "16909394987"
            },
            "shortcode": "CGagExBFK20",
            "tags": [
                "eatclean",
                "foodie",
                "goals",
                "miami",
                "norwalk",
                "instagood",
                "openforbusiness",
                "picoftheday",
                "stamford",
                "darien",
                "preppstep",
                "werks",
                "darienct",
                "sd",
                "stamfordct",
                "life",
                "dallas",
                "foodporn",
                "hire",
                "nyc",
                "austin",
                "food",
                "swanya",
                "localchef2yourtable",
                "newyork",
                "concept",
                "socal",
                "farmers",
                "houston",
                "fashion"
            ],
            "taken_at_timestamp": 1602872062,
            "thumbnail_resources": [
                {
                    "config_height": 150,
                    "config_width": 150,
                    "src": "https://instagram.fabe1-1.fna.fbcdn.net/v/t51.2885-15/e35/s150x150/121499313_951576332002179_5997681431441220893_n.jpg?_nc_ht=instagram.fabe1-1.fna.fbcdn.net&_nc_cat=103&_nc_ohc=FmBu6Ioh0ygAX-ltT5z&_nc_tp=15&oh=eada8499e11549ade1c919e4168e9b2f&oe=5FB2D93A"
                },
                {
                    "config_height": 240,
                    "config_width": 240,
                    "src": "https://instagram.fabe1-1.fna.fbcdn.net/v/t51.2885-15/e35/s240x240/121499313_951576332002179_5997681431441220893_n.jpg?_nc_ht=instagram.fabe1-1.fna.fbcdn.net&_nc_cat=103&_nc_ohc=FmBu6Ioh0ygAX-ltT5z&_nc_tp=15&oh=d790f9703a5b96e8df9ed872ad930b7b&oe=5FB367C0"
                },
                {
                    "config_height": 320,
                    "config_width": 320,
                    "src": "https://instagram.fabe1-1.fna.fbcdn.net/v/t51.2885-15/e35/s320x320/121499313_951576332002179_5997681431441220893_n.jpg?_nc_ht=instagram.fabe1-1.fna.fbcdn.net&_nc_cat=103&_nc_ohc=FmBu6Ioh0ygAX-ltT5z&_nc_tp=15&oh=cd2135c7dee5c7d523b37f50653269bb&oe=5FB52442"
                },
                {
                    "config_height": 480,
                    "config_width": 480,
                    "src": "https://instagram.fabe1-1.fna.fbcdn.net/v/t51.2885-15/e35/s480x480/121499313_951576332002179_5997681431441220893_n.jpg?_nc_ht=instagram.fabe1-1.fna.fbcdn.net&_nc_cat=103&_nc_ohc=FmBu6Ioh0ygAX-ltT5z&_nc_tp=15&oh=af782a292b280edb2c73b353cbe37a64&oe=5FB3AC87"
                },
                {
                    "config_height": 640,
                    "config_width": 640,
                    "src": "https://instagram.fabe1-1.fna.fbcdn.net/v/t51.2885-15/sh0.08/e35/s640x640/121499313_951576332002179_5997681431441220893_n.jpg?_nc_ht=instagram.fabe1-1.fna.fbcdn.net&_nc_cat=103&_nc_ohc=FmBu6Ioh0ygAX-ltT5z&_nc_tp=24&oh=5ef7ad9898de210039c8448ecf214119&oe=5FB5403D"
                }
            ],
            "thumbnail_src": "https://instagram.fabe1-1.fna.fbcdn.net/v/t51.2885-15/sh0.08/e35/s640x640/121499313_951576332002179_5997681431441220893_n.jpg?_nc_ht=instagram.fabe1-1.fna.fbcdn.net&_nc_cat=103&_nc_ohc=FmBu6Ioh0ygAX-ltT5z&_nc_tp=24&oh=5ef7ad9898de210039c8448ecf214119&oe=5FB5403D",
            "urls": [
                "https://instagram.fabe1-1.fna.fbcdn.net/v/t51.2885-15/e35/s1080x1080/121499313_951576332002179_5997681431441220893_n.jpg?_nc_ht=instagram.fabe1-1.fna.fbcdn.net&_nc_cat=103&_nc_ohc=FmBu6Ioh0ygAX-ltT5z&_nc_tp=15&oh=68f16fc8fbc7c2ba5b8b13c4f6569539&oe=5FB2F079"
            ]
        },
        {
            "comments_disabled": false,
            "dimensions": {
                "height": 1080,
                "width": 1080
            },
            "display_url": "https://instagram.fabe1-1.fna.fbcdn.net/v/t51.2885-15/e35/s1080x1080/121499313_951576332002179_5997681431441220893_n.jpg?_nc_ht=instagram.fabe1-1.fna.fbcdn.net&_nc_cat=103&_nc_ohc=FmBu6Ioh0ygAX-ltT5z&_nc_tp=15&oh=68f16fc8fbc7c2ba5b8b13c4f6569539&oe=5FB2F079",
            "edge_liked_by": {
                "count": 1
            },
            "edge_media_preview_like": {
                "count": 1
            },
            "edge_media_to_caption": {
                "edges": [
                    {
                        "node": {
                            "text": "Daisy by SWÄN-´YĀ™ is a private restaurant dining service. We bring you a chef, a server, a mixologist, and any other help you may need to your home. We help you craft meals to meet the needs of yourself, but of every guest attending you event. \n\n\"Our Service, Dedication, Innovation, Determination, Ambition, & Experience is what sets us apart.\" \n\nwww.kanseptwerksinc.com \n\nwww.swanya.biz \n\nSWÄN-´YĀ™ is a Foodservice and Hospitality Boutique. We help our clients with crafting, then maintaining, personalized and unparalleled foodservice events within the privacy of the home, or any other setting they may choose.\n\n“Celebrating, connecting, & collaborating. All while enjoying food and beverages that themselves become a part of the conversation.”™\n\nLooking for safe restaurant alternatives? Interested in more elevated standards of service? Ready to entertain responsibly for the holidays and could also utilize some professional help to do so? Then SWÄN-´YĀ could be your solution. Why leave it up to chance, when you can have an event crafted specifically for yourself and those you hold dear. \n\nSWÄN-´YĀ offers Private Restaurant Style Dining within the home. Using C.A.R.E.x3, an elevated standard of Cleanliness and Engagement to ensure events are maintained at the highest standard.\n\nFor more info, visit us at: www.swanya.biz\n\n#concept #werks #openforbusiness #instagood #socal #houston #picoftheday #miami #localchef2yourtable #austin #swanya #norwalk #sd #goals #food #preppstep #hire #stamfordct #life #farmers #darienct #foodie #foodporn #fashion #newyork #dallas #stamford #darien #nyc #eatclean @localchef_2_yourtable @preppstep @kanseptwerks"
                        }
                    }
                ]
            },
            "edge_media_to_comment": {
                "count": 0
            },
            "id": "2421388784732235576",
            "is_video": false,
            "owner": {
                "id": "17914735977"
            },
            "shortcode": "CGagEVJFGc4",
            "tags": [
                "eatclean",
                "foodie",
                "goals",
                "miami",
                "norwalk",
                "instagood",
                "openforbusiness",
                "picoftheday",
                "stamford",
                "darien",
                "preppstep",
                "werks",
                "darienct",
                "sd",
                "stamfordct",
                "life",
                "dallas",
                "foodporn",
                "hire",
                "nyc",
                "austin",
                "food",
                "swanya",
                "localchef2yourtable",
                "newyork",
                "concept",
                "socal",
                "farmers",
                "houston",
                "fashion"
            ],
            "taken_at_timestamp": 1602872058,
            "thumbnail_resources": [
                {
                    "config_height": 150,
                    "config_width": 150,
                    "src": "https://instagram.fabe1-1.fna.fbcdn.net/v/t51.2885-15/e35/s150x150/121499313_951576332002179_5997681431441220893_n.jpg?_nc_ht=instagram.fabe1-1.fna.fbcdn.net&_nc_cat=103&_nc_ohc=FmBu6Ioh0ygAX-ltT5z&_nc_tp=15&oh=eada8499e11549ade1c919e4168e9b2f&oe=5FB2D93A"
                },
                {
                    "config_height": 240,
                    "config_width": 240,
                    "src": "https://instagram.fabe1-1.fna.fbcdn.net/v/t51.2885-15/e35/s240x240/121499313_951576332002179_5997681431441220893_n.jpg?_nc_ht=instagram.fabe1-1.fna.fbcdn.net&_nc_cat=103&_nc_ohc=FmBu6Ioh0ygAX-ltT5z&_nc_tp=15&oh=d790f9703a5b96e8df9ed872ad930b7b&oe=5FB367C0"
                },
                {
                    "config_height": 320,
                    "config_width": 320,
                    "src": "https://instagram.fabe1-1.fna.fbcdn.net/v/t51.2885-15/e35/s320x320/121499313_951576332002179_5997681431441220893_n.jpg?_nc_ht=instagram.fabe1-1.fna.fbcdn.net&_nc_cat=103&_nc_ohc=FmBu6Ioh0ygAX-ltT5z&_nc_tp=15&oh=cd2135c7dee5c7d523b37f50653269bb&oe=5FB52442"
                },
                {
                    "config_height": 480,
                    "config_width": 480,
                    "src": "https://instagram.fabe1-1.fna.fbcdn.net/v/t51.2885-15/e35/s480x480/121499313_951576332002179_5997681431441220893_n.jpg?_nc_ht=instagram.fabe1-1.fna.fbcdn.net&_nc_cat=103&_nc_ohc=FmBu6Ioh0ygAX-ltT5z&_nc_tp=15&oh=af782a292b280edb2c73b353cbe37a64&oe=5FB3AC87"
                },
                {
                    "config_height": 640,
                    "config_width": 640,
                    "src": "https://instagram.fabe1-1.fna.fbcdn.net/v/t51.2885-15/sh0.08/e35/s640x640/121499313_951576332002179_5997681431441220893_n.jpg?_nc_ht=instagram.fabe1-1.fna.fbcdn.net&_nc_cat=103&_nc_ohc=FmBu6Ioh0ygAX-ltT5z&_nc_tp=24&oh=5ef7ad9898de210039c8448ecf214119&oe=5FB5403D"
                }
            ],
            "thumbnail_src": "https://instagram.fabe1-1.fna.fbcdn.net/v/t51.2885-15/sh0.08/e35/s640x640/121499313_951576332002179_5997681431441220893_n.jpg?_nc_ht=instagram.fabe1-1.fna.fbcdn.net&_nc_cat=103&_nc_ohc=FmBu6Ioh0ygAX-ltT5z&_nc_tp=24&oh=5ef7ad9898de210039c8448ecf214119&oe=5FB5403D",
            "urls": [
                "https://instagram.fabe1-1.fna.fbcdn.net/v/t51.2885-15/e35/s1080x1080/121499313_951576332002179_5997681431441220893_n.jpg?_nc_ht=instagram.fabe1-1.fna.fbcdn.net&_nc_cat=103&_nc_ohc=FmBu6Ioh0ygAX-ltT5z&_nc_tp=15&oh=68f16fc8fbc7c2ba5b8b13c4f6569539&oe=5FB2F079"
            ]
        },
        {
            "comments_disabled": false,
            "dimensions": {
                "height": 1080,
                "width": 1080
            },
            "display_url": "https://instagram.fabe1-1.fna.fbcdn.net/v/t51.2885-15/e35/s1080x1080/121499313_951576332002179_5997681431441220893_n.jpg?_nc_ht=instagram.fabe1-1.fna.fbcdn.net&_nc_cat=103&_nc_ohc=FmBu6Ioh0ygAX-ltT5z&_nc_tp=15&oh=68f16fc8fbc7c2ba5b8b13c4f6569539&oe=5FB2F079",
            "edge_liked_by": {
                "count": 0
            },
            "edge_media_preview_like": {
                "count": 0
            },
            "edge_media_to_caption": {
                "edges": [
                    {
                        "node": {
                            "text": "Daisy by SWÄN-´YĀ™ is a private restaurant dining service. We bring you a chef, a server, a mixologist, and any other help you may need to your home. We help you craft meals to meet the needs of yourself, but of every guest attending you event. \n\n\"Our Service, Dedication, Innovation, Determination, Ambition, & Experience is what sets us apart.\" \n\nwww.kanseptwerksinc.com \n\nwww.swanya.biz \n\nSWÄN-´YĀ™ is a Foodservice and Hospitality Boutique. We help our clients with crafting, then maintaining, personalized and unparalleled foodservice events within the privacy of the home, or any other setting they may choose.\n\n“Celebrating, connecting, & collaborating. All while enjoying food and beverages that themselves become a part of the conversation.”™\n\nLooking for safe restaurant alternatives? Interested in more elevated standards of service? Ready to entertain responsibly for the holidays and could also utilize some professional help to do so? Then SWÄN-´YĀ could be your solution. Why leave it up to chance, when you can have an event crafted specifically for yourself and those you hold dear. \n\nSWÄN-´YĀ offers Private Restaurant Style Dining within the home. Using C.A.R.E.x3, an elevated standard of Cleanliness and Engagement to ensure events are maintained at the highest standard.\n\nFor more info, visit us at: www.swanya.biz\n\n#concept #werks #openforbusiness #instagood #socal #houston #picoftheday #miami #localchef2yourtable #austin #swanya #norwalk #sd #goals #food #preppstep #hire #stamfordct #life #farmers #darienct #foodie #foodporn #fashion #newyork #dallas #stamford #darien #nyc #eatclean @localchef_2_yourtable @preppstep @kanseptwerks"
                        }
                    }
                ]
            },
            "edge_media_to_comment": {
                "count": 0
            },
            "id": "2421388757477661526",
            "is_video": false,
            "owner": {
                "id": "18046218688"
            },
            "shortcode": "CGagD7wlJtW",
            "tags": [
                "eatclean",
                "foodie",
                "goals",
                "miami",
                "norwalk",
                "instagood",
                "openforbusiness",
                "picoftheday",
                "stamford",
                "darien",
                "preppstep",
                "werks",
                "darienct",
                "sd",
                "stamfordct",
                "life",
                "dallas",
                "foodporn",
                "hire",
                "nyc",
                "austin",
                "food",
                "swanya",
                "localchef2yourtable",
                "newyork",
                "concept",
                "socal",
                "farmers",
                "houston",
                "fashion"
            ],
            "taken_at_timestamp": 1602872055,
            "thumbnail_resources": [
                {
                    "config_height": 150,
                    "config_width": 150,
                    "src": "https://instagram.fabe1-1.fna.fbcdn.net/v/t51.2885-15/e35/s150x150/121499313_951576332002179_5997681431441220893_n.jpg?_nc_ht=instagram.fabe1-1.fna.fbcdn.net&_nc_cat=103&_nc_ohc=FmBu6Ioh0ygAX-ltT5z&_nc_tp=15&oh=eada8499e11549ade1c919e4168e9b2f&oe=5FB2D93A"
                },
                {
                    "config_height": 240,
                    "config_width": 240,
                    "src": "https://instagram.fabe1-1.fna.fbcdn.net/v/t51.2885-15/e35/s240x240/121499313_951576332002179_5997681431441220893_n.jpg?_nc_ht=instagram.fabe1-1.fna.fbcdn.net&_nc_cat=103&_nc_ohc=FmBu6Ioh0ygAX-ltT5z&_nc_tp=15&oh=d790f9703a5b96e8df9ed872ad930b7b&oe=5FB367C0"
                },
                {
                    "config_height": 320,
                    "config_width": 320,
                    "src": "https://instagram.fabe1-1.fna.fbcdn.net/v/t51.2885-15/e35/s320x320/121499313_951576332002179_5997681431441220893_n.jpg?_nc_ht=instagram.fabe1-1.fna.fbcdn.net&_nc_cat=103&_nc_ohc=FmBu6Ioh0ygAX-ltT5z&_nc_tp=15&oh=cd2135c7dee5c7d523b37f50653269bb&oe=5FB52442"
                },
                {
                    "config_height": 480,
                    "config_width": 480,
                    "src": "https://instagram.fabe1-1.fna.fbcdn.net/v/t51.2885-15/e35/s480x480/121499313_951576332002179_5997681431441220893_n.jpg?_nc_ht=instagram.fabe1-1.fna.fbcdn.net&_nc_cat=103&_nc_ohc=FmBu6Ioh0ygAX-ltT5z&_nc_tp=15&oh=af782a292b280edb2c73b353cbe37a64&oe=5FB3AC87"
                },
                {
                    "config_height": 640,
                    "config_width": 640,
                    "src": "https://instagram.fabe1-1.fna.fbcdn.net/v/t51.2885-15/sh0.08/e35/s640x640/121499313_951576332002179_5997681431441220893_n.jpg?_nc_ht=instagram.fabe1-1.fna.fbcdn.net&_nc_cat=103&_nc_ohc=FmBu6Ioh0ygAX-ltT5z&_nc_tp=24&oh=5ef7ad9898de210039c8448ecf214119&oe=5FB5403D"
                }
            ],
            "thumbnail_src": "https://instagram.fabe1-1.fna.fbcdn.net/v/t51.2885-15/sh0.08/e35/s640x640/121499313_951576332002179_5997681431441220893_n.jpg?_nc_ht=instagram.fabe1-1.fna.fbcdn.net&_nc_cat=103&_nc_ohc=FmBu6Ioh0ygAX-ltT5z&_nc_tp=24&oh=5ef7ad9898de210039c8448ecf214119&oe=5FB5403D",
            "urls": [
                "https://instagram.fabe1-1.fna.fbcdn.net/v/t51.2885-15/e35/s1080x1080/121499313_951576332002179_5997681431441220893_n.jpg?_nc_ht=instagram.fabe1-1.fna.fbcdn.net&_nc_cat=103&_nc_ohc=FmBu6Ioh0ygAX-ltT5z&_nc_tp=15&oh=68f16fc8fbc7c2ba5b8b13c4f6569539&oe=5FB2F079"
            ]
        },
        {
            "comments_disabled": false,
            "dimensions": {
                "height": 1080,
                "width": 1080
            },
            "display_url": "https://instagram.fabe1-1.fna.fbcdn.net/v/t51.2885-15/e35/s1080x1080/121499313_951576332002179_5997681431441220893_n.jpg?_nc_ht=instagram.fabe1-1.fna.fbcdn.net&_nc_cat=103&_nc_ohc=FmBu6Ioh0ygAX-ltT5z&_nc_tp=15&oh=68f16fc8fbc7c2ba5b8b13c4f6569539&oe=5FB2F079",
            "edge_liked_by": {
                "count": 1
            },
            "edge_media_preview_like": {
                "count": 1
            },
            "edge_media_to_caption": {
                "edges": [
                    {
                        "node": {
                            "text": "Daisy by SWÄN-´YĀ™ is a private restaurant dining service. We bring you a chef, a server, a mixologist, and any other help you may need to your home. We help you craft meals to meet the needs of yourself, but of every guest attending you event. \n\n\"Our Service, Dedication, Innovation, Determination, Ambition, & Experience is what sets us apart.\" \n\nwww.kanseptwerksinc.com \n\nwww.swanya.biz \n\nSWÄN-´YĀ™ is a Foodservice and Hospitality Boutique. We help our clients with crafting, then maintaining, personalized and unparalleled foodservice events within the privacy of the home, or any other setting they may choose.\n\n“Celebrating, connecting, & collaborating. All while enjoying food and beverages that themselves become a part of the conversation.”™\n\nLooking for safe restaurant alternatives? Interested in more elevated standards of service? Ready to entertain responsibly for the holidays and could also utilize some professional help to do so? Then SWÄN-´YĀ could be your solution. Why leave it up to chance, when you can have an event crafted specifically for yourself and those you hold dear. \n\nSWÄN-´YĀ offers Private Restaurant Style Dining within the home. Using C.A.R.E.x3, an elevated standard of Cleanliness and Engagement to ensure events are maintained at the highest standard.\n\nFor more info, visit us at: www.swanya.biz\n\n#concept #werks #openforbusiness #instagood #socal #houston #picoftheday #miami #localchef2yourtable #austin #swanya #norwalk #sd #goals #food #preppstep #hire #stamfordct #life #farmers #darienct #foodie #foodporn #fashion #newyork #dallas #stamford #darien #nyc #eatclean @localchef_2_yourtable @preppstep @kanseptwerks"
                        }
                    }
                ]
            },
            "edge_media_to_comment": {
                "count": 0
            },
            "id": "2421388733519871014",
            "is_video": false,
            "owner": {
                "id": "6692623892"
            },
            "shortcode": "CGagDlclbwm",
            "tags": [
                "eatclean",
                "foodie",
                "goals",
                "miami",
                "norwalk",
                "instagood",
                "openforbusiness",
                "picoftheday",
                "stamford",
                "darien",
                "preppstep",
                "werks",
                "darienct",
                "sd",
                "stamfordct",
                "life",
                "dallas",
                "foodporn",
                "hire",
                "nyc",
                "austin",
                "food",
                "swanya",
                "localchef2yourtable",
                "newyork",
                "concept",
                "socal",
                "farmers",
                "houston",
                "fashion"
            ],
            "taken_at_timestamp": 1602872052,
            "thumbnail_resources": [
                {
                    "config_height": 150,
                    "config_width": 150,
                    "src": "https://instagram.fabe1-1.fna.fbcdn.net/v/t51.2885-15/e35/s150x150/121499313_951576332002179_5997681431441220893_n.jpg?_nc_ht=instagram.fabe1-1.fna.fbcdn.net&_nc_cat=103&_nc_ohc=FmBu6Ioh0ygAX-ltT5z&_nc_tp=15&oh=eada8499e11549ade1c919e4168e9b2f&oe=5FB2D93A"
                },
                {
                    "config_height": 240,
                    "config_width": 240,
                    "src": "https://instagram.fabe1-1.fna.fbcdn.net/v/t51.2885-15/e35/s240x240/121499313_951576332002179_5997681431441220893_n.jpg?_nc_ht=instagram.fabe1-1.fna.fbcdn.net&_nc_cat=103&_nc_ohc=FmBu6Ioh0ygAX-ltT5z&_nc_tp=15&oh=d790f9703a5b96e8df9ed872ad930b7b&oe=5FB367C0"
                },
                {
                    "config_height": 320,
                    "config_width": 320,
                    "src": "https://instagram.fabe1-1.fna.fbcdn.net/v/t51.2885-15/e35/s320x320/121499313_951576332002179_5997681431441220893_n.jpg?_nc_ht=instagram.fabe1-1.fna.fbcdn.net&_nc_cat=103&_nc_ohc=FmBu6Ioh0ygAX-ltT5z&_nc_tp=15&oh=cd2135c7dee5c7d523b37f50653269bb&oe=5FB52442"
                },
                {
                    "config_height": 480,
                    "config_width": 480,
                    "src": "https://instagram.fabe1-1.fna.fbcdn.net/v/t51.2885-15/e35/s480x480/121499313_951576332002179_5997681431441220893_n.jpg?_nc_ht=instagram.fabe1-1.fna.fbcdn.net&_nc_cat=103&_nc_ohc=FmBu6Ioh0ygAX-ltT5z&_nc_tp=15&oh=af782a292b280edb2c73b353cbe37a64&oe=5FB3AC87"
                },
                {
                    "config_height": 640,
                    "config_width": 640,
                    "src": "https://instagram.fabe1-1.fna.fbcdn.net/v/t51.2885-15/sh0.08/e35/s640x640/121499313_951576332002179_5997681431441220893_n.jpg?_nc_ht=instagram.fabe1-1.fna.fbcdn.net&_nc_cat=103&_nc_ohc=FmBu6Ioh0ygAX-ltT5z&_nc_tp=24&oh=5ef7ad9898de210039c8448ecf214119&oe=5FB5403D"
                }
            ],
            "thumbnail_src": "https://instagram.fabe1-1.fna.fbcdn.net/v/t51.2885-15/sh0.08/e35/s640x640/121499313_951576332002179_5997681431441220893_n.jpg?_nc_ht=instagram.fabe1-1.fna.fbcdn.net&_nc_cat=103&_nc_ohc=FmBu6Ioh0ygAX-ltT5z&_nc_tp=24&oh=5ef7ad9898de210039c8448ecf214119&oe=5FB5403D",
            "urls": [
                "https://instagram.fabe1-1.fna.fbcdn.net/v/t51.2885-15/e35/s1080x1080/121499313_951576332002179_5997681431441220893_n.jpg?_nc_ht=instagram.fabe1-1.fna.fbcdn.net&_nc_cat=103&_nc_ohc=FmBu6Ioh0ygAX-ltT5z&_nc_tp=15&oh=68f16fc8fbc7c2ba5b8b13c4f6569539&oe=5FB2F079"
            ]
        },
        {
            "comments_disabled": false,
            "dimensions": {
                "height": 1080,
                "width": 1080
            },
            "display_url": "https://instagram.fabe1-1.fna.fbcdn.net/v/t51.2885-15/e35/s1080x1080/121499313_951576332002179_5997681431441220893_n.jpg?_nc_ht=instagram.fabe1-1.fna.fbcdn.net&_nc_cat=103&_nc_ohc=FmBu6Ioh0ygAX-ltT5z&_nc_tp=15&oh=68f16fc8fbc7c2ba5b8b13c4f6569539&oe=5FB2F079",
            "edge_liked_by": {
                "count": 1
            },
            "edge_media_preview_like": {
                "count": 1
            },
            "edge_media_to_caption": {
                "edges": [
                    {
                        "node": {
                            "text": "Daisy by SWÄN-´YĀ™ is a private restaurant dining service. We bring you a chef, a server, a mixologist, and any other help you may need to your home. We help you craft meals to meet the needs of yourself, but of every guest attending you event. \n\n\"Our Service, Dedication, Innovation, Determination, Ambition, & Experience is what sets us apart.\" \n\nwww.kanseptwerksinc.com \n\nwww.swanya.biz \n\nSWÄN-´YĀ™ is a Foodservice and Hospitality Boutique. We help our clients with crafting, then maintaining, personalized and unparalleled foodservice events within the privacy of the home, or any other setting they may choose.\n\n“Celebrating, connecting, & collaborating. All while enjoying food and beverages that themselves become a part of the conversation.”™\n\nLooking for safe restaurant alternatives? Interested in more elevated standards of service? Ready to entertain responsibly for the holidays and could also utilize some professional help to do so? Then SWÄN-´YĀ could be your solution. Why leave it up to chance, when you can have an event crafted specifically for yourself and those you hold dear. \n\nSWÄN-´YĀ offers Private Restaurant Style Dining within the home. Using C.A.R.E.x3, an elevated standard of Cleanliness and Engagement to ensure events are maintained at the highest standard.\n\nFor more info, visit us at: www.swanya.biz\n\n#concept #werks #openforbusiness #instagood #socal #houston #picoftheday #miami #localchef2yourtable #austin #swanya #norwalk #sd #goals #food #preppstep #hire #stamfordct #life #farmers #darienct #foodie #foodporn #fashion #newyork #dallas #stamford #darien #nyc #eatclean @localchef_2_yourtable @preppstep @kanseptwerks"
                        }
                    }
                ]
            },
            "edge_media_to_comment": {
                "count": 0
            },
            "id": "2421388698866653308",
            "is_video": false,
            "owner": {
                "id": "1502432399"
            },
            "shortcode": "CGagDFLF5h8",
            "tags": [
                "eatclean",
                "foodie",
                "goals",
                "miami",
                "norwalk",
                "instagood",
                "openforbusiness",
                "picoftheday",
                "stamford",
                "darien",
                "preppstep",
                "werks",
                "darienct",
                "sd",
                "stamfordct",
                "life",
                "dallas",
                "foodporn",
                "hire",
                "nyc",
                "austin",
                "food",
                "swanya",
                "localchef2yourtable",
                "newyork",
                "concept",
                "socal",
                "farmers",
                "houston",
                "fashion"
            ],
            "taken_at_timestamp": 1602872048,
            "thumbnail_resources": [
                {
                    "config_height": 150,
                    "config_width": 150,
                    "src": "https://instagram.fabe1-1.fna.fbcdn.net/v/t51.2885-15/e35/s150x150/121499313_951576332002179_5997681431441220893_n.jpg?_nc_ht=instagram.fabe1-1.fna.fbcdn.net&_nc_cat=103&_nc_ohc=FmBu6Ioh0ygAX-ltT5z&_nc_tp=15&oh=eada8499e11549ade1c919e4168e9b2f&oe=5FB2D93A"
                },
                {
                    "config_height": 240,
                    "config_width": 240,
                    "src": "https://instagram.fabe1-1.fna.fbcdn.net/v/t51.2885-15/e35/s240x240/121499313_951576332002179_5997681431441220893_n.jpg?_nc_ht=instagram.fabe1-1.fna.fbcdn.net&_nc_cat=103&_nc_ohc=FmBu6Ioh0ygAX-ltT5z&_nc_tp=15&oh=d790f9703a5b96e8df9ed872ad930b7b&oe=5FB367C0"
                },
                {
                    "config_height": 320,
                    "config_width": 320,
                    "src": "https://instagram.fabe1-1.fna.fbcdn.net/v/t51.2885-15/e35/s320x320/121499313_951576332002179_5997681431441220893_n.jpg?_nc_ht=instagram.fabe1-1.fna.fbcdn.net&_nc_cat=103&_nc_ohc=FmBu6Ioh0ygAX-ltT5z&_nc_tp=15&oh=cd2135c7dee5c7d523b37f50653269bb&oe=5FB52442"
                },
                {
                    "config_height": 480,
                    "config_width": 480,
                    "src": "https://instagram.fabe1-1.fna.fbcdn.net/v/t51.2885-15/e35/s480x480/121499313_951576332002179_5997681431441220893_n.jpg?_nc_ht=instagram.fabe1-1.fna.fbcdn.net&_nc_cat=103&_nc_ohc=FmBu6Ioh0ygAX-ltT5z&_nc_tp=15&oh=af782a292b280edb2c73b353cbe37a64&oe=5FB3AC87"
                },
                {
                    "config_height": 640,
                    "config_width": 640,
                    "src": "https://instagram.fabe1-1.fna.fbcdn.net/v/t51.2885-15/sh0.08/e35/s640x640/121499313_951576332002179_5997681431441220893_n.jpg?_nc_ht=instagram.fabe1-1.fna.fbcdn.net&_nc_cat=103&_nc_ohc=FmBu6Ioh0ygAX-ltT5z&_nc_tp=24&oh=5ef7ad9898de210039c8448ecf214119&oe=5FB5403D"
                }
            ],
            "thumbnail_src": "https://instagram.fabe1-1.fna.fbcdn.net/v/t51.2885-15/sh0.08/e35/s640x640/121499313_951576332002179_5997681431441220893_n.jpg?_nc_ht=instagram.fabe1-1.fna.fbcdn.net&_nc_cat=103&_nc_ohc=FmBu6Ioh0ygAX-ltT5z&_nc_tp=24&oh=5ef7ad9898de210039c8448ecf214119&oe=5FB5403D",
            "urls": [
                "https://instagram.fabe1-1.fna.fbcdn.net/v/t51.2885-15/e35/s1080x1080/121499313_951576332002179_5997681431441220893_n.jpg?_nc_ht=instagram.fabe1-1.fna.fbcdn.net&_nc_cat=103&_nc_ohc=FmBu6Ioh0ygAX-ltT5z&_nc_tp=15&oh=68f16fc8fbc7c2ba5b8b13c4f6569539&oe=5FB2F079"
            ]
        },
        {
            "comments_disabled": false,
            "dimensions": {
                "height": 480,
                "width": 480
            },
            "display_url": "https://instagram.fabe1-1.fna.fbcdn.net/v/t51.2885-15/e35/121660250_3256685517791317_4858060844684311398_n.jpg?_nc_ht=instagram.fabe1-1.fna.fbcdn.net&_nc_cat=101&_nc_ohc=-uBI_WNwyYEAX_0go3t&_nc_tp=18&oh=a75561228097e69cac842d0a06b5feb2&oe=5F8C06A7",
            "edge_liked_by": {
                "count": 0
            },
            "edge_media_preview_like": {
                "count": 0
            },
            "edge_media_to_caption": {
                "edges": []
            },
            "edge_media_to_comment": {
                "count": 0
            },
            "id": "2421388555245776943",
            "is_video": true,
            "owner": {
                "id": "6259230979"
            },
            "shortcode": "CGagA_anvAv",
            "taken_at_timestamp": 1602872045,
            "thumbnail_resources": [
                {
                    "config_height": 150,
                    "config_width": 150,
                    "src": "https://instagram.fabe1-1.fna.fbcdn.net/v/t51.2885-15/e35/s150x150/121660250_3256685517791317_4858060844684311398_n.jpg?_nc_ht=instagram.fabe1-1.fna.fbcdn.net&_nc_cat=101&_nc_ohc=-uBI_WNwyYEAX_0go3t&_nc_tp=15&oh=07070c53e8b840086c9f3824ee7138d4&oe=5F8C22CB"
                },
                {
                    "config_height": 240,
                    "config_width": 240,
                    "src": "https://instagram.fabe1-1.fna.fbcdn.net/v/t51.2885-15/e35/s240x240/121660250_3256685517791317_4858060844684311398_n.jpg?_nc_ht=instagram.fabe1-1.fna.fbcdn.net&_nc_cat=101&_nc_ohc=-uBI_WNwyYEAX_0go3t&_nc_tp=15&oh=239f3b5fded00b30fe5d3b53c1246d88&oe=5F8BE1C3"
                },
                {
                    "config_height": 320,
                    "config_width": 320,
                    "src": "https://instagram.fabe1-1.fna.fbcdn.net/v/t51.2885-15/e35/s320x320/121660250_3256685517791317_4858060844684311398_n.jpg?_nc_ht=instagram.fabe1-1.fna.fbcdn.net&_nc_cat=101&_nc_ohc=-uBI_WNwyYEAX_0go3t&_nc_tp=15&oh=90135ec4b5874302a190a98ae7fdfff3&oe=5F8BE55E"
                },
                {
                    "config_height": 480,
                    "config_width": 480,
                    "src": "https://instagram.fabe1-1.fna.fbcdn.net/v/t51.2885-15/e35/121660250_3256685517791317_4858060844684311398_n.jpg?_nc_ht=instagram.fabe1-1.fna.fbcdn.net&_nc_cat=101&_nc_ohc=-uBI_WNwyYEAX_0go3t&_nc_tp=18&oh=a75561228097e69cac842d0a06b5feb2&oe=5F8C06A7"
                },
                {
                    "config_height": 640,
                    "config_width": 640,
                    "src": "https://instagram.fabe1-1.fna.fbcdn.net/v/t51.2885-15/e35/121660250_3256685517791317_4858060844684311398_n.jpg?_nc_ht=instagram.fabe1-1.fna.fbcdn.net&_nc_cat=101&_nc_ohc=-uBI_WNwyYEAX_0go3t&_nc_tp=18&oh=a75561228097e69cac842d0a06b5feb2&oe=5F8C06A7"
                }
            ],
            "thumbnail_src": "https://instagram.fabe1-1.fna.fbcdn.net/v/t51.2885-15/e35/121660250_3256685517791317_4858060844684311398_n.jpg?_nc_ht=instagram.fabe1-1.fna.fbcdn.net&_nc_cat=101&_nc_ohc=-uBI_WNwyYEAX_0go3t&_nc_tp=18&oh=a75561228097e69cac842d0a06b5feb2&oe=5F8C06A7",
            "urls": [
                "https://instagram.fabe1-1.fna.fbcdn.net/v/t50.2886-16/121618560_130188171822733_7063381032863890219_n.mp4?_nc_ht=instagram.fabe1-1.fna.fbcdn.net&_nc_cat=101&_nc_ohc=s-Pi7dqr_nkAX-0liHd&oe=5F8C79AF&oh=ff70c82ab43739a7206c7fb2df41ea91"
            ],
            "video_view_count": 0
        },
        {
            "comments_disabled": false,
            "dimensions": {
                "height": 1073,
                "width": 1080
            },
            "display_url": "https://instagram.fabe1-1.fna.fbcdn.net/v/t51.2885-15/e35/s1080x1080/121510488_637861207103439_8267881836644272949_n.jpg?_nc_ht=instagram.fabe1-1.fna.fbcdn.net&_nc_cat=103&_nc_ohc=OlRxzZdubp0AX-5IYui&_nc_tp=15&oh=109a0ee3f454492a7bf8facbd41487a5&oe=5FB17B3F",
            "edge_liked_by": {
                "count": 0
            },
            "edge_media_preview_like": {
                "count": 0
            },
            "edge_media_to_caption": {
                "edges": [
                    {
                        "node": {
                            "text": "can’t be around folks who think my growth is competition. If we can’t be happy for one another, then we have nothing in common...\n📸 @mrcarloscollins \n#smile \n#begreat \n#photography \n#photooftheday \n#photo\n#photographer"
                        }
                    }
                ]
            },
            "edge_media_to_comment": {
                "count": 0
            },
            "id": "2421388633341857746",
            "is_video": false,
            "owner": {
                "id": "43291797247"
            },
            "shortcode": "CGagCIJgo_S",
            "tags": [
                "photography",
                "photo",
                "begreat",
                "photographer",
                "smile",
                "photooftheday"
            ],
            "taken_at_timestamp": 1602872040,
            "thumbnail_resources": [
                {
                    "config_height": 150,
                    "config_width": 150,
                    "src": "https://instagram.fabe1-1.fna.fbcdn.net/v/t51.2885-15/e35/c3.0.1102.1102a/s150x150/121510488_637861207103439_8267881836644272949_n.jpg?_nc_ht=instagram.fabe1-1.fna.fbcdn.net&_nc_cat=103&_nc_ohc=OlRxzZdubp0AX-5IYui&tp=16&oh=cffd22a5253335a83e30b3591f67c4e8&oe=5FB3376A"
                },
                {
                    "config_height": 240,
                    "config_width": 240,
                    "src": "https://instagram.fabe1-1.fna.fbcdn.net/v/t51.2885-15/e35/c3.0.1102.1102a/s240x240/121510488_637861207103439_8267881836644272949_n.jpg?_nc_ht=instagram.fabe1-1.fna.fbcdn.net&_nc_cat=103&_nc_ohc=OlRxzZdubp0AX-5IYui&tp=16&oh=5e1c6a17379c91a2a5b494965ed088a6&oe=5FB31EF0"
                },
                {
                    "config_height": 320,
                    "config_width": 320,
                    "src": "https://instagram.fabe1-1.fna.fbcdn.net/v/t51.2885-15/e35/c3.0.1102.1102a/s320x320/121510488_637861207103439_8267881836644272949_n.jpg?_nc_ht=instagram.fabe1-1.fna.fbcdn.net&_nc_cat=103&_nc_ohc=OlRxzZdubp0AX-5IYui&tp=16&oh=541518c77f2769022b05453cfada4814&oe=5FB4C392"
                },
                {
                    "config_height": 480,
                    "config_width": 480,
                    "src": "https://instagram.fabe1-1.fna.fbcdn.net/v/t51.2885-15/e35/c3.0.1102.1102a/s480x480/121510488_637861207103439_8267881836644272949_n.jpg?_nc_ht=instagram.fabe1-1.fna.fbcdn.net&_nc_cat=103&_nc_ohc=OlRxzZdubp0AX-5IYui&tp=16&oh=08a5a43b4e0ccdd16ab48e00f36cce0d&oe=5FB34AD7"
                },
                {
                    "config_height": 640,
                    "config_width": 640,
                    "src": "https://instagram.fabe1-1.fna.fbcdn.net/v/t51.2885-15/sh0.08/e35/c3.0.1102.1102a/s640x640/121510488_637861207103439_8267881836644272949_n.jpg?_nc_ht=instagram.fabe1-1.fna.fbcdn.net&_nc_cat=103&_nc_ohc=OlRxzZdubp0AX-5IYui&oh=b8a309301d58eb1293adee3f5b0e1304&oe=5FB1EEAF"
                }
            ],
            "thumbnail_src": "https://instagram.fabe1-1.fna.fbcdn.net/v/t51.2885-15/sh0.08/e35/c3.0.1102.1102a/s640x640/121510488_637861207103439_8267881836644272949_n.jpg?_nc_ht=instagram.fabe1-1.fna.fbcdn.net&_nc_cat=103&_nc_ohc=OlRxzZdubp0AX-5IYui&oh=b8a309301d58eb1293adee3f5b0e1304&oe=5FB1EEAF",
            "urls": [
                "https://instagram.fabe1-1.fna.fbcdn.net/v/t51.2885-15/e35/s1080x1080/121510488_637861207103439_8267881836644272949_n.jpg?_nc_ht=instagram.fabe1-1.fna.fbcdn.net&_nc_cat=103&_nc_ohc=OlRxzZdubp0AX-5IYui&_nc_tp=15&oh=109a0ee3f454492a7bf8facbd41487a5&oe=5FB17B3F"
            ]
        }
    ]
}