{
    "GraphImages": [
        {
            "comments_disabled": false,
            "dimensions": {
                "height": 1080,
                "width": 1080
            },
            "display_url": "https://instagram.fabe1-1.fna.fbcdn.net/v/t51.2885-15/e35/s1080x1080/121586340_2438413003119254_7773381152892890853_n.jpg?_nc_ht=instagram.fabe1-1.fna.fbcdn.net&_nc_cat=102&_nc_ohc=BLy0gatafwsAX-43EoZ&_nc_tp=15&oh=3933980fb20bfeaf7648eba57ec5ec39&oe=5FB1A408",
            "edge_liked_by": {
                "count": 0
            },
            "edge_media_preview_like": {
                "count": 0
            },
            "edge_media_to_caption": {
                "edges": [
                    {
                        "node": {
                            "text": "☀️Sunrise in South Beach☀️"
                        }
                    }
                ]
            },
            "edge_media_to_comment": {
                "count": 0
            },
            "id": "2421468845815419371",
            "is_video": false,
            "owner": {
                "id": "5812033852"
            },
            "shortcode": "CGayRX1gNHr",
            "tags": [],
            "taken_at_timestamp": 1602881602,
            "thumbnail_resources": [
                {
                    "config_height": 150,
                    "config_width": 150,
                    "src": "https://instagram.fabe1-1.fna.fbcdn.net/v/t51.2885-15/e35/s150x150/121586340_2438413003119254_7773381152892890853_n.jpg?_nc_ht=instagram.fabe1-1.fna.fbcdn.net&_nc_cat=102&_nc_ohc=BLy0gatafwsAX-43EoZ&_nc_tp=15&oh=c7189e680041f04c75b09f5d13b57d85&oe=5FB2D89C"
                },
                {
                    "config_height": 240,
                    "config_width": 240,
                    "src": "https://instagram.fabe1-1.fna.fbcdn.net/v/t51.2885-15/e35/s240x240/121586340_2438413003119254_7773381152892890853_n.jpg?_nc_ht=instagram.fabe1-1.fna.fbcdn.net&_nc_cat=102&_nc_ohc=BLy0gatafwsAX-43EoZ&_nc_tp=15&oh=3878f03afa54aded1bc8be10fe608c12&oe=5FB2F454"
                },
                {
                    "config_height": 320,
                    "config_width": 320,
                    "src": "https://instagram.fabe1-1.fna.fbcdn.net/v/t51.2885-15/e35/s320x320/121586340_2438413003119254_7773381152892890853_n.jpg?_nc_ht=instagram.fabe1-1.fna.fbcdn.net&_nc_cat=102&_nc_ohc=BLy0gatafwsAX-43EoZ&_nc_tp=15&oh=fa2f2038f475ce1315be59b9d0183366&oe=5FB5280D"
                },
                {
                    "config_height": 480,
                    "config_width": 480,
                    "src": "https://instagram.fabe1-1.fna.fbcdn.net/v/t51.2885-15/e35/s480x480/121586340_2438413003119254_7773381152892890853_n.jpg?_nc_ht=instagram.fabe1-1.fna.fbcdn.net&_nc_cat=102&_nc_ohc=BLy0gatafwsAX-43EoZ&_nc_tp=15&oh=a43f3afb76be1c343c694111100f11e5&oe=5FB1FECF"
                },
                {
                    "config_height": 640,
                    "config_width": 640,
                    "src": "https://instagram.fabe1-1.fna.fbcdn.net/v/t51.2885-15/sh0.08/e35/s640x640/121586340_2438413003119254_7773381152892890853_n.jpg?_nc_ht=instagram.fabe1-1.fna.fbcdn.net&_nc_cat=102&_nc_ohc=BLy0gatafwsAX-43EoZ&_nc_tp=24&oh=f03f90f2188a1763800996ade762c58f&oe=5FB50D6F"
                }
            ],
            "thumbnail_src": "https://instagram.fabe1-1.fna.fbcdn.net/v/t51.2885-15/sh0.08/e35/s640x640/121586340_2438413003119254_7773381152892890853_n.jpg?_nc_ht=instagram.fabe1-1.fna.fbcdn.net&_nc_cat=102&_nc_ohc=BLy0gatafwsAX-43EoZ&_nc_tp=24&oh=f03f90f2188a1763800996ade762c58f&oe=5FB50D6F",
            "urls": [
                "https://instagram.fabe1-1.fna.fbcdn.net/v/t51.2885-15/e35/s1080x1080/121586340_2438413003119254_7773381152892890853_n.jpg?_nc_ht=instagram.fabe1-1.fna.fbcdn.net&_nc_cat=102&_nc_ohc=BLy0gatafwsAX-43EoZ&_nc_tp=15&oh=3933980fb20bfeaf7648eba57ec5ec39&oe=5FB1A408"
            ]
        },
        {
            "comments_disabled": false,
            "dimensions": {
                "height": 1080,
                "width": 1080
            },
            "display_url": "https://instagram.fabe1-1.fna.fbcdn.net/v/t51.2885-15/e35/121534450_107339224487864_1436126656130865185_n.jpg?_nc_ht=instagram.fabe1-1.fna.fbcdn.net&_nc_cat=108&_nc_ohc=396ZXKl4wY0AX8_t3Hz&_nc_tp=18&oh=0b0c1fb42663d7dde7fade36c0e49e92&oe=5FB2DC75",
            "edge_liked_by": {
                "count": 0
            },
            "edge_media_preview_like": {
                "count": 0
            },
            "edge_media_to_caption": {
                "edges": [
                    {
                        "node": {
                            "text": "Feliz Cumpleaños para mi ahijada bella @marianfer_arias16 ,Dios te bendiga y te siga llenando de muchas bendiciones, te deseo lo mejor del mundo ,te lo mereces x ser única..Te quiero mi niña🤩🤩😘😘🙏🙏"
                        }
                    }
                ]
            },
            "edge_media_to_comment": {
                "count": 0
            },
            "id": "2421468793051056127",
            "is_video": false,
            "owner": {
                "id": "3982296852"
            },
            "shortcode": "CGayQmsgIf_",
            "tags": [],
            "taken_at_timestamp": 1602881596,
            "thumbnail_resources": [
                {
                    "config_height": 150,
                    "config_width": 150,
                    "src": "https://instagram.fabe1-1.fna.fbcdn.net/v/t51.2885-15/e35/s150x150/121534450_107339224487864_1436126656130865185_n.jpg?_nc_ht=instagram.fabe1-1.fna.fbcdn.net&_nc_cat=108&_nc_ohc=396ZXKl4wY0AX8_t3Hz&_nc_tp=15&oh=f9ff7f9ccf3982f049d9e4c27b8ee0b0&oe=5FB2524C"
                },
                {
                    "config_height": 240,
                    "config_width": 240,
                    "src": "https://instagram.fabe1-1.fna.fbcdn.net/v/t51.2885-15/e35/s240x240/121534450_107339224487864_1436126656130865185_n.jpg?_nc_ht=instagram.fabe1-1.fna.fbcdn.net&_nc_cat=108&_nc_ohc=396ZXKl4wY0AX8_t3Hz&_nc_tp=15&oh=d69f4436e168bbcc5817a60497c0b823&oe=5FB331CE"
                },
                {
                    "config_height": 320,
                    "config_width": 320,
                    "src": "https://instagram.fabe1-1.fna.fbcdn.net/v/t51.2885-15/e35/s320x320/121534450_107339224487864_1436126656130865185_n.jpg?_nc_ht=instagram.fabe1-1.fna.fbcdn.net&_nc_cat=108&_nc_ohc=396ZXKl4wY0AX8_t3Hz&_nc_tp=15&oh=edb6feafbde290332ad1134cd672f356&oe=5FB3DFB4"
                },
                {
                    "config_height": 480,
                    "config_width": 480,
                    "src": "https://instagram.fabe1-1.fna.fbcdn.net/v/t51.2885-15/e35/s480x480/121534450_107339224487864_1436126656130865185_n.jpg?_nc_ht=instagram.fabe1-1.fna.fbcdn.net&_nc_cat=108&_nc_ohc=396ZXKl4wY0AX8_t3Hz&_nc_tp=15&oh=670d8cc77a5b2965916773ce1495cf6e&oe=5FB24575"
                },
                {
                    "config_height": 640,
                    "config_width": 640,
                    "src": "https://instagram.fabe1-1.fna.fbcdn.net/v/t51.2885-15/sh0.08/e35/s640x640/121534450_107339224487864_1436126656130865185_n.jpg?_nc_ht=instagram.fabe1-1.fna.fbcdn.net&_nc_cat=108&_nc_ohc=396ZXKl4wY0AX8_t3Hz&_nc_tp=24&oh=c5f79f95e54247ef99c329e79cadc4f5&oe=5FB45ACF"
                }
            ],
            "thumbnail_src": "https://instagram.fabe1-1.fna.fbcdn.net/v/t51.2885-15/sh0.08/e35/s640x640/121534450_107339224487864_1436126656130865185_n.jpg?_nc_ht=instagram.fabe1-1.fna.fbcdn.net&_nc_cat=108&_nc_ohc=396ZXKl4wY0AX8_t3Hz&_nc_tp=24&oh=c5f79f95e54247ef99c329e79cadc4f5&oe=5FB45ACF",
            "urls": [
                "https://instagram.fabe1-1.fna.fbcdn.net/v/t51.2885-15/e35/121534450_107339224487864_1436126656130865185_n.jpg?_nc_ht=instagram.fabe1-1.fna.fbcdn.net&_nc_cat=108&_nc_ohc=396ZXKl4wY0AX8_t3Hz&_nc_tp=18&oh=0b0c1fb42663d7dde7fade36c0e49e92&oe=5FB2DC75",
                "https://instagram.fabe1-1.fna.fbcdn.net/v/t51.2885-15/e35/121611257_169622304780437_7120679507228933922_n.jpg?_nc_ht=instagram.fabe1-1.fna.fbcdn.net&_nc_cat=105&_nc_ohc=nUUDpkCsUzAAX_cjWo7&_nc_tp=18&oh=dd862ea3bbe8d9b923eeb96ecb30d6eb&oe=5FB2F8D5",
                "https://instagram.fabe1-1.fna.fbcdn.net/v/t51.2885-15/e35/121515721_3267170783412373_6804907084956721635_n.jpg?_nc_ht=instagram.fabe1-1.fna.fbcdn.net&_nc_cat=101&_nc_ohc=DcjmX4khk2IAX8_RR0B&_nc_tp=18&oh=011621b2f59b29792c4d98d18d7fe755&oe=5FB3F3BA",
                "https://instagram.fabe1-1.fna.fbcdn.net/v/t51.2885-15/e35/121607409_1034102030362807_6605009509545749681_n.jpg?_nc_ht=instagram.fabe1-1.fna.fbcdn.net&_nc_cat=107&_nc_ohc=bAq1Q1eSqSYAX-U6lSB&_nc_tp=18&oh=5763835510db180a760b3b5a97047748&oe=5FB5530F"
            ]
        },
        {
            "comments_disabled": false,
            "dimensions": {
                "height": 480,
                "width": 480
            },
            "display_url": "https://instagram.fabe1-1.fna.fbcdn.net/v/t51.2885-15/e35/121729557_643629589847072_5687266218084552384_n.jpg?_nc_ht=instagram.fabe1-1.fna.fbcdn.net&_nc_cat=108&_nc_ohc=WYTfjLeuPToAX_N-gmo&_nc_tp=18&oh=57547e120b3a3febb200a508529d491d&oe=5F8C7AA4",
            "edge_liked_by": {
                "count": 1
            },
            "edge_media_preview_like": {
                "count": 1
            },
            "edge_media_to_caption": {
                "edges": [
                    {
                        "node": {
                            "text": "#topic #explorepage #photography #picoftheday #beautiful #art #friends #fun #artist #picture #sexy #music #fashion #tbt #love #photooftheday #followme #me #instadaily #girl #tiktok #videostar #wordstoliveby #sayings #lifelessons #goodadvice #truth #salute"
                        }
                    }
                ]
            },
            "edge_media_to_comment": {
                "count": 0
            },
            "id": "2421468719390736090",
            "is_video": true,
            "owner": {
                "id": "32196063546"
            },
            "shortcode": "CGayPiGAT7a",
            "tags": [
                "tiktok",
                "friends",
                "me",
                "photography",
                "fun",
                "topic",
                "lifelessons",
                "goodadvice",
                "art",
                "instadaily",
                "artist",
                "fashion",
                "wordstoliveby",
                "music",
                "girl",
                "love",
                "sexy",
                "picture",
                "explorepage",
                "followme",
                "tbt",
                "sayings",
                "videostar",
                "salute",
                "picoftheday",
                "photooftheday",
                "truth",
                "beautiful"
            ],
            "taken_at_timestamp": 1602881594,
            "thumbnail_resources": [
                {
                    "config_height": 150,
                    "config_width": 150,
                    "src": "https://instagram.fabe1-1.fna.fbcdn.net/v/t51.2885-15/e35/s150x150/121729557_643629589847072_5687266218084552384_n.jpg?_nc_ht=instagram.fabe1-1.fna.fbcdn.net&_nc_cat=108&_nc_ohc=WYTfjLeuPToAX_N-gmo&_nc_tp=15&oh=14b0c6791963b835218600e82eff2c87&oe=5F8C671D"
                },
                {
                    "config_height": 240,
                    "config_width": 240,
                    "src": "https://instagram.fabe1-1.fna.fbcdn.net/v/t51.2885-15/e35/s240x240/121729557_643629589847072_5687266218084552384_n.jpg?_nc_ht=instagram.fabe1-1.fna.fbcdn.net&_nc_cat=108&_nc_ohc=WYTfjLeuPToAX_N-gmo&_nc_tp=15&oh=81821e9ba0113b5f58cdb738be291914&oe=5F8C989B"
                },
                {
                    "config_height": 320,
                    "config_width": 320,
                    "src": "https://instagram.fabe1-1.fna.fbcdn.net/v/t51.2885-15/e35/s320x320/121729557_643629589847072_5687266218084552384_n.jpg?_nc_ht=instagram.fabe1-1.fna.fbcdn.net&_nc_cat=108&_nc_ohc=WYTfjLeuPToAX_N-gmo&_nc_tp=15&oh=4ddbc60f2c04983da0b34422eb2f3318&oe=5F8C82E5"
                },
                {
                    "config_height": 480,
                    "config_width": 480,
                    "src": "https://instagram.fabe1-1.fna.fbcdn.net/v/t51.2885-15/e35/121729557_643629589847072_5687266218084552384_n.jpg?_nc_ht=instagram.fabe1-1.fna.fbcdn.net&_nc_cat=108&_nc_ohc=WYTfjLeuPToAX_N-gmo&_nc_tp=18&oh=57547e120b3a3febb200a508529d491d&oe=5F8C7AA4"
                },
                {
                    "config_height": 640,
                    "config_width": 640,
                    "src": "https://instagram.fabe1-1.fna.fbcdn.net/v/t51.2885-15/e35/121729557_643629589847072_5687266218084552384_n.jpg?_nc_ht=instagram.fabe1-1.fna.fbcdn.net&_nc_cat=108&_nc_ohc=WYTfjLeuPToAX_N-gmo&_nc_tp=18&oh=57547e120b3a3febb200a508529d491d&oe=5F8C7AA4"
                }
            ],
            "thumbnail_src": "https://instagram.fabe1-1.fna.fbcdn.net/v/t51.2885-15/e35/121729557_643629589847072_5687266218084552384_n.jpg?_nc_ht=instagram.fabe1-1.fna.fbcdn.net&_nc_cat=108&_nc_ohc=WYTfjLeuPToAX_N-gmo&_nc_tp=18&oh=57547e120b3a3febb200a508529d491d&oe=5F8C7AA4",
            "urls": [
                "https://instagram.fabe1-1.fna.fbcdn.net/v/t50.2886-16/122025577_1192745631092125_4187563705263200498_n.mp4?_nc_ht=instagram.fabe1-1.fna.fbcdn.net&_nc_cat=101&_nc_ohc=C7iFlSfodp8AX-vMrTz&oe=5F8C1100&oh=f4b16dbc3e620a0934746935410aacc3"
            ],
            "video_view_count": 0
        },
        {
            "comments_disabled": false,
            "dimensions": {
                "height": 421,
                "width": 750
            },
            "display_url": "https://instagram.fabe1-1.fna.fbcdn.net/v/t51.2885-15/e35/121580472_176256047433644_3732763852616291896_n.jpg?_nc_ht=instagram.fabe1-1.fna.fbcdn.net&_nc_cat=108&_nc_ohc=XgWNP0tr4UEAX-znRPd&_nc_tp=18&oh=8a3888546d202094e673774b4a9a4348&oe=5F8C2A0F",
            "edge_liked_by": {
                "count": 1
            },
            "edge_media_preview_like": {
                "count": 1
            },
            "edge_media_to_caption": {
                "edges": [
                    {
                        "node": {
                            "text": "GzinnN is highlights \n\nTelefone: IPhone 6 /16Gb\n\n🎶Music by:Bankrol Hayden- Rich Bitch\n\nTags .\n\n#freefire #highlights #capa #BankrolHayden #falido #iphone #nobru #cerol #apelapato #gelagachando #mobile #like"
                        }
                    }
                ]
            },
            "edge_media_to_comment": {
                "count": 0
            },
            "id": "2421466878973857090",
            "is_video": true,
            "owner": {
                "id": "28194612537"
            },
            "shortcode": "CGax0wEnE1C",
            "tags": [
                "gelagachando",
                "highlights",
                "BankrolHayden",
                "capa",
                "cerol",
                "iphone",
                "mobile",
                "like",
                "apelapato",
                "falido",
                "freefire",
                "nobru"
            ],
            "taken_at_timestamp": 1602881588,
            "thumbnail_resources": [
                {
                    "config_height": 150,
                    "config_width": 150,
                    "src": "https://instagram.fabe1-1.fna.fbcdn.net/v/t51.2885-15/e35/c157.0.405.405a/s150x150/121580472_176256047433644_3732763852616291896_n.jpg?_nc_ht=instagram.fabe1-1.fna.fbcdn.net&_nc_cat=108&_nc_ohc=XgWNP0tr4UEAX-znRPd&tp=16&oh=acfe92522fd9e9a9bdef82407a551b43&oe=5F8C5945"
                },
                {
                    "config_height": 240,
                    "config_width": 240,
                    "src": "https://instagram.fabe1-1.fna.fbcdn.net/v/t51.2885-15/e35/c157.0.405.405a/s240x240/121580472_176256047433644_3732763852616291896_n.jpg?_nc_ht=instagram.fabe1-1.fna.fbcdn.net&_nc_cat=108&_nc_ohc=XgWNP0tr4UEAX-znRPd&tp=16&oh=82cf8bd3be646fd1c885538c911dee49&oe=5F8CA383"
                },
                {
                    "config_height": 320,
                    "config_width": 320,
                    "src": "https://instagram.fabe1-1.fna.fbcdn.net/v/t51.2885-15/e35/c157.0.405.405a/s320x320/121580472_176256047433644_3732763852616291896_n.jpg?_nc_ht=instagram.fabe1-1.fna.fbcdn.net&_nc_cat=108&_nc_ohc=XgWNP0tr4UEAX-znRPd&tp=16&oh=8e56d8d65b02c1a1725719444dab26a7&oe=5F8C24BD"
                },
                {
                    "config_height": 480,
                    "config_width": 480,
                    "src": "https://instagram.fabe1-1.fna.fbcdn.net/v/t51.2885-15/e35/c157.0.405.405a/121580472_176256047433644_3732763852616291896_n.jpg?_nc_ht=instagram.fabe1-1.fna.fbcdn.net&_nc_cat=108&_nc_ohc=XgWNP0tr4UEAX-znRPd&oh=eed92445ed8a2f2fbcde448c3c5b8dcf&oe=5F8C31F6"
                },
                {
                    "config_height": 640,
                    "config_width": 640,
                    "src": "https://instagram.fabe1-1.fna.fbcdn.net/v/t51.2885-15/e35/c157.0.405.405a/121580472_176256047433644_3732763852616291896_n.jpg?_nc_ht=instagram.fabe1-1.fna.fbcdn.net&_nc_cat=108&_nc_ohc=XgWNP0tr4UEAX-znRPd&oh=eed92445ed8a2f2fbcde448c3c5b8dcf&oe=5F8C31F6"
                }
            ],
            "thumbnail_src": "https://instagram.fabe1-1.fna.fbcdn.net/v/t51.2885-15/e35/c157.0.405.405a/121580472_176256047433644_3732763852616291896_n.jpg?_nc_ht=instagram.fabe1-1.fna.fbcdn.net&_nc_cat=108&_nc_ohc=XgWNP0tr4UEAX-znRPd&oh=eed92445ed8a2f2fbcde448c3c5b8dcf&oe=5F8C31F6",
            "urls": [
                "https://instagram.fabe1-1.fna.fbcdn.net/v/t50.2886-16/121667686_367970581059179_7265368947632999400_n.mp4?_nc_ht=instagram.fabe1-1.fna.fbcdn.net&_nc_cat=111&_nc_ohc=VFIqhy-Nq9gAX-17w6c&oe=5F8C0F4E&oh=dbe22242df517543a35b1bf3f161a7c6"
            ],
            "video_view_count": 0
        },
        {
            "comments_disabled": false,
            "dimensions": {
                "height": 1148,
                "width": 1080
            },
            "display_url": "https://instagram.fabe1-1.fna.fbcdn.net/v/t51.2885-15/e35/p1080x1080/121528368_2029596693843272_7206523715253931783_n.jpg?_nc_ht=instagram.fabe1-1.fna.fbcdn.net&_nc_cat=108&_nc_ohc=rD2ejx-m-McAX9pPmye&tp=19&oh=f5d4bd39bafea5dfdfd9c56bba87c32c&oe=5FB5624A",
            "edge_liked_by": {
                "count": 2
            },
            "edge_media_preview_like": {
                "count": 2
            },
            "edge_media_to_caption": {
                "edges": [
                    {
                        "node": {
                            "text": "Не бойтесь менять себя и отказываться от того, что уже не приносит удовольствия . Не бойтесь оставлять позади токсичные изжившие себя отношения, ибо ваше завтра будет таким, каким вы его сделали сегодня 🙌 #miami #beachlife #pilatesfit #pilatescoach #fitness #girl #workoutmotivation"
                        }
                    }
                ]
            },
            "edge_media_to_comment": {
                "count": 1
            },
            "id": "2421468703278028156",
            "is_video": false,
            "owner": {
                "id": "179847828"
            },
            "shortcode": "CGayPTFnNV8",
            "tags": [
                "pilatescoach",
                "pilatesfit",
                "workoutmotivation",
                "beachlife",
                "girl",
                "miami",
                "fitness"
            ],
            "taken_at_timestamp": 1602881585,
            "thumbnail_resources": [
                {
                    "config_height": 150,
                    "config_width": 150,
                    "src": "https://instagram.fabe1-1.fna.fbcdn.net/v/t51.2885-15/e35/c0.38.1196.1196a/s150x150/121528368_2029596693843272_7206523715253931783_n.jpg?_nc_ht=instagram.fabe1-1.fna.fbcdn.net&_nc_cat=108&_nc_ohc=rD2ejx-m-McAX9pPmye&tp=16&oh=df73c95d557e8d05807b87b257907772&oe=5FB377BB"
                },
                {
                    "config_height": 240,
                    "config_width": 240,
                    "src": "https://instagram.fabe1-1.fna.fbcdn.net/v/t51.2885-15/e35/c0.38.1196.1196a/s240x240/121528368_2029596693843272_7206523715253931783_n.jpg?_nc_ht=instagram.fabe1-1.fna.fbcdn.net&_nc_cat=108&_nc_ohc=rD2ejx-m-McAX9pPmye&tp=16&oh=087b1ccbdc5d21c851c43d6712e646d9&oe=5FB2E773"
                },
                {
                    "config_height": 320,
                    "config_width": 320,
                    "src": "https://instagram.fabe1-1.fna.fbcdn.net/v/t51.2885-15/e35/c0.38.1196.1196a/s320x320/121528368_2029596693843272_7206523715253931783_n.jpg?_nc_ht=instagram.fabe1-1.fna.fbcdn.net&_nc_cat=108&_nc_ohc=rD2ejx-m-McAX9pPmye&tp=16&oh=219101f4ea97c5ab39ea8ea7ce819eee&oe=5FB5732E"
                },
                {
                    "config_height": 480,
                    "config_width": 480,
                    "src": "https://instagram.fabe1-1.fna.fbcdn.net/v/t51.2885-15/e35/c0.38.1196.1196a/s480x480/121528368_2029596693843272_7206523715253931783_n.jpg?_nc_ht=instagram.fabe1-1.fna.fbcdn.net&_nc_cat=108&_nc_ohc=rD2ejx-m-McAX9pPmye&tp=16&oh=2642b31780501ac159a23b07f185da5f&oe=5FB512F0"
                },
                {
                    "config_height": 640,
                    "config_width": 640,
                    "src": "https://instagram.fabe1-1.fna.fbcdn.net/v/t51.2885-15/sh0.08/e35/c0.38.1196.1196a/s640x640/121528368_2029596693843272_7206523715253931783_n.jpg?_nc_ht=instagram.fabe1-1.fna.fbcdn.net&_nc_cat=108&_nc_ohc=rD2ejx-m-McAX9pPmye&oh=3422de6928bcdd1ee118d59911f737dc&oe=5FB55D64"
                }
            ],
            "thumbnail_src": "https://instagram.fabe1-1.fna.fbcdn.net/v/t51.2885-15/sh0.08/e35/c0.38.1196.1196a/s640x640/121528368_2029596693843272_7206523715253931783_n.jpg?_nc_ht=instagram.fabe1-1.fna.fbcdn.net&_nc_cat=108&_nc_ohc=rD2ejx-m-McAX9pPmye&oh=3422de6928bcdd1ee118d59911f737dc&oe=5FB55D64",
            "urls": [
                "https://instagram.fabe1-1.fna.fbcdn.net/v/t51.2885-15/e35/p1080x1080/121528368_2029596693843272_7206523715253931783_n.jpg?_nc_ht=instagram.fabe1-1.fna.fbcdn.net&_nc_cat=108&_nc_ohc=rD2ejx-m-McAX9pPmye&tp=19&oh=f5d4bd39bafea5dfdfd9c56bba87c32c&oe=5FB5624A"
            ]
        },
        {
            "comments_disabled": false,
            "dimensions": {
                "height": 750,
                "width": 750
            },
            "display_url": "https://instagram.fabe1-1.fna.fbcdn.net/v/t51.2885-15/e35/121503331_1566056633598705_7456199090631443180_n.jpg?_nc_ht=instagram.fabe1-1.fna.fbcdn.net&_nc_cat=109&_nc_ohc=cEKzfhr5k2sAX9c4bTD&_nc_tp=18&oh=e9f642dad77a0d58b953af932cf14586&oe=5FB3B963",
            "edge_liked_by": {
                "count": 0
            },
            "edge_media_preview_like": {
                "count": 0
            },
            "edge_media_to_caption": {
                "edges": [
                    {
                        "node": {
                            "text": "Sun Salutations in the bay. Happy to report I did not meet any sharks today 🦈"
                        }
                    }
                ]
            },
            "edge_media_to_comment": {
                "count": 0
            },
            "id": "2421468682707577444",
            "is_video": false,
            "owner": {
                "id": "249997756"
            },
            "shortcode": "CGayO_7hKpk",
            "tags": [],
            "taken_at_timestamp": 1602881583,
            "thumbnail_resources": [
                {
                    "config_height": 150,
                    "config_width": 150,
                    "src": "https://instagram.fabe1-1.fna.fbcdn.net/v/t51.2885-15/e35/s150x150/121503331_1566056633598705_7456199090631443180_n.jpg?_nc_ht=instagram.fabe1-1.fna.fbcdn.net&_nc_cat=109&_nc_ohc=cEKzfhr5k2sAX9c4bTD&_nc_tp=15&oh=f3c17f1c81449f5127d39a7ec26c312f&oe=5FB4A08F"
                },
                {
                    "config_height": 240,
                    "config_width": 240,
                    "src": "https://instagram.fabe1-1.fna.fbcdn.net/v/t51.2885-15/e35/s240x240/121503331_1566056633598705_7456199090631443180_n.jpg?_nc_ht=instagram.fabe1-1.fna.fbcdn.net&_nc_cat=109&_nc_ohc=cEKzfhr5k2sAX9c4bTD&_nc_tp=15&oh=556ac2dc92635edc40b8793d139b3cd5&oe=5FB46E47"
                },
                {
                    "config_height": 320,
                    "config_width": 320,
                    "src": "https://instagram.fabe1-1.fna.fbcdn.net/v/t51.2885-15/e35/s320x320/121503331_1566056633598705_7456199090631443180_n.jpg?_nc_ht=instagram.fabe1-1.fna.fbcdn.net&_nc_cat=109&_nc_ohc=cEKzfhr5k2sAX9c4bTD&_nc_tp=15&oh=e6f367e9be00a131b466a9f5363fae82&oe=5FB2B31A"
                },
                {
                    "config_height": 480,
                    "config_width": 480,
                    "src": "https://instagram.fabe1-1.fna.fbcdn.net/v/t51.2885-15/e35/s480x480/121503331_1566056633598705_7456199090631443180_n.jpg?_nc_ht=instagram.fabe1-1.fna.fbcdn.net&_nc_cat=109&_nc_ohc=cEKzfhr5k2sAX9c4bTD&_nc_tp=15&oh=f1de375446cffd4ac7b661efb391d34e&oe=5FB1E75C"
                },
                {
                    "config_height": 640,
                    "config_width": 640,
                    "src": "https://instagram.fabe1-1.fna.fbcdn.net/v/t51.2885-15/sh0.08/e35/s640x640/121503331_1566056633598705_7456199090631443180_n.jpg?_nc_ht=instagram.fabe1-1.fna.fbcdn.net&_nc_cat=109&_nc_ohc=cEKzfhr5k2sAX9c4bTD&_nc_tp=24&oh=1258c6c379735cf815b4e44731b7d4c5&oe=5FB2547C"
                }
            ],
            "thumbnail_src": "https://instagram.fabe1-1.fna.fbcdn.net/v/t51.2885-15/sh0.08/e35/s640x640/121503331_1566056633598705_7456199090631443180_n.jpg?_nc_ht=instagram.fabe1-1.fna.fbcdn.net&_nc_cat=109&_nc_ohc=cEKzfhr5k2sAX9c4bTD&_nc_tp=24&oh=1258c6c379735cf815b4e44731b7d4c5&oe=5FB2547C",
            "urls": [
                "https://instagram.fabe1-1.fna.fbcdn.net/v/t51.2885-15/e35/121503331_1566056633598705_7456199090631443180_n.jpg?_nc_ht=instagram.fabe1-1.fna.fbcdn.net&_nc_cat=109&_nc_ohc=cEKzfhr5k2sAX9c4bTD&_nc_tp=18&oh=e9f642dad77a0d58b953af932cf14586&oe=5FB3B963"
            ]
        },
        {
            "comments_disabled": false,
            "dimensions": {
                "height": 936,
                "width": 750
            },
            "display_url": "https://instagram.fabe1-1.fna.fbcdn.net/v/t51.2885-15/e35/121577217_2689790754617054_5501405143691678360_n.jpg?_nc_ht=instagram.fabe1-1.fna.fbcdn.net&_nc_cat=102&_nc_ohc=dmPwF7DdoMEAX_2UIUn&_nc_tp=18&oh=0fa503edf2ad528d051e6c84d251f7c7&oe=5F8C356E",
            "edge_liked_by": {
                "count": 3
            },
            "edge_media_preview_like": {
                "count": 3
            },
            "edge_media_to_caption": {
                "edges": [
                    {
                        "node": {
                            "text": "Paper ✈️ 💨 \n.\n.\n.\n#diy #epoxytumbler #customart #resinobsession #artwork #alcoholink #yeti #dailyart #coasters #fluidartwork #resinepoxy #epoxyresinart #miami #resinwork #epoxy #resincrafting #demolding #etsyshop #wood #kawaii #resinpainting #painting #geodeart #miamiart #epoxyart #artistoninstagram #custom #artoftheday #dnd #drippedinraks"
                        }
                    }
                ]
            },
            "edge_media_to_comment": {
                "count": 0
            },
            "id": "2421467686016368282",
            "is_video": true,
            "owner": {
                "id": "39942687672"
            },
            "shortcode": "CGayAfsF76a",
            "tags": [
                "dailyart",
                "artistoninstagram",
                "etsyshop",
                "miamiart",
                "geodeart",
                "coasters",
                "kawaii",
                "epoxy",
                "drippedinraks",
                "resinepoxy",
                "diy",
                "demolding",
                "resinpainting",
                "dnd",
                "artoftheday",
                "miami",
                "resincrafting",
                "yeti",
                "alcoholink",
                "epoxytumbler",
                "custom",
                "resinwork",
                "resinobsession",
                "artwork",
                "fluidartwork",
                "epoxyresinart",
                "customart",
                "wood",
                "epoxyart",
                "painting"
            ],
            "taken_at_timestamp": 1602881568,
            "thumbnail_resources": [
                {
                    "config_height": 150,
                    "config_width": 150,
                    "src": "https://instagram.fabe1-1.fna.fbcdn.net/v/t51.2885-15/e35/c0.89.720.720a/s150x150/121577217_2689790754617054_5501405143691678360_n.jpg?_nc_ht=instagram.fabe1-1.fna.fbcdn.net&_nc_cat=102&_nc_ohc=dmPwF7DdoMEAX_2UIUn&tp=16&oh=0ff99aad72e88bcd5d6adcfc14d6fccd&oe=5F8C7CD2"
                },
                {
                    "config_height": 240,
                    "config_width": 240,
                    "src": "https://instagram.fabe1-1.fna.fbcdn.net/v/t51.2885-15/e35/c0.89.720.720a/s240x240/121577217_2689790754617054_5501405143691678360_n.jpg?_nc_ht=instagram.fabe1-1.fna.fbcdn.net&_nc_cat=102&_nc_ohc=dmPwF7DdoMEAX_2UIUn&tp=16&oh=339c860fad797776a5fd918275806485&oe=5F8C3C5A"
                },
                {
                    "config_height": 320,
                    "config_width": 320,
                    "src": "https://instagram.fabe1-1.fna.fbcdn.net/v/t51.2885-15/e35/c0.89.720.720a/s320x320/121577217_2689790754617054_5501405143691678360_n.jpg?_nc_ht=instagram.fabe1-1.fna.fbcdn.net&_nc_cat=102&_nc_ohc=dmPwF7DdoMEAX_2UIUn&tp=16&oh=53307b0e48c149968d8687472d15edec&oe=5F8C1007"
                },
                {
                    "config_height": 480,
                    "config_width": 480,
                    "src": "https://instagram.fabe1-1.fna.fbcdn.net/v/t51.2885-15/e35/c0.89.720.720a/s480x480/121577217_2689790754617054_5501405143691678360_n.jpg?_nc_ht=instagram.fabe1-1.fna.fbcdn.net&_nc_cat=102&_nc_ohc=dmPwF7DdoMEAX_2UIUn&tp=16&oh=e54fe019615c56abdb279e54bf4f9079&oe=5F8C67C5"
                },
                {
                    "config_height": 640,
                    "config_width": 640,
                    "src": "https://instagram.fabe1-1.fna.fbcdn.net/v/t51.2885-15/sh0.08/e35/c0.89.720.720a/s640x640/121577217_2689790754617054_5501405143691678360_n.jpg?_nc_ht=instagram.fabe1-1.fna.fbcdn.net&_nc_cat=102&_nc_ohc=dmPwF7DdoMEAX_2UIUn&oh=61add13c2224bec3c8cf787550d29c89&oe=5F8C2740"
                }
            ],
            "thumbnail_src": "https://instagram.fabe1-1.fna.fbcdn.net/v/t51.2885-15/sh0.08/e35/c0.89.720.720a/s640x640/121577217_2689790754617054_5501405143691678360_n.jpg?_nc_ht=instagram.fabe1-1.fna.fbcdn.net&_nc_cat=102&_nc_ohc=dmPwF7DdoMEAX_2UIUn&oh=61add13c2224bec3c8cf787550d29c89&oe=5F8C2740",
            "urls": [
                "https://instagram.fabe1-1.fna.fbcdn.net/v/t50.2886-16/121457426_138598717972469_6590395213366419789_n.mp4?_nc_ht=instagram.fabe1-1.fna.fbcdn.net&_nc_cat=105&_nc_ohc=-b0HZwFnALQAX_1cQGn&oe=5F8C70F7&oh=37734e4a46ac9b0607bbbf40000fce6a"
            ],
            "video_view_count": 0
        },
        {
            "comments_disabled": false,
            "dimensions": {
                "height": 638,
                "width": 750
            },
            "display_url": "https://instagram.fabe1-1.fna.fbcdn.net/v/t51.2885-15/e35/121557578_662419301367018_7057432477356962261_n.jpg?_nc_ht=instagram.fabe1-1.fna.fbcdn.net&_nc_cat=106&_nc_ohc=u2_Ldut7Jk8AX8XdqIq&_nc_tp=18&oh=2fd079b88c422a4c19648176a2800ef8&oe=5FB459A8",
            "edge_liked_by": {
                "count": 1
            },
            "edge_media_preview_like": {
                "count": 1
            },
            "edge_media_to_caption": {
                "edges": [
                    {
                        "node": {
                            "text": "End of the day doing the groceries with my gorgeous Love Project Bag 💕 It’s perfect to replace those one use Plastic bags that only harm our planet. This beautiful bag made in collaboration With @kinoyoga and @fibradesigns is made with 97% recycled plastic and with each purchase 50% is donated to Artisans in Guatemala. get yours in my link in bio 💕"
                        }
                    }
                ]
            },
            "edge_media_to_comment": {
                "count": 0
            },
            "id": "2421468492515621193",
            "is_video": false,
            "owner": {
                "id": "1297397688"
            },
            "shortcode": "CGayMOzMblJ",
            "tags": [],
            "taken_at_timestamp": 1602881560,
            "thumbnail_resources": [
                {
                    "config_height": 150,
                    "config_width": 150,
                    "src": "https://instagram.fabe1-1.fna.fbcdn.net/v/t51.2885-15/e35/c56.0.638.638a/s150x150/121557578_662419301367018_7057432477356962261_n.jpg?_nc_ht=instagram.fabe1-1.fna.fbcdn.net&_nc_cat=106&_nc_ohc=u2_Ldut7Jk8AX8XdqIq&tp=16&oh=4a43a6646329aa5f53bc8a937685eb3d&oe=5FB3AA7F"
                },
                {
                    "config_height": 240,
                    "config_width": 240,
                    "src": "https://instagram.fabe1-1.fna.fbcdn.net/v/t51.2885-15/e35/c56.0.638.638a/s240x240/121557578_662419301367018_7057432477356962261_n.jpg?_nc_ht=instagram.fabe1-1.fna.fbcdn.net&_nc_cat=106&_nc_ohc=u2_Ldut7Jk8AX8XdqIq&tp=16&oh=4f19090a783daa82e89a4adb55a6169f&oe=5FB2ADF9"
                },
                {
                    "config_height": 320,
                    "config_width": 320,
                    "src": "https://instagram.fabe1-1.fna.fbcdn.net/v/t51.2885-15/e35/c56.0.638.638a/s320x320/121557578_662419301367018_7057432477356962261_n.jpg?_nc_ht=instagram.fabe1-1.fna.fbcdn.net&_nc_cat=106&_nc_ohc=u2_Ldut7Jk8AX8XdqIq&tp=16&oh=6fb1ae6974bbb0dc75a63796ec612446&oe=5FB3BD07"
                },
                {
                    "config_height": 480,
                    "config_width": 480,
                    "src": "https://instagram.fabe1-1.fna.fbcdn.net/v/t51.2885-15/e35/c56.0.638.638a/s480x480/121557578_662419301367018_7057432477356962261_n.jpg?_nc_ht=instagram.fabe1-1.fna.fbcdn.net&_nc_cat=106&_nc_ohc=u2_Ldut7Jk8AX8XdqIq&tp=16&oh=e2632cd36c4d3bbc389290dec9ac261f&oe=5FB26442"
                },
                {
                    "config_height": 640,
                    "config_width": 640,
                    "src": "https://instagram.fabe1-1.fna.fbcdn.net/v/t51.2885-15/e35/c56.0.638.638a/121557578_662419301367018_7057432477356962261_n.jpg?_nc_ht=instagram.fabe1-1.fna.fbcdn.net&_nc_cat=106&_nc_ohc=u2_Ldut7Jk8AX8XdqIq&oh=d9cedd0e1e12c298d1907d105dff2a5b&oe=5FB20652"
                }
            ],
            "thumbnail_src": "https://instagram.fabe1-1.fna.fbcdn.net/v/t51.2885-15/e35/c56.0.638.638a/121557578_662419301367018_7057432477356962261_n.jpg?_nc_ht=instagram.fabe1-1.fna.fbcdn.net&_nc_cat=106&_nc_ohc=u2_Ldut7Jk8AX8XdqIq&oh=d9cedd0e1e12c298d1907d105dff2a5b&oe=5FB20652",
            "urls": [
                "https://instagram.fabe1-1.fna.fbcdn.net/v/t51.2885-15/e35/121557578_662419301367018_7057432477356962261_n.jpg?_nc_ht=instagram.fabe1-1.fna.fbcdn.net&_nc_cat=106&_nc_ohc=u2_Ldut7Jk8AX8XdqIq&_nc_tp=18&oh=2fd079b88c422a4c19648176a2800ef8&oe=5FB459A8"
            ]
        },
        {
            "comments_disabled": false,
            "dimensions": {
                "height": 1350,
                "width": 1080
            },
            "display_url": "https://instagram.fabe1-1.fna.fbcdn.net/v/t51.2885-15/e35/p1080x1080/121603471_335715044195444_7447424082262504290_n.jpg?_nc_ht=instagram.fabe1-1.fna.fbcdn.net&_nc_cat=108&_nc_ohc=fxZ3qq_yoyAAX9fzKaQ&tp=19&oh=a4d1d8b81b90c8267c671cce17e24a2b&oe=5FB36193",
            "edge_liked_by": {
                "count": 0
            },
            "edge_media_preview_like": {
                "count": 0
            },
            "edge_media_to_caption": {
                "edges": [
                    {
                        "node": {
                            "text": "𝐵𝑟𝑖𝑛𝑔𝑖𝑛𝑔 𝑦𝑜𝑢 𝑡ℎ𝑒 ℎ𝑒𝑎𝑡🔥 𝑤𝑖𝑡ℎ ℂ𝕠𝕔𝕠 𝔽𝕦𝕖𝕘𝕠 🥵\n.\n𝚃𝚑𝚒𝚜 𝚜𝚎𝚝 𝚌𝚘𝚖𝚎𝚜 𝚠𝚒𝚝𝚑 𝚁𝚒𝚙𝚙𝚕𝚎❤️ 𝚋𝚘𝚝𝚝𝚘𝚖𝚜 𝚝𝚑𝚊𝚝 𝚑𝚊𝚟𝚎 𝚊 𝚜𝚌𝚛𝚞𝚗𝚌𝚑𝚎𝚍 𝚞𝚙 𝚍𝚎𝚝𝚊𝚒𝚕, 𝚋𝚛𝚒𝚗𝚐𝚒𝚗𝚐 𝚝𝚑𝚊𝚝 𝚙𝚎𝚛𝚏𝚎𝚌𝚝 𝚕𝚒𝚏𝚝👀\n.\n.\n#redbikinis #brazilianbikinis #miami"
                        }
                    }
                ]
            },
            "edge_media_to_comment": {
                "count": 0
            },
            "id": "2421468400650137331",
            "is_video": false,
            "owner": {
                "id": "35581986250"
            },
            "shortcode": "CGayK5Pla7z",
            "tags": [
                "brazilianbikinis",
                "miami",
                "redbikinis"
            ],
            "taken_at_timestamp": 1602881549,
            "thumbnail_resources": [
                {
                    "config_height": 150,
                    "config_width": 150,
                    "src": "https://instagram.fabe1-1.fna.fbcdn.net/v/t51.2885-15/e35/c0.180.1440.1440a/s150x150/121603471_335715044195444_7447424082262504290_n.jpg?_nc_ht=instagram.fabe1-1.fna.fbcdn.net&_nc_cat=108&_nc_ohc=fxZ3qq_yoyAAX9fzKaQ&tp=16&oh=1ab9a1ac7ed3e855b6fa78cfacb61f2a&oe=5FB37387"
                },
                {
                    "config_height": 240,
                    "config_width": 240,
                    "src": "https://instagram.fabe1-1.fna.fbcdn.net/v/t51.2885-15/e35/c0.180.1440.1440a/s240x240/121603471_335715044195444_7447424082262504290_n.jpg?_nc_ht=instagram.fabe1-1.fna.fbcdn.net&_nc_cat=108&_nc_ohc=fxZ3qq_yoyAAX9fzKaQ&tp=16&oh=8f2e2072dd717c8061151479e241d415&oe=5FB24301"
                },
                {
                    "config_height": 320,
                    "config_width": 320,
                    "src": "https://instagram.fabe1-1.fna.fbcdn.net/v/t51.2885-15/e35/c0.180.1440.1440a/s320x320/121603471_335715044195444_7447424082262504290_n.jpg?_nc_ht=instagram.fabe1-1.fna.fbcdn.net&_nc_cat=108&_nc_ohc=fxZ3qq_yoyAAX9fzKaQ&tp=16&oh=2940fef0c84e649387fb02bc5597a7d5&oe=5FB3357F"
                },
                {
                    "config_height": 480,
                    "config_width": 480,
                    "src": "https://instagram.fabe1-1.fna.fbcdn.net/v/t51.2885-15/e35/c0.180.1440.1440a/s480x480/121603471_335715044195444_7447424082262504290_n.jpg?_nc_ht=instagram.fabe1-1.fna.fbcdn.net&_nc_cat=108&_nc_ohc=fxZ3qq_yoyAAX9fzKaQ&tp=16&oh=2bd72ff1e1cc257bfb602480d9c49e79&oe=5FB43D3A"
                },
                {
                    "config_height": 640,
                    "config_width": 640,
                    "src": "https://instagram.fabe1-1.fna.fbcdn.net/v/t51.2885-15/sh0.08/e35/c0.180.1440.1440a/s640x640/121603471_335715044195444_7447424082262504290_n.jpg?_nc_ht=instagram.fabe1-1.fna.fbcdn.net&_nc_cat=108&_nc_ohc=fxZ3qq_yoyAAX9fzKaQ&oh=a50ea063e8a497402f1d5cf367f26ca4&oe=5FB33E37"
                }
            ],
            "thumbnail_src": "https://instagram.fabe1-1.fna.fbcdn.net/v/t51.2885-15/sh0.08/e35/c0.180.1440.1440a/s640x640/121603471_335715044195444_7447424082262504290_n.jpg?_nc_ht=instagram.fabe1-1.fna.fbcdn.net&_nc_cat=108&_nc_ohc=fxZ3qq_yoyAAX9fzKaQ&oh=a50ea063e8a497402f1d5cf367f26ca4&oe=5FB33E37",
            "urls": [
                "https://instagram.fabe1-1.fna.fbcdn.net/v/t51.2885-15/e35/p1080x1080/121603471_335715044195444_7447424082262504290_n.jpg?_nc_ht=instagram.fabe1-1.fna.fbcdn.net&_nc_cat=108&_nc_ohc=fxZ3qq_yoyAAX9fzKaQ&tp=19&oh=a4d1d8b81b90c8267c671cce17e24a2b&oe=5FB36193"
            ]
        }
    ]
}