{
    "GraphImages": [
        {
            "comments_disabled": false,
            "dimensions": {
                "height": 1080,
                "width": 1080
            },
            "display_url": "https://instagram.fabe1-1.fna.fbcdn.net/v/t51.2885-15/e35/121574296_482430272724417_4567296025108985762_n.jpg?_nc_ht=instagram.fabe1-1.fna.fbcdn.net&_nc_cat=109&_nc_ohc=tKkOOLQC9PUAX8KnXV1&_nc_tp=18&oh=7ebfb917450538eaa16ddb6b13122bc6&oe=5FB3343C",
            "edge_liked_by": {
                "count": 0
            },
            "edge_media_preview_like": {
                "count": 0
            },
            "edge_media_to_caption": {
                "edges": [
                    {
                        "node": {
                            "text": "🐻"
                        }
                    }
                ]
            },
            "edge_media_to_comment": {
                "count": 0
            },
            "id": "2421498455732385847",
            "is_video": false,
            "owner": {
                "id": "31440355"
            },
            "shortcode": "CGa5AQOFfg3",
            "tags": [],
            "taken_at_timestamp": 1602885132,
            "thumbnail_resources": [
                {
                    "config_height": 150,
                    "config_width": 150,
                    "src": "https://instagram.fabe1-1.fna.fbcdn.net/v/t51.2885-15/e35/s150x150/121574296_482430272724417_4567296025108985762_n.jpg?_nc_ht=instagram.fabe1-1.fna.fbcdn.net&_nc_cat=109&_nc_ohc=tKkOOLQC9PUAX8KnXV1&_nc_tp=15&oh=ebb788c1c898e8239c8e58202a52c00b&oe=5FB45005"
                },
                {
                    "config_height": 240,
                    "config_width": 240,
                    "src": "https://instagram.fabe1-1.fna.fbcdn.net/v/t51.2885-15/e35/s240x240/121574296_482430272724417_4567296025108985762_n.jpg?_nc_ht=instagram.fabe1-1.fna.fbcdn.net&_nc_cat=109&_nc_ohc=tKkOOLQC9PUAX8KnXV1&_nc_tp=15&oh=bfeb53889ce15a441cdf99e210499e1d&oe=5FB1AE03"
                },
                {
                    "config_height": 320,
                    "config_width": 320,
                    "src": "https://instagram.fabe1-1.fna.fbcdn.net/v/t51.2885-15/e35/s320x320/121574296_482430272724417_4567296025108985762_n.jpg?_nc_ht=instagram.fabe1-1.fna.fbcdn.net&_nc_cat=109&_nc_ohc=tKkOOLQC9PUAX8KnXV1&_nc_tp=15&oh=117b3ec7bd767f2b0e129ff4aa097a91&oe=5FB26CFD"
                },
                {
                    "config_height": 480,
                    "config_width": 480,
                    "src": "https://instagram.fabe1-1.fna.fbcdn.net/v/t51.2885-15/e35/s480x480/121574296_482430272724417_4567296025108985762_n.jpg?_nc_ht=instagram.fabe1-1.fna.fbcdn.net&_nc_cat=109&_nc_ohc=tKkOOLQC9PUAX8KnXV1&_nc_tp=15&oh=eacc3807995751858b393f773a74b5bc&oe=5FB295BC"
                },
                {
                    "config_height": 640,
                    "config_width": 640,
                    "src": "https://instagram.fabe1-1.fna.fbcdn.net/v/t51.2885-15/sh0.08/e35/s640x640/121574296_482430272724417_4567296025108985762_n.jpg?_nc_ht=instagram.fabe1-1.fna.fbcdn.net&_nc_cat=109&_nc_ohc=tKkOOLQC9PUAX8KnXV1&_nc_tp=24&oh=28d680a0d429db6e9eb30529995d603b&oe=5FB20782"
                }
            ],
            "thumbnail_src": "https://instagram.fabe1-1.fna.fbcdn.net/v/t51.2885-15/sh0.08/e35/s640x640/121574296_482430272724417_4567296025108985762_n.jpg?_nc_ht=instagram.fabe1-1.fna.fbcdn.net&_nc_cat=109&_nc_ohc=tKkOOLQC9PUAX8KnXV1&_nc_tp=24&oh=28d680a0d429db6e9eb30529995d603b&oe=5FB20782",
            "urls": [
                "https://instagram.fabe1-1.fna.fbcdn.net/v/t51.2885-15/e35/121574296_482430272724417_4567296025108985762_n.jpg?_nc_ht=instagram.fabe1-1.fna.fbcdn.net&_nc_cat=109&_nc_ohc=tKkOOLQC9PUAX8KnXV1&_nc_tp=18&oh=7ebfb917450538eaa16ddb6b13122bc6&oe=5FB3343C"
            ]
        },
        {
            "comments_disabled": false,
            "dimensions": {
                "height": 1080,
                "width": 1080
            },
            "display_url": "https://instagram.fabe1-1.fna.fbcdn.net/v/t51.2885-15/e35/121538349_2700191700244219_2247995055811510691_n.jpg?_nc_ht=instagram.fabe1-1.fna.fbcdn.net&_nc_cat=107&_nc_ohc=_om_-FkMsZoAX8JP6UV&_nc_tp=18&oh=5ce28c79d24759277b30e22f86b18525&oe=5FB21753",
            "edge_liked_by": {
                "count": 0
            },
            "edge_media_preview_like": {
                "count": 0
            },
            "edge_media_to_caption": {
                "edges": [
                    {
                        "node": {
                            "text": "Bawdy Babes! We are just 6 days away!\n_\nSwimwear ✔️\n_\nPhotographer✔️\n_\nStudio✔️\n_\nAll we are missing are our Official Bawdy Babes!!! Good thing we are still accepting submissions! Get them I#in ASAP! Don’t be shy ☺️🥰"
                        }
                    }
                ]
            },
            "edge_media_to_comment": {
                "count": 0
            },
            "id": "2421498405041201917",
            "is_video": false,
            "owner": {
                "id": "6986786923"
            },
            "shortcode": "CGa4_hAp-L9",
            "tags": [
                "in"
            ],
            "taken_at_timestamp": 1602885126,
            "thumbnail_resources": [
                {
                    "config_height": 150,
                    "config_width": 150,
                    "src": "https://instagram.fabe1-1.fna.fbcdn.net/v/t51.2885-15/e35/s150x150/121538349_2700191700244219_2247995055811510691_n.jpg?_nc_ht=instagram.fabe1-1.fna.fbcdn.net&_nc_cat=107&_nc_ohc=_om_-FkMsZoAX8JP6UV&_nc_tp=15&oh=7422feeab66569eb43d6ce894517e681&oe=5FB3A43F"
                },
                {
                    "config_height": 240,
                    "config_width": 240,
                    "src": "https://instagram.fabe1-1.fna.fbcdn.net/v/t51.2885-15/e35/s240x240/121538349_2700191700244219_2247995055811510691_n.jpg?_nc_ht=instagram.fabe1-1.fna.fbcdn.net&_nc_cat=107&_nc_ohc=_om_-FkMsZoAX8JP6UV&_nc_tp=15&oh=f3fec66ab53bcfea184b06a9d522c5f3&oe=5FB21BF7"
                },
                {
                    "config_height": 320,
                    "config_width": 320,
                    "src": "https://instagram.fabe1-1.fna.fbcdn.net/v/t51.2885-15/e35/s320x320/121538349_2700191700244219_2247995055811510691_n.jpg?_nc_ht=instagram.fabe1-1.fna.fbcdn.net&_nc_cat=107&_nc_ohc=_om_-FkMsZoAX8JP6UV&_nc_tp=15&oh=4aa3f4da8b843fde206c00f87a4b52e1&oe=5FB4A5AA"
                },
                {
                    "config_height": 480,
                    "config_width": 480,
                    "src": "https://instagram.fabe1-1.fna.fbcdn.net/v/t51.2885-15/e35/s480x480/121538349_2700191700244219_2247995055811510691_n.jpg?_nc_ht=instagram.fabe1-1.fna.fbcdn.net&_nc_cat=107&_nc_ohc=_om_-FkMsZoAX8JP6UV&_nc_tp=15&oh=8f808312350576ec9d548adde38919eb&oe=5FB3F6EC"
                },
                {
                    "config_height": 640,
                    "config_width": 640,
                    "src": "https://instagram.fabe1-1.fna.fbcdn.net/v/t51.2885-15/sh0.08/e35/s640x640/121538349_2700191700244219_2247995055811510691_n.jpg?_nc_ht=instagram.fabe1-1.fna.fbcdn.net&_nc_cat=107&_nc_ohc=_om_-FkMsZoAX8JP6UV&_nc_tp=24&oh=fc3540894f17d169e80b11716bf0faa2&oe=5FB3BC4C"
                }
            ],
            "thumbnail_src": "https://instagram.fabe1-1.fna.fbcdn.net/v/t51.2885-15/sh0.08/e35/s640x640/121538349_2700191700244219_2247995055811510691_n.jpg?_nc_ht=instagram.fabe1-1.fna.fbcdn.net&_nc_cat=107&_nc_ohc=_om_-FkMsZoAX8JP6UV&_nc_tp=24&oh=fc3540894f17d169e80b11716bf0faa2&oe=5FB3BC4C",
            "urls": [
                "https://instagram.fabe1-1.fna.fbcdn.net/v/t51.2885-15/e35/121538349_2700191700244219_2247995055811510691_n.jpg?_nc_ht=instagram.fabe1-1.fna.fbcdn.net&_nc_cat=107&_nc_ohc=_om_-FkMsZoAX8JP6UV&_nc_tp=18&oh=5ce28c79d24759277b30e22f86b18525&oe=5FB21753",
                "https://instagram.fabe1-1.fna.fbcdn.net/v/t51.2885-15/e35/121512052_124459959181719_81935140551437639_n.jpg?_nc_ht=instagram.fabe1-1.fna.fbcdn.net&_nc_cat=103&_nc_ohc=I9Ktk_GB5C8AX8Hl05I&_nc_tp=18&oh=0ea6b98d6511319299321d9728747b2c&oe=5FB53FC9"
            ]
        },
        {
            "comments_disabled": false,
            "dimensions": {
                "height": 640,
                "width": 640
            },
            "display_url": "https://instagram.fabe1-1.fna.fbcdn.net/v/t51.2885-15/e35/121486694_220756416088823_5134855259970884444_n.jpg?_nc_ht=instagram.fabe1-1.fna.fbcdn.net&_nc_cat=111&_nc_ohc=q10q7Sr1SgEAX8GObmr&_nc_tp=18&oh=38ca3ae67c95ec131c6e5d7b6baa366e&oe=5FB2C6CB",
            "edge_liked_by": {
                "count": 0
            },
            "edge_media_preview_like": {
                "count": 0
            },
            "edge_media_to_caption": {
                "edges": [
                    {
                        "node": {
                            "text": "go ahead don't be afraid to take chances DM NOW FOR MORE INFO"
                        }
                    }
                ]
            },
            "edge_media_to_comment": {
                "count": 0
            },
            "id": "2421498326261506861",
            "is_video": false,
            "owner": {
                "id": "41052344736"
            },
            "shortcode": "CGa4-XpBSMt",
            "tags": [],
            "taken_at_timestamp": 1602885116,
            "thumbnail_resources": [
                {
                    "config_height": 150,
                    "config_width": 150,
                    "src": "https://instagram.fabe1-1.fna.fbcdn.net/v/t51.2885-15/e35/s150x150/121486694_220756416088823_5134855259970884444_n.jpg?_nc_ht=instagram.fabe1-1.fna.fbcdn.net&_nc_cat=111&_nc_ohc=q10q7Sr1SgEAX8GObmr&_nc_tp=15&oh=dba0689d4e2c0d81b8e340d9f8a40a97&oe=5FB575F6"
                },
                {
                    "config_height": 240,
                    "config_width": 240,
                    "src": "https://instagram.fabe1-1.fna.fbcdn.net/v/t51.2885-15/e35/s240x240/121486694_220756416088823_5134855259970884444_n.jpg?_nc_ht=instagram.fabe1-1.fna.fbcdn.net&_nc_cat=111&_nc_ohc=q10q7Sr1SgEAX8GObmr&_nc_tp=15&oh=f27f6f1f8a244f743903fb3179524fda&oe=5FB251F4"
                },
                {
                    "config_height": 320,
                    "config_width": 320,
                    "src": "https://instagram.fabe1-1.fna.fbcdn.net/v/t51.2885-15/e35/s320x320/121486694_220756416088823_5134855259970884444_n.jpg?_nc_ht=instagram.fabe1-1.fna.fbcdn.net&_nc_cat=111&_nc_ohc=q10q7Sr1SgEAX8GObmr&_nc_tp=15&oh=a8b33384de812bf5c0a34c4183f2e680&oe=5FB5540E"
                },
                {
                    "config_height": 480,
                    "config_width": 480,
                    "src": "https://instagram.fabe1-1.fna.fbcdn.net/v/t51.2885-15/e35/s480x480/121486694_220756416088823_5134855259970884444_n.jpg?_nc_ht=instagram.fabe1-1.fna.fbcdn.net&_nc_cat=111&_nc_ohc=q10q7Sr1SgEAX8GObmr&_nc_tp=15&oh=40e5239d0fae0286f7f394e831814d12&oe=5FB3DA4B"
                },
                {
                    "config_height": 640,
                    "config_width": 640,
                    "src": "https://instagram.fabe1-1.fna.fbcdn.net/v/t51.2885-15/e35/121486694_220756416088823_5134855259970884444_n.jpg?_nc_ht=instagram.fabe1-1.fna.fbcdn.net&_nc_cat=111&_nc_ohc=q10q7Sr1SgEAX8GObmr&_nc_tp=18&oh=38ca3ae67c95ec131c6e5d7b6baa366e&oe=5FB2C6CB"
                }
            ],
            "thumbnail_src": "https://instagram.fabe1-1.fna.fbcdn.net/v/t51.2885-15/e35/121486694_220756416088823_5134855259970884444_n.jpg?_nc_ht=instagram.fabe1-1.fna.fbcdn.net&_nc_cat=111&_nc_ohc=q10q7Sr1SgEAX8GObmr&_nc_tp=18&oh=38ca3ae67c95ec131c6e5d7b6baa366e&oe=5FB2C6CB",
            "urls": [
                "https://instagram.fabe1-1.fna.fbcdn.net/v/t51.2885-15/e35/121486694_220756416088823_5134855259970884444_n.jpg?_nc_ht=instagram.fabe1-1.fna.fbcdn.net&_nc_cat=111&_nc_ohc=q10q7Sr1SgEAX8GObmr&_nc_tp=18&oh=38ca3ae67c95ec131c6e5d7b6baa366e&oe=5FB2C6CB"
            ]
        },
        {
            "comments_disabled": false,
            "dimensions": {
                "height": 1350,
                "width": 1080
            },
            "display_url": "https://instagram.fabe1-1.fna.fbcdn.net/v/t51.2885-15/e35/p1080x1080/121506162_358179872077638_6964304288708438904_n.jpg?_nc_ht=instagram.fabe1-1.fna.fbcdn.net&_nc_cat=106&_nc_ohc=qPdLMJ-Z8WEAX9kl1PN&tp=19&oh=50b6e2a291d57b97557fa3dc1c46470d&oe=5FB200AA",
            "edge_liked_by": {
                "count": 5
            },
            "edge_media_preview_like": {
                "count": 5
            },
            "edge_media_to_caption": {
                "edges": [
                    {
                        "node": {
                            "text": "@guason01r  síguelo para q te ganes la tuya #teamracing01"
                        }
                    }
                ]
            },
            "edge_media_to_comment": {
                "count": 0
            },
            "id": "2421498232504296463",
            "is_video": false,
            "owner": {
                "id": "338382774"
            },
            "shortcode": "CGa49AUp6QP",
            "tags": [
                "teamracing01"
            ],
            "taken_at_timestamp": 1602885105,
            "thumbnail_resources": [
                {
                    "config_height": 150,
                    "config_width": 150,
                    "src": "https://instagram.fabe1-1.fna.fbcdn.net/v/t51.2885-15/e35/c0.180.1440.1440a/s150x150/121506162_358179872077638_6964304288708438904_n.jpg?_nc_ht=instagram.fabe1-1.fna.fbcdn.net&_nc_cat=106&_nc_ohc=qPdLMJ-Z8WEAX9kl1PN&tp=16&oh=721ca1ad12499ce4e9e89b2d50c42160&oe=5FB50E3E"
                },
                {
                    "config_height": 240,
                    "config_width": 240,
                    "src": "https://instagram.fabe1-1.fna.fbcdn.net/v/t51.2885-15/e35/c0.180.1440.1440a/s240x240/121506162_358179872077638_6964304288708438904_n.jpg?_nc_ht=instagram.fabe1-1.fna.fbcdn.net&_nc_cat=106&_nc_ohc=qPdLMJ-Z8WEAX9kl1PN&tp=16&oh=21c198579f984f2b15cb7ae2ff20eda4&oe=5FB481BC"
                },
                {
                    "config_height": 320,
                    "config_width": 320,
                    "src": "https://instagram.fabe1-1.fna.fbcdn.net/v/t51.2885-15/e35/c0.180.1440.1440a/s320x320/121506162_358179872077638_6964304288708438904_n.jpg?_nc_ht=instagram.fabe1-1.fna.fbcdn.net&_nc_cat=106&_nc_ohc=qPdLMJ-Z8WEAX9kl1PN&tp=16&oh=72f473e2f29d92908d770b8281fe7075&oe=5FB22C46"
                },
                {
                    "config_height": 480,
                    "config_width": 480,
                    "src": "https://instagram.fabe1-1.fna.fbcdn.net/v/t51.2885-15/e35/c0.180.1440.1440a/s480x480/121506162_358179872077638_6964304288708438904_n.jpg?_nc_ht=instagram.fabe1-1.fna.fbcdn.net&_nc_cat=106&_nc_ohc=qPdLMJ-Z8WEAX9kl1PN&tp=16&oh=b7d2ddc13c7ed293e1e37dbafc0f1456&oe=5FB41D83"
                },
                {
                    "config_height": 640,
                    "config_width": 640,
                    "src": "https://instagram.fabe1-1.fna.fbcdn.net/v/t51.2885-15/sh0.08/e35/c0.180.1440.1440a/s640x640/121506162_358179872077638_6964304288708438904_n.jpg?_nc_ht=instagram.fabe1-1.fna.fbcdn.net&_nc_cat=106&_nc_ohc=qPdLMJ-Z8WEAX9kl1PN&oh=e359f0bed2d78fb7a7a18d9a36908129&oe=5FB5088E"
                }
            ],
            "thumbnail_src": "https://instagram.fabe1-1.fna.fbcdn.net/v/t51.2885-15/sh0.08/e35/c0.180.1440.1440a/s640x640/121506162_358179872077638_6964304288708438904_n.jpg?_nc_ht=instagram.fabe1-1.fna.fbcdn.net&_nc_cat=106&_nc_ohc=qPdLMJ-Z8WEAX9kl1PN&oh=e359f0bed2d78fb7a7a18d9a36908129&oe=5FB5088E",
            "urls": [
                "https://instagram.fabe1-1.fna.fbcdn.net/v/t51.2885-15/e35/p1080x1080/121506162_358179872077638_6964304288708438904_n.jpg?_nc_ht=instagram.fabe1-1.fna.fbcdn.net&_nc_cat=106&_nc_ohc=qPdLMJ-Z8WEAX9kl1PN&tp=19&oh=50b6e2a291d57b97557fa3dc1c46470d&oe=5FB200AA",
                "https://instagram.fabe1-1.fna.fbcdn.net/v/t51.2885-15/e35/p1080x1080/121559466_913502249057504_5654504001407488068_n.jpg?_nc_ht=instagram.fabe1-1.fna.fbcdn.net&_nc_cat=108&_nc_ohc=zZeKXJI8DxQAX--n8VS&tp=19&oh=c3f622449f8d818b6167fe5bca53356d&oe=5FB48E2C",
                "https://instagram.fabe1-1.fna.fbcdn.net/v/t51.2885-15/e35/p1080x1080/121677934_117610309952837_2244517294291883350_n.jpg?_nc_ht=instagram.fabe1-1.fna.fbcdn.net&_nc_cat=105&_nc_ohc=yUM8_Yy_YLkAX91Y4E_&tp=19&oh=e493913b1f993fecec00946034e1970d&oe=5FB464E4"
            ]
        },
        {
            "comments_disabled": false,
            "dimensions": {
                "height": 1080,
                "width": 1080
            },
            "display_url": "https://instagram.fabe1-1.fna.fbcdn.net/v/t51.2885-15/e35/s1080x1080/121658487_387425412414778_4627905962161443330_n.jpg?_nc_ht=instagram.fabe1-1.fna.fbcdn.net&_nc_cat=110&_nc_ohc=SQY9s-L2QnQAX9Iqxut&_nc_tp=15&oh=9638f6d2688a15397e653420dbea8ed9&oe=5FB23B4B",
            "edge_liked_by": {
                "count": 0
            },
            "edge_media_preview_like": {
                "count": 0
            },
            "edge_media_to_caption": {
                "edges": [
                    {
                        "node": {
                            "text": "Home Sweet Home 🏝"
                        }
                    }
                ]
            },
            "edge_media_to_comment": {
                "count": 0
            },
            "id": "2421498101961525510",
            "is_video": false,
            "owner": {
                "id": "205091972"
            },
            "shortcode": "CGa47GvswkG",
            "tags": [],
            "taken_at_timestamp": 1602885090,
            "thumbnail_resources": [
                {
                    "config_height": 150,
                    "config_width": 150,
                    "src": "https://instagram.fabe1-1.fna.fbcdn.net/v/t51.2885-15/e35/s150x150/121658487_387425412414778_4627905962161443330_n.jpg?_nc_ht=instagram.fabe1-1.fna.fbcdn.net&_nc_cat=110&_nc_ohc=SQY9s-L2QnQAX9Iqxut&_nc_tp=15&oh=43a511c2d8e61357e87bc1bd03ed08d5&oe=5FB3CE0C"
                },
                {
                    "config_height": 240,
                    "config_width": 240,
                    "src": "https://instagram.fabe1-1.fna.fbcdn.net/v/t51.2885-15/e35/s240x240/121658487_387425412414778_4627905962161443330_n.jpg?_nc_ht=instagram.fabe1-1.fna.fbcdn.net&_nc_cat=110&_nc_ohc=SQY9s-L2QnQAX9Iqxut&_nc_tp=15&oh=74423711c2f4b09fae099a7fd25bf804&oe=5FB3258E"
                },
                {
                    "config_height": 320,
                    "config_width": 320,
                    "src": "https://instagram.fabe1-1.fna.fbcdn.net/v/t51.2885-15/e35/s320x320/121658487_387425412414778_4627905962161443330_n.jpg?_nc_ht=instagram.fabe1-1.fna.fbcdn.net&_nc_cat=110&_nc_ohc=SQY9s-L2QnQAX9Iqxut&_nc_tp=15&oh=72ef0623fd703d5e012d335b0062c2cb&oe=5FB3B774"
                },
                {
                    "config_height": 480,
                    "config_width": 480,
                    "src": "https://instagram.fabe1-1.fna.fbcdn.net/v/t51.2885-15/e35/s480x480/121658487_387425412414778_4627905962161443330_n.jpg?_nc_ht=instagram.fabe1-1.fna.fbcdn.net&_nc_cat=110&_nc_ohc=SQY9s-L2QnQAX9Iqxut&_nc_tp=15&oh=78efdc7abb73fb5887abced947c2ab49&oe=5FB292B5"
                },
                {
                    "config_height": 640,
                    "config_width": 640,
                    "src": "https://instagram.fabe1-1.fna.fbcdn.net/v/t51.2885-15/sh0.08/e35/s640x640/121658487_387425412414778_4627905962161443330_n.jpg?_nc_ht=instagram.fabe1-1.fna.fbcdn.net&_nc_cat=110&_nc_ohc=SQY9s-L2QnQAX9Iqxut&_nc_tp=24&oh=8ef8d7244d92c7da99201c53a879748e&oe=5FB40E8F"
                }
            ],
            "thumbnail_src": "https://instagram.fabe1-1.fna.fbcdn.net/v/t51.2885-15/sh0.08/e35/s640x640/121658487_387425412414778_4627905962161443330_n.jpg?_nc_ht=instagram.fabe1-1.fna.fbcdn.net&_nc_cat=110&_nc_ohc=SQY9s-L2QnQAX9Iqxut&_nc_tp=24&oh=8ef8d7244d92c7da99201c53a879748e&oe=5FB40E8F",
            "urls": [
                "https://instagram.fabe1-1.fna.fbcdn.net/v/t51.2885-15/e35/s1080x1080/121658487_387425412414778_4627905962161443330_n.jpg?_nc_ht=instagram.fabe1-1.fna.fbcdn.net&_nc_cat=110&_nc_ohc=SQY9s-L2QnQAX9Iqxut&_nc_tp=15&oh=9638f6d2688a15397e653420dbea8ed9&oe=5FB23B4B"
            ]
        }
    ]
}