{
    "GraphImages": [
        {
            "comments_disabled": false,
            "dimensions": {
                "height": 1080,
                "width": 1080
            },
            "display_url": "https://instagram.fabe1-1.fna.fbcdn.net/v/t51.2885-15/e35/121663246_1102624820153875_5290249081781286652_n.jpg?_nc_ht=instagram.fabe1-1.fna.fbcdn.net&_nc_cat=107&_nc_ohc=4TSjli8SHk4AX9HfT7R&_nc_tp=18&oh=8c45d302b715006a34e0524bfeb9ef70&oe=5FB41A1A",
            "edge_liked_by": {
                "count": 0
            },
            "edge_media_preview_like": {
                "count": 0
            },
            "edge_media_to_caption": {
                "edges": [
                    {
                        "node": {
                            "text": "💅"
                        }
                    }
                ]
            },
            "edge_media_to_comment": {
                "count": 0
            },
            "id": "2421367295449449640",
            "is_video": false,
            "owner": {
                "id": "43845520278"
            },
            "shortcode": "CGabLnsA0So",
            "tags": [],
            "taken_at_timestamp": 1602869496,
            "thumbnail_resources": [
                {
                    "config_height": 150,
                    "config_width": 150,
                    "src": "https://instagram.fabe1-1.fna.fbcdn.net/v/t51.2885-15/e35/s150x150/121663246_1102624820153875_5290249081781286652_n.jpg?_nc_ht=instagram.fabe1-1.fna.fbcdn.net&_nc_cat=107&_nc_ohc=4TSjli8SHk4AX9HfT7R&_nc_tp=15&oh=2ee6d5a4817839d5a44db70c22780980&oe=5FB40FF6"
                },
                {
                    "config_height": 240,
                    "config_width": 240,
                    "src": "https://instagram.fabe1-1.fna.fbcdn.net/v/t51.2885-15/e35/s240x240/121663246_1102624820153875_5290249081781286652_n.jpg?_nc_ht=instagram.fabe1-1.fna.fbcdn.net&_nc_cat=107&_nc_ohc=4TSjli8SHk4AX9HfT7R&_nc_tp=15&oh=e16c119011c5d7ea9973108cbd95317e&oe=5FB1833E"
                },
                {
                    "config_height": 320,
                    "config_width": 320,
                    "src": "https://instagram.fabe1-1.fna.fbcdn.net/v/t51.2885-15/e35/s320x320/121663246_1102624820153875_5290249081781286652_n.jpg?_nc_ht=instagram.fabe1-1.fna.fbcdn.net&_nc_cat=107&_nc_ohc=4TSjli8SHk4AX9HfT7R&_nc_tp=15&oh=c98f6f36c4a1226cb6d68476cf38fc44&oe=5FB2C563"
                },
                {
                    "config_height": 480,
                    "config_width": 480,
                    "src": "https://instagram.fabe1-1.fna.fbcdn.net/v/t51.2885-15/e35/s480x480/121663246_1102624820153875_5290249081781286652_n.jpg?_nc_ht=instagram.fabe1-1.fna.fbcdn.net&_nc_cat=107&_nc_ohc=4TSjli8SHk4AX9HfT7R&_nc_tp=15&oh=009bee3401620092f9ff6050b131f8da&oe=5FB459A1"
                },
                {
                    "config_height": 640,
                    "config_width": 640,
                    "src": "https://instagram.fabe1-1.fna.fbcdn.net/v/t51.2885-15/sh0.08/e35/s640x640/121663246_1102624820153875_5290249081781286652_n.jpg?_nc_ht=instagram.fabe1-1.fna.fbcdn.net&_nc_cat=107&_nc_ohc=4TSjli8SHk4AX9HfT7R&_nc_tp=24&oh=dde2221f2c65fa627866d51a31a68f37&oe=5FB44881"
                }
            ],
            "thumbnail_src": "https://instagram.fabe1-1.fna.fbcdn.net/v/t51.2885-15/sh0.08/e35/s640x640/121663246_1102624820153875_5290249081781286652_n.jpg?_nc_ht=instagram.fabe1-1.fna.fbcdn.net&_nc_cat=107&_nc_ohc=4TSjli8SHk4AX9HfT7R&_nc_tp=24&oh=dde2221f2c65fa627866d51a31a68f37&oe=5FB44881",
            "urls": [
                "https://instagram.fabe1-1.fna.fbcdn.net/v/t51.2885-15/e35/121663246_1102624820153875_5290249081781286652_n.jpg?_nc_ht=instagram.fabe1-1.fna.fbcdn.net&_nc_cat=107&_nc_ohc=4TSjli8SHk4AX9HfT7R&_nc_tp=18&oh=8c45d302b715006a34e0524bfeb9ef70&oe=5FB41A1A"
            ]
        },
        {
            "comments_disabled": false,
            "dimensions": {
                "height": 1338,
                "width": 1080
            },
            "display_url": "https://instagram.fabe1-1.fna.fbcdn.net/v/t51.2885-15/e35/p1080x1080/121605317_835798613897721_5019337119629762795_n.jpg?_nc_ht=instagram.fabe1-1.fna.fbcdn.net&_nc_cat=109&_nc_ohc=9Ch7wOmI5fYAX_hfc2F&tp=19&oh=7a6fea86dd4d1988468fcfa4cc9161b9&oe=5FB48A64",
            "edge_liked_by": {
                "count": 21
            },
            "edge_media_preview_like": {
                "count": 21
            },
            "edge_media_to_caption": {
                "edges": [
                    {
                        "node": {
                            "text": "🩸\n\nFOLLOW @venusaeshtestic \nFOLLOW @venusaeshtestic \nFOLLOW @venusaeshtestic \n\n#aesthetic #softaesthetic #gtvardir #cuteboy #cuteboys #love #2000s #2000sfashion #aestheticgirl #blueaesthetic #aestheticboy #aktiftakipci #aktivlər #aktif #beğeni #begeniyebegeni #sdv #sdvtodos #sdv❤️ #gainpost #gaintrick #grungeaesthetic #likeforlikes #followtrain #chuvadelikes #chuvadelikes30k #gainwithmchina #chuva #aktifler #likeforlikes #likeforfollow"
                        }
                    }
                ]
            },
            "edge_media_to_comment": {
                "count": 6
            },
            "id": "2421366964856267022",
            "is_video": false,
            "owner": {
                "id": "39665278709"
            },
            "shortcode": "CGabGzzH6EO",
            "tags": [
                "gainwithmchina",
                "chuvadelikes",
                "aesthetic",
                "grungeaesthetic",
                "aktif",
                "cuteboys",
                "likeforlikes",
                "aktivlər",
                "aestheticgirl",
                "aktiftakipci",
                "likeforfollow",
                "2000s",
                "blueaesthetic",
                "chuvadelikes30k",
                "aktifler",
                "followtrain",
                "beg",
                "cuteboy",
                "sdv",
                "begeniyebegeni",
                "love",
                "gainpost",
                "gaintrick",
                "gtvardir",
                "aestheticboy",
                "sdvtodos",
                "chuva",
                "2000sfashion",
                "softaesthetic",
                "❤️"
            ],
            "taken_at_timestamp": 1602869457,
            "thumbnail_resources": [
                {
                    "config_height": 150,
                    "config_width": 150,
                    "src": "https://instagram.fabe1-1.fna.fbcdn.net/v/t51.2885-15/e35/c0.172.1440.1440a/s150x150/121605317_835798613897721_5019337119629762795_n.jpg?_nc_ht=instagram.fabe1-1.fna.fbcdn.net&_nc_cat=109&_nc_ohc=9Ch7wOmI5fYAX_hfc2F&tp=16&oh=872bb9dbe581d2e0c16f6a0e965949f2&oe=5FB225B5"
                },
                {
                    "config_height": 240,
                    "config_width": 240,
                    "src": "https://instagram.fabe1-1.fna.fbcdn.net/v/t51.2885-15/e35/c0.172.1440.1440a/s240x240/121605317_835798613897721_5019337119629762795_n.jpg?_nc_ht=instagram.fabe1-1.fna.fbcdn.net&_nc_cat=109&_nc_ohc=9Ch7wOmI5fYAX_hfc2F&tp=16&oh=205e4e57e191d46ac476cef584fa0e8f&oe=5FB33633"
                },
                {
                    "config_height": 320,
                    "config_width": 320,
                    "src": "https://instagram.fabe1-1.fna.fbcdn.net/v/t51.2885-15/e35/c0.172.1440.1440a/s320x320/121605317_835798613897721_5019337119629762795_n.jpg?_nc_ht=instagram.fabe1-1.fna.fbcdn.net&_nc_cat=109&_nc_ohc=9Ch7wOmI5fYAX_hfc2F&tp=16&oh=6485fe15d90b504d401620fa83ff507e&oe=5FB3D54D"
                },
                {
                    "config_height": 480,
                    "config_width": 480,
                    "src": "https://instagram.fabe1-1.fna.fbcdn.net/v/t51.2885-15/e35/c0.172.1440.1440a/s480x480/121605317_835798613897721_5019337119629762795_n.jpg?_nc_ht=instagram.fabe1-1.fna.fbcdn.net&_nc_cat=109&_nc_ohc=9Ch7wOmI5fYAX_hfc2F&tp=16&oh=c4479b04ff629d4d89845019e336ad39&oe=5FB2470C"
                },
                {
                    "config_height": 640,
                    "config_width": 640,
                    "src": "https://instagram.fabe1-1.fna.fbcdn.net/v/t51.2885-15/sh0.08/e35/c0.172.1440.1440a/s640x640/121605317_835798613897721_5019337119629762795_n.jpg?_nc_ht=instagram.fabe1-1.fna.fbcdn.net&_nc_cat=109&_nc_ohc=9Ch7wOmI5fYAX_hfc2F&oh=2236dd1cb805d91e7a7ec9b4c554cd73&oe=5FB35905"
                }
            ],
            "thumbnail_src": "https://instagram.fabe1-1.fna.fbcdn.net/v/t51.2885-15/sh0.08/e35/c0.172.1440.1440a/s640x640/121605317_835798613897721_5019337119629762795_n.jpg?_nc_ht=instagram.fabe1-1.fna.fbcdn.net&_nc_cat=109&_nc_ohc=9Ch7wOmI5fYAX_hfc2F&oh=2236dd1cb805d91e7a7ec9b4c554cd73&oe=5FB35905",
            "urls": [
                "https://instagram.fabe1-1.fna.fbcdn.net/v/t51.2885-15/e35/p1080x1080/121605317_835798613897721_5019337119629762795_n.jpg?_nc_ht=instagram.fabe1-1.fna.fbcdn.net&_nc_cat=109&_nc_ohc=9Ch7wOmI5fYAX_hfc2F&tp=19&oh=7a6fea86dd4d1988468fcfa4cc9161b9&oe=5FB48A64",
                "https://instagram.fabe1-1.fna.fbcdn.net/v/t51.2885-15/e35/p1080x1080/121728629_1710336552462608_1102154359363409743_n.jpg?_nc_ht=instagram.fabe1-1.fna.fbcdn.net&_nc_cat=108&_nc_ohc=lu9JlaZ-slYAX-CvWWT&tp=19&oh=c386b29f771d15f513ecc7e2c64a0fb6&oe=5FB3A006"
            ]
        },
        {
            "comments_disabled": false,
            "dimensions": {
                "height": 1350,
                "width": 1080
            },
            "display_url": "https://instagram.fabe1-1.fna.fbcdn.net/v/t51.2885-15/e35/p1080x1080/121578564_174229924247851_8395068271944723048_n.jpg?_nc_ht=instagram.fabe1-1.fna.fbcdn.net&_nc_cat=107&_nc_ohc=DvdY2ujpj0UAX_KQMZD&tp=19&oh=3ec55741043260ccf7d4d558d0bb86b3&oe=5FB30D4F",
            "edge_liked_by": {
                "count": 4
            },
            "edge_media_preview_like": {
                "count": 4
            },
            "edge_media_to_caption": {
                "edges": [
                    {
                        "node": {
                            "text": "It’s an exciting Friday!⭐️⠀\n•⠀\nGROWTHWITHMARIE.COM is NOW live!👏🏼⠀\n(Link is in the bio for ya😉) ⠀\n⠀\nAre you as excited as I am for my workout guide? 😆⠀\n⠀\n⠀\nIf you have any questions at all feel free to DM me🤍⠀\n⠀\n⠀\n#growthwithmarie #fitness #fitmiami #workout #growth #miami #explorepage #launch"
                        }
                    }
                ]
            },
            "edge_media_to_comment": {
                "count": 0
            },
            "id": "2421366598777360900",
            "is_video": false,
            "owner": {
                "id": "35649884897"
            },
            "shortcode": "CGabBe3HtIE",
            "tags": [
                "fitmiami",
                "growthwithmarie",
                "miami",
                "explorepage",
                "launch",
                "workout",
                "fitness",
                "growth"
            ],
            "taken_at_timestamp": 1602869413,
            "thumbnail_resources": [
                {
                    "config_height": 150,
                    "config_width": 150,
                    "src": "https://instagram.fabe1-1.fna.fbcdn.net/v/t51.2885-15/e35/c0.180.1440.1440a/s150x150/121578564_174229924247851_8395068271944723048_n.jpg?_nc_ht=instagram.fabe1-1.fna.fbcdn.net&_nc_cat=107&_nc_ohc=DvdY2ujpj0UAX_KQMZD&tp=16&oh=1dd8d17bcc65ef4745495b0750cbb94f&oe=5FB1DE5B"
                },
                {
                    "config_height": 240,
                    "config_width": 240,
                    "src": "https://instagram.fabe1-1.fna.fbcdn.net/v/t51.2885-15/e35/c0.180.1440.1440a/s240x240/121578564_174229924247851_8395068271944723048_n.jpg?_nc_ht=instagram.fabe1-1.fna.fbcdn.net&_nc_cat=107&_nc_ohc=DvdY2ujpj0UAX_KQMZD&tp=16&oh=f12be7d0a50eb2e977da142cde185ba1&oe=5FB290DD"
                },
                {
                    "config_height": 320,
                    "config_width": 320,
                    "src": "https://instagram.fabe1-1.fna.fbcdn.net/v/t51.2885-15/e35/c0.180.1440.1440a/s320x320/121578564_174229924247851_8395068271944723048_n.jpg?_nc_ht=instagram.fabe1-1.fna.fbcdn.net&_nc_cat=107&_nc_ohc=DvdY2ujpj0UAX_KQMZD&tp=16&oh=25c7642d759e1a955a5d8d985408f9af&oe=5FB16BA3"
                },
                {
                    "config_height": 480,
                    "config_width": 480,
                    "src": "https://instagram.fabe1-1.fna.fbcdn.net/v/t51.2885-15/e35/c0.180.1440.1440a/s480x480/121578564_174229924247851_8395068271944723048_n.jpg?_nc_ht=instagram.fabe1-1.fna.fbcdn.net&_nc_cat=107&_nc_ohc=DvdY2ujpj0UAX_KQMZD&tp=16&oh=1be043ea020c1d1d0edc2cf7e02ff639&oe=5FB48966"
                },
                {
                    "config_height": 640,
                    "config_width": 640,
                    "src": "https://instagram.fabe1-1.fna.fbcdn.net/v/t51.2885-15/sh0.08/e35/c0.180.1440.1440a/s640x640/121578564_174229924247851_8395068271944723048_n.jpg?_nc_ht=instagram.fabe1-1.fna.fbcdn.net&_nc_cat=107&_nc_ohc=DvdY2ujpj0UAX_KQMZD&oh=b9f00f9cfde6f03cb5fb93bad54e36c8&oe=5FB407EB"
                }
            ],
            "thumbnail_src": "https://instagram.fabe1-1.fna.fbcdn.net/v/t51.2885-15/sh0.08/e35/c0.180.1440.1440a/s640x640/121578564_174229924247851_8395068271944723048_n.jpg?_nc_ht=instagram.fabe1-1.fna.fbcdn.net&_nc_cat=107&_nc_ohc=DvdY2ujpj0UAX_KQMZD&oh=b9f00f9cfde6f03cb5fb93bad54e36c8&oe=5FB407EB",
            "urls": [
                "https://instagram.fabe1-1.fna.fbcdn.net/v/t51.2885-15/e35/p1080x1080/121578564_174229924247851_8395068271944723048_n.jpg?_nc_ht=instagram.fabe1-1.fna.fbcdn.net&_nc_cat=107&_nc_ohc=DvdY2ujpj0UAX_KQMZD&tp=19&oh=3ec55741043260ccf7d4d558d0bb86b3&oe=5FB30D4F"
            ]
        }
    ]
}