{
    "GraphImages": [
        {
            "dimensions": {
                "height": 1182,
                "width": 1080
            },
            "display_url": "https://instagram.fabe1-1.fna.fbcdn.net/v/t51.2885-15/e35/p1080x1080/121594426_805029343606285_6164269470613034050_n.jpg?_nc_ht=instagram.fabe1-1.fna.fbcdn.net&_nc_cat=101&_nc_ohc=g9tsLfru1PYAX-ZnTfO&tp=19&oh=a1e3d26d4f0a92b337dbc37a509754ff&oe=5FB526FA",
            "edge_liked_by": {
                "count": 4
            },
            "edge_media_preview_like": {
                "count": 4
            },
            "edge_media_to_caption": {
                "edges": [
                    {
                        "node": {
                            "text": "The main topic of this week - Apple continues to present new products.  Now it's time for a brand new IPhone! 😍\nNow your phone photos will be even more professional with improved screens, a new process and a LiDAR scanner.  According to Apple, a larger sensor means an \"87% improvement\" in low-light photos! 😏 Well, let's check it out! 😍\n\nAs for the design ... The phrase “Everything new is well forgotten old” is relevant here.  In case, the new \"old\" design of the iPhone line in 2020-2021, judging by any repetition, hit the mark: many with a nostalgic sigh recall the iPhone 4/5 and their intermediate modifications, despite how sharp edges of devices tore pockets  jeans.  By the way, many immediately remembered that this design was born under Jobs.  As if that Apple has once again put into production the legacy of Jobs! 🤔😌\n\nDo you like these new IPhones ?! 😀 \n\nГлавная тема этой недели - Apple продолжает презентовать новинки. Теперь настало время новеньких IPhone! 😍 \nТеперь ваши фото, сделанные на телефон смогут выглядет ещё более профессиональными, благодаря  улучшенным экранам, новому процессору и сканеру LiDAR. Увеличенная матрица, по словам Apple, означает «улучшение на 87%» фотографий при низкой освещенности! 😏 Ну что ж, проверим! 😍\n\nЧто касается дизайна... Тут актуальна фраза «Все новое – это хорошо забытое старое». В любом случае, новый «старый» дизайн линейки iPhone в 2020-2021 гг., судя по отзывам, попал в точку: многие с ностальгическим вздохом вспоминают iPhone 4/5 и их промежуточные модификации, даже несмотря на то, как острые кромки устройств рвали карманы джинс. Кстати, многие тут же вспомнили, что этот дизайн был рожден еще при Джобсе. Как будто то, что Apple в очередной раз пустила в производство наследие Джобса! 🤔😌\n\nА как вам эти новинки?! 😀"
                        }
                    }
                ]
            },
            "edge_media_to_comment": {
                "count": 0
            },
            "id": "2421357951959050768",
            "is_video": false,
            "owner": {
                "id": "1139688"
            },
            "shortcode": "CGaZDp4lioQ",
            "tags": [],
            "taken_at_timestamp": 1602868382,
            "thumbnail_resources": [
                {
                    "config_height": 150,
                    "config_width": 150,
                    "src": "https://instagram.fabe1-1.fna.fbcdn.net/v/t51.2885-15/e35/c0.64.1360.1360a/s150x150/121594426_805029343606285_6164269470613034050_n.jpg?_nc_ht=instagram.fabe1-1.fna.fbcdn.net&_nc_cat=101&_nc_ohc=g9tsLfru1PYAX-ZnTfO&tp=16&oh=fa1933b54e7cf58aace3abf9644a357d&oe=5FB28568"
                },
                {
                    "config_height": 240,
                    "config_width": 240,
                    "src": "https://instagram.fabe1-1.fna.fbcdn.net/v/t51.2885-15/e35/c0.64.1360.1360a/s240x240/121594426_805029343606285_6164269470613034050_n.jpg?_nc_ht=instagram.fabe1-1.fna.fbcdn.net&_nc_cat=101&_nc_ohc=g9tsLfru1PYAX-ZnTfO&tp=16&oh=5c5897c3799ef1ed963c9914b00bb564&oe=5FB1EE62"
                },
                {
                    "config_height": 320,
                    "config_width": 320,
                    "src": "https://instagram.fabe1-1.fna.fbcdn.net/v/t51.2885-15/e35/c0.64.1360.1360a/s320x320/121594426_805029343606285_6164269470613034050_n.jpg?_nc_ht=instagram.fabe1-1.fna.fbcdn.net&_nc_cat=101&_nc_ohc=g9tsLfru1PYAX-ZnTfO&tp=16&oh=34f000cc02c3d35c64a8f20eb02d0631&oe=5FB54420"
                },
                {
                    "config_height": 480,
                    "config_width": 480,
                    "src": "https://instagram.fabe1-1.fna.fbcdn.net/v/t51.2885-15/e35/c0.64.1360.1360a/s480x480/121594426_805029343606285_6164269470613034050_n.jpg?_nc_ht=instagram.fabe1-1.fna.fbcdn.net&_nc_cat=101&_nc_ohc=g9tsLfru1PYAX-ZnTfO&tp=16&oh=8db2e55892720459fd691bef728e261b&oe=5FB4DE59"
                },
                {
                    "config_height": 640,
                    "config_width": 640,
                    "src": "https://instagram.fabe1-1.fna.fbcdn.net/v/t51.2885-15/sh0.08/e35/c0.64.1360.1360a/s640x640/121594426_805029343606285_6164269470613034050_n.jpg?_nc_ht=instagram.fabe1-1.fna.fbcdn.net&_nc_cat=101&_nc_ohc=g9tsLfru1PYAX-ZnTfO&oh=a9984d998f0dafe27fe198c509e66406&oe=5FB24D71"
                }
            ],
            "thumbnail_src": "https://instagram.fabe1-1.fna.fbcdn.net/v/t51.2885-15/sh0.08/e35/c0.64.1360.1360a/s640x640/121594426_805029343606285_6164269470613034050_n.jpg?_nc_ht=instagram.fabe1-1.fna.fbcdn.net&_nc_cat=101&_nc_ohc=g9tsLfru1PYAX-ZnTfO&oh=a9984d998f0dafe27fe198c509e66406&oe=5FB24D71",
            "urls": [
                "https://instagram.fabe1-1.fna.fbcdn.net/v/t51.2885-15/e35/p1080x1080/121594426_805029343606285_6164269470613034050_n.jpg?_nc_ht=instagram.fabe1-1.fna.fbcdn.net&_nc_cat=101&_nc_ohc=g9tsLfru1PYAX-ZnTfO&tp=19&oh=a1e3d26d4f0a92b337dbc37a509754ff&oe=5FB526FA"
            ]
        },
        {
            "comments_disabled": false,
            "dimensions": {
                "height": 862,
                "width": 750
            },
            "display_url": "https://instagram.fabe1-1.fna.fbcdn.net/v/t51.2885-15/e35/121514510_628545384482991_4285739373103698536_n.jpg?_nc_ht=instagram.fabe1-1.fna.fbcdn.net&_nc_cat=103&_nc_ohc=jOgoQqCkHiUAX-qSuTt&_nc_tp=18&oh=0364f6cc8d5b135f5dce21b3c2907f7e&oe=5FB2FB77",
            "edge_liked_by": {
                "count": 0
            },
            "edge_media_preview_like": {
                "count": 0
            },
            "edge_media_to_caption": {
                "edges": [
                    {
                        "node": {
                            "text": "Don't waste your time on empty people 🍃🤍"
                        }
                    }
                ]
            },
            "edge_media_to_comment": {
                "count": 0
            },
            "id": "2421358664880720370",
            "is_video": false,
            "owner": {
                "id": "9552736862"
            },
            "shortcode": "CGaZOB2B4ny",
            "tags": [],
            "taken_at_timestamp": 1602868467,
            "thumbnail_resources": [
                {
                    "config_height": 150,
                    "config_width": 150,
                    "src": "https://instagram.fabe1-1.fna.fbcdn.net/v/t51.2885-15/e35/c0.54.719.719a/s150x150/121514510_628545384482991_4285739373103698536_n.jpg?_nc_ht=instagram.fabe1-1.fna.fbcdn.net&_nc_cat=103&_nc_ohc=jOgoQqCkHiUAX-qSuTt&tp=16&oh=8813a4506b36fb5340f0f1118837ecf7&oe=5FB43D01"
                },
                {
                    "config_height": 240,
                    "config_width": 240,
                    "src": "https://instagram.fabe1-1.fna.fbcdn.net/v/t51.2885-15/e35/c0.54.719.719a/s240x240/121514510_628545384482991_4285739373103698536_n.jpg?_nc_ht=instagram.fabe1-1.fna.fbcdn.net&_nc_cat=103&_nc_ohc=jOgoQqCkHiUAX-qSuTt&tp=16&oh=5633337d34f88ad167254ce7c66d728d&oe=5FB3B587"
                },
                {
                    "config_height": 320,
                    "config_width": 320,
                    "src": "https://instagram.fabe1-1.fna.fbcdn.net/v/t51.2885-15/e35/c0.54.719.719a/s320x320/121514510_628545384482991_4285739373103698536_n.jpg?_nc_ht=instagram.fabe1-1.fna.fbcdn.net&_nc_cat=103&_nc_ohc=jOgoQqCkHiUAX-qSuTt&tp=16&oh=31b1171d901edbff24550302b8da5a30&oe=5FB26379"
                },
                {
                    "config_height": 480,
                    "config_width": 480,
                    "src": "https://instagram.fabe1-1.fna.fbcdn.net/v/t51.2885-15/e35/c0.54.719.719a/s480x480/121514510_628545384482991_4285739373103698536_n.jpg?_nc_ht=instagram.fabe1-1.fna.fbcdn.net&_nc_cat=103&_nc_ohc=jOgoQqCkHiUAX-qSuTt&tp=16&oh=d8d2d5695cf2a53f782b12ce8c5464a7&oe=5FB19DC0"
                },
                {
                    "config_height": 640,
                    "config_width": 640,
                    "src": "https://instagram.fabe1-1.fna.fbcdn.net/v/t51.2885-15/sh0.08/e35/c0.54.719.719a/s640x640/121514510_628545384482991_4285739373103698536_n.jpg?_nc_ht=instagram.fabe1-1.fna.fbcdn.net&_nc_cat=103&_nc_ohc=jOgoQqCkHiUAX-qSuTt&oh=04cf88203e5edeca1c0b60d7413fb8e7&oe=5FB414B5"
                }
            ],
            "thumbnail_src": "https://instagram.fabe1-1.fna.fbcdn.net/v/t51.2885-15/sh0.08/e35/c0.54.719.719a/s640x640/121514510_628545384482991_4285739373103698536_n.jpg?_nc_ht=instagram.fabe1-1.fna.fbcdn.net&_nc_cat=103&_nc_ohc=jOgoQqCkHiUAX-qSuTt&oh=04cf88203e5edeca1c0b60d7413fb8e7&oe=5FB414B5",
            "urls": [
                "https://instagram.fabe1-1.fna.fbcdn.net/v/t51.2885-15/e35/121514510_628545384482991_4285739373103698536_n.jpg?_nc_ht=instagram.fabe1-1.fna.fbcdn.net&_nc_cat=103&_nc_ohc=jOgoQqCkHiUAX-qSuTt&_nc_tp=18&oh=0364f6cc8d5b135f5dce21b3c2907f7e&oe=5FB2FB77"
            ]
        },
        {
            "comments_disabled": false,
            "dimensions": {
                "height": 1080,
                "width": 1080
            },
            "display_url": "https://instagram.fabe1-1.fna.fbcdn.net/v/t51.2885-15/e35/s1080x1080/121608049_189400455983572_3893752926256151801_n.jpg?_nc_ht=instagram.fabe1-1.fna.fbcdn.net&_nc_cat=104&_nc_ohc=SXQnhXkDN1AAX9XKm7V&_nc_tp=15&oh=9c19a5b7eb2389a7e5fad9c237d8b5ef&oe=5FB1E3CB",
            "edge_liked_by": {
                "count": 0
            },
            "edge_media_preview_like": {
                "count": 0
            },
            "edge_media_to_caption": {
                "edges": [
                    {
                        "node": {
                            "text": "You can’t go back and change the beginning, but you can start where you are and change the end.\n•\n•\n•\n#miami #miamibeach #photoshoot #random #beauty #improv #305 #southbeach #color #look #enjoylife #livelife #livetothefullest #isntagood #picoftheday"
                        }
                    }
                ]
            },
            "edge_media_to_comment": {
                "count": 0
            },
            "id": "2421358619497977024",
            "is_video": false,
            "owner": {
                "id": "5776790033"
            },
            "shortcode": "CGaZNXlAdTA",
            "tags": [
                "improv",
                "beauty",
                "enjoylife",
                "miami",
                "random",
                "look",
                "305",
                "livetothefullest",
                "photoshoot",
                "southbeach",
                "miamibeach",
                "livelife",
                "color",
                "isntagood",
                "picoftheday"
            ],
            "taken_at_timestamp": 1602868462,
            "thumbnail_resources": [
                {
                    "config_height": 150,
                    "config_width": 150,
                    "src": "https://instagram.fabe1-1.fna.fbcdn.net/v/t51.2885-15/e35/s150x150/121608049_189400455983572_3893752926256151801_n.jpg?_nc_ht=instagram.fabe1-1.fna.fbcdn.net&_nc_cat=104&_nc_ohc=SXQnhXkDN1AAX9XKm7V&_nc_tp=15&oh=c9ea070b559f49b1c61556389528bcc0&oe=5FB47E8C"
                },
                {
                    "config_height": 240,
                    "config_width": 240,
                    "src": "https://instagram.fabe1-1.fna.fbcdn.net/v/t51.2885-15/e35/s240x240/121608049_189400455983572_3893752926256151801_n.jpg?_nc_ht=instagram.fabe1-1.fna.fbcdn.net&_nc_cat=104&_nc_ohc=SXQnhXkDN1AAX9XKm7V&_nc_tp=15&oh=1ffcc23dd38bc399aae06bc0ec689d9e&oe=5FB3178E"
                },
                {
                    "config_height": 320,
                    "config_width": 320,
                    "src": "https://instagram.fabe1-1.fna.fbcdn.net/v/t51.2885-15/e35/s320x320/121608049_189400455983572_3893752926256151801_n.jpg?_nc_ht=instagram.fabe1-1.fna.fbcdn.net&_nc_cat=104&_nc_ohc=SXQnhXkDN1AAX9XKm7V&_nc_tp=15&oh=bc90d74c0c7b7260257067af508dc54e&oe=5FB274F4"
                },
                {
                    "config_height": 480,
                    "config_width": 480,
                    "src": "https://instagram.fabe1-1.fna.fbcdn.net/v/t51.2885-15/e35/s480x480/121608049_189400455983572_3893752926256151801_n.jpg?_nc_ht=instagram.fabe1-1.fna.fbcdn.net&_nc_cat=104&_nc_ohc=SXQnhXkDN1AAX9XKm7V&_nc_tp=15&oh=4c230560a39de4713a6544bbdad9d701&oe=5FB1BE35"
                },
                {
                    "config_height": 640,
                    "config_width": 640,
                    "src": "https://instagram.fabe1-1.fna.fbcdn.net/v/t51.2885-15/sh0.08/e35/s640x640/121608049_189400455983572_3893752926256151801_n.jpg?_nc_ht=instagram.fabe1-1.fna.fbcdn.net&_nc_cat=104&_nc_ohc=SXQnhXkDN1AAX9XKm7V&_nc_tp=24&oh=bdfa2bf86297b7aac952bb4b26094440&oe=5FB1E98F"
                }
            ],
            "thumbnail_src": "https://instagram.fabe1-1.fna.fbcdn.net/v/t51.2885-15/sh0.08/e35/s640x640/121608049_189400455983572_3893752926256151801_n.jpg?_nc_ht=instagram.fabe1-1.fna.fbcdn.net&_nc_cat=104&_nc_ohc=SXQnhXkDN1AAX9XKm7V&_nc_tp=24&oh=bdfa2bf86297b7aac952bb4b26094440&oe=5FB1E98F",
            "urls": [
                "https://instagram.fabe1-1.fna.fbcdn.net/v/t51.2885-15/e35/s1080x1080/121608049_189400455983572_3893752926256151801_n.jpg?_nc_ht=instagram.fabe1-1.fna.fbcdn.net&_nc_cat=104&_nc_ohc=SXQnhXkDN1AAX9XKm7V&_nc_tp=15&oh=9c19a5b7eb2389a7e5fad9c237d8b5ef&oe=5FB1E3CB"
            ]
        },
        {
            "comments_disabled": false,
            "dimensions": {
                "height": 750,
                "width": 750
            },
            "display_url": "https://instagram.fabe1-1.fna.fbcdn.net/v/t51.2885-15/e35/121591620_344055463530637_8076365469083132667_n.jpg?_nc_ht=instagram.fabe1-1.fna.fbcdn.net&_nc_cat=101&_nc_ohc=JyTFrgQ0F0IAX_RQaPj&_nc_tp=18&oh=367f3c1c406e58b19d0ae01e2a25ccb3&oe=5FB1DFB9",
            "edge_liked_by": {
                "count": 0
            },
            "edge_media_preview_like": {
                "count": 0
            },
            "edge_media_to_caption": {
                "edges": [
                    {
                        "node": {
                            "text": "COMENTA 👇👇 CUÁNTO PESO QUIERES BAJAR 👇\n.\n.\n.\n.\n.\n.\n.\n#bodycarevital  #phoenixusa  #bluepinkbhip  #nonigia  #plan90dias  #plandetox  #cuidadovitaldelcuerpo  #sanfranciscoca #bakersfieldusa  #texas  #miami  #houston  #escondidoca  #atlantausa  #seattle #preguntaportuplan  #pierdepesoganavida  #louisvilleusa  #cuidatucuerpo"
                        }
                    }
                ]
            },
            "edge_media_to_comment": {
                "count": 0
            },
            "id": "2421358509500001082",
            "is_video": false,
            "owner": {
                "id": "34118547733"
            },
            "shortcode": "CGaZLxInes6",
            "tags": [
                "bodycarevital",
                "plandetox",
                "miami",
                "houston",
                "texas",
                "atlantausa",
                "louisvilleusa",
                "preguntaportuplan",
                "bluepinkbhip",
                "seattle",
                "bakersfieldusa",
                "pierdepesoganavida",
                "nonigia",
                "cuidadovitaldelcuerpo",
                "escondidoca",
                "phoenixusa",
                "cuidatucuerpo",
                "sanfranciscoca",
                "plan90dias"
            ],
            "taken_at_timestamp": 1602868449,
            "thumbnail_resources": [
                {
                    "config_height": 150,
                    "config_width": 150,
                    "src": "https://instagram.fabe1-1.fna.fbcdn.net/v/t51.2885-15/e35/s150x150/121591620_344055463530637_8076365469083132667_n.jpg?_nc_ht=instagram.fabe1-1.fna.fbcdn.net&_nc_cat=101&_nc_ohc=JyTFrgQ0F0IAX_RQaPj&_nc_tp=15&oh=4079d8f5506b70382045c3401decc7fc&oe=5FB30108"
                },
                {
                    "config_height": 240,
                    "config_width": 240,
                    "src": "https://instagram.fabe1-1.fna.fbcdn.net/v/t51.2885-15/e35/s240x240/121591620_344055463530637_8076365469083132667_n.jpg?_nc_ht=instagram.fabe1-1.fna.fbcdn.net&_nc_cat=101&_nc_ohc=JyTFrgQ0F0IAX_RQaPj&_nc_tp=15&oh=725d96d5c510740eca9abfa0ce93d1a6&oe=5FB55082"
                },
                {
                    "config_height": 320,
                    "config_width": 320,
                    "src": "https://instagram.fabe1-1.fna.fbcdn.net/v/t51.2885-15/e35/s320x320/121591620_344055463530637_8076365469083132667_n.jpg?_nc_ht=instagram.fabe1-1.fna.fbcdn.net&_nc_cat=101&_nc_ohc=JyTFrgQ0F0IAX_RQaPj&_nc_tp=15&oh=4ee1bfe43a831405dd9b14e4a46573ca&oe=5FB19700"
                },
                {
                    "config_height": 480,
                    "config_width": 480,
                    "src": "https://instagram.fabe1-1.fna.fbcdn.net/v/t51.2885-15/e35/s480x480/121591620_344055463530637_8076365469083132667_n.jpg?_nc_ht=instagram.fabe1-1.fna.fbcdn.net&_nc_cat=101&_nc_ohc=JyTFrgQ0F0IAX_RQaPj&_nc_tp=15&oh=fa321c5ae8ad77d16d0d11a594f1e60a&oe=5FB42E39"
                },
                {
                    "config_height": 640,
                    "config_width": 640,
                    "src": "https://instagram.fabe1-1.fna.fbcdn.net/v/t51.2885-15/sh0.08/e35/s640x640/121591620_344055463530637_8076365469083132667_n.jpg?_nc_ht=instagram.fabe1-1.fna.fbcdn.net&_nc_cat=101&_nc_ohc=JyTFrgQ0F0IAX_RQaPj&_nc_tp=24&oh=9679355a06176d543eb7f3895529c974&oe=5FB2E703"
                }
            ],
            "thumbnail_src": "https://instagram.fabe1-1.fna.fbcdn.net/v/t51.2885-15/sh0.08/e35/s640x640/121591620_344055463530637_8076365469083132667_n.jpg?_nc_ht=instagram.fabe1-1.fna.fbcdn.net&_nc_cat=101&_nc_ohc=JyTFrgQ0F0IAX_RQaPj&_nc_tp=24&oh=9679355a06176d543eb7f3895529c974&oe=5FB2E703",
            "urls": [
                "https://instagram.fabe1-1.fna.fbcdn.net/v/t51.2885-15/e35/121591620_344055463530637_8076365469083132667_n.jpg?_nc_ht=instagram.fabe1-1.fna.fbcdn.net&_nc_cat=101&_nc_ohc=JyTFrgQ0F0IAX_RQaPj&_nc_tp=18&oh=367f3c1c406e58b19d0ae01e2a25ccb3&oe=5FB1DFB9"
            ]
        },
        {
            "comments_disabled": false,
            "dimensions": {
                "height": 1350,
                "width": 1080
            },
            "display_url": "https://instagram.fabe1-1.fna.fbcdn.net/v/t51.2885-15/e35/p1080x1080/121495579_345068903424530_1642394393126289169_n.jpg?_nc_ht=instagram.fabe1-1.fna.fbcdn.net&_nc_cat=102&_nc_ohc=WwYigs1urloAX-onKkl&tp=19&oh=c27bb8cb56c910984719fa33a18bf54b&oe=5FB30BD2",
            "edge_liked_by": {
                "count": 0
            },
            "edge_media_preview_like": {
                "count": 0
            },
            "edge_media_to_caption": {
                "edges": [
                    {
                        "node": {
                            "text": "Always envisioned a monochromatic space & somehow I wounded up with the entire color wheel. Can’t say I mind it."
                        }
                    }
                ]
            },
            "edge_media_to_comment": {
                "count": 0
            },
            "id": "2421358436970364421",
            "is_video": false,
            "owner": {
                "id": "12645463"
            },
            "shortcode": "CGaZKtlg34F",
            "tags": [],
            "taken_at_timestamp": 1602868440,
            "thumbnail_resources": [
                {
                    "config_height": 150,
                    "config_width": 150,
                    "src": "https://instagram.fabe1-1.fna.fbcdn.net/v/t51.2885-15/e35/c0.180.1440.1440a/s150x150/121495579_345068903424530_1642394393126289169_n.jpg?_nc_ht=instagram.fabe1-1.fna.fbcdn.net&_nc_cat=102&_nc_ohc=WwYigs1urloAX-onKkl&tp=16&oh=3d089529df47a9fe3b5368f13f2f04f5&oe=5FB19646"
                },
                {
                    "config_height": 240,
                    "config_width": 240,
                    "src": "https://instagram.fabe1-1.fna.fbcdn.net/v/t51.2885-15/e35/c0.180.1440.1440a/s240x240/121495579_345068903424530_1642394393126289169_n.jpg?_nc_ht=instagram.fabe1-1.fna.fbcdn.net&_nc_cat=102&_nc_ohc=WwYigs1urloAX-onKkl&tp=16&oh=8286aaf9c7d22bd9717bc5075a7d17ad&oe=5FB55244"
                },
                {
                    "config_height": 320,
                    "config_width": 320,
                    "src": "https://instagram.fabe1-1.fna.fbcdn.net/v/t51.2885-15/e35/c0.180.1440.1440a/s320x320/121495579_345068903424530_1642394393126289169_n.jpg?_nc_ht=instagram.fabe1-1.fna.fbcdn.net&_nc_cat=102&_nc_ohc=WwYigs1urloAX-onKkl&tp=16&oh=ec754235e9edd408ccb1daa818c86610&oe=5FB48A3E"
                },
                {
                    "config_height": 480,
                    "config_width": 480,
                    "src": "https://instagram.fabe1-1.fna.fbcdn.net/v/t51.2885-15/e35/c0.180.1440.1440a/s480x480/121495579_345068903424530_1642394393126289169_n.jpg?_nc_ht=instagram.fabe1-1.fna.fbcdn.net&_nc_cat=102&_nc_ohc=WwYigs1urloAX-onKkl&tp=16&oh=34d9b00dd17f41a8e6d55b4bfb4ea83f&oe=5FB4ABFB"
                },
                {
                    "config_height": 640,
                    "config_width": 640,
                    "src": "https://instagram.fabe1-1.fna.fbcdn.net/v/t51.2885-15/sh0.08/e35/c0.180.1440.1440a/s640x640/121495579_345068903424530_1642394393126289169_n.jpg?_nc_ht=instagram.fabe1-1.fna.fbcdn.net&_nc_cat=102&_nc_ohc=WwYigs1urloAX-onKkl&oh=79778e5ce0a9d8e66b68fb4d99bd8d4b&oe=5FB40176"
                }
            ],
            "thumbnail_src": "https://instagram.fabe1-1.fna.fbcdn.net/v/t51.2885-15/sh0.08/e35/c0.180.1440.1440a/s640x640/121495579_345068903424530_1642394393126289169_n.jpg?_nc_ht=instagram.fabe1-1.fna.fbcdn.net&_nc_cat=102&_nc_ohc=WwYigs1urloAX-onKkl&oh=79778e5ce0a9d8e66b68fb4d99bd8d4b&oe=5FB40176",
            "urls": [
                "https://instagram.fabe1-1.fna.fbcdn.net/v/t51.2885-15/e35/p1080x1080/121495579_345068903424530_1642394393126289169_n.jpg?_nc_ht=instagram.fabe1-1.fna.fbcdn.net&_nc_cat=102&_nc_ohc=WwYigs1urloAX-onKkl&tp=19&oh=c27bb8cb56c910984719fa33a18bf54b&oe=5FB30BD2",
                "https://instagram.fabe1-1.fna.fbcdn.net/v/t51.2885-15/e35/p1080x1080/121508122_122456869408911_9191586946231165783_n.jpg?_nc_ht=instagram.fabe1-1.fna.fbcdn.net&_nc_cat=103&_nc_ohc=-s2x5g2rjhsAX8eLSUk&tp=19&oh=b3208c40a36692c0ddbea5159cc44b7e&oe=5FB192B8"
            ]
        },
        {
            "comments_disabled": false,
            "dimensions": {
                "height": 1080,
                "width": 1080
            },
            "display_url": "https://instagram.fabe1-1.fna.fbcdn.net/v/t51.2885-15/e35/121506368_196217131885237_2644952209102304735_n.jpg?_nc_ht=instagram.fabe1-1.fna.fbcdn.net&_nc_cat=101&_nc_ohc=RfeO9gQXIUYAX8sOXVV&_nc_tp=18&oh=a7e4f19677f2508a60e40ad7679e2a7a&oe=5FB2253D",
            "edge_liked_by": {
                "count": 0
            },
            "edge_media_preview_like": {
                "count": 0
            },
            "edge_media_to_caption": {
                "edges": [
                    {
                        "node": {
                            "text": "* Crystals Card Holder *\nHandmade with Love\n\nCrystals Business Card Holder\n\nPink Pigment\nClear Resin\nSilver Glitter\nGold Glitter\nCrystals Format\nDuzzy Crystals format\n.\n.\n.\nFor more follow @resin_up \n.\n.\n.\nAll molds for this piece are from @art4start >> go check them out, amazing art and amazing molds\n.\n.\n.\n\n#resinart #resin #resincoasters #pinkcoasters #pizzacoasters #resinup #art #design #giftsgreatgifts #supportsmallbusiness #smallbusiness #beautiful #resinartwork #resinartist #resincrafts #resincraft #resincasting #resinwork #decor #interiordesign #interiordecoration #decoration #resindecor #crystal  #crystals #resincardsholder #resincrystals"
                        }
                    }
                ]
            },
            "edge_media_to_comment": {
                "count": 0
            },
            "id": "2421358302744212254",
            "is_video": false,
            "owner": {
                "id": "39168938810"
            },
            "shortcode": "CGaZIwlAvMe",
            "tags": [
                "resinwork",
                "design",
                "supportsmallbusiness",
                "resinart",
                "interiordesign",
                "decor",
                "resindecor",
                "beautiful",
                "resin",
                "resincrystals",
                "resinartwork",
                "resinup",
                "resincrafts",
                "pinkcoasters",
                "pizzacoasters",
                "resincasting",
                "crystal",
                "resinartist",
                "art",
                "resincardsholder",
                "smallbusiness",
                "resincraft",
                "crystals",
                "decoration",
                "giftsgreatgifts",
                "resincoasters",
                "interiordecoration"
            ],
            "taken_at_timestamp": 1602868424,
            "thumbnail_resources": [
                {
                    "config_height": 150,
                    "config_width": 150,
                    "src": "https://instagram.fabe1-1.fna.fbcdn.net/v/t51.2885-15/e35/s150x150/121506368_196217131885237_2644952209102304735_n.jpg?_nc_ht=instagram.fabe1-1.fna.fbcdn.net&_nc_cat=101&_nc_ohc=RfeO9gQXIUYAX8sOXVV&_nc_tp=15&oh=9bdf3416a569161fb2ff073f224d3645&oe=5FB24F84"
                },
                {
                    "config_height": 240,
                    "config_width": 240,
                    "src": "https://instagram.fabe1-1.fna.fbcdn.net/v/t51.2885-15/e35/s240x240/121506368_196217131885237_2644952209102304735_n.jpg?_nc_ht=instagram.fabe1-1.fna.fbcdn.net&_nc_cat=101&_nc_ohc=RfeO9gQXIUYAX8sOXVV&_nc_tp=15&oh=6b045e5927ab5cf91728e45aa613a62c&oe=5FB3F406"
                },
                {
                    "config_height": 320,
                    "config_width": 320,
                    "src": "https://instagram.fabe1-1.fna.fbcdn.net/v/t51.2885-15/e35/s320x320/121506368_196217131885237_2644952209102304735_n.jpg?_nc_ht=instagram.fabe1-1.fna.fbcdn.net&_nc_cat=101&_nc_ohc=RfeO9gQXIUYAX8sOXVV&_nc_tp=15&oh=970f946a0740e31740a6d0bcdf7dc8e9&oe=5FB4B2FC"
                },
                {
                    "config_height": 480,
                    "config_width": 480,
                    "src": "https://instagram.fabe1-1.fna.fbcdn.net/v/t51.2885-15/e35/s480x480/121506368_196217131885237_2644952209102304735_n.jpg?_nc_ht=instagram.fabe1-1.fna.fbcdn.net&_nc_cat=101&_nc_ohc=RfeO9gQXIUYAX8sOXVV&_nc_tp=15&oh=099e32aa6bbf249351706fbfde5fb530&oe=5FB4C4BD"
                },
                {
                    "config_height": 640,
                    "config_width": 640,
                    "src": "https://instagram.fabe1-1.fna.fbcdn.net/v/t51.2885-15/sh0.08/e35/s640x640/121506368_196217131885237_2644952209102304735_n.jpg?_nc_ht=instagram.fabe1-1.fna.fbcdn.net&_nc_cat=101&_nc_ohc=RfeO9gQXIUYAX8sOXVV&_nc_tp=24&oh=21495ca6a31a518856a03ebabccfd55e&oe=5FB3C607"
                }
            ],
            "thumbnail_src": "https://instagram.fabe1-1.fna.fbcdn.net/v/t51.2885-15/sh0.08/e35/s640x640/121506368_196217131885237_2644952209102304735_n.jpg?_nc_ht=instagram.fabe1-1.fna.fbcdn.net&_nc_cat=101&_nc_ohc=RfeO9gQXIUYAX8sOXVV&_nc_tp=24&oh=21495ca6a31a518856a03ebabccfd55e&oe=5FB3C607",
            "urls": [
                "https://instagram.fabe1-1.fna.fbcdn.net/v/t51.2885-15/e35/121506368_196217131885237_2644952209102304735_n.jpg?_nc_ht=instagram.fabe1-1.fna.fbcdn.net&_nc_cat=101&_nc_ohc=RfeO9gQXIUYAX8sOXVV&_nc_tp=18&oh=a7e4f19677f2508a60e40ad7679e2a7a&oe=5FB2253D",
                "https://instagram.fabe1-1.fna.fbcdn.net/v/t51.2885-15/e35/121397719_366495328102668_4443359001171814466_n.jpg?_nc_ht=instagram.fabe1-1.fna.fbcdn.net&_nc_cat=100&_nc_ohc=QNm8n10-FmIAX-xQTs6&_nc_tp=18&oh=72044ebf4bbadbd64837cbab774cf37a&oe=5FB1A338",
                "https://instagram.fabe1-1.fna.fbcdn.net/v/t51.2885-15/e35/121532768_187978446215669_8485432482792733294_n.jpg?_nc_ht=instagram.fabe1-1.fna.fbcdn.net&_nc_cat=105&_nc_ohc=0R8mMlBT4EUAX8I_UC5&_nc_tp=18&oh=fd1d700369804fb93fa227f51b7cae3f&oe=5FB39B20",
                "https://instagram.fabe1-1.fna.fbcdn.net/v/t51.2885-15/e35/121581264_742858182931314_4837268613780850919_n.jpg?_nc_ht=instagram.fabe1-1.fna.fbcdn.net&_nc_cat=106&_nc_ohc=KBL9lM45BpUAX9f4WY_&_nc_tp=18&oh=1c75c331b3e59e626d7bc4ffdae7bfba&oe=5FB27A6D",
                "https://instagram.fabe1-1.fna.fbcdn.net/v/t51.2885-15/e35/121595317_377339106965658_2666996658140678166_n.jpg?_nc_ht=instagram.fabe1-1.fna.fbcdn.net&_nc_cat=106&_nc_ohc=TtJ943pdzUAAX_1dP0O&_nc_tp=18&oh=28b15bcb8cecbd0f879c6573c0700af9&oe=5FB233C9",
                "https://instagram.fabe1-1.fna.fbcdn.net/v/t51.2885-15/e35/121602556_3671211766234488_6410069993824356217_n.jpg?_nc_ht=instagram.fabe1-1.fna.fbcdn.net&_nc_cat=100&_nc_ohc=2UtW2CPXv3IAX-awawo&_nc_tp=18&oh=b250dea78be06b255987fb5628a886af&oe=5FB41E23",
                "https://instagram.fabe1-1.fna.fbcdn.net/v/t51.2885-15/e35/121514681_954406475070156_1347527995928631300_n.jpg?_nc_ht=instagram.fabe1-1.fna.fbcdn.net&_nc_cat=100&_nc_ohc=nd2vsbHJQ3EAX8zboNW&_nc_tp=18&oh=66322d69b9fd3f15bfe576d84818f03b&oe=5FB3ADBD",
                "https://instagram.fabe1-1.fna.fbcdn.net/v/t50.2886-16/121720016_122888732690178_6999745837746979953_n.mp4?_nc_ht=instagram.fabe1-1.fna.fbcdn.net&_nc_cat=106&_nc_ohc=qUZ4XArlzNYAX8k-0a6&oe=5F8C5529&oh=24e0e428b798e27e00e741f28dd20634"
            ]
        },
        {
            "comments_disabled": false,
            "dimensions": {
                "height": 607,
                "width": 1080
            },
            "display_url": "https://instagram.fabe1-1.fna.fbcdn.net/v/t51.2885-15/e35/121585797_1435439653312299_7140162432428772157_n.jpg?_nc_ht=instagram.fabe1-1.fna.fbcdn.net&_nc_cat=103&_nc_ohc=qwJ6o1idH-0AX-Gbn72&_nc_tp=18&oh=7836812c8c38d1054163f019537a9d33&oe=5FB4DD33",
            "edge_liked_by": {
                "count": 100
            },
            "edge_media_preview_like": {
                "count": 100
            },
            "edge_media_to_caption": {
                "edges": [
                    {
                        "node": {
                            "text": "Beautiful Miami Sunset."
                        }
                    }
                ]
            },
            "edge_media_to_comment": {
                "count": 0
            },
            "id": "2421358247111621461",
            "is_video": false,
            "owner": {
                "id": "231464340"
            },
            "shortcode": "CGaZH8xDPtV",
            "tags": [],
            "taken_at_timestamp": 1602868418,
            "thumbnail_resources": [
                {
                    "config_height": 150,
                    "config_width": 150,
                    "src": "https://instagram.fabe1-1.fna.fbcdn.net/v/t51.2885-15/e35/c210.0.540.540a/s150x150/121585797_1435439653312299_7140162432428772157_n.jpg?_nc_ht=instagram.fabe1-1.fna.fbcdn.net&_nc_cat=103&_nc_ohc=qwJ6o1idH-0AX-Gbn72&tp=16&oh=f71680e98411ca094cb26566e3198fd8&oe=5FB236D4"
                },
                {
                    "config_height": 240,
                    "config_width": 240,
                    "src": "https://instagram.fabe1-1.fna.fbcdn.net/v/t51.2885-15/e35/c210.0.540.540a/s240x240/121585797_1435439653312299_7140162432428772157_n.jpg?_nc_ht=instagram.fabe1-1.fna.fbcdn.net&_nc_cat=103&_nc_ohc=qwJ6o1idH-0AX-Gbn72&tp=16&oh=d3e4e2ff5572b83eb99ebc2a122e335e&oe=5FB17D9C"
                },
                {
                    "config_height": 320,
                    "config_width": 320,
                    "src": "https://instagram.fabe1-1.fna.fbcdn.net/v/t51.2885-15/e35/c210.0.540.540a/s320x320/121585797_1435439653312299_7140162432428772157_n.jpg?_nc_ht=instagram.fabe1-1.fna.fbcdn.net&_nc_cat=103&_nc_ohc=qwJ6o1idH-0AX-Gbn72&tp=16&oh=32ebceacbfeebbdf46f2e44c3d655b70&oe=5FB19BC5"
                },
                {
                    "config_height": 480,
                    "config_width": 480,
                    "src": "https://instagram.fabe1-1.fna.fbcdn.net/v/t51.2885-15/e35/c210.0.540.540a/s480x480/121585797_1435439653312299_7140162432428772157_n.jpg?_nc_ht=instagram.fabe1-1.fna.fbcdn.net&_nc_cat=103&_nc_ohc=qwJ6o1idH-0AX-Gbn72&tp=16&oh=a399a5d8ad69f4d33aaebfc2ad516375&oe=5FB32B87"
                },
                {
                    "config_height": 640,
                    "config_width": 640,
                    "src": "https://instagram.fabe1-1.fna.fbcdn.net/v/t51.2885-15/e35/c210.0.540.540a/121585797_1435439653312299_7140162432428772157_n.jpg?_nc_ht=instagram.fabe1-1.fna.fbcdn.net&_nc_cat=103&_nc_ohc=qwJ6o1idH-0AX-Gbn72&oh=170ccde31ec7d61a280cf0006196ca22&oe=5FB5257A"
                }
            ],
            "thumbnail_src": "https://instagram.fabe1-1.fna.fbcdn.net/v/t51.2885-15/e35/c210.0.540.540a/121585797_1435439653312299_7140162432428772157_n.jpg?_nc_ht=instagram.fabe1-1.fna.fbcdn.net&_nc_cat=103&_nc_ohc=qwJ6o1idH-0AX-Gbn72&oh=170ccde31ec7d61a280cf0006196ca22&oe=5FB5257A",
            "urls": [
                "https://instagram.fabe1-1.fna.fbcdn.net/v/t51.2885-15/e35/121585797_1435439653312299_7140162432428772157_n.jpg?_nc_ht=instagram.fabe1-1.fna.fbcdn.net&_nc_cat=103&_nc_ohc=qwJ6o1idH-0AX-Gbn72&_nc_tp=18&oh=7836812c8c38d1054163f019537a9d33&oe=5FB4DD33"
            ]
        },
        {
            "comments_disabled": false,
            "dimensions": {
                "height": 750,
                "width": 750
            },
            "display_url": "https://instagram.fabe1-1.fna.fbcdn.net/v/t51.2885-15/e35/121657216_730998667496407_2262638977149338109_n.jpg?_nc_ht=instagram.fabe1-1.fna.fbcdn.net&_nc_cat=107&_nc_ohc=6bH9vYV_CgMAX-lvCG2&_nc_tp=18&oh=9654472a9e58783bd920e67f58a501c3&oe=5F8C5079",
            "edge_liked_by": {
                "count": 2
            },
            "edge_media_preview_like": {
                "count": 2
            },
            "edge_media_to_caption": {
                "edges": [
                    {
                        "node": {
                            "text": "👽"
                        }
                    }
                ]
            },
            "edge_media_to_comment": {
                "count": 0
            },
            "id": "2421357968845752617",
            "is_video": true,
            "owner": {
                "id": "3547948200"
            },
            "shortcode": "CGaZD5nHMkp",
            "tags": [],
            "taken_at_timestamp": 1602868417,
            "thumbnail_resources": [
                {
                    "config_height": 150,
                    "config_width": 150,
                    "src": "https://instagram.fabe1-1.fna.fbcdn.net/v/t51.2885-15/e35/s150x150/121657216_730998667496407_2262638977149338109_n.jpg?_nc_ht=instagram.fabe1-1.fna.fbcdn.net&_nc_cat=107&_nc_ohc=6bH9vYV_CgMAX-lvCG2&_nc_tp=15&oh=64a116b7e1e7c1b8e9709a2cf7d89d2d&oe=5F8BEB08"
                },
                {
                    "config_height": 240,
                    "config_width": 240,
                    "src": "https://instagram.fabe1-1.fna.fbcdn.net/v/t51.2885-15/e35/s240x240/121657216_730998667496407_2262638977149338109_n.jpg?_nc_ht=instagram.fabe1-1.fna.fbcdn.net&_nc_cat=107&_nc_ohc=6bH9vYV_CgMAX-lvCG2&_nc_tp=15&oh=a1052ec019123451e3083927c7a64780&oe=5F8C58C2"
                },
                {
                    "config_height": 320,
                    "config_width": 320,
                    "src": "https://instagram.fabe1-1.fna.fbcdn.net/v/t51.2885-15/e35/s320x320/121657216_730998667496407_2262638977149338109_n.jpg?_nc_ht=instagram.fabe1-1.fna.fbcdn.net&_nc_cat=107&_nc_ohc=6bH9vYV_CgMAX-lvCG2&_nc_tp=15&oh=add26a05f5717a541236874ba07b593d&oe=5F8BD3C0"
                },
                {
                    "config_height": 480,
                    "config_width": 480,
                    "src": "https://instagram.fabe1-1.fna.fbcdn.net/v/t51.2885-15/e35/s480x480/121657216_730998667496407_2262638977149338109_n.jpg?_nc_ht=instagram.fabe1-1.fna.fbcdn.net&_nc_cat=107&_nc_ohc=6bH9vYV_CgMAX-lvCG2&_nc_tp=15&oh=9cc9ba8165eb62d1dd1b2299ffc49086&oe=5F8C20F9"
                },
                {
                    "config_height": 640,
                    "config_width": 640,
                    "src": "https://instagram.fabe1-1.fna.fbcdn.net/v/t51.2885-15/sh0.08/e35/s640x640/121657216_730998667496407_2262638977149338109_n.jpg?_nc_ht=instagram.fabe1-1.fna.fbcdn.net&_nc_cat=107&_nc_ohc=6bH9vYV_CgMAX-lvCG2&_nc_tp=24&oh=2684055c219dda41cec038dec1a0cb9a&oe=5F8C2C83"
                }
            ],
            "thumbnail_src": "https://instagram.fabe1-1.fna.fbcdn.net/v/t51.2885-15/sh0.08/e35/s640x640/121657216_730998667496407_2262638977149338109_n.jpg?_nc_ht=instagram.fabe1-1.fna.fbcdn.net&_nc_cat=107&_nc_ohc=6bH9vYV_CgMAX-lvCG2&_nc_tp=24&oh=2684055c219dda41cec038dec1a0cb9a&oe=5F8C2C83",
            "urls": [
                "https://instagram.fabe1-1.fna.fbcdn.net/v/t50.2886-16/121675085_996449380874072_4315397262145970427_n.mp4?_nc_ht=instagram.fabe1-1.fna.fbcdn.net&_nc_cat=108&_nc_ohc=XKz0qNaomUQAX_RBaI9&oe=5F8C3207&oh=c2e743dcfed5fe79f7c602d24ace87d4"
            ],
            "video_view_count": 0
        },
        {
            "comments_disabled": false,
            "dimensions": {
                "height": 1182,
                "width": 1080
            },
            "display_url": "https://instagram.fabe1-1.fna.fbcdn.net/v/t51.2885-15/e35/p1080x1080/121594426_805029343606285_6164269470613034050_n.jpg?_nc_ht=instagram.fabe1-1.fna.fbcdn.net&_nc_cat=101&_nc_ohc=g9tsLfru1PYAX-ZnTfO&tp=19&oh=a1e3d26d4f0a92b337dbc37a509754ff&oe=5FB526FA",
            "edge_liked_by": {
                "count": 4
            },
            "edge_media_preview_like": {
                "count": 4
            },
            "edge_media_to_caption": {
                "edges": [
                    {
                        "node": {
                            "text": "As for the design ... The phrase “Everything new is well forgotten old” is relevant here.  In case, the new \"old\" design of the iPhone line in 2020-2021, judging by any repetition, hit the mark: many with a nostalgic sigh recall the iPhone 4/5 and their intermediate modifications, despite how sharp edges of devices tore pockets  jeans.  By the way, many immediately remembered that this design was born under Jobs.  As if that Apple has once again put into production the legacy of Jobs! 🤔😌\n\nDo you like these new IPhones ?! 😀 \n\nГлавная тема этой недели - Apple продолжает презентовать новинки. Теперь настало время новеньких IPhone! 😍 \nТеперь ваши фото, сделанные на телефон смогут выглядет ещё более профессиональными, благодаря  улучшенным экранам, новому процессору и сканеру LiDAR. Увеличенная матрица, по словам Apple, означает «улучшение на 87%» фотографий при низкой освещенности! 😏 Ну что ж, проверим! 😍\n\nЧто касается дизайна... Тут актуальна фраза «Все новое – это хорошо забытое старое». В любом случае, новый «старый» дизайн линейки iPhone в 2020-2021 гг., судя по отзывам, попал в точку: многие с ностальгическим вздохом вспоминают iPhone 4/5 и их промежуточные модификации, даже несмотря на то, как острые кромки устройств рвали карманы джинс. Кстати, многие тут же вспомнили, что этот дизайн был рожден еще при Джобсе. Как будто то, что Apple в очередной раз пустила в производство наследие Джобса! 🤔😌\n\nА как вам эти новинки?! 😀"
                        }
                    }
                ]
            },
            "edge_media_to_comment": {
                "count": 0
            },
            "id": "2421357951959050768",
            "is_video": false,
            "owner": {
                "id": "1139688"
            },
            "shortcode": "CGaZDp4lioQ",
            "tags": [],
            "taken_at_timestamp": 1602868382,
            "thumbnail_resources": [
                {
                    "config_height": 150,
                    "config_width": 150,
                    "src": "https://instagram.fabe1-1.fna.fbcdn.net/v/t51.2885-15/e35/c0.64.1360.1360a/s150x150/121594426_805029343606285_6164269470613034050_n.jpg?_nc_ht=instagram.fabe1-1.fna.fbcdn.net&_nc_cat=101&_nc_ohc=g9tsLfru1PYAX-ZnTfO&tp=16&oh=fa1933b54e7cf58aace3abf9644a357d&oe=5FB28568"
                },
                {
                    "config_height": 240,
                    "config_width": 240,
                    "src": "https://instagram.fabe1-1.fna.fbcdn.net/v/t51.2885-15/e35/c0.64.1360.1360a/s240x240/121594426_805029343606285_6164269470613034050_n.jpg?_nc_ht=instagram.fabe1-1.fna.fbcdn.net&_nc_cat=101&_nc_ohc=g9tsLfru1PYAX-ZnTfO&tp=16&oh=5c5897c3799ef1ed963c9914b00bb564&oe=5FB1EE62"
                },
                {
                    "config_height": 320,
                    "config_width": 320,
                    "src": "https://instagram.fabe1-1.fna.fbcdn.net/v/t51.2885-15/e35/c0.64.1360.1360a/s320x320/121594426_805029343606285_6164269470613034050_n.jpg?_nc_ht=instagram.fabe1-1.fna.fbcdn.net&_nc_cat=101&_nc_ohc=g9tsLfru1PYAX-ZnTfO&tp=16&oh=34f000cc02c3d35c64a8f20eb02d0631&oe=5FB54420"
                },
                {
                    "config_height": 480,
                    "config_width": 480,
                    "src": "https://instagram.fabe1-1.fna.fbcdn.net/v/t51.2885-15/e35/c0.64.1360.1360a/s480x480/121594426_805029343606285_6164269470613034050_n.jpg?_nc_ht=instagram.fabe1-1.fna.fbcdn.net&_nc_cat=101&_nc_ohc=g9tsLfru1PYAX-ZnTfO&tp=16&oh=8db2e55892720459fd691bef728e261b&oe=5FB4DE59"
                },
                {
                    "config_height": 640,
                    "config_width": 640,
                    "src": "https://instagram.fabe1-1.fna.fbcdn.net/v/t51.2885-15/sh0.08/e35/c0.64.1360.1360a/s640x640/121594426_805029343606285_6164269470613034050_n.jpg?_nc_ht=instagram.fabe1-1.fna.fbcdn.net&_nc_cat=101&_nc_ohc=g9tsLfru1PYAX-ZnTfO&oh=a9984d998f0dafe27fe198c509e66406&oe=5FB24D71"
                }
            ],
            "thumbnail_src": "https://instagram.fabe1-1.fna.fbcdn.net/v/t51.2885-15/sh0.08/e35/c0.64.1360.1360a/s640x640/121594426_805029343606285_6164269470613034050_n.jpg?_nc_ht=instagram.fabe1-1.fna.fbcdn.net&_nc_cat=101&_nc_ohc=g9tsLfru1PYAX-ZnTfO&oh=a9984d998f0dafe27fe198c509e66406&oe=5FB24D71",
            "urls": [
                "https://instagram.fabe1-1.fna.fbcdn.net/v/t51.2885-15/e35/p1080x1080/121594426_805029343606285_6164269470613034050_n.jpg?_nc_ht=instagram.fabe1-1.fna.fbcdn.net&_nc_cat=101&_nc_ohc=g9tsLfru1PYAX-ZnTfO&tp=19&oh=a1e3d26d4f0a92b337dbc37a509754ff&oe=5FB526FA"
            ]
        }
    ]
}