{
    "GraphImages": [
        {
            "comments_disabled": false,
            "dimensions": {
                "height": 1349,
                "width": 1080
            },
            "display_url": "https://instagram.fabe1-1.fna.fbcdn.net/v/t51.2885-15/e35/p1080x1080/121603790_348450419765572_3642359211819358578_n.jpg?_nc_ht=instagram.fabe1-1.fna.fbcdn.net&_nc_cat=104&_nc_ohc=hunnA1LXTN8AX9h_ylW&tp=19&oh=ec6ae1dd10e2fa75d7f3f447f29969d4&oe=5FB55FED",
            "edge_liked_by": {
                "count": 0
            },
            "edge_media_preview_like": {
                "count": 0
            },
            "edge_media_to_caption": {
                "edges": [
                    {
                        "node": {
                            "text": "woke up at 6am to see this sunrise // so worth it #miami"
                        }
                    }
                ]
            },
            "edge_media_to_comment": {
                "count": 0
            },
            "id": "2421615378483823937",
            "is_video": false,
            "owner": {
                "id": "45224547"
            },
            "shortcode": "CGbTltBJsVB",
            "tags": [
                "miami"
            ],
            "taken_at_timestamp": 1602899070,
            "thumbnail_resources": [
                {
                    "config_height": 150,
                    "config_width": 150,
                    "src": "https://instagram.fabe1-1.fna.fbcdn.net/v/t51.2885-15/e35/c0.179.1440.1440a/s150x150/121603790_348450419765572_3642359211819358578_n.jpg?_nc_ht=instagram.fabe1-1.fna.fbcdn.net&_nc_cat=104&_nc_ohc=hunnA1LXTN8AX9h_ylW&tp=16&oh=17bcc80afb2e6ed3194e0861cf3028b5&oe=5FB5841D"
                },
                {
                    "config_height": 240,
                    "config_width": 240,
                    "src": "https://instagram.fabe1-1.fna.fbcdn.net/v/t51.2885-15/e35/c0.179.1440.1440a/s240x240/121603790_348450419765572_3642359211819358578_n.jpg?_nc_ht=instagram.fabe1-1.fna.fbcdn.net&_nc_cat=104&_nc_ohc=hunnA1LXTN8AX9h_ylW&tp=16&oh=c79639c21f4687cf0590dbdb4d4eac36&oe=5FB56D1B"
                },
                {
                    "config_height": 320,
                    "config_width": 320,
                    "src": "https://instagram.fabe1-1.fna.fbcdn.net/v/t51.2885-15/e35/c0.179.1440.1440a/s320x320/121603790_348450419765572_3642359211819358578_n.jpg?_nc_ht=instagram.fabe1-1.fna.fbcdn.net&_nc_cat=104&_nc_ohc=hunnA1LXTN8AX9h_ylW&tp=16&oh=d126d2b6c078bd62178b939d55644437&oe=5FB1F665"
                },
                {
                    "config_height": 480,
                    "config_width": 480,
                    "src": "https://instagram.fabe1-1.fna.fbcdn.net/v/t51.2885-15/e35/c0.179.1440.1440a/s480x480/121603790_348450419765572_3642359211819358578_n.jpg?_nc_ht=instagram.fabe1-1.fna.fbcdn.net&_nc_cat=104&_nc_ohc=hunnA1LXTN8AX9h_ylW&tp=16&oh=af4c58294d3f723167f1fc1fbce303ec&oe=5FB33C24"
                },
                {
                    "config_height": 640,
                    "config_width": 640,
                    "src": "https://instagram.fabe1-1.fna.fbcdn.net/v/t51.2885-15/sh0.08/e35/c0.179.1440.1440a/s640x640/121603790_348450419765572_3642359211819358578_n.jpg?_nc_ht=instagram.fabe1-1.fna.fbcdn.net&_nc_cat=104&_nc_ohc=hunnA1LXTN8AX9h_ylW&oh=78d386c729532f101fd19c9c1bc1df62&oe=5FB556AD"
                }
            ],
            "thumbnail_src": "https://instagram.fabe1-1.fna.fbcdn.net/v/t51.2885-15/sh0.08/e35/c0.179.1440.1440a/s640x640/121603790_348450419765572_3642359211819358578_n.jpg?_nc_ht=instagram.fabe1-1.fna.fbcdn.net&_nc_cat=104&_nc_ohc=hunnA1LXTN8AX9h_ylW&oh=78d386c729532f101fd19c9c1bc1df62&oe=5FB556AD",
            "urls": [
                "https://instagram.fabe1-1.fna.fbcdn.net/v/t51.2885-15/e35/p1080x1080/121603790_348450419765572_3642359211819358578_n.jpg?_nc_ht=instagram.fabe1-1.fna.fbcdn.net&_nc_cat=104&_nc_ohc=hunnA1LXTN8AX9h_ylW&tp=19&oh=ec6ae1dd10e2fa75d7f3f447f29969d4&oe=5FB55FED",
                "https://instagram.fabe1-1.fna.fbcdn.net/v/t51.2885-15/e35/p1080x1080/121579943_186087603012623_5184686058206048597_n.jpg?_nc_ht=instagram.fabe1-1.fna.fbcdn.net&_nc_cat=111&_nc_ohc=urCyEwk3i88AX9Oi51i&tp=19&oh=5a828124618a81e5c36fab16b1d2cbda&oe=5FB5979F"
            ]
        },
        {
            "comments_disabled": false,
            "dimensions": {
                "height": 1326,
                "width": 1080
            },
            "display_url": "https://instagram.fabe1-1.fna.fbcdn.net/v/t51.2885-15/e35/p1080x1080/121592747_967416417001405_2351994607908108068_n.jpg?_nc_ht=instagram.fabe1-1.fna.fbcdn.net&_nc_cat=101&_nc_ohc=VDEH3SeD_XUAX_9M-Ns&tp=19&oh=d1df7625d74e9d640c8a7196b2aaf13a&oe=5FB29684",
            "edge_liked_by": {
                "count": 1
            },
            "edge_media_preview_like": {
                "count": 1
            },
            "edge_media_to_caption": {
                "edges": [
                    {
                        "node": {
                            "text": "Nice to meet you, mucho gusto 👁‍🗨🌈"
                        }
                    }
                ]
            },
            "edge_media_to_comment": {
                "count": 0
            },
            "id": "2421615265915404196",
            "is_video": false,
            "owner": {
                "id": "9911225"
            },
            "shortcode": "CGbTkELjP-k",
            "tags": [],
            "taken_at_timestamp": 1602899057,
            "thumbnail_resources": [
                {
                    "config_height": 150,
                    "config_width": 150,
                    "src": "https://instagram.fabe1-1.fna.fbcdn.net/v/t51.2885-15/e35/c0.164.1440.1440a/s150x150/121592747_967416417001405_2351994607908108068_n.jpg?_nc_ht=instagram.fabe1-1.fna.fbcdn.net&_nc_cat=101&_nc_ohc=VDEH3SeD_XUAX_9M-Ns&tp=16&oh=146530b1a6f49d60e15e012ac11816d3&oe=5FB5B969"
                },
                {
                    "config_height": 240,
                    "config_width": 240,
                    "src": "https://instagram.fabe1-1.fna.fbcdn.net/v/t51.2885-15/e35/c0.164.1440.1440a/s240x240/121592747_967416417001405_2351994607908108068_n.jpg?_nc_ht=instagram.fabe1-1.fna.fbcdn.net&_nc_cat=101&_nc_ohc=VDEH3SeD_XUAX_9M-Ns&tp=16&oh=d37ebc91ce6b765dd4f7d67ec6a41343&oe=5FB354EF"
                },
                {
                    "config_height": 320,
                    "config_width": 320,
                    "src": "https://instagram.fabe1-1.fna.fbcdn.net/v/t51.2885-15/e35/c0.164.1440.1440a/s320x320/121592747_967416417001405_2351994607908108068_n.jpg?_nc_ht=instagram.fabe1-1.fna.fbcdn.net&_nc_cat=101&_nc_ohc=VDEH3SeD_XUAX_9M-Ns&tp=16&oh=29bda75cddacbb4d423bc2a7d273b0cf&oe=5FB53911"
                },
                {
                    "config_height": 480,
                    "config_width": 480,
                    "src": "https://instagram.fabe1-1.fna.fbcdn.net/v/t51.2885-15/e35/c0.164.1440.1440a/s480x480/121592747_967416417001405_2351994607908108068_n.jpg?_nc_ht=instagram.fabe1-1.fna.fbcdn.net&_nc_cat=101&_nc_ohc=VDEH3SeD_XUAX_9M-Ns&tp=16&oh=c049bcd71e4482134a92f8a4a31fcc3e&oe=5FB21C58"
                },
                {
                    "config_height": 640,
                    "config_width": 640,
                    "src": "https://instagram.fabe1-1.fna.fbcdn.net/v/t51.2885-15/sh0.08/e35/c0.164.1440.1440a/s640x640/121592747_967416417001405_2351994607908108068_n.jpg?_nc_ht=instagram.fabe1-1.fna.fbcdn.net&_nc_cat=101&_nc_ohc=VDEH3SeD_XUAX_9M-Ns&oh=5900dfc21d33f28dfa30b60592ff54b8&oe=5FB481D9"
                }
            ],
            "thumbnail_src": "https://instagram.fabe1-1.fna.fbcdn.net/v/t51.2885-15/sh0.08/e35/c0.164.1440.1440a/s640x640/121592747_967416417001405_2351994607908108068_n.jpg?_nc_ht=instagram.fabe1-1.fna.fbcdn.net&_nc_cat=101&_nc_ohc=VDEH3SeD_XUAX_9M-Ns&oh=5900dfc21d33f28dfa30b60592ff54b8&oe=5FB481D9",
            "urls": [
                "https://instagram.fabe1-1.fna.fbcdn.net/v/t51.2885-15/e35/p1080x1080/121592747_967416417001405_2351994607908108068_n.jpg?_nc_ht=instagram.fabe1-1.fna.fbcdn.net&_nc_cat=101&_nc_ohc=VDEH3SeD_XUAX_9M-Ns&tp=19&oh=d1df7625d74e9d640c8a7196b2aaf13a&oe=5FB29684"
            ]
        },
        {
            "comments_disabled": false,
            "dimensions": {
                "height": 1350,
                "width": 1080
            },
            "display_url": "https://instagram.fabe1-1.fna.fbcdn.net/v/t51.2885-15/e35/p1080x1080/121627198_159933145771057_7933907045905823321_n.jpg?_nc_ht=instagram.fabe1-1.fna.fbcdn.net&_nc_cat=101&_nc_ohc=KN0ciSdvbscAX9cgMpp&tp=19&oh=5131f8367047385b5591bf722115b8f8&oe=5FB47AAA",
            "edge_liked_by": {
                "count": 1
            },
            "edge_media_preview_like": {
                "count": 1
            },
            "edge_media_to_caption": {
                "edges": [
                    {
                        "node": {
                            "text": "Dinner at CROTETAS house!\nPad Thai made by our main TETA"
                        }
                    }
                ]
            },
            "edge_media_to_comment": {
                "count": 0
            },
            "id": "2421615191610635092",
            "is_video": false,
            "owner": {
                "id": "42055538063"
            },
            "shortcode": "CGbTi--pDNU",
            "tags": [],
            "taken_at_timestamp": 1602899048,
            "thumbnail_resources": [
                {
                    "config_height": 150,
                    "config_width": 150,
                    "src": "https://instagram.fabe1-1.fna.fbcdn.net/v/t51.2885-15/e35/c0.180.1440.1440a/s150x150/121627198_159933145771057_7933907045905823321_n.jpg?_nc_ht=instagram.fabe1-1.fna.fbcdn.net&_nc_cat=101&_nc_ohc=KN0ciSdvbscAX9cgMpp&tp=16&oh=c896936151a80e1cac3b456d2c6697c3&oe=5FB40ABE"
                },
                {
                    "config_height": 240,
                    "config_width": 240,
                    "src": "https://instagram.fabe1-1.fna.fbcdn.net/v/t51.2885-15/e35/c0.180.1440.1440a/s240x240/121627198_159933145771057_7933907045905823321_n.jpg?_nc_ht=instagram.fabe1-1.fna.fbcdn.net&_nc_cat=101&_nc_ohc=KN0ciSdvbscAX9cgMpp&tp=16&oh=69864fae7723fe9fc54a7aa15658007a&oe=5FB448BC"
                },
                {
                    "config_height": 320,
                    "config_width": 320,
                    "src": "https://instagram.fabe1-1.fna.fbcdn.net/v/t51.2885-15/e35/c0.180.1440.1440a/s320x320/121627198_159933145771057_7933907045905823321_n.jpg?_nc_ht=instagram.fabe1-1.fna.fbcdn.net&_nc_cat=101&_nc_ohc=KN0ciSdvbscAX9cgMpp&tp=16&oh=c5a0b1d79526606715c5c3dabead1e66&oe=5FB2BE46"
                },
                {
                    "config_height": 480,
                    "config_width": 480,
                    "src": "https://instagram.fabe1-1.fna.fbcdn.net/v/t51.2885-15/e35/c0.180.1440.1440a/s480x480/121627198_159933145771057_7933907045905823321_n.jpg?_nc_ht=instagram.fabe1-1.fna.fbcdn.net&_nc_cat=101&_nc_ohc=KN0ciSdvbscAX9cgMpp&tp=16&oh=c26c12c31dee45fe096d5c3cd08079b4&oe=5FB29C03"
                },
                {
                    "config_height": 640,
                    "config_width": 640,
                    "src": "https://instagram.fabe1-1.fna.fbcdn.net/v/t51.2885-15/sh0.08/e35/c0.180.1440.1440a/s640x640/121627198_159933145771057_7933907045905823321_n.jpg?_nc_ht=instagram.fabe1-1.fna.fbcdn.net&_nc_cat=101&_nc_ohc=KN0ciSdvbscAX9cgMpp&oh=453d857896c6ec753a4cca7ffaa06031&oe=5FB48E0E"
                }
            ],
            "thumbnail_src": "https://instagram.fabe1-1.fna.fbcdn.net/v/t51.2885-15/sh0.08/e35/c0.180.1440.1440a/s640x640/121627198_159933145771057_7933907045905823321_n.jpg?_nc_ht=instagram.fabe1-1.fna.fbcdn.net&_nc_cat=101&_nc_ohc=KN0ciSdvbscAX9cgMpp&oh=453d857896c6ec753a4cca7ffaa06031&oe=5FB48E0E",
            "urls": [
                "https://instagram.fabe1-1.fna.fbcdn.net/v/t51.2885-15/e35/p1080x1080/121627198_159933145771057_7933907045905823321_n.jpg?_nc_ht=instagram.fabe1-1.fna.fbcdn.net&_nc_cat=101&_nc_ohc=KN0ciSdvbscAX9cgMpp&tp=19&oh=5131f8367047385b5591bf722115b8f8&oe=5FB47AAA"
            ]
        },
        {
            "comments_disabled": false,
            "dimensions": {
                "height": 1349,
                "width": 1080
            },
            "display_url": "https://instagram.fabe1-1.fna.fbcdn.net/v/t51.2885-15/e35/p1080x1080/121664005_744062689786448_1081813326532784471_n.jpg?_nc_ht=instagram.fabe1-1.fna.fbcdn.net&_nc_cat=108&_nc_ohc=0PKTiTQN8rgAX9CAO9k&tp=19&oh=01aa324b6d109a057c1e6cf3295399c7&oe=5FB3BAC0",
            "edge_liked_by": {
                "count": 4
            },
            "edge_media_preview_like": {
                "count": 4
            },
            "edge_media_to_caption": {
                "edges": [
                    {
                        "node": {
                            "text": "At It Again 🌴✨"
                        }
                    }
                ]
            },
            "edge_media_to_comment": {
                "count": 3
            },
            "id": "2421614826779555372",
            "is_video": false,
            "owner": {
                "id": "13843675"
            },
            "shortcode": "CGbTdrNA7Ys",
            "tags": [],
            "taken_at_timestamp": 1602899004,
            "thumbnail_resources": [
                {
                    "config_height": 150,
                    "config_width": 150,
                    "src": "https://instagram.fabe1-1.fna.fbcdn.net/v/t51.2885-15/e35/c0.179.1440.1440a/s150x150/121664005_744062689786448_1081813326532784471_n.jpg?_nc_ht=instagram.fabe1-1.fna.fbcdn.net&_nc_cat=108&_nc_ohc=0PKTiTQN8rgAX9CAO9k&tp=16&oh=d74dba651e287faa6f101864dbcb6be8&oe=5FB205D0"
                },
                {
                    "config_height": 240,
                    "config_width": 240,
                    "src": "https://instagram.fabe1-1.fna.fbcdn.net/v/t51.2885-15/e35/c0.179.1440.1440a/s240x240/121664005_744062689786448_1081813326532784471_n.jpg?_nc_ht=instagram.fabe1-1.fna.fbcdn.net&_nc_cat=108&_nc_ohc=0PKTiTQN8rgAX9CAO9k&tp=16&oh=ed5c213561f8a0bbd5b141a7b39b07c0&oe=5FB593CA"
                },
                {
                    "config_height": 320,
                    "config_width": 320,
                    "src": "https://instagram.fabe1-1.fna.fbcdn.net/v/t51.2885-15/e35/c0.179.1440.1440a/s320x320/121664005_744062689786448_1081813326532784471_n.jpg?_nc_ht=instagram.fabe1-1.fna.fbcdn.net&_nc_cat=108&_nc_ohc=0PKTiTQN8rgAX9CAO9k&tp=16&oh=24dbfaf7455bf2a46f5b980cb78fa54e&oe=5FB4FDB8"
                },
                {
                    "config_height": 480,
                    "config_width": 480,
                    "src": "https://instagram.fabe1-1.fna.fbcdn.net/v/t51.2885-15/e35/c0.179.1440.1440a/s480x480/121664005_744062689786448_1081813326532784471_n.jpg?_nc_ht=instagram.fabe1-1.fna.fbcdn.net&_nc_cat=108&_nc_ohc=0PKTiTQN8rgAX9CAO9k&tp=16&oh=035aa925a05e24b3ea67267c7c0a4211&oe=5FB32BF1"
                },
                {
                    "config_height": 640,
                    "config_width": 640,
                    "src": "https://instagram.fabe1-1.fna.fbcdn.net/v/t51.2885-15/sh0.08/e35/c0.179.1440.1440a/s640x640/121664005_744062689786448_1081813326532784471_n.jpg?_nc_ht=instagram.fabe1-1.fna.fbcdn.net&_nc_cat=108&_nc_ohc=0PKTiTQN8rgAX9CAO9k&oh=cdb80f7fcf5ac02356048ef7eb95ff98&oe=5FB25A80"
                }
            ],
            "thumbnail_src": "https://instagram.fabe1-1.fna.fbcdn.net/v/t51.2885-15/sh0.08/e35/c0.179.1440.1440a/s640x640/121664005_744062689786448_1081813326532784471_n.jpg?_nc_ht=instagram.fabe1-1.fna.fbcdn.net&_nc_cat=108&_nc_ohc=0PKTiTQN8rgAX9CAO9k&oh=cdb80f7fcf5ac02356048ef7eb95ff98&oe=5FB25A80",
            "urls": [
                "https://instagram.fabe1-1.fna.fbcdn.net/v/t51.2885-15/e35/p1080x1080/121664005_744062689786448_1081813326532784471_n.jpg?_nc_ht=instagram.fabe1-1.fna.fbcdn.net&_nc_cat=108&_nc_ohc=0PKTiTQN8rgAX9CAO9k&tp=19&oh=01aa324b6d109a057c1e6cf3295399c7&oe=5FB3BAC0"
            ]
        }
    ]
}