{
    "GraphImages": [
        {
            "comments_disabled": false,
            "dimensions": {
                "height": 1080,
                "width": 1080
            },
            "display_url": "https://instagram.fabe1-1.fna.fbcdn.net/v/t51.2885-15/e35/s1080x1080/121707169_2724864607832944_7712456425290726850_n.jpg?_nc_ht=instagram.fabe1-1.fna.fbcdn.net&_nc_cat=104&_nc_ohc=wG8cwyIyXREAX9eWUzp&_nc_tp=15&oh=643f955f940237fd6fbfa002221aabaf&oe=5FB5194F",
            "edge_liked_by": {
                "count": 0
            },
            "edge_media_preview_like": {
                "count": 0
            },
            "edge_media_to_caption": {
                "edges": [
                    {
                        "node": {
                            "text": "This B A B E in Sultrē 💗🙌"
                        }
                    }
                ]
            },
            "edge_media_to_comment": {
                "count": 0
            },
            "id": "2421586164525103666",
            "is_video": false,
            "owner": {
                "id": "46685375"
            },
            "shortcode": "CGbM8lZhPoy",
            "tags": [],
            "taken_at_timestamp": 1602895587,
            "thumbnail_resources": [
                {
                    "config_height": 150,
                    "config_width": 150,
                    "src": "https://instagram.fabe1-1.fna.fbcdn.net/v/t51.2885-15/e35/s150x150/121707169_2724864607832944_7712456425290726850_n.jpg?_nc_ht=instagram.fabe1-1.fna.fbcdn.net&_nc_cat=104&_nc_ohc=wG8cwyIyXREAX9eWUzp&_nc_tp=15&oh=3c83f7bb8d65d38e07ba902e5c652968&oe=5FB48053"
                },
                {
                    "config_height": 240,
                    "config_width": 240,
                    "src": "https://instagram.fabe1-1.fna.fbcdn.net/v/t51.2885-15/e35/s240x240/121707169_2724864607832944_7712456425290726850_n.jpg?_nc_ht=instagram.fabe1-1.fna.fbcdn.net&_nc_cat=104&_nc_ohc=wG8cwyIyXREAX9eWUzp&_nc_tp=15&oh=d63430416743aafd3d8f2fe0789f237b&oe=5FB4071B"
                },
                {
                    "config_height": 320,
                    "config_width": 320,
                    "src": "https://instagram.fabe1-1.fna.fbcdn.net/v/t51.2885-15/e35/s320x320/121707169_2724864607832944_7712456425290726850_n.jpg?_nc_ht=instagram.fabe1-1.fna.fbcdn.net&_nc_cat=104&_nc_ohc=wG8cwyIyXREAX9eWUzp&_nc_tp=15&oh=7e50d0a653bbeb50b418255a195eb019&oe=5FB31BC6"
                },
                {
                    "config_height": 480,
                    "config_width": 480,
                    "src": "https://instagram.fabe1-1.fna.fbcdn.net/v/t51.2885-15/e35/s480x480/121707169_2724864607832944_7712456425290726850_n.jpg?_nc_ht=instagram.fabe1-1.fna.fbcdn.net&_nc_cat=104&_nc_ohc=wG8cwyIyXREAX9eWUzp&_nc_tp=15&oh=eed5d187fe8a00efae044a5b6273468f&oe=5FB27188"
                },
                {
                    "config_height": 640,
                    "config_width": 640,
                    "src": "https://instagram.fabe1-1.fna.fbcdn.net/v/t51.2885-15/sh0.08/e35/s640x640/121707169_2724864607832944_7712456425290726850_n.jpg?_nc_ht=instagram.fabe1-1.fna.fbcdn.net&_nc_cat=104&_nc_ohc=wG8cwyIyXREAX9eWUzp&_nc_tp=24&oh=dcb5b26985cb45fd79ebcfc46527523e&oe=5FB319A8"
                }
            ],
            "thumbnail_src": "https://instagram.fabe1-1.fna.fbcdn.net/v/t51.2885-15/sh0.08/e35/s640x640/121707169_2724864607832944_7712456425290726850_n.jpg?_nc_ht=instagram.fabe1-1.fna.fbcdn.net&_nc_cat=104&_nc_ohc=wG8cwyIyXREAX9eWUzp&_nc_tp=24&oh=dcb5b26985cb45fd79ebcfc46527523e&oe=5FB319A8",
            "urls": [
                "https://instagram.fabe1-1.fna.fbcdn.net/v/t51.2885-15/e35/s1080x1080/121707169_2724864607832944_7712456425290726850_n.jpg?_nc_ht=instagram.fabe1-1.fna.fbcdn.net&_nc_cat=104&_nc_ohc=wG8cwyIyXREAX9eWUzp&_nc_tp=15&oh=643f955f940237fd6fbfa002221aabaf&oe=5FB5194F"
            ]
        }
    ]
}