{
    "GraphImages": [
        {
            "comments_disabled": false,
            "dimensions": {
                "height": 1080,
                "width": 1080
            },
            "display_url": "https://instagram.fabe1-1.fna.fbcdn.net/v/t51.2885-15/e35/s1080x1080/121606469_377601480058350_4748062499657138354_n.jpg?_nc_ht=instagram.fabe1-1.fna.fbcdn.net&_nc_cat=106&_nc_ohc=sGycTQjniskAX-0kDjy&_nc_tp=15&oh=f5e4a278408f3828d5984b63d6517dbb&oe=5FB3F3D9",
            "edge_liked_by": {
                "count": 0
            },
            "edge_media_preview_like": {
                "count": 0
            },
            "edge_media_to_caption": {
                "edges": [
                    {
                        "node": {
                            "text": "MIA"
                        }
                    }
                ]
            },
            "edge_media_to_comment": {
                "count": 0
            },
            "id": "2421397094108886598",
            "is_video": false,
            "owner": {
                "id": "291906146"
            },
            "shortcode": "CGah9P2hfZG",
            "tags": [],
            "taken_at_timestamp": 1602873049,
            "thumbnail_resources": [
                {
                    "config_height": 150,
                    "config_width": 150,
                    "src": "https://instagram.fabe1-1.fna.fbcdn.net/v/t51.2885-15/e35/s150x150/121606469_377601480058350_4748062499657138354_n.jpg?_nc_ht=instagram.fabe1-1.fna.fbcdn.net&_nc_cat=106&_nc_ohc=sGycTQjniskAX-0kDjy&_nc_tp=15&oh=39308adedb0b36fee1f765e27b86248b&oe=5FB3F01A"
                },
                {
                    "config_height": 240,
                    "config_width": 240,
                    "src": "https://instagram.fabe1-1.fna.fbcdn.net/v/t51.2885-15/e35/s240x240/121606469_377601480058350_4748062499657138354_n.jpg?_nc_ht=instagram.fabe1-1.fna.fbcdn.net&_nc_cat=106&_nc_ohc=sGycTQjniskAX-0kDjy&_nc_tp=15&oh=f061cc2993893aba341a11436428ae18&oe=5FB2C7A0"
                },
                {
                    "config_height": 320,
                    "config_width": 320,
                    "src": "https://instagram.fabe1-1.fna.fbcdn.net/v/t51.2885-15/e35/s320x320/121606469_377601480058350_4748062499657138354_n.jpg?_nc_ht=instagram.fabe1-1.fna.fbcdn.net&_nc_cat=106&_nc_ohc=sGycTQjniskAX-0kDjy&_nc_tp=15&oh=81d4f73a9d95714ee1297806d548db1a&oe=5FB41AE2"
                },
                {
                    "config_height": 480,
                    "config_width": 480,
                    "src": "https://instagram.fabe1-1.fna.fbcdn.net/v/t51.2885-15/e35/s480x480/121606469_377601480058350_4748062499657138354_n.jpg?_nc_ht=instagram.fabe1-1.fna.fbcdn.net&_nc_cat=106&_nc_ohc=sGycTQjniskAX-0kDjy&_nc_tp=15&oh=e39292bf025c1f420bc3d0a4f657ba10&oe=5FB20827"
                },
                {
                    "config_height": 640,
                    "config_width": 640,
                    "src": "https://instagram.fabe1-1.fna.fbcdn.net/v/t51.2885-15/sh0.08/e35/s640x640/121606469_377601480058350_4748062499657138354_n.jpg?_nc_ht=instagram.fabe1-1.fna.fbcdn.net&_nc_cat=106&_nc_ohc=sGycTQjniskAX-0kDjy&_nc_tp=24&oh=7aa71c35d4c5778e51a2e4bc28d12990&oe=5FB1B11D"
                }
            ],
            "thumbnail_src": "https://instagram.fabe1-1.fna.fbcdn.net/v/t51.2885-15/sh0.08/e35/s640x640/121606469_377601480058350_4748062499657138354_n.jpg?_nc_ht=instagram.fabe1-1.fna.fbcdn.net&_nc_cat=106&_nc_ohc=sGycTQjniskAX-0kDjy&_nc_tp=24&oh=7aa71c35d4c5778e51a2e4bc28d12990&oe=5FB1B11D",
            "urls": []
        },
        {
            "comments_disabled": false,
            "dimensions": {
                "height": 717,
                "width": 1080
            },
            "display_url": "https://instagram.fabe1-1.fna.fbcdn.net/v/t51.2885-15/e35/s1080x1080/121709002_169444338157098_7026474748684133988_n.jpg?_nc_ht=instagram.fabe1-1.fna.fbcdn.net&_nc_cat=106&_nc_ohc=UnDZH8SD-J4AX-vFIKY&_nc_tp=15&oh=aa38364c05a0c27143f99b712d5ea178&oe=5FB49CE8",
            "edge_liked_by": {
                "count": 1
            },
            "edge_media_preview_like": {
                "count": 1
            },
            "edge_media_to_caption": {
                "edges": [
                    {
                        "node": {
                            "text": "#NewPrice 💥 \n5 🛏 / 3.5 🛁 Mediterranean-style single family home located on tree lined Espanola Way🌲 Just steps from famous Flamingo Park and walking distance to Ocean Drive, the blue waters of South Beach, and Lincoln Road Mall which is South Florida’s premiere open-air & high-end shopping, dining, and entertainment destination! \n829 Espanola Way • $949,000"
                        }
                    }
                ]
            },
            "edge_media_to_comment": {
                "count": 1
            },
            "id": "2421396769831547138",
            "is_video": false,
            "owner": {
                "id": "39257600650"
            },
            "shortcode": "CGah4h2FnEC",
            "tags": [
                "NewPrice"
            ],
            "taken_at_timestamp": 1602873010,
            "thumbnail_resources": [
                {
                    "config_height": 150,
                    "config_width": 150,
                    "src": "https://instagram.fabe1-1.fna.fbcdn.net/v/t51.2885-15/e35/c242.0.956.956a/s150x150/121709002_169444338157098_7026474748684133988_n.jpg?_nc_ht=instagram.fabe1-1.fna.fbcdn.net&_nc_cat=106&_nc_ohc=UnDZH8SD-J4AX-vFIKY&tp=16&oh=d6e35c8842e71b40902410f4e65374eb&oe=5FB2999F"
                },
                {
                    "config_height": 240,
                    "config_width": 240,
                    "src": "https://instagram.fabe1-1.fna.fbcdn.net/v/t51.2885-15/e35/c242.0.956.956a/s240x240/121709002_169444338157098_7026474748684133988_n.jpg?_nc_ht=instagram.fabe1-1.fna.fbcdn.net&_nc_cat=106&_nc_ohc=UnDZH8SD-J4AX-vFIKY&tp=16&oh=d754aba84e1ea8ba390dd4751247a430&oe=5FB2D119"
                },
                {
                    "config_height": 320,
                    "config_width": 320,
                    "src": "https://instagram.fabe1-1.fna.fbcdn.net/v/t51.2885-15/e35/c242.0.956.956a/s320x320/121709002_169444338157098_7026474748684133988_n.jpg?_nc_ht=instagram.fabe1-1.fna.fbcdn.net&_nc_cat=106&_nc_ohc=UnDZH8SD-J4AX-vFIKY&tp=16&oh=a9aeffb87bbffb02a5774b46593ae864&oe=5FB560E7"
                },
                {
                    "config_height": 480,
                    "config_width": 480,
                    "src": "https://instagram.fabe1-1.fna.fbcdn.net/v/t51.2885-15/e35/c242.0.956.956a/s480x480/121709002_169444338157098_7026474748684133988_n.jpg?_nc_ht=instagram.fabe1-1.fna.fbcdn.net&_nc_cat=106&_nc_ohc=UnDZH8SD-J4AX-vFIKY&tp=16&oh=055b1cb366da0506d3a8ed1bcd8c03b9&oe=5FB4C9A2"
                },
                {
                    "config_height": 640,
                    "config_width": 640,
                    "src": "https://instagram.fabe1-1.fna.fbcdn.net/v/t51.2885-15/sh0.08/e35/c242.0.956.956a/s640x640/121709002_169444338157098_7026474748684133988_n.jpg?_nc_ht=instagram.fabe1-1.fna.fbcdn.net&_nc_cat=106&_nc_ohc=UnDZH8SD-J4AX-vFIKY&oh=2b904084dc1f5441b7f38863d70a5052&oe=5FB3965A"
                }
            ],
            "thumbnail_src": "https://instagram.fabe1-1.fna.fbcdn.net/v/t51.2885-15/sh0.08/e35/c242.0.956.956a/s640x640/121709002_169444338157098_7026474748684133988_n.jpg?_nc_ht=instagram.fabe1-1.fna.fbcdn.net&_nc_cat=106&_nc_ohc=UnDZH8SD-J4AX-vFIKY&oh=2b904084dc1f5441b7f38863d70a5052&oe=5FB3965A",
            "urls": [
                "https://instagram.fabe1-1.fna.fbcdn.net/v/t51.2885-15/e35/s1080x1080/121709002_169444338157098_7026474748684133988_n.jpg?_nc_ht=instagram.fabe1-1.fna.fbcdn.net&_nc_cat=106&_nc_ohc=UnDZH8SD-J4AX-vFIKY&_nc_tp=15&oh=aa38364c05a0c27143f99b712d5ea178&oe=5FB49CE8",
                "https://instagram.fabe1-1.fna.fbcdn.net/v/t51.2885-15/e35/s1080x1080/121583066_127410485783982_4398580126513784771_n.jpg?_nc_ht=instagram.fabe1-1.fna.fbcdn.net&_nc_cat=106&_nc_ohc=rx0EqZtA9LoAX9De4l-&_nc_tp=15&oh=7e7883bcead7e0279af4a166530acd9b&oe=5FB263D2",
                "https://instagram.fabe1-1.fna.fbcdn.net/v/t51.2885-15/e35/s1080x1080/121680631_286576262345905_3498529662750940545_n.jpg?_nc_ht=instagram.fabe1-1.fna.fbcdn.net&_nc_cat=101&_nc_ohc=FxnSDQVGdVIAX_w_ILN&_nc_tp=15&oh=5974b7f0d6bd5c68bf1fc12920304346&oe=5FB31A54",
                "https://instagram.fabe1-1.fna.fbcdn.net/v/t51.2885-15/e35/s1080x1080/121599500_120960006445033_737067431894800224_n.jpg?_nc_ht=instagram.fabe1-1.fna.fbcdn.net&_nc_cat=101&_nc_ohc=LVl90LqG0ysAX97T-zn&_nc_tp=15&oh=c76092fbc4caf23a1c639f9dc2ff4532&oe=5FB4EC74",
                "https://instagram.fabe1-1.fna.fbcdn.net/v/t51.2885-15/e35/s1080x1080/121655655_2654685164785305_2856130802153593988_n.jpg?_nc_ht=instagram.fabe1-1.fna.fbcdn.net&_nc_cat=109&_nc_ohc=88lOFYTNSHYAX-CjbDn&_nc_tp=15&oh=8a62bf5aba910beecfc4a22012299d98&oe=5FB37D8A",
                "https://instagram.fabe1-1.fna.fbcdn.net/v/t51.2885-15/e35/s1080x1080/121703363_334276567873468_1245828605294740856_n.jpg?_nc_ht=instagram.fabe1-1.fna.fbcdn.net&_nc_cat=104&_nc_ohc=qIZko92JCRIAX88CIFx&_nc_tp=15&oh=fb877360bcce8d8f1b66ba1a0feed189&oe=5FB48081",
                "https://instagram.fabe1-1.fna.fbcdn.net/v/t51.2885-15/e35/s1080x1080/121557084_193159668879381_1886848315712860409_n.jpg?_nc_ht=instagram.fabe1-1.fna.fbcdn.net&_nc_cat=109&_nc_ohc=YjDE_O6mB-MAX8g1Yoq&_nc_tp=15&oh=c0cbf29576323e7672007e88ee274aba&oe=5FB2BB7C"
            ]
        },
        {
            "comments_disabled": false,
            "dimensions": {
                "height": 1080,
                "width": 1080
            },
            "display_url": "https://instagram.fabe1-1.fna.fbcdn.net/v/t51.2885-15/e35/s1080x1080/121540836_180052066998558_4673428708249258671_n.jpg?_nc_ht=instagram.fabe1-1.fna.fbcdn.net&_nc_cat=106&_nc_ohc=cxsvWm8Kx9QAX-b6Nd6&_nc_tp=15&oh=5176a2e110f7197c65cb77bc43d66e0d&oe=5FB36C70",
            "edge_liked_by": {
                "count": 0
            },
            "edge_media_preview_like": {
                "count": 0
            },
            "edge_media_to_caption": {
                "edges": [
                    {
                        "node": {
                            "text": "Fatboy Marley and K.I.D.S Records are  proud to present the Get Your Kicks Ready collection. Four shirts dedicated to Fatboy Marley’s latest latest mixtape Deadstock, a mixtape dedicated to the love of sneakers and getting fly. \n\nShop Now‼️\n#sneakers #explorepage #explore #deadstock #fatboymarley #kidsrecords #damnedware #DW #shop #drip #repost \n\nhttps://damnedware.com/collections/fatboy-marleys-dead-stock"
                        }
                    }
                ]
            },
            "edge_media_to_comment": {
                "count": 0
            },
            "id": "2421396725144355936",
            "is_video": false,
            "owner": {
                "id": "8237042938"
            },
            "shortcode": "CGah34OhgRg",
            "tags": [
                "explorepage",
                "drip",
                "DW",
                "sneakers",
                "deadstock",
                "repost",
                "shop",
                "fatboymarley",
                "kidsrecords",
                "damnedware",
                "explore"
            ],
            "taken_at_timestamp": 1602873005,
            "thumbnail_resources": [
                {
                    "config_height": 150,
                    "config_width": 150,
                    "src": "https://instagram.fabe1-1.fna.fbcdn.net/v/t51.2885-15/e35/s150x150/121540836_180052066998558_4673428708249258671_n.jpg?_nc_ht=instagram.fabe1-1.fna.fbcdn.net&_nc_cat=106&_nc_ohc=cxsvWm8Kx9QAX-b6Nd6&_nc_tp=15&oh=f42eb873389c81d0a5552158495df5a6&oe=5FB333AF"
                },
                {
                    "config_height": 240,
                    "config_width": 240,
                    "src": "https://instagram.fabe1-1.fna.fbcdn.net/v/t51.2885-15/e35/s240x240/121540836_180052066998558_4673428708249258671_n.jpg?_nc_ht=instagram.fabe1-1.fna.fbcdn.net&_nc_cat=106&_nc_ohc=cxsvWm8Kx9QAX-b6Nd6&_nc_tp=15&oh=901ff5df8e794772a90f89b3d99c3cec&oe=5FB47FA9"
                },
                {
                    "config_height": 320,
                    "config_width": 320,
                    "src": "https://instagram.fabe1-1.fna.fbcdn.net/v/t51.2885-15/e35/s320x320/121540836_180052066998558_4673428708249258671_n.jpg?_nc_ht=instagram.fabe1-1.fna.fbcdn.net&_nc_cat=106&_nc_ohc=cxsvWm8Kx9QAX-b6Nd6&_nc_tp=15&oh=655b4ab915bb7fded68ef14be4a658b7&oe=5FB2E857"
                },
                {
                    "config_height": 480,
                    "config_width": 480,
                    "src": "https://instagram.fabe1-1.fna.fbcdn.net/v/t51.2885-15/e35/s480x480/121540836_180052066998558_4673428708249258671_n.jpg?_nc_ht=instagram.fabe1-1.fna.fbcdn.net&_nc_cat=106&_nc_ohc=cxsvWm8Kx9QAX-b6Nd6&_nc_tp=15&oh=74181c41975a0ad0ef5c551ab4475233&oe=5FB1A792"
                },
                {
                    "config_height": 640,
                    "config_width": 640,
                    "src": "https://instagram.fabe1-1.fna.fbcdn.net/v/t51.2885-15/sh0.08/e35/s640x640/121540836_180052066998558_4673428708249258671_n.jpg?_nc_ht=instagram.fabe1-1.fna.fbcdn.net&_nc_cat=106&_nc_ohc=cxsvWm8Kx9QAX-b6Nd6&_nc_tp=24&oh=00ac0e82aa9e5a8e10cb0880ed136fb2&oe=5FB53E2C"
                }
            ],
            "thumbnail_src": "https://instagram.fabe1-1.fna.fbcdn.net/v/t51.2885-15/sh0.08/e35/s640x640/121540836_180052066998558_4673428708249258671_n.jpg?_nc_ht=instagram.fabe1-1.fna.fbcdn.net&_nc_cat=106&_nc_ohc=cxsvWm8Kx9QAX-b6Nd6&_nc_tp=24&oh=00ac0e82aa9e5a8e10cb0880ed136fb2&oe=5FB53E2C",
            "urls": [
                "https://instagram.fabe1-1.fna.fbcdn.net/v/t51.2885-15/e35/s1080x1080/121540836_180052066998558_4673428708249258671_n.jpg?_nc_ht=instagram.fabe1-1.fna.fbcdn.net&_nc_cat=106&_nc_ohc=cxsvWm8Kx9QAX-b6Nd6&_nc_tp=15&oh=5176a2e110f7197c65cb77bc43d66e0d&oe=5FB36C70"
            ]
        }
    ]
}