{
    "GraphImages": [
        {
            "comments_disabled": false,
            "dimensions": {
                "height": 1080,
                "width": 1080
            },
            "display_url": "https://instagram.fabe1-1.fna.fbcdn.net/v/t51.2885-15/e35/s1080x1080/121596062_131186672068179_9182775908462923756_n.jpg?_nc_ht=instagram.fabe1-1.fna.fbcdn.net&_nc_cat=103&_nc_ohc=z8RUUTMaUbkAX8mkbfh&_nc_tp=15&oh=f8bc5c04c65cc902bd901f068abf8d81&oe=5FB5A3A9",
            "edge_liked_by": {
                "count": 4
            },
            "edge_media_preview_like": {
                "count": 4
            },
            "edge_media_to_caption": {
                "edges": [
                    {
                        "node": {
                            "text": "🤍"
                        }
                    }
                ]
            },
            "edge_media_to_comment": {
                "count": 0
            },
            "id": "2421617638893943147",
            "is_video": false,
            "owner": {
                "id": "50486733"
            },
            "shortcode": "CGbUGmMF_lr",
            "tags": [],
            "taken_at_timestamp": 1602899340,
            "thumbnail_resources": [
                {
                    "config_height": 150,
                    "config_width": 150,
                    "src": "https://instagram.fabe1-1.fna.fbcdn.net/v/t51.2885-15/e35/s150x150/121596062_131186672068179_9182775908462923756_n.jpg?_nc_ht=instagram.fabe1-1.fna.fbcdn.net&_nc_cat=103&_nc_ohc=z8RUUTMaUbkAX8mkbfh&_nc_tp=15&oh=57fce826bbdf50ad16c0b98f024be7aa&oe=5FB5C86A"
                },
                {
                    "config_height": 240,
                    "config_width": 240,
                    "src": "https://instagram.fabe1-1.fna.fbcdn.net/v/t51.2885-15/e35/s240x240/121596062_131186672068179_9182775908462923756_n.jpg?_nc_ht=instagram.fabe1-1.fna.fbcdn.net&_nc_cat=103&_nc_ohc=z8RUUTMaUbkAX8mkbfh&_nc_tp=15&oh=212e41f9b3999f5ab43218de6a389a02&oe=5FB4C2F0"
                },
                {
                    "config_height": 320,
                    "config_width": 320,
                    "src": "https://instagram.fabe1-1.fna.fbcdn.net/v/t51.2885-15/e35/s320x320/121596062_131186672068179_9182775908462923756_n.jpg?_nc_ht=instagram.fabe1-1.fna.fbcdn.net&_nc_cat=103&_nc_ohc=z8RUUTMaUbkAX8mkbfh&_nc_tp=15&oh=e41d5c2881819af2b3031650ecf1801d&oe=5FB22F12"
                },
                {
                    "config_height": 480,
                    "config_width": 480,
                    "src": "https://instagram.fabe1-1.fna.fbcdn.net/v/t51.2885-15/e35/s480x480/121596062_131186672068179_9182775908462923756_n.jpg?_nc_ht=instagram.fabe1-1.fna.fbcdn.net&_nc_cat=103&_nc_ohc=z8RUUTMaUbkAX8mkbfh&_nc_tp=15&oh=bcd46a486a9a165ce0384936b856fbe9&oe=5FB39757"
                },
                {
                    "config_height": 640,
                    "config_width": 640,
                    "src": "https://instagram.fabe1-1.fna.fbcdn.net/v/t51.2885-15/sh0.08/e35/s640x640/121596062_131186672068179_9182775908462923756_n.jpg?_nc_ht=instagram.fabe1-1.fna.fbcdn.net&_nc_cat=103&_nc_ohc=z8RUUTMaUbkAX8mkbfh&_nc_tp=24&oh=412ca5959e6f03081afe234d980c13f8&oe=5FB3BAED"
                }
            ],
            "thumbnail_src": "https://instagram.fabe1-1.fna.fbcdn.net/v/t51.2885-15/sh0.08/e35/s640x640/121596062_131186672068179_9182775908462923756_n.jpg?_nc_ht=instagram.fabe1-1.fna.fbcdn.net&_nc_cat=103&_nc_ohc=z8RUUTMaUbkAX8mkbfh&_nc_tp=24&oh=412ca5959e6f03081afe234d980c13f8&oe=5FB3BAED",
            "urls": [
                "https://instagram.fabe1-1.fna.fbcdn.net/v/t51.2885-15/e35/s1080x1080/121596062_131186672068179_9182775908462923756_n.jpg?_nc_ht=instagram.fabe1-1.fna.fbcdn.net&_nc_cat=103&_nc_ohc=z8RUUTMaUbkAX8mkbfh&_nc_tp=15&oh=f8bc5c04c65cc902bd901f068abf8d81&oe=5FB5A3A9"
            ]
        }
    ]
}