{
    "GraphImages": [
        {
            "comments_disabled": false,
            "dimensions": {
                "height": 1080,
                "width": 1080
            },
            "display_url": "https://instagram.fabe1-1.fna.fbcdn.net/v/t51.2885-15/e35/s1080x1080/121607185_718882238838758_286718780212307425_n.jpg?_nc_ht=instagram.fabe1-1.fna.fbcdn.net&_nc_cat=102&_nc_ohc=r6qNxMZvVnMAX_0ojvT&_nc_tp=15&oh=06ba8e6f147479ff8af4d563653b8549&oe=5FB329A6",
            "edge_liked_by": {
                "count": 0
            },
            "edge_media_preview_like": {
                "count": 0
            },
            "edge_media_to_caption": {
                "edges": [
                    {
                        "node": {
                            "text": "Make a change today invest on bitcoin"
                        }
                    }
                ]
            },
            "edge_media_to_comment": {
                "count": 0
            },
            "id": "2421567048086958201",
            "is_video": false,
            "owner": {
                "id": "43828610339"
            },
            "shortcode": "CGbImZ1A7B5",
            "tags": [],
            "taken_at_timestamp": 1602893309,
            "thumbnail_resources": [
                {
                    "config_height": 150,
                    "config_width": 150,
                    "src": "https://instagram.fabe1-1.fna.fbcdn.net/v/t51.2885-15/e35/s150x150/121607185_718882238838758_286718780212307425_n.jpg?_nc_ht=instagram.fabe1-1.fna.fbcdn.net&_nc_cat=102&_nc_ohc=r6qNxMZvVnMAX_0ojvT&_nc_tp=15&oh=c91d592dea997e0a88d3f90a2a1a3a9f&oe=5FB3FDB6"
                },
                {
                    "config_height": 240,
                    "config_width": 240,
                    "src": "https://instagram.fabe1-1.fna.fbcdn.net/v/t51.2885-15/e35/s240x240/121607185_718882238838758_286718780212307425_n.jpg?_nc_ht=instagram.fabe1-1.fna.fbcdn.net&_nc_cat=102&_nc_ohc=r6qNxMZvVnMAX_0ojvT&_nc_tp=15&oh=17c5ca38a6e25203be788e9306ef371d&oe=5FB38600"
                },
                {
                    "config_height": 320,
                    "config_width": 320,
                    "src": "https://instagram.fabe1-1.fna.fbcdn.net/v/t51.2885-15/e35/s320x320/121607185_718882238838758_286718780212307425_n.jpg?_nc_ht=instagram.fabe1-1.fna.fbcdn.net&_nc_cat=102&_nc_ohc=r6qNxMZvVnMAX_0ojvT&_nc_tp=15&oh=397c90395ac22692c5c18383075de3c2&oe=5FB2E246"
                },
                {
                    "config_height": 480,
                    "config_width": 480,
                    "src": "https://instagram.fabe1-1.fna.fbcdn.net/v/t51.2885-15/e35/s480x480/121607185_718882238838758_286718780212307425_n.jpg?_nc_ht=instagram.fabe1-1.fna.fbcdn.net&_nc_cat=102&_nc_ohc=r6qNxMZvVnMAX_0ojvT&_nc_tp=15&oh=1489a8de076ba43bd854f42bdc001b55&oe=5FB48AA0"
                },
                {
                    "config_height": 640,
                    "config_width": 640,
                    "src": "https://instagram.fabe1-1.fna.fbcdn.net/v/t51.2885-15/sh0.08/e35/s640x640/121607185_718882238838758_286718780212307425_n.jpg?_nc_ht=instagram.fabe1-1.fna.fbcdn.net&_nc_cat=102&_nc_ohc=r6qNxMZvVnMAX_0ojvT&_nc_tp=24&oh=fe54b2fe54dff93d48dcf6fd4a77a3cb&oe=5FB4BC93"
                }
            ],
            "thumbnail_src": "https://instagram.fabe1-1.fna.fbcdn.net/v/t51.2885-15/sh0.08/e35/s640x640/121607185_718882238838758_286718780212307425_n.jpg?_nc_ht=instagram.fabe1-1.fna.fbcdn.net&_nc_cat=102&_nc_ohc=r6qNxMZvVnMAX_0ojvT&_nc_tp=24&oh=fe54b2fe54dff93d48dcf6fd4a77a3cb&oe=5FB4BC93",
            "urls": [
                "https://instagram.fabe1-1.fna.fbcdn.net/v/t51.2885-15/e35/s1080x1080/121607185_718882238838758_286718780212307425_n.jpg?_nc_ht=instagram.fabe1-1.fna.fbcdn.net&_nc_cat=102&_nc_ohc=r6qNxMZvVnMAX_0ojvT&_nc_tp=15&oh=06ba8e6f147479ff8af4d563653b8549&oe=5FB329A6"
            ]
        },
        {
            "comments_disabled": false,
            "dimensions": {
                "height": 1080,
                "width": 1080
            },
            "display_url": "https://instagram.fabe1-1.fna.fbcdn.net/v/t51.2885-15/e35/121581262_379314439773904_2495032992962189647_n.jpg?_nc_ht=instagram.fabe1-1.fna.fbcdn.net&_nc_cat=104&_nc_ohc=_annIp66dSoAX-J-qb4&_nc_tp=18&oh=f027ee8c11f465e957569c989ab535c9&oe=5FB51709",
            "edge_liked_by": {
                "count": 0
            },
            "edge_media_preview_like": {
                "count": 0
            },
            "edge_media_to_caption": {
                "edges": [
                    {
                        "node": {
                            "text": "Oh honey, you can't break a broken heart. 🥱 #followfollows #instagramgirl #hungarian #girl #followfollows #instahun #instagram #followfollows #likeforlikeback #followforfollowback #followme #followfollows #likeforfollows #likeforfollow #likeforlike"
                        }
                    }
                ]
            },
            "edge_media_to_comment": {
                "count": 0
            },
            "id": "2421566960039920502",
            "is_video": false,
            "owner": {
                "id": "6311516760"
            },
            "shortcode": "CGbIlH1AIN2",
            "tags": [
                "likeforlikeback",
                "likeforfollow",
                "likeforfollows",
                "instagram",
                "followfollows",
                "followforfollowback",
                "girl",
                "likeforlike",
                "instahun",
                "hungarian",
                "instagramgirl",
                "followme"
            ],
            "taken_at_timestamp": 1602893298,
            "thumbnail_resources": [
                {
                    "config_height": 150,
                    "config_width": 150,
                    "src": "https://instagram.fabe1-1.fna.fbcdn.net/v/t51.2885-15/e35/s150x150/121581262_379314439773904_2495032992962189647_n.jpg?_nc_ht=instagram.fabe1-1.fna.fbcdn.net&_nc_cat=104&_nc_ohc=_annIp66dSoAX-J-qb4&_nc_tp=15&oh=a087e3af6fd064d140a7a49a1431cba3&oe=5FB32B38"
                },
                {
                    "config_height": 240,
                    "config_width": 240,
                    "src": "https://instagram.fabe1-1.fna.fbcdn.net/v/t51.2885-15/e35/s240x240/121581262_379314439773904_2495032992962189647_n.jpg?_nc_ht=instagram.fabe1-1.fna.fbcdn.net&_nc_cat=104&_nc_ohc=_annIp66dSoAX-J-qb4&_nc_tp=15&oh=f1cebd97886317467a40d6f03ce6c19b&oe=5FB3A2B2"
                },
                {
                    "config_height": 320,
                    "config_width": 320,
                    "src": "https://instagram.fabe1-1.fna.fbcdn.net/v/t51.2885-15/e35/s320x320/121581262_379314439773904_2495032992962189647_n.jpg?_nc_ht=instagram.fabe1-1.fna.fbcdn.net&_nc_cat=104&_nc_ohc=_annIp66dSoAX-J-qb4&_nc_tp=15&oh=57ed81f2b99a456da2c81b0dfa37e9a9&oe=5FB377D0"
                },
                {
                    "config_height": 480,
                    "config_width": 480,
                    "src": "https://instagram.fabe1-1.fna.fbcdn.net/v/t51.2885-15/e35/s480x480/121581262_379314439773904_2495032992962189647_n.jpg?_nc_ht=instagram.fabe1-1.fna.fbcdn.net&_nc_cat=104&_nc_ohc=_annIp66dSoAX-J-qb4&_nc_tp=15&oh=17786cd5d4a1bea364850c29a213d103&oe=5FB1E109"
                },
                {
                    "config_height": 640,
                    "config_width": 640,
                    "src": "https://instagram.fabe1-1.fna.fbcdn.net/v/t51.2885-15/sh0.08/e35/s640x640/121581262_379314439773904_2495032992962189647_n.jpg?_nc_ht=instagram.fabe1-1.fna.fbcdn.net&_nc_cat=104&_nc_ohc=_annIp66dSoAX-J-qb4&_nc_tp=24&oh=5010991d8679092cd90a2f9fc3880c2f&oe=5FB1C8B3"
                }
            ],
            "thumbnail_src": "https://instagram.fabe1-1.fna.fbcdn.net/v/t51.2885-15/sh0.08/e35/s640x640/121581262_379314439773904_2495032992962189647_n.jpg?_nc_ht=instagram.fabe1-1.fna.fbcdn.net&_nc_cat=104&_nc_ohc=_annIp66dSoAX-J-qb4&_nc_tp=24&oh=5010991d8679092cd90a2f9fc3880c2f&oe=5FB1C8B3",
            "urls": [
                "https://instagram.fabe1-1.fna.fbcdn.net/v/t51.2885-15/e35/121581262_379314439773904_2495032992962189647_n.jpg?_nc_ht=instagram.fabe1-1.fna.fbcdn.net&_nc_cat=104&_nc_ohc=_annIp66dSoAX-J-qb4&_nc_tp=18&oh=f027ee8c11f465e957569c989ab535c9&oe=5FB51709"
            ]
        },
        {
            "comments_disabled": false,
            "dimensions": {
                "height": 640,
                "width": 640
            },
            "display_url": "https://instagram.fabe1-1.fna.fbcdn.net/v/t51.2885-15/e35/121508526_1297798103889473_2099730468444305035_n.jpg?_nc_ht=instagram.fabe1-1.fna.fbcdn.net&_nc_cat=105&_nc_ohc=mhmVo7skLJ4AX_FxN5c&_nc_tp=18&oh=fefc94f155e2decf056f1ab84eee0a13&oe=5F8C6FFD",
            "edge_liked_by": {
                "count": 2
            },
            "edge_media_preview_like": {
                "count": 2
            },
            "edge_media_to_caption": {
                "edges": [
                    {
                        "node": {
                            "text": "Sorvete Galera!🤣🧙‍♂️🐊\n\n#freefirebattlegrounds#freefire#freefirebrasil#garenafreefire#freefiremobile#highlights#highlightsfreefire#loud#goloud#gopain#games#emulador#nfa#liganfa#lbff#elgato#freefirenews #freefireeuropa"
                        }
                    }
                ]
            },
            "edge_media_to_comment": {
                "count": 1
            },
            "id": "2421566593610071063",
            "is_video": true,
            "owner": {
                "id": "43480208471"
            },
            "shortcode": "CGbIfykFLwX",
            "tags": [
                "highlights",
                "goloud",
                "highlightsfreefire",
                "gopain",
                "freefire",
                "freefiremobile",
                "nfa",
                "liganfa",
                "loud",
                "garenafreefire",
                "freefirebattlegrounds",
                "freefirenews",
                "freefirebrasil",
                "elgato",
                "lbff",
                "emulador",
                "freefireeuropa",
                "games"
            ],
            "taken_at_timestamp": 1602893286,
            "thumbnail_resources": [
                {
                    "config_height": 150,
                    "config_width": 150,
                    "src": "https://instagram.fabe1-1.fna.fbcdn.net/v/t51.2885-15/e35/s150x150/121508526_1297798103889473_2099730468444305035_n.jpg?_nc_ht=instagram.fabe1-1.fna.fbcdn.net&_nc_cat=105&_nc_ohc=mhmVo7skLJ4AX_FxN5c&_nc_tp=15&oh=17a5596b773c5403236d86e770485a15&oe=5F8CC191"
                },
                {
                    "config_height": 240,
                    "config_width": 240,
                    "src": "https://instagram.fabe1-1.fna.fbcdn.net/v/t51.2885-15/e35/s240x240/121508526_1297798103889473_2099730468444305035_n.jpg?_nc_ht=instagram.fabe1-1.fna.fbcdn.net&_nc_cat=105&_nc_ohc=mhmVo7skLJ4AX_FxN5c&_nc_tp=15&oh=4a7b5596ba4dc56d9a3fbf35c4adf46a&oe=5F8C67D9"
                },
                {
                    "config_height": 320,
                    "config_width": 320,
                    "src": "https://instagram.fabe1-1.fna.fbcdn.net/v/t51.2885-15/e35/s320x320/121508526_1297798103889473_2099730468444305035_n.jpg?_nc_ht=instagram.fabe1-1.fna.fbcdn.net&_nc_cat=105&_nc_ohc=mhmVo7skLJ4AX_FxN5c&_nc_tp=15&oh=76c956dfa0cd71e122d11da45e3516ad&oe=5F8CB748"
                },
                {
                    "config_height": 480,
                    "config_width": 480,
                    "src": "https://instagram.fabe1-1.fna.fbcdn.net/v/t51.2885-15/e35/s480x480/121508526_1297798103889473_2099730468444305035_n.jpg?_nc_ht=instagram.fabe1-1.fna.fbcdn.net&_nc_cat=105&_nc_ohc=mhmVo7skLJ4AX_FxN5c&_nc_tp=15&oh=f1790c27b0e51107891e2bea1e9245f4&oe=5F8C6106"
                },
                {
                    "config_height": 640,
                    "config_width": 640,
                    "src": "https://instagram.fabe1-1.fna.fbcdn.net/v/t51.2885-15/e35/121508526_1297798103889473_2099730468444305035_n.jpg?_nc_ht=instagram.fabe1-1.fna.fbcdn.net&_nc_cat=105&_nc_ohc=mhmVo7skLJ4AX_FxN5c&_nc_tp=18&oh=fefc94f155e2decf056f1ab84eee0a13&oe=5F8C6FFD"
                }
            ],
            "thumbnail_src": "https://instagram.fabe1-1.fna.fbcdn.net/v/t51.2885-15/e35/121508526_1297798103889473_2099730468444305035_n.jpg?_nc_ht=instagram.fabe1-1.fna.fbcdn.net&_nc_cat=105&_nc_ohc=mhmVo7skLJ4AX_FxN5c&_nc_tp=18&oh=fefc94f155e2decf056f1ab84eee0a13&oe=5F8C6FFD",
            "urls": [
                "https://instagram.fabe1-1.fna.fbcdn.net/v/t50.2886-16/121622407_112351647314725_3970155558109590856_n.mp4?_nc_ht=instagram.fabe1-1.fna.fbcdn.net&_nc_cat=101&_nc_ohc=83xdUQY2TisAX9okQFL&oe=5F8CC1C3&oh=0dbd35755a66b354f1a0ae2f3c6260f8"
            ],
            "video_view_count": 0
        },
        {
            "comments_disabled": false,
            "dimensions": {
                "height": 858,
                "width": 1080
            },
            "display_url": "https://instagram.fabe1-1.fna.fbcdn.net/v/t51.2885-15/e35/s1080x1080/121571611_182570203350893_8819619536723203249_n.jpg?_nc_ht=instagram.fabe1-1.fna.fbcdn.net&_nc_cat=105&_nc_ohc=7JkaRs0738kAX9NTEaM&_nc_tp=15&oh=88d3eba85d9ec3848502098f16b29aa0&oe=5FB449BD",
            "edge_liked_by": {
                "count": 1
            },
            "edge_media_preview_like": {
                "count": 1
            },
            "edge_media_to_caption": {
                "edges": [
                    {
                        "node": {
                            "text": "Nothing better than Caviar to start the weekend! Potato with Russian Osetra caviar, crème fraîche 😱 #miamievent #caviar #miamibeach #bestfood #vote2020 #foodpornfriday #privatedinner #frenchchef #luxuryevents #miamievents"
                        }
                    }
                ]
            },
            "edge_media_to_comment": {
                "count": 0
            },
            "id": "2421566523824140776",
            "is_video": false,
            "owner": {
                "id": "176755908"
            },
            "shortcode": "CGbIexkg_Ho",
            "tags": [
                "miamievent",
                "miamibeach",
                "frenchchef",
                "bestfood",
                "luxuryevents",
                "miamievents",
                "vote2020",
                "privatedinner",
                "caviar",
                "foodpornfriday"
            ],
            "taken_at_timestamp": 1602893246,
            "thumbnail_resources": [
                {
                    "config_height": 150,
                    "config_width": 150,
                    "src": "https://instagram.fabe1-1.fna.fbcdn.net/v/t51.2885-15/e35/c148.0.1144.1144a/s150x150/121571611_182570203350893_8819619536723203249_n.jpg?_nc_ht=instagram.fabe1-1.fna.fbcdn.net&_nc_cat=105&_nc_ohc=7JkaRs0738kAX9NTEaM&tp=16&oh=9edd75f246aafa87292d9eea8aa66d6a&oe=5FB4C817"
                },
                {
                    "config_height": 240,
                    "config_width": 240,
                    "src": "https://instagram.fabe1-1.fna.fbcdn.net/v/t51.2885-15/e35/c148.0.1144.1144a/s240x240/121571611_182570203350893_8819619536723203249_n.jpg?_nc_ht=instagram.fabe1-1.fna.fbcdn.net&_nc_cat=105&_nc_ohc=7JkaRs0738kAX9NTEaM&tp=16&oh=12db28afe058baad964282f8f08c80c4&oe=5FB43F91"
                },
                {
                    "config_height": 320,
                    "config_width": 320,
                    "src": "https://instagram.fabe1-1.fna.fbcdn.net/v/t51.2885-15/e35/c148.0.1144.1144a/s320x320/121571611_182570203350893_8819619536723203249_n.jpg?_nc_ht=instagram.fabe1-1.fna.fbcdn.net&_nc_cat=105&_nc_ohc=7JkaRs0738kAX9NTEaM&tp=16&oh=ae4f1c73c3bc1b18b2d82c426b74fdbd&oe=5FB246EF"
                },
                {
                    "config_height": 480,
                    "config_width": 480,
                    "src": "https://instagram.fabe1-1.fna.fbcdn.net/v/t51.2885-15/e35/c148.0.1144.1144a/s480x480/121571611_182570203350893_8819619536723203249_n.jpg?_nc_ht=instagram.fabe1-1.fna.fbcdn.net&_nc_cat=105&_nc_ohc=7JkaRs0738kAX9NTEaM&tp=16&oh=cf61a3d81f842a9acbc8eb24716a8115&oe=5FB2B02A"
                },
                {
                    "config_height": 640,
                    "config_width": 640,
                    "src": "https://instagram.fabe1-1.fna.fbcdn.net/v/t51.2885-15/sh0.08/e35/c148.0.1144.1144a/s640x640/121571611_182570203350893_8819619536723203249_n.jpg?_nc_ht=instagram.fabe1-1.fna.fbcdn.net&_nc_cat=105&_nc_ohc=7JkaRs0738kAX9NTEaM&oh=391e3bff8287bb1c8bc7ca8179f82dbf&oe=5FB25727"
                }
            ],
            "thumbnail_src": "https://instagram.fabe1-1.fna.fbcdn.net/v/t51.2885-15/sh0.08/e35/c148.0.1144.1144a/s640x640/121571611_182570203350893_8819619536723203249_n.jpg?_nc_ht=instagram.fabe1-1.fna.fbcdn.net&_nc_cat=105&_nc_ohc=7JkaRs0738kAX9NTEaM&oh=391e3bff8287bb1c8bc7ca8179f82dbf&oe=5FB25727",
            "urls": [
                "https://instagram.fabe1-1.fna.fbcdn.net/v/t51.2885-15/e35/s1080x1080/121571611_182570203350893_8819619536723203249_n.jpg?_nc_ht=instagram.fabe1-1.fna.fbcdn.net&_nc_cat=105&_nc_ohc=7JkaRs0738kAX9NTEaM&_nc_tp=15&oh=88d3eba85d9ec3848502098f16b29aa0&oe=5FB449BD"
            ]
        }
    ]
}