{
    "GraphImages": [
        {
            "comments_disabled": false,
            "dimensions": {
                "height": 640,
                "width": 640
            },
            "display_url": "https://instagram.fabe1-1.fna.fbcdn.net/v/t51.2885-15/e35/121654671_204149241110655_1905988077907484048_n.jpg?_nc_ht=instagram.fabe1-1.fna.fbcdn.net&_nc_cat=103&_nc_ohc=yWM8CmHpJp8AX_AiRDz&_nc_tp=18&oh=b20d197d92ec674cf3ca13be1a9e4c90&oe=5FB46A9B",
            "edge_liked_by": {
                "count": 0
            },
            "edge_media_preview_like": {
                "count": 0
            },
            "edge_media_to_caption": {
                "edges": []
            },
            "edge_media_to_comment": {
                "count": 0
            },
            "id": "2421611924430477273",
            "is_video": false,
            "owner": {
                "id": "31355428348"
            },
            "shortcode": "CGbSzcLh1fZ",
            "taken_at_timestamp": 1602898658,
            "thumbnail_resources": [
                {
                    "config_height": 150,
                    "config_width": 150,
                    "src": "https://instagram.fabe1-1.fna.fbcdn.net/v/t51.2885-15/e35/s150x150/121654671_204149241110655_1905988077907484048_n.jpg?_nc_ht=instagram.fabe1-1.fna.fbcdn.net&_nc_cat=103&_nc_ohc=yWM8CmHpJp8AX_AiRDz&_nc_tp=15&oh=75ab38477270c7dd2328d4412bd7c8e8&oe=5FB30326"
                },
                {
                    "config_height": 240,
                    "config_width": 240,
                    "src": "https://instagram.fabe1-1.fna.fbcdn.net/v/t51.2885-15/e35/s240x240/121654671_204149241110655_1905988077907484048_n.jpg?_nc_ht=instagram.fabe1-1.fna.fbcdn.net&_nc_cat=103&_nc_ohc=yWM8CmHpJp8AX_AiRDz&_nc_tp=15&oh=11e212982303aa2df5264a3da7c16834&oe=5FB4AF24"
                },
                {
                    "config_height": 320,
                    "config_width": 320,
                    "src": "https://instagram.fabe1-1.fna.fbcdn.net/v/t51.2885-15/e35/s320x320/121654671_204149241110655_1905988077907484048_n.jpg?_nc_ht=instagram.fabe1-1.fna.fbcdn.net&_nc_cat=103&_nc_ohc=yWM8CmHpJp8AX_AiRDz&_nc_tp=15&oh=d84d6f08c4dbac626661f6a53dea61c2&oe=5FB3CFDE"
                },
                {
                    "config_height": 480,
                    "config_width": 480,
                    "src": "https://instagram.fabe1-1.fna.fbcdn.net/v/t51.2885-15/e35/s480x480/121654671_204149241110655_1905988077907484048_n.jpg?_nc_ht=instagram.fabe1-1.fna.fbcdn.net&_nc_cat=103&_nc_ohc=yWM8CmHpJp8AX_AiRDz&_nc_tp=15&oh=58f997ffd6afd9e82720819c76571659&oe=5FB2321B"
                },
                {
                    "config_height": 640,
                    "config_width": 640,
                    "src": "https://instagram.fabe1-1.fna.fbcdn.net/v/t51.2885-15/e35/121654671_204149241110655_1905988077907484048_n.jpg?_nc_ht=instagram.fabe1-1.fna.fbcdn.net&_nc_cat=103&_nc_ohc=yWM8CmHpJp8AX_AiRDz&_nc_tp=18&oh=b20d197d92ec674cf3ca13be1a9e4c90&oe=5FB46A9B"
                }
            ],
            "thumbnail_src": "https://instagram.fabe1-1.fna.fbcdn.net/v/t51.2885-15/e35/121654671_204149241110655_1905988077907484048_n.jpg?_nc_ht=instagram.fabe1-1.fna.fbcdn.net&_nc_cat=103&_nc_ohc=yWM8CmHpJp8AX_AiRDz&_nc_tp=18&oh=b20d197d92ec674cf3ca13be1a9e4c90&oe=5FB46A9B",
            "urls": [
                "https://instagram.fabe1-1.fna.fbcdn.net/v/t51.2885-15/e35/121654671_204149241110655_1905988077907484048_n.jpg?_nc_ht=instagram.fabe1-1.fna.fbcdn.net&_nc_cat=103&_nc_ohc=yWM8CmHpJp8AX_AiRDz&_nc_tp=18&oh=b20d197d92ec674cf3ca13be1a9e4c90&oe=5FB46A9B"
            ]
        },
        {
            "comments_disabled": false,
            "dimensions": {
                "height": 750,
                "width": 750
            },
            "display_url": "https://instagram.fabe1-1.fna.fbcdn.net/v/t51.2885-15/e35/121539402_188706862811090_68515910644824204_n.jpg?_nc_ht=instagram.fabe1-1.fna.fbcdn.net&_nc_cat=102&_nc_ohc=YLxG3yhzuXIAX8prC0i&_nc_tp=18&oh=24b65e95313fbda16b7d9db77aa9a531&oe=5F8CB4BD",
            "edge_liked_by": {
                "count": 0
            },
            "edge_media_preview_like": {
                "count": 0
            },
            "edge_media_to_caption": {
                "edges": [
                    {
                        "node": {
                            "text": "🦋❤I don't have an attitude, I just don't like you. ❤🦋 #idonthaveanattitudeijustdontlikeyou"
                        }
                    }
                ]
            },
            "edge_media_to_comment": {
                "count": 0
            },
            "id": "2421611856760142607",
            "is_video": true,
            "owner": {
                "id": "262948669"
            },
            "shortcode": "CGbSydKD_sP",
            "tags": [
                "idonthaveanattitudeijustdontlikeyou"
            ],
            "taken_at_timestamp": 1602898658,
            "thumbnail_resources": [
                {
                    "config_height": 150,
                    "config_width": 150,
                    "src": "https://instagram.fabe1-1.fna.fbcdn.net/v/t51.2885-15/e35/s150x150/121539402_188706862811090_68515910644824204_n.jpg?_nc_ht=instagram.fabe1-1.fna.fbcdn.net&_nc_cat=102&_nc_ohc=YLxG3yhzuXIAX8prC0i&_nc_tp=15&oh=51333d3190a6c6a224827c171822164c&oe=5F8C8EAF"
                },
                {
                    "config_height": 240,
                    "config_width": 240,
                    "src": "https://instagram.fabe1-1.fna.fbcdn.net/v/t51.2885-15/e35/s240x240/121539402_188706862811090_68515910644824204_n.jpg?_nc_ht=instagram.fabe1-1.fna.fbcdn.net&_nc_cat=102&_nc_ohc=YLxG3yhzuXIAX8prC0i&_nc_tp=15&oh=653841c07eca3e324d6c3237aa001cb8&oe=5F8C81DC"
                },
                {
                    "config_height": 320,
                    "config_width": 320,
                    "src": "https://instagram.fabe1-1.fna.fbcdn.net/v/t51.2885-15/e35/s320x320/121539402_188706862811090_68515910644824204_n.jpg?_nc_ht=instagram.fabe1-1.fna.fbcdn.net&_nc_cat=102&_nc_ohc=YLxG3yhzuXIAX8prC0i&_nc_tp=15&oh=056097e4b75effecd2b2b8ff30c835ac&oe=5F8CB4A4"
                },
                {
                    "config_height": 480,
                    "config_width": 480,
                    "src": "https://instagram.fabe1-1.fna.fbcdn.net/v/t51.2885-15/e35/s480x480/121539402_188706862811090_68515910644824204_n.jpg?_nc_ht=instagram.fabe1-1.fna.fbcdn.net&_nc_cat=102&_nc_ohc=YLxG3yhzuXIAX8prC0i&_nc_tp=15&oh=99facf207c809ee272d545be65f88464&oe=5F8CA4C0"
                },
                {
                    "config_height": 640,
                    "config_width": 640,
                    "src": "https://instagram.fabe1-1.fna.fbcdn.net/v/t51.2885-15/sh0.08/e35/s640x640/121539402_188706862811090_68515910644824204_n.jpg?_nc_ht=instagram.fabe1-1.fna.fbcdn.net&_nc_cat=102&_nc_ohc=YLxG3yhzuXIAX8prC0i&_nc_tp=24&oh=92d4b4f64b1f5722ab3ae67df4a2a84b&oe=5F8C4B10"
                }
            ],
            "thumbnail_src": "https://instagram.fabe1-1.fna.fbcdn.net/v/t51.2885-15/sh0.08/e35/s640x640/121539402_188706862811090_68515910644824204_n.jpg?_nc_ht=instagram.fabe1-1.fna.fbcdn.net&_nc_cat=102&_nc_ohc=YLxG3yhzuXIAX8prC0i&_nc_tp=24&oh=92d4b4f64b1f5722ab3ae67df4a2a84b&oe=5F8C4B10",
            "urls": [
                "https://instagram.fabe1-1.fna.fbcdn.net/v/t50.2886-16/121779355_1292010004495591_5725740825517475816_n.mp4?_nc_ht=instagram.fabe1-1.fna.fbcdn.net&_nc_cat=107&_nc_ohc=if6BsVhara4AX8vNDjA&oe=5F8CB572&oh=312d995a8e19ec7a6a388375ebc0c1d5"
            ],
            "video_view_count": 0
        },
        {
            "comments_disabled": false,
            "dimensions": {
                "height": 1349,
                "width": 1080
            },
            "display_url": "https://instagram.fabe1-1.fna.fbcdn.net/v/t51.2885-15/e35/p1080x1080/121534767_372445877283410_1871620949283366663_n.jpg?_nc_ht=instagram.fabe1-1.fna.fbcdn.net&_nc_cat=102&_nc_ohc=QhbrpwBGWp0AX8lbwrG&tp=19&oh=11a22e1d953586e754481852cfdb2fad&oe=5FB4ADB2",
            "edge_liked_by": {
                "count": 0
            },
            "edge_media_preview_like": {
                "count": 0
            },
            "edge_media_to_caption": {
                "edges": [
                    {
                        "node": {
                            "text": "Ojalá que cuando llegue lo que buscábamos, lo que merecemos, podamos verlo...Ojalá 🙏🏻"
                        }
                    }
                ]
            },
            "edge_media_to_comment": {
                "count": 0
            },
            "id": "2421611872212803437",
            "is_video": false,
            "owner": {
                "id": "1618026289"
            },
            "shortcode": "CGbSyrjHN9t",
            "tags": [],
            "taken_at_timestamp": 1602898652,
            "thumbnail_resources": [
                {
                    "config_height": 150,
                    "config_width": 150,
                    "src": "https://instagram.fabe1-1.fna.fbcdn.net/v/t51.2885-15/e35/c0.179.1440.1440a/s150x150/121534767_372445877283410_1871620949283366663_n.jpg?_nc_ht=instagram.fabe1-1.fna.fbcdn.net&_nc_cat=102&_nc_ohc=QhbrpwBGWp0AX8lbwrG&tp=16&oh=b8b1bcdc654b2a47bd1bfe1acf127323&oe=5FB37B42"
                },
                {
                    "config_height": 240,
                    "config_width": 240,
                    "src": "https://instagram.fabe1-1.fna.fbcdn.net/v/t51.2885-15/e35/c0.179.1440.1440a/s240x240/121534767_372445877283410_1871620949283366663_n.jpg?_nc_ht=instagram.fabe1-1.fna.fbcdn.net&_nc_cat=102&_nc_ohc=QhbrpwBGWp0AX8lbwrG&tp=16&oh=29ab97ecca8d075d26871eb2b1ee1e61&oe=5FB40948"
                },
                {
                    "config_height": 320,
                    "config_width": 320,
                    "src": "https://instagram.fabe1-1.fna.fbcdn.net/v/t51.2885-15/e35/c0.179.1440.1440a/s320x320/121534767_372445877283410_1871620949283366663_n.jpg?_nc_ht=instagram.fabe1-1.fna.fbcdn.net&_nc_cat=102&_nc_ohc=QhbrpwBGWp0AX8lbwrG&tp=16&oh=292502fb1fed4f2d35c81d14ef48d3f6&oe=5FB4063A"
                },
                {
                    "config_height": 480,
                    "config_width": 480,
                    "src": "https://instagram.fabe1-1.fna.fbcdn.net/v/t51.2885-15/e35/c0.179.1440.1440a/s480x480/121534767_372445877283410_1871620949283366663_n.jpg?_nc_ht=instagram.fabe1-1.fna.fbcdn.net&_nc_cat=102&_nc_ohc=QhbrpwBGWp0AX8lbwrG&tp=16&oh=2b57c6ca968649fa9c283a4f19a10356&oe=5FB3B6FF"
                },
                {
                    "config_height": 640,
                    "config_width": 640,
                    "src": "https://instagram.fabe1-1.fna.fbcdn.net/v/t51.2885-15/sh0.08/e35/c0.179.1440.1440a/s640x640/121534767_372445877283410_1871620949283366663_n.jpg?_nc_ht=instagram.fabe1-1.fna.fbcdn.net&_nc_cat=102&_nc_ohc=QhbrpwBGWp0AX8lbwrG&oh=9cb852eadb86fef0ccb2878c9c2a3498&oe=5FB3A2F2"
                }
            ],
            "thumbnail_src": "https://instagram.fabe1-1.fna.fbcdn.net/v/t51.2885-15/sh0.08/e35/c0.179.1440.1440a/s640x640/121534767_372445877283410_1871620949283366663_n.jpg?_nc_ht=instagram.fabe1-1.fna.fbcdn.net&_nc_cat=102&_nc_ohc=QhbrpwBGWp0AX8lbwrG&oh=9cb852eadb86fef0ccb2878c9c2a3498&oe=5FB3A2F2",
            "urls": [
                "https://instagram.fabe1-1.fna.fbcdn.net/v/t51.2885-15/e35/p1080x1080/121534767_372445877283410_1871620949283366663_n.jpg?_nc_ht=instagram.fabe1-1.fna.fbcdn.net&_nc_cat=102&_nc_ohc=QhbrpwBGWp0AX8lbwrG&tp=19&oh=11a22e1d953586e754481852cfdb2fad&oe=5FB4ADB2"
            ]
        },
        {
            "comments_disabled": false,
            "dimensions": {
                "height": 755,
                "width": 750
            },
            "display_url": "https://instagram.fabe1-1.fna.fbcdn.net/v/t51.2885-15/e35/120975490_5035170763163516_6524489908572333578_n.jpg?_nc_ht=instagram.fabe1-1.fna.fbcdn.net&_nc_cat=108&_nc_ohc=JJ66RToNwMoAX_XSR4B&_nc_tp=18&oh=8098469a3eab70aae27de5c7a7dfdb76&oe=5FB543B4",
            "edge_liked_by": {
                "count": 0
            },
            "edge_media_preview_like": {
                "count": 0
            },
            "edge_media_to_caption": {
                "edges": [
                    {
                        "node": {
                            "text": "Empieza hoy a cuidar tu salud, decidete por la mejor opción 👌👌\n.\n.\n.\n.\n.\n.\n.\n#bodycarevital  #idahousa  #bluepinkbhip  #nonigia  #plan90diaspink  #plandetox  #cuidadovitaldelcuerpo  #sanfranciscoca #alaheimusa  #texas  #miami  #houston  #escondidoca  #virginiausa  #seattle #preguntaportuplan  #pierdepesoganavida  #katyusa  #cuidatucuerpo  #vidamassaludable  #latinoseneeuu  #tomaelriesgo  #tratamientointensivo  #dejameayudartebhip  #trabajojuntosbodycarevital  #cambiatuvidabhip  #cambiodiaadia  #calidaddevidabhip  #ayudaatucuerpobhip  #plandealimentacionbhip"
                        }
                    }
                ]
            },
            "edge_media_to_comment": {
                "count": 0
            },
            "id": "2421611614590282626",
            "is_video": false,
            "owner": {
                "id": "34118547733"
            },
            "shortcode": "CGbSu7nnSuC",
            "tags": [
                "plandetox",
                "idahousa",
                "cuidadovitaldelcuerpo",
                "bodycarevital",
                "katyusa",
                "latinoseneeuu",
                "virginiausa",
                "cuidatucuerpo",
                "pierdepesoganavida",
                "cambiatuvidabhip",
                "tratamientointensivo",
                "plandealimentacionbhip",
                "plan90diaspink",
                "escondidoca",
                "texas",
                "miami",
                "trabajojuntosbodycarevital",
                "ayudaatucuerpobhip",
                "nonigia",
                "calidaddevidabhip",
                "bluepinkbhip",
                "seattle",
                "alaheimusa",
                "preguntaportuplan",
                "tomaelriesgo",
                "cambiodiaadia",
                "dejameayudartebhip",
                "houston",
                "vidamassaludable",
                "sanfranciscoca"
            ],
            "taken_at_timestamp": 1602898621,
            "thumbnail_resources": [
                {
                    "config_height": 150,
                    "config_width": 150,
                    "src": "https://instagram.fabe1-1.fna.fbcdn.net/v/t51.2885-15/e35/c0.2.720.720a/s150x150/120975490_5035170763163516_6524489908572333578_n.jpg?_nc_ht=instagram.fabe1-1.fna.fbcdn.net&_nc_cat=108&_nc_ohc=JJ66RToNwMoAX_XSR4B&tp=16&oh=9c4c5cd54c7172280c44e5ee99ac44bc&oe=5FB21A3A"
                },
                {
                    "config_height": 240,
                    "config_width": 240,
                    "src": "https://instagram.fabe1-1.fna.fbcdn.net/v/t51.2885-15/e35/c0.2.720.720a/s240x240/120975490_5035170763163516_6524489908572333578_n.jpg?_nc_ht=instagram.fabe1-1.fna.fbcdn.net&_nc_cat=108&_nc_ohc=JJ66RToNwMoAX_XSR4B&tp=16&oh=d11b8f5e4dc5780763e8d64702a5f814&oe=5FB30CF2"
                },
                {
                    "config_height": 320,
                    "config_width": 320,
                    "src": "https://instagram.fabe1-1.fna.fbcdn.net/v/t51.2885-15/e35/c0.2.720.720a/s320x320/120975490_5035170763163516_6524489908572333578_n.jpg?_nc_ht=instagram.fabe1-1.fna.fbcdn.net&_nc_cat=108&_nc_ohc=JJ66RToNwMoAX_XSR4B&tp=16&oh=3860e3ae2786d5cb0336394ed4af2047&oe=5FB46CAF"
                },
                {
                    "config_height": 480,
                    "config_width": 480,
                    "src": "https://instagram.fabe1-1.fna.fbcdn.net/v/t51.2885-15/e35/c0.2.720.720a/s480x480/120975490_5035170763163516_6524489908572333578_n.jpg?_nc_ht=instagram.fabe1-1.fna.fbcdn.net&_nc_cat=108&_nc_ohc=JJ66RToNwMoAX_XSR4B&tp=16&oh=6222d4f16742ea8f35a214d0788f3229&oe=5FB2AE6D"
                },
                {
                    "config_height": 640,
                    "config_width": 640,
                    "src": "https://instagram.fabe1-1.fna.fbcdn.net/v/t51.2885-15/sh0.08/e35/c0.2.720.720a/s640x640/120975490_5035170763163516_6524489908572333578_n.jpg?_nc_ht=instagram.fabe1-1.fna.fbcdn.net&_nc_cat=108&_nc_ohc=JJ66RToNwMoAX_XSR4B&oh=ff5168011703ad93755d26a4ad40c70a&oe=5FB2DE65"
                }
            ],
            "thumbnail_src": "https://instagram.fabe1-1.fna.fbcdn.net/v/t51.2885-15/sh0.08/e35/c0.2.720.720a/s640x640/120975490_5035170763163516_6524489908572333578_n.jpg?_nc_ht=instagram.fabe1-1.fna.fbcdn.net&_nc_cat=108&_nc_ohc=JJ66RToNwMoAX_XSR4B&oh=ff5168011703ad93755d26a4ad40c70a&oe=5FB2DE65",
            "urls": [
                "https://instagram.fabe1-1.fna.fbcdn.net/v/t51.2885-15/e35/120975490_5035170763163516_6524489908572333578_n.jpg?_nc_ht=instagram.fabe1-1.fna.fbcdn.net&_nc_cat=108&_nc_ohc=JJ66RToNwMoAX_XSR4B&_nc_tp=18&oh=8098469a3eab70aae27de5c7a7dfdb76&oe=5FB543B4"
            ]
        },
        {
            "comments_disabled": false,
            "dimensions": {
                "height": 1080,
                "width": 1080
            },
            "display_url": "https://instagram.fabe1-1.fna.fbcdn.net/v/t51.2885-15/e35/s1080x1080/122014449_635056563826128_8075701436917930242_n.jpg?_nc_ht=instagram.fabe1-1.fna.fbcdn.net&_nc_cat=100&_nc_ohc=Ai0HBqEqaPcAX_eInki&_nc_tp=15&oh=e24883d8ded2378c7abe2438cf0f2dcd&oe=5FB23580",
            "edge_liked_by": {
                "count": 3
            },
            "edge_media_preview_like": {
                "count": 3
            },
            "edge_media_to_caption": {
                "edges": [
                    {
                        "node": {
                            "text": "home:)"
                        }
                    }
                ]
            },
            "edge_media_to_comment": {
                "count": 0
            },
            "id": "2421611586412912641",
            "is_video": false,
            "owner": {
                "id": "4252939412"
            },
            "shortcode": "CGbSuhYHKAB",
            "tags": [],
            "taken_at_timestamp": 1602898618,
            "thumbnail_resources": [
                {
                    "config_height": 150,
                    "config_width": 150,
                    "src": "https://instagram.fabe1-1.fna.fbcdn.net/v/t51.2885-15/e35/s150x150/122014449_635056563826128_8075701436917930242_n.jpg?_nc_ht=instagram.fabe1-1.fna.fbcdn.net&_nc_cat=100&_nc_ohc=Ai0HBqEqaPcAX_eInki&_nc_tp=15&oh=3a170c70f48bf2326184ab7f8fa27fa2&oe=5FB55ABF"
                },
                {
                    "config_height": 240,
                    "config_width": 240,
                    "src": "https://instagram.fabe1-1.fna.fbcdn.net/v/t51.2885-15/e35/s240x240/122014449_635056563826128_8075701436917930242_n.jpg?_nc_ht=instagram.fabe1-1.fna.fbcdn.net&_nc_cat=100&_nc_ohc=Ai0HBqEqaPcAX_eInki&_nc_tp=15&oh=c409197e8dd2c77d2f5de15bfd29b4ef&oe=5FB312B9"
                },
                {
                    "config_height": 320,
                    "config_width": 320,
                    "src": "https://instagram.fabe1-1.fna.fbcdn.net/v/t51.2885-15/e35/s320x320/122014449_635056563826128_8075701436917930242_n.jpg?_nc_ht=instagram.fabe1-1.fna.fbcdn.net&_nc_cat=100&_nc_ohc=Ai0HBqEqaPcAX_eInki&_nc_tp=15&oh=de72863adb7ee2a3082b7e34e4845204&oe=5FB5A7C7"
                },
                {
                    "config_height": 480,
                    "config_width": 480,
                    "src": "https://instagram.fabe1-1.fna.fbcdn.net/v/t51.2885-15/e35/s480x480/122014449_635056563826128_8075701436917930242_n.jpg?_nc_ht=instagram.fabe1-1.fna.fbcdn.net&_nc_cat=100&_nc_ohc=Ai0HBqEqaPcAX_eInki&_nc_tp=15&oh=df23ceb05e397663155eec50b1c276cf&oe=5FB48A02"
                },
                {
                    "config_height": 640,
                    "config_width": 640,
                    "src": "https://instagram.fabe1-1.fna.fbcdn.net/v/t51.2885-15/sh0.08/e35/s640x640/122014449_635056563826128_8075701436917930242_n.jpg?_nc_ht=instagram.fabe1-1.fna.fbcdn.net&_nc_cat=100&_nc_ohc=Ai0HBqEqaPcAX_eInki&_nc_tp=24&oh=e1b405704827c5814239d92d325d9f37&oe=5FB258BC"
                }
            ],
            "thumbnail_src": "https://instagram.fabe1-1.fna.fbcdn.net/v/t51.2885-15/sh0.08/e35/s640x640/122014449_635056563826128_8075701436917930242_n.jpg?_nc_ht=instagram.fabe1-1.fna.fbcdn.net&_nc_cat=100&_nc_ohc=Ai0HBqEqaPcAX_eInki&_nc_tp=24&oh=e1b405704827c5814239d92d325d9f37&oe=5FB258BC",
            "urls": [
                "https://instagram.fabe1-1.fna.fbcdn.net/v/t51.2885-15/e35/s1080x1080/122014449_635056563826128_8075701436917930242_n.jpg?_nc_ht=instagram.fabe1-1.fna.fbcdn.net&_nc_cat=100&_nc_ohc=Ai0HBqEqaPcAX_eInki&_nc_tp=15&oh=e24883d8ded2378c7abe2438cf0f2dcd&oe=5FB23580"
            ]
        },
        {
            "comments_disabled": false,
            "dimensions": {
                "height": 1080,
                "width": 1080
            },
            "display_url": "https://instagram.fabe1-1.fna.fbcdn.net/v/t51.2885-15/e35/s1080x1080/122016915_364900621231111_1877088021134841090_n.jpg?_nc_ht=instagram.fabe1-1.fna.fbcdn.net&_nc_cat=107&_nc_ohc=uvoDHJakbFEAX-6Dchy&_nc_tp=15&oh=7cb2202394486dabfbd3d70bdf42eec4&oe=5FB22109",
            "edge_liked_by": {
                "count": 7
            },
            "edge_media_preview_like": {
                "count": 7
            },
            "edge_media_to_caption": {
                "edges": [
                    {
                        "node": {
                            "text": "Just another day in office. With the a rainy day & night here in Miami. What’s better to do then to be in the gym\n\n.⁣\n.⁣\n.⁣\n.⁣\n.⁣\n#armday #workoutoftheday #fitnessmotivation #beseen #gains #chestday #deadlift #muscle #fitspiration #chestworkout #gymshark #legs #fitness #liftheavy #workout #gymlife #personaltrainer #beastmode #powerlifting #legpress #gymselfie #motivation #bodybuilding #legdayeveryday #gym #quads #fitfam #fit #weightlifting #ghostlifestyle"
                        }
                    }
                ]
            },
            "edge_media_to_comment": {
                "count": 4
            },
            "id": "2421611529847514989",
            "is_video": false,
            "owner": {
                "id": "34410149119"
            },
            "shortcode": "CGbStssjSdt",
            "tags": [
                "liftheavy",
                "powerlifting",
                "fitspiration",
                "fitfam",
                "motivation",
                "gymlife",
                "bodybuilding",
                "fitnessmotivation",
                "legs",
                "muscle",
                "ghostlifestyle",
                "weightlifting",
                "chestday",
                "legpress",
                "chestworkout",
                "gym",
                "beastmode",
                "beseen",
                "gymshark",
                "gymselfie",
                "deadlift",
                "legdayeveryday",
                "armday",
                "gains",
                "workout",
                "fit",
                "workoutoftheday",
                "quads",
                "fitness",
                "personaltrainer"
            ],
            "taken_at_timestamp": 1602898611,
            "thumbnail_resources": [
                {
                    "config_height": 150,
                    "config_width": 150,
                    "src": "https://instagram.fabe1-1.fna.fbcdn.net/v/t51.2885-15/e35/s150x150/122016915_364900621231111_1877088021134841090_n.jpg?_nc_ht=instagram.fabe1-1.fna.fbcdn.net&_nc_cat=107&_nc_ohc=uvoDHJakbFEAX-6Dchy&_nc_tp=15&oh=298a018c7a2cea0af983663636380c63&oe=5FB47DCA"
                },
                {
                    "config_height": 240,
                    "config_width": 240,
                    "src": "https://instagram.fabe1-1.fna.fbcdn.net/v/t51.2885-15/e35/s240x240/122016915_364900621231111_1877088021134841090_n.jpg?_nc_ht=instagram.fabe1-1.fna.fbcdn.net&_nc_cat=107&_nc_ohc=uvoDHJakbFEAX-6Dchy&_nc_tp=15&oh=2282520b160be891bedce03717307a17&oe=5FB557D0"
                },
                {
                    "config_height": 320,
                    "config_width": 320,
                    "src": "https://instagram.fabe1-1.fna.fbcdn.net/v/t51.2885-15/e35/s320x320/122016915_364900621231111_1877088021134841090_n.jpg?_nc_ht=instagram.fabe1-1.fna.fbcdn.net&_nc_cat=107&_nc_ohc=uvoDHJakbFEAX-6Dchy&_nc_tp=15&oh=d1027480a3221984edfc3c37d4879771&oe=5FB591B2"
                },
                {
                    "config_height": 480,
                    "config_width": 480,
                    "src": "https://instagram.fabe1-1.fna.fbcdn.net/v/t51.2885-15/e35/s480x480/122016915_364900621231111_1877088021134841090_n.jpg?_nc_ht=instagram.fabe1-1.fna.fbcdn.net&_nc_cat=107&_nc_ohc=uvoDHJakbFEAX-6Dchy&_nc_tp=15&oh=6b5081af33b86305f74ca0e28489f5ab&oe=5FB29FF7"
                },
                {
                    "config_height": 640,
                    "config_width": 640,
                    "src": "https://instagram.fabe1-1.fna.fbcdn.net/v/t51.2885-15/sh0.08/e35/s640x640/122016915_364900621231111_1877088021134841090_n.jpg?_nc_ht=instagram.fabe1-1.fna.fbcdn.net&_nc_cat=107&_nc_ohc=uvoDHJakbFEAX-6Dchy&_nc_tp=24&oh=9734b185d271cb4a78b57918d21103fc&oe=5FB26ACD"
                }
            ],
            "thumbnail_src": "https://instagram.fabe1-1.fna.fbcdn.net/v/t51.2885-15/sh0.08/e35/s640x640/122016915_364900621231111_1877088021134841090_n.jpg?_nc_ht=instagram.fabe1-1.fna.fbcdn.net&_nc_cat=107&_nc_ohc=uvoDHJakbFEAX-6Dchy&_nc_tp=24&oh=9734b185d271cb4a78b57918d21103fc&oe=5FB26ACD",
            "urls": [
                "https://instagram.fabe1-1.fna.fbcdn.net/v/t51.2885-15/e35/s1080x1080/122016915_364900621231111_1877088021134841090_n.jpg?_nc_ht=instagram.fabe1-1.fna.fbcdn.net&_nc_cat=107&_nc_ohc=uvoDHJakbFEAX-6Dchy&_nc_tp=15&oh=7cb2202394486dabfbd3d70bdf42eec4&oe=5FB22109"
            ]
        },
        {
            "comments_disabled": false,
            "dimensions": {
                "height": 240,
                "width": 320
            },
            "display_url": "https://instagram.fabe1-1.fna.fbcdn.net/v/t51.2885-15/e35/121507492_197826245222630_817493307242318732_n.jpg?_nc_ht=instagram.fabe1-1.fna.fbcdn.net&_nc_cat=102&_nc_ohc=nAOp4xwQth8AX_Oiy11&_nc_tp=18&oh=9dc4294b43f00fa2401f98d9e6f9a3df&oe=5FB44AC3",
            "edge_liked_by": {
                "count": 0
            },
            "edge_media_preview_like": {
                "count": 0
            },
            "edge_media_to_caption": {
                "edges": [
                    {
                        "node": {
                            "text": "You are beautiful 👄"
                        }
                    }
                ]
            },
            "edge_media_to_comment": {
                "count": 0
            },
            "id": "2421611413949945880",
            "is_video": false,
            "owner": {
                "id": "31355428348"
            },
            "shortcode": "CGbSsAwhJgY",
            "tags": [],
            "taken_at_timestamp": 1602898597,
            "thumbnail_resources": [
                {
                    "config_height": 150,
                    "config_width": 150,
                    "src": "https://instagram.fabe1-1.fna.fbcdn.net/v/t51.2885-15/e35/c40.0.240.240a/s150x150/121507492_197826245222630_817493307242318732_n.jpg?_nc_ht=instagram.fabe1-1.fna.fbcdn.net&_nc_cat=102&_nc_ohc=nAOp4xwQth8AX_Oiy11&tp=16&oh=6883a950417fffcbf71ab13c124152aa&oe=5FB49B57"
                },
                {
                    "config_height": 240,
                    "config_width": 240,
                    "src": "https://instagram.fabe1-1.fna.fbcdn.net/v/t51.2885-15/e35/c40.0.240.240a/121507492_197826245222630_817493307242318732_n.jpg?_nc_ht=instagram.fabe1-1.fna.fbcdn.net&_nc_cat=102&_nc_ohc=nAOp4xwQth8AX_Oiy11&oh=0146df73805c719dd3a81269137a5632&oe=5FB372A7"
                },
                {
                    "config_height": 320,
                    "config_width": 320,
                    "src": "https://instagram.fabe1-1.fna.fbcdn.net/v/t51.2885-15/e35/c40.0.240.240a/121507492_197826245222630_817493307242318732_n.jpg?_nc_ht=instagram.fabe1-1.fna.fbcdn.net&_nc_cat=102&_nc_ohc=nAOp4xwQth8AX_Oiy11&oh=0146df73805c719dd3a81269137a5632&oe=5FB372A7"
                },
                {
                    "config_height": 480,
                    "config_width": 480,
                    "src": "https://instagram.fabe1-1.fna.fbcdn.net/v/t51.2885-15/e35/c40.0.240.240a/121507492_197826245222630_817493307242318732_n.jpg?_nc_ht=instagram.fabe1-1.fna.fbcdn.net&_nc_cat=102&_nc_ohc=nAOp4xwQth8AX_Oiy11&oh=0146df73805c719dd3a81269137a5632&oe=5FB372A7"
                },
                {
                    "config_height": 640,
                    "config_width": 640,
                    "src": "https://instagram.fabe1-1.fna.fbcdn.net/v/t51.2885-15/e35/c40.0.240.240a/121507492_197826245222630_817493307242318732_n.jpg?_nc_ht=instagram.fabe1-1.fna.fbcdn.net&_nc_cat=102&_nc_ohc=nAOp4xwQth8AX_Oiy11&oh=0146df73805c719dd3a81269137a5632&oe=5FB372A7"
                }
            ],
            "thumbnail_src": "https://instagram.fabe1-1.fna.fbcdn.net/v/t51.2885-15/e35/c40.0.240.240a/121507492_197826245222630_817493307242318732_n.jpg?_nc_ht=instagram.fabe1-1.fna.fbcdn.net&_nc_cat=102&_nc_ohc=nAOp4xwQth8AX_Oiy11&oh=0146df73805c719dd3a81269137a5632&oe=5FB372A7",
            "urls": [
                "https://instagram.fabe1-1.fna.fbcdn.net/v/t51.2885-15/e35/121507492_197826245222630_817493307242318732_n.jpg?_nc_ht=instagram.fabe1-1.fna.fbcdn.net&_nc_cat=102&_nc_ohc=nAOp4xwQth8AX_Oiy11&_nc_tp=18&oh=9dc4294b43f00fa2401f98d9e6f9a3df&oe=5FB44AC3"
            ]
        }
    ]
}