{
    "GraphImages": [
        {
            "comments_disabled": false,
            "dimensions": {
                "height": 1080,
                "width": 1080
            },
            "display_url": "https://instagram.fabe1-1.fna.fbcdn.net/v/t51.2885-15/e35/121735574_659639961406163_1554409870376027869_n.jpg?_nc_ht=instagram.fabe1-1.fna.fbcdn.net&_nc_cat=111&_nc_ohc=VO-Bq6muXBcAX_yM6W4&_nc_tp=18&oh=6550f5797e550518c98050905cba40a4&oe=5FB29634",
            "edge_liked_by": {
                "count": 4
            },
            "edge_media_preview_like": {
                "count": 4
            },
            "edge_media_to_caption": {
                "edges": [
                    {
                        "node": {
                            "text": "How amazing is this space? Follow \n👉🏼@designs_and_inspirations Comment your thoughts below and tag a friend who would love it!\n.\n.\n📸 @tarakanovadesign\n.\n.\n.\n🏘ARE YOU LOOKING FOR UNIQUE LIGHTING FOR YOUR HOME OR PROJECTS? \n.\n🏡 A REALTOR looking for VIRTUAL FURNISHING for your listing?\n.\n✅Check out our website for our expanding lighting selection and 3D packages (We can customize the 3D package to suit your needs)\n.\n🏠Did you move into a new place  and need help designing your space? \n.\n📆Currently booking for virtual \n.\n🔸️E-DESIGN🔸️ services to help you design any room in your home in detail.\n.\n🏷Prices start at $299 per room. Get beautiful 2D and 3D renders to visualize your space.⠀\n.\n⏩DM to find out more and set up your consultation.⠀\n.\n.\n.\n.\n.\n.\n.\n#diningroom #chandelier #chandelierdesign #chandeliers #zgallerie #zgalleriedecor #zgalleriehome #zgalleriemoment #interior4you1 #interior123 #interior_delux #interior_design #glamdecor #glamandglits #glamdecorating #glaminterior #glaminteriors #glammovement #theglammovement #luxuryspaces #luxuryhomestyle #interior4inspo #homeinsta #glam #decors #decor #beautifulhomeinspo #beautifulhomesofinstagram"
                        }
                    }
                ]
            },
            "edge_media_to_comment": {
                "count": 0
            },
            "id": "2421383686053089513",
            "is_video": false,
            "owner": {
                "id": "224780707"
            },
            "shortcode": "CGae6IoHtDp",
            "tags": [
                "glam",
                "luxuryhomestyle",
                "interior123",
                "glaminterior",
                "interior4you1",
                "decor",
                "theglammovement",
                "beautifulhomeinspo",
                "interior4inspo",
                "chandelierdesign",
                "glaminteriors",
                "glamandglits",
                "luxuryspaces",
                "glamdecorating",
                "chandeliers",
                "zgalleriemoment",
                "diningroom",
                "glamdecor",
                "zgallerie",
                "glammovement",
                "beautifulhomesofinstagram",
                "zgalleriedecor",
                "interior_design",
                "homeinsta",
                "chandelier",
                "zgalleriehome",
                "decors",
                "interior_delux"
            ],
            "taken_at_timestamp": 1602871450,
            "thumbnail_resources": [
                {
                    "config_height": 150,
                    "config_width": 150,
                    "src": "https://instagram.fabe1-1.fna.fbcdn.net/v/t51.2885-15/e35/s150x150/121735574_659639961406163_1554409870376027869_n.jpg?_nc_ht=instagram.fabe1-1.fna.fbcdn.net&_nc_cat=111&_nc_ohc=VO-Bq6muXBcAX_yM6W4&_nc_tp=15&oh=840f916161a7228596eef4e2fed5279a&oe=5FB29A0D"
                },
                {
                    "config_height": 240,
                    "config_width": 240,
                    "src": "https://instagram.fabe1-1.fna.fbcdn.net/v/t51.2885-15/e35/s240x240/121735574_659639961406163_1554409870376027869_n.jpg?_nc_ht=instagram.fabe1-1.fna.fbcdn.net&_nc_cat=111&_nc_ohc=VO-Bq6muXBcAX_yM6W4&_nc_tp=15&oh=a7214ca3e6f78a29ef2975c4f08986fd&oe=5FB3CE8B"
                },
                {
                    "config_height": 320,
                    "config_width": 320,
                    "src": "https://instagram.fabe1-1.fna.fbcdn.net/v/t51.2885-15/e35/s320x320/121735574_659639961406163_1554409870376027869_n.jpg?_nc_ht=instagram.fabe1-1.fna.fbcdn.net&_nc_cat=111&_nc_ohc=VO-Bq6muXBcAX_yM6W4&_nc_tp=15&oh=d8a20d7350a4d95b46d728e834b102fb&oe=5FB45FF5"
                },
                {
                    "config_height": 480,
                    "config_width": 480,
                    "src": "https://instagram.fabe1-1.fna.fbcdn.net/v/t51.2885-15/e35/s480x480/121735574_659639961406163_1554409870376027869_n.jpg?_nc_ht=instagram.fabe1-1.fna.fbcdn.net&_nc_cat=111&_nc_ohc=VO-Bq6muXBcAX_yM6W4&_nc_tp=15&oh=6a7464ab6db4444d6bf4f4deafe516f5&oe=5FB2B0B4"
                },
                {
                    "config_height": 640,
                    "config_width": 640,
                    "src": "https://instagram.fabe1-1.fna.fbcdn.net/v/t51.2885-15/sh0.08/e35/s640x640/121735574_659639961406163_1554409870376027869_n.jpg?_nc_ht=instagram.fabe1-1.fna.fbcdn.net&_nc_cat=111&_nc_ohc=VO-Bq6muXBcAX_yM6W4&_nc_tp=24&oh=a9fc76ff4f598548f4e2d9d846aec08c&oe=5FB55F0A"
                }
            ],
            "thumbnail_src": "https://instagram.fabe1-1.fna.fbcdn.net/v/t51.2885-15/sh0.08/e35/s640x640/121735574_659639961406163_1554409870376027869_n.jpg?_nc_ht=instagram.fabe1-1.fna.fbcdn.net&_nc_cat=111&_nc_ohc=VO-Bq6muXBcAX_yM6W4&_nc_tp=24&oh=a9fc76ff4f598548f4e2d9d846aec08c&oe=5FB55F0A",
            "urls": [
                "https://instagram.fabe1-1.fna.fbcdn.net/v/t51.2885-15/e35/121735574_659639961406163_1554409870376027869_n.jpg?_nc_ht=instagram.fabe1-1.fna.fbcdn.net&_nc_cat=111&_nc_ohc=VO-Bq6muXBcAX_yM6W4&_nc_tp=18&oh=6550f5797e550518c98050905cba40a4&oe=5FB29634",
                "https://instagram.fabe1-1.fna.fbcdn.net/v/t51.2885-15/e35/121596780_483851545904851_7727571458534026958_n.jpg?_nc_ht=instagram.fabe1-1.fna.fbcdn.net&_nc_cat=107&_nc_ohc=dlO44xjKgSYAX_RmOnc&_nc_tp=18&oh=ed2cf9a7f5cc1aeaac42533d4eed0b50&oe=5FB5127C",
                "https://instagram.fabe1-1.fna.fbcdn.net/v/t51.2885-15/e35/121496641_381155346589319_5065416526118348482_n.jpg?_nc_ht=instagram.fabe1-1.fna.fbcdn.net&_nc_cat=111&_nc_ohc=ERdhLxCnxfYAX-XPH3I&_nc_tp=18&oh=05f3de3f8f806e20d9f6f1419a1c0b60&oe=5FB25611",
                "https://instagram.fabe1-1.fna.fbcdn.net/v/t51.2885-15/e35/121729028_342179387069500_798067834785253931_n.jpg?_nc_ht=instagram.fabe1-1.fna.fbcdn.net&_nc_cat=104&_nc_ohc=UDj9-JKqRlkAX9jGLw8&_nc_tp=18&oh=619a4dc1f04fedcb87b04dbe38293421&oe=5FB37852"
            ]
        },
        {
            "comments_disabled": false,
            "dimensions": {
                "height": 1080,
                "width": 1080
            },
            "display_url": "https://instagram.fabe1-1.fna.fbcdn.net/v/t51.2885-15/e35/121710904_444487926521056_1445291644505646070_n.jpg?_nc_ht=instagram.fabe1-1.fna.fbcdn.net&_nc_cat=104&_nc_ohc=xL_I9X16NQkAX_YbLlu&_nc_tp=18&oh=0951f68547889612b3f48e388e7c0836&oe=5FB3715C",
            "edge_liked_by": {
                "count": 0
            },
            "edge_media_preview_like": {
                "count": 0
            },
            "edge_media_to_caption": {
                "edges": [
                    {
                        "node": {
                            "text": "Great opportunity to build your dream home or make some money with a spec-house. Prime location in one of Miami Beach's most desirable islands. Estimated profit of $5MM in 30 months. ROI of 41.7%. More information, DM me."
                        }
                    }
                ]
            },
            "edge_media_to_comment": {
                "count": 1
            },
            "id": "2421383638630478751",
            "is_video": false,
            "owner": {
                "id": "22771258"
            },
            "shortcode": "CGae5cdgzOf",
            "tags": [],
            "taken_at_timestamp": 1602871446,
            "thumbnail_resources": [
                {
                    "config_height": 150,
                    "config_width": 150,
                    "src": "https://instagram.fabe1-1.fna.fbcdn.net/v/t51.2885-15/e35/s150x150/121710904_444487926521056_1445291644505646070_n.jpg?_nc_ht=instagram.fabe1-1.fna.fbcdn.net&_nc_cat=104&_nc_ohc=xL_I9X16NQkAX_YbLlu&_nc_tp=15&oh=5208a5154d0621554d6c14e3bb001412&oe=5FB48D65"
                },
                {
                    "config_height": 240,
                    "config_width": 240,
                    "src": "https://instagram.fabe1-1.fna.fbcdn.net/v/t51.2885-15/e35/s240x240/121710904_444487926521056_1445291644505646070_n.jpg?_nc_ht=instagram.fabe1-1.fna.fbcdn.net&_nc_cat=104&_nc_ohc=xL_I9X16NQkAX_YbLlu&_nc_tp=15&oh=b47ff088ea41f7b4003d5e1094ddc4e9&oe=5FB450E3"
                },
                {
                    "config_height": 320,
                    "config_width": 320,
                    "src": "https://instagram.fabe1-1.fna.fbcdn.net/v/t51.2885-15/e35/s320x320/121710904_444487926521056_1445291644505646070_n.jpg?_nc_ht=instagram.fabe1-1.fna.fbcdn.net&_nc_cat=104&_nc_ohc=xL_I9X16NQkAX_YbLlu&_nc_tp=15&oh=6385bf509bdf6685dd9b13f8494e07b7&oe=5FB1FF9D"
                },
                {
                    "config_height": 480,
                    "config_width": 480,
                    "src": "https://instagram.fabe1-1.fna.fbcdn.net/v/t51.2885-15/e35/s480x480/121710904_444487926521056_1445291644505646070_n.jpg?_nc_ht=instagram.fabe1-1.fna.fbcdn.net&_nc_cat=104&_nc_ohc=xL_I9X16NQkAX_YbLlu&_nc_tp=15&oh=5e5a1e9b4d64b4809858e4f0ee22f9ac&oe=5FB20CDC"
                },
                {
                    "config_height": 640,
                    "config_width": 640,
                    "src": "https://instagram.fabe1-1.fna.fbcdn.net/v/t51.2885-15/sh0.08/e35/s640x640/121710904_444487926521056_1445291644505646070_n.jpg?_nc_ht=instagram.fabe1-1.fna.fbcdn.net&_nc_cat=104&_nc_ohc=xL_I9X16NQkAX_YbLlu&_nc_tp=24&oh=459330ee9e9ab9e5250066f93c4ff61e&oe=5FB48562"
                }
            ],
            "thumbnail_src": "https://instagram.fabe1-1.fna.fbcdn.net/v/t51.2885-15/sh0.08/e35/s640x640/121710904_444487926521056_1445291644505646070_n.jpg?_nc_ht=instagram.fabe1-1.fna.fbcdn.net&_nc_cat=104&_nc_ohc=xL_I9X16NQkAX_YbLlu&_nc_tp=24&oh=459330ee9e9ab9e5250066f93c4ff61e&oe=5FB48562",
            "urls": [
                "https://instagram.fabe1-1.fna.fbcdn.net/v/t51.2885-15/e35/121710904_444487926521056_1445291644505646070_n.jpg?_nc_ht=instagram.fabe1-1.fna.fbcdn.net&_nc_cat=104&_nc_ohc=xL_I9X16NQkAX_YbLlu&_nc_tp=18&oh=0951f68547889612b3f48e388e7c0836&oe=5FB3715C"
            ]
        },
        {
            "comments_disabled": false,
            "dimensions": {
                "height": 1350,
                "width": 1080
            },
            "display_url": "https://instagram.fabe1-1.fna.fbcdn.net/v/t51.2885-15/e35/p1080x1080/121587285_789263151806575_1112847052900429729_n.jpg?_nc_ht=instagram.fabe1-1.fna.fbcdn.net&_nc_cat=107&_nc_ohc=QxVdci4-JjYAX-QTRA6&tp=19&oh=cd9282279b598e245c14e59da53b9f8f&oe=5FB3252E",
            "edge_liked_by": {
                "count": 1
            },
            "edge_media_preview_like": {
                "count": 1
            },
            "edge_media_to_caption": {
                "edges": [
                    {
                        "node": {
                            "text": "She a Casper to me, I need glasses to see 👻💋💜👀"
                        }
                    }
                ]
            },
            "edge_media_to_comment": {
                "count": 1
            },
            "id": "2421383454864228991",
            "is_video": false,
            "owner": {
                "id": "55739617"
            },
            "shortcode": "CGae2xUMMJ_",
            "tags": [],
            "taken_at_timestamp": 1602871423,
            "thumbnail_resources": [
                {
                    "config_height": 150,
                    "config_width": 150,
                    "src": "https://instagram.fabe1-1.fna.fbcdn.net/v/t51.2885-15/e35/c0.180.1440.1440a/s150x150/121587285_789263151806575_1112847052900429729_n.jpg?_nc_ht=instagram.fabe1-1.fna.fbcdn.net&_nc_cat=107&_nc_ohc=QxVdci4-JjYAX-QTRA6&tp=16&oh=5f4c18541486a42b0f650f0380605473&oe=5FB28C3A"
                },
                {
                    "config_height": 240,
                    "config_width": 240,
                    "src": "https://instagram.fabe1-1.fna.fbcdn.net/v/t51.2885-15/e35/c0.180.1440.1440a/s240x240/121587285_789263151806575_1112847052900429729_n.jpg?_nc_ht=instagram.fabe1-1.fna.fbcdn.net&_nc_cat=107&_nc_ohc=QxVdci4-JjYAX-QTRA6&tp=16&oh=4a89f03d055f1ccbd7f2042f024817ec&oe=5FB191C0"
                },
                {
                    "config_height": 320,
                    "config_width": 320,
                    "src": "https://instagram.fabe1-1.fna.fbcdn.net/v/t51.2885-15/e35/c0.180.1440.1440a/s320x320/121587285_789263151806575_1112847052900429729_n.jpg?_nc_ht=instagram.fabe1-1.fna.fbcdn.net&_nc_cat=107&_nc_ohc=QxVdci4-JjYAX-QTRA6&tp=16&oh=60825f3acba4af43932f4af077d6e320&oe=5FB1E442"
                },
                {
                    "config_height": 480,
                    "config_width": 480,
                    "src": "https://instagram.fabe1-1.fna.fbcdn.net/v/t51.2885-15/e35/c0.180.1440.1440a/s480x480/121587285_789263151806575_1112847052900429729_n.jpg?_nc_ht=instagram.fabe1-1.fna.fbcdn.net&_nc_cat=107&_nc_ohc=QxVdci4-JjYAX-QTRA6&tp=16&oh=8cdf9c85d8f04ba36f720abf68cd7872&oe=5FB50C87"
                },
                {
                    "config_height": 640,
                    "config_width": 640,
                    "src": "https://instagram.fabe1-1.fna.fbcdn.net/v/t51.2885-15/sh0.08/e35/c0.180.1440.1440a/s640x640/121587285_789263151806575_1112847052900429729_n.jpg?_nc_ht=instagram.fabe1-1.fna.fbcdn.net&_nc_cat=107&_nc_ohc=QxVdci4-JjYAX-QTRA6&oh=541f11e7ceebcfc679940dde51542ab1&oe=5FB37D0A"
                }
            ],
            "thumbnail_src": "https://instagram.fabe1-1.fna.fbcdn.net/v/t51.2885-15/sh0.08/e35/c0.180.1440.1440a/s640x640/121587285_789263151806575_1112847052900429729_n.jpg?_nc_ht=instagram.fabe1-1.fna.fbcdn.net&_nc_cat=107&_nc_ohc=QxVdci4-JjYAX-QTRA6&oh=541f11e7ceebcfc679940dde51542ab1&oe=5FB37D0A",
            "urls": [
                "https://instagram.fabe1-1.fna.fbcdn.net/v/t51.2885-15/e35/p1080x1080/121587285_789263151806575_1112847052900429729_n.jpg?_nc_ht=instagram.fabe1-1.fna.fbcdn.net&_nc_cat=107&_nc_ohc=QxVdci4-JjYAX-QTRA6&tp=19&oh=cd9282279b598e245c14e59da53b9f8f&oe=5FB3252E"
            ]
        }
    ]
}