{
    "GraphImages": [
        {
            "comments_disabled": false,
            "dimensions": {
                "height": 1197,
                "width": 1080
            },
            "display_url": "https://instagram.fabe1-1.fna.fbcdn.net/v/t51.2885-15/e35/121807684_2457803461180051_412959514775556695_n.jpg?_nc_ht=instagram.fabe1-1.fna.fbcdn.net&_nc_cat=107&_nc_ohc=yoW5rT-FYSkAX-af0E5&_nc_tp=18&oh=4fe6d255fed8889426ab0cbf861261d5&oe=5FB2255D",
            "edge_liked_by": {
                "count": 1
            },
            "edge_media_preview_like": {
                "count": 1
            },
            "edge_media_to_caption": {
                "edges": [
                    {
                        "node": {
                            "text": "The works from @growhealthymedicalmarijuana ! Awesome products.\n.\n.\n.\n.\n#florida #floridalife #cannabiscommunity #cannabis #cannabisculture #cannabiscures #cannabissociety #cannabisphotography #weed #weedporn #weedlife #weedmemes #weedgirls #weedsociety #weedstagram420 #marijuana"
                        }
                    }
                ]
            },
            "edge_media_to_comment": {
                "count": 0
            },
            "id": "2421376893041041567",
            "is_video": false,
            "owner": {
                "id": "43642563409"
            },
            "shortcode": "CGadXSJDOCf",
            "tags": [
                "weedporn",
                "cannabis",
                "weedlife",
                "florida",
                "weedstagram420",
                "floridalife",
                "cannabiscommunity",
                "cannabissociety",
                "cannabisphotography",
                "weedmemes",
                "weedgirls",
                "cannabiscures",
                "weedsociety",
                "weed",
                "marijuana",
                "cannabisculture"
            ],
            "taken_at_timestamp": 1602870640,
            "thumbnail_resources": [
                {
                    "config_height": 150,
                    "config_width": 150,
                    "src": "https://instagram.fabe1-1.fna.fbcdn.net/v/t51.2885-15/e35/c0.43.798.798a/s150x150/121807684_2457803461180051_412959514775556695_n.jpg?_nc_ht=instagram.fabe1-1.fna.fbcdn.net&_nc_cat=107&_nc_ohc=yoW5rT-FYSkAX-af0E5&tp=16&oh=0d6635be4fa73c84a62cdb117a2e2837&oe=5FB37E5E"
                },
                {
                    "config_height": 240,
                    "config_width": 240,
                    "src": "https://instagram.fabe1-1.fna.fbcdn.net/v/t51.2885-15/e35/c0.43.798.798a/s240x240/121807684_2457803461180051_412959514775556695_n.jpg?_nc_ht=instagram.fabe1-1.fna.fbcdn.net&_nc_cat=107&_nc_ohc=yoW5rT-FYSkAX-af0E5&tp=16&oh=140c33e6843482ff9f59ce406a0df40f&oe=5FB3D6DC"
                },
                {
                    "config_height": 320,
                    "config_width": 320,
                    "src": "https://instagram.fabe1-1.fna.fbcdn.net/v/t51.2885-15/e35/c0.43.798.798a/s320x320/121807684_2457803461180051_412959514775556695_n.jpg?_nc_ht=instagram.fabe1-1.fna.fbcdn.net&_nc_cat=107&_nc_ohc=yoW5rT-FYSkAX-af0E5&tp=16&oh=ff1da9bdca0a6d05380db65e64616843&oe=5FB37A26"
                },
                {
                    "config_height": 480,
                    "config_width": 480,
                    "src": "https://instagram.fabe1-1.fna.fbcdn.net/v/t51.2885-15/e35/c0.43.798.798a/s480x480/121807684_2457803461180051_412959514775556695_n.jpg?_nc_ht=instagram.fabe1-1.fna.fbcdn.net&_nc_cat=107&_nc_ohc=yoW5rT-FYSkAX-af0E5&tp=16&oh=d003e5a0ebd702e8a4827c125309a8c2&oe=5FB185E3"
                },
                {
                    "config_height": 640,
                    "config_width": 640,
                    "src": "https://instagram.fabe1-1.fna.fbcdn.net/v/t51.2885-15/sh0.08/e35/c0.43.798.798a/s640x640/121807684_2457803461180051_412959514775556695_n.jpg?_nc_ht=instagram.fabe1-1.fna.fbcdn.net&_nc_cat=107&_nc_ohc=yoW5rT-FYSkAX-af0E5&oh=2863c4062412b20c0627ae9584d7f9f9&oe=5FB3106A"
                }
            ],
            "thumbnail_src": "https://instagram.fabe1-1.fna.fbcdn.net/v/t51.2885-15/sh0.08/e35/c0.43.798.798a/s640x640/121807684_2457803461180051_412959514775556695_n.jpg?_nc_ht=instagram.fabe1-1.fna.fbcdn.net&_nc_cat=107&_nc_ohc=yoW5rT-FYSkAX-af0E5&oh=2863c4062412b20c0627ae9584d7f9f9&oe=5FB3106A",
            "urls": [
                "https://instagram.fabe1-1.fna.fbcdn.net/v/t51.2885-15/e35/121807684_2457803461180051_412959514775556695_n.jpg?_nc_ht=instagram.fabe1-1.fna.fbcdn.net&_nc_cat=107&_nc_ohc=yoW5rT-FYSkAX-af0E5&_nc_tp=18&oh=4fe6d255fed8889426ab0cbf861261d5&oe=5FB2255D"
            ]
        },
        {
            "comments_disabled": false,
            "dimensions": {
                "height": 1080,
                "width": 1080
            },
            "display_url": "https://instagram.fabe1-1.fna.fbcdn.net/v/t51.2885-15/e35/s1080x1080/121659300_215524310085487_7168272678397658263_n.jpg?_nc_ht=instagram.fabe1-1.fna.fbcdn.net&_nc_cat=107&_nc_ohc=QUxvbo1s8JsAX-n323Q&_nc_tp=15&oh=9a62d7f5fbc3a02d32f3150f64442001&oe=5FB1929B",
            "edge_liked_by": {
                "count": 0
            },
            "edge_media_preview_like": {
                "count": 0
            },
            "edge_media_to_caption": {
                "edges": [
                    {
                        "node": {
                            "text": "Penthouse Views... I’m the worst at taking photos sometimes but I’m working on it 😆 Loved viewing with these units with these clients. Today’s visit will consist of virtual tours and footage for my clients #relocation from New York City to Miami! \n\nAmber Morgan\n📱Contact me for your needs!!"
                        }
                    }
                ]
            },
            "edge_media_to_comment": {
                "count": 0
            },
            "id": "2421376858840020146",
            "is_video": false,
            "owner": {
                "id": "5966643878"
            },
            "shortcode": "CGadWySgrSy",
            "tags": [
                "relocation"
            ],
            "taken_at_timestamp": 1602870636,
            "thumbnail_resources": [
                {
                    "config_height": 150,
                    "config_width": 150,
                    "src": "https://instagram.fabe1-1.fna.fbcdn.net/v/t51.2885-15/e35/s150x150/121659300_215524310085487_7168272678397658263_n.jpg?_nc_ht=instagram.fabe1-1.fna.fbcdn.net&_nc_cat=107&_nc_ohc=QUxvbo1s8JsAX-n323Q&_nc_tp=15&oh=6c33d9bf6de140cde14dbf3c74e6f075&oe=5FB2D25C"
                },
                {
                    "config_height": 240,
                    "config_width": 240,
                    "src": "https://instagram.fabe1-1.fna.fbcdn.net/v/t51.2885-15/e35/s240x240/121659300_215524310085487_7168272678397658263_n.jpg?_nc_ht=instagram.fabe1-1.fna.fbcdn.net&_nc_cat=107&_nc_ohc=QUxvbo1s8JsAX-n323Q&_nc_tp=15&oh=1dc754d78c04738c117d8979b85f97d7&oe=5FB3AD5E"
                },
                {
                    "config_height": 320,
                    "config_width": 320,
                    "src": "https://instagram.fabe1-1.fna.fbcdn.net/v/t51.2885-15/e35/s320x320/121659300_215524310085487_7168272678397658263_n.jpg?_nc_ht=instagram.fabe1-1.fna.fbcdn.net&_nc_cat=107&_nc_ohc=QUxvbo1s8JsAX-n323Q&_nc_tp=15&oh=ae3c83b802336bbdfe8af99936ee8f78&oe=5FB4F224"
                },
                {
                    "config_height": 480,
                    "config_width": 480,
                    "src": "https://instagram.fabe1-1.fna.fbcdn.net/v/t51.2885-15/e35/s480x480/121659300_215524310085487_7168272678397658263_n.jpg?_nc_ht=instagram.fabe1-1.fna.fbcdn.net&_nc_cat=107&_nc_ohc=QUxvbo1s8JsAX-n323Q&_nc_tp=15&oh=4738e45dbf712b8a7c9828acbc34488c&oe=5FB4FDE5"
                },
                {
                    "config_height": 640,
                    "config_width": 640,
                    "src": "https://instagram.fabe1-1.fna.fbcdn.net/v/t51.2885-15/sh0.08/e35/s640x640/121659300_215524310085487_7168272678397658263_n.jpg?_nc_ht=instagram.fabe1-1.fna.fbcdn.net&_nc_cat=107&_nc_ohc=QUxvbo1s8JsAX-n323Q&_nc_tp=24&oh=bf22ac321c2f86edfa6589d1166485a6&oe=5FB1A3DF"
                }
            ],
            "thumbnail_src": "https://instagram.fabe1-1.fna.fbcdn.net/v/t51.2885-15/sh0.08/e35/s640x640/121659300_215524310085487_7168272678397658263_n.jpg?_nc_ht=instagram.fabe1-1.fna.fbcdn.net&_nc_cat=107&_nc_ohc=QUxvbo1s8JsAX-n323Q&_nc_tp=24&oh=bf22ac321c2f86edfa6589d1166485a6&oe=5FB1A3DF",
            "urls": [
                "https://instagram.fabe1-1.fna.fbcdn.net/v/t51.2885-15/e35/s1080x1080/121659300_215524310085487_7168272678397658263_n.jpg?_nc_ht=instagram.fabe1-1.fna.fbcdn.net&_nc_cat=107&_nc_ohc=QUxvbo1s8JsAX-n323Q&_nc_tp=15&oh=9a62d7f5fbc3a02d32f3150f64442001&oe=5FB1929B"
            ]
        },
        {
            "comments_disabled": false,
            "dimensions": {
                "height": 1080,
                "width": 1080
            },
            "display_url": "https://instagram.fabe1-1.fna.fbcdn.net/v/t51.2885-15/e35/121493895_183081913346615_6934377163102064342_n.jpg?_nc_ht=instagram.fabe1-1.fna.fbcdn.net&_nc_cat=111&_nc_ohc=oXcoBQKKUnYAX9NUO-c&_nc_tp=18&oh=a1c696d6fac2eb8d4735dcd5b8bc8902&oe=5FB2DDB5",
            "edge_liked_by": {
                "count": 0
            },
            "edge_media_preview_like": {
                "count": 0
            },
            "edge_media_to_caption": {
                "edges": [
                    {
                        "node": {
                            "text": "🚨MARK YOUR CALENDAR🚨\n\nWillards Closet officially opens Friday, October 23.\n\nPreviews of our unique pieces will be shown in the coming up post. \n\nWe know you’re as excited as we are! \n\nPlease DM if you have any questions, suggestions, or a clothing request. \n\nLet the countdown begin!"
                        }
                    }
                ]
            },
            "edge_media_to_comment": {
                "count": 0
            },
            "id": "2421376736342996167",
            "is_video": false,
            "owner": {
                "id": "41602446730"
            },
            "shortcode": "CGadVANHnTH",
            "tags": [],
            "taken_at_timestamp": 1602870622,
            "thumbnail_resources": [
                {
                    "config_height": 150,
                    "config_width": 150,
                    "src": "https://instagram.fabe1-1.fna.fbcdn.net/v/t51.2885-15/e35/s150x150/121493895_183081913346615_6934377163102064342_n.jpg?_nc_ht=instagram.fabe1-1.fna.fbcdn.net&_nc_cat=111&_nc_ohc=oXcoBQKKUnYAX9NUO-c&_nc_tp=15&oh=6c34d5a9dd30b93f3cfcf4b2674ec87f&oe=5FB4F58C"
                },
                {
                    "config_height": 240,
                    "config_width": 240,
                    "src": "https://instagram.fabe1-1.fna.fbcdn.net/v/t51.2885-15/e35/s240x240/121493895_183081913346615_6934377163102064342_n.jpg?_nc_ht=instagram.fabe1-1.fna.fbcdn.net&_nc_cat=111&_nc_ohc=oXcoBQKKUnYAX9NUO-c&_nc_tp=15&oh=282b41b1282ec5de96ef88838627530b&oe=5FB5558E"
                },
                {
                    "config_height": 320,
                    "config_width": 320,
                    "src": "https://instagram.fabe1-1.fna.fbcdn.net/v/t51.2885-15/e35/s320x320/121493895_183081913346615_6934377163102064342_n.jpg?_nc_ht=instagram.fabe1-1.fna.fbcdn.net&_nc_cat=111&_nc_ohc=oXcoBQKKUnYAX9NUO-c&_nc_tp=15&oh=ded7b361e1eed9f7ab30dbba34dc6d94&oe=5FB2A574"
                },
                {
                    "config_height": 480,
                    "config_width": 480,
                    "src": "https://instagram.fabe1-1.fna.fbcdn.net/v/t51.2885-15/e35/s480x480/121493895_183081913346615_6934377163102064342_n.jpg?_nc_ht=instagram.fabe1-1.fna.fbcdn.net&_nc_cat=111&_nc_ohc=oXcoBQKKUnYAX9NUO-c&_nc_tp=15&oh=3a19db772d68469c49dd3603301b5d53&oe=5FB1BBB5"
                },
                {
                    "config_height": 640,
                    "config_width": 640,
                    "src": "https://instagram.fabe1-1.fna.fbcdn.net/v/t51.2885-15/sh0.08/e35/s640x640/121493895_183081913346615_6934377163102064342_n.jpg?_nc_ht=instagram.fabe1-1.fna.fbcdn.net&_nc_cat=111&_nc_ohc=oXcoBQKKUnYAX9NUO-c&_nc_tp=24&oh=c814f0e14e2daf9e031e5ef175f2d363&oe=5FB1FC8F"
                }
            ],
            "thumbnail_src": "https://instagram.fabe1-1.fna.fbcdn.net/v/t51.2885-15/sh0.08/e35/s640x640/121493895_183081913346615_6934377163102064342_n.jpg?_nc_ht=instagram.fabe1-1.fna.fbcdn.net&_nc_cat=111&_nc_ohc=oXcoBQKKUnYAX9NUO-c&_nc_tp=24&oh=c814f0e14e2daf9e031e5ef175f2d363&oe=5FB1FC8F",
            "urls": [
                "https://instagram.fabe1-1.fna.fbcdn.net/v/t51.2885-15/e35/121493895_183081913346615_6934377163102064342_n.jpg?_nc_ht=instagram.fabe1-1.fna.fbcdn.net&_nc_cat=111&_nc_ohc=oXcoBQKKUnYAX9NUO-c&_nc_tp=18&oh=a1c696d6fac2eb8d4735dcd5b8bc8902&oe=5FB2DDB5"
            ]
        },
        {
            "comments_disabled": false,
            "dimensions": {
                "height": 603,
                "width": 1080
            },
            "display_url": "https://instagram.fabe1-1.fna.fbcdn.net/v/t51.2885-15/e35/s1080x1080/121518075_173728367670449_3179328999630747176_n.jpg?_nc_ht=instagram.fabe1-1.fna.fbcdn.net&_nc_cat=105&_nc_ohc=9jqZfRJ6ZXEAX_GOZ2p&_nc_tp=15&oh=404bcc98b95614c5bb487afb06c62cc0&oe=5FB275AE",
            "edge_liked_by": {
                "count": 5
            },
            "edge_media_preview_like": {
                "count": 5
            },
            "edge_media_to_caption": {
                "edges": [
                    {
                        "node": {
                            "text": "Focus on what you could control. \nLet it all work out 🤍🕊"
                        }
                    }
                ]
            },
            "edge_media_to_comment": {
                "count": 1
            },
            "id": "2421376319597463572",
            "is_video": false,
            "owner": {
                "id": "28365383450"
            },
            "shortcode": "CGadO8FJkgU",
            "tags": [],
            "taken_at_timestamp": 1602870572,
            "thumbnail_resources": [
                {
                    "config_height": 150,
                    "config_width": 150,
                    "src": "https://instagram.fabe1-1.fna.fbcdn.net/v/t51.2885-15/e35/c317.0.805.805a/s150x150/121518075_173728367670449_3179328999630747176_n.jpg?_nc_ht=instagram.fabe1-1.fna.fbcdn.net&_nc_cat=105&_nc_ohc=9jqZfRJ6ZXEAX_GOZ2p&tp=16&oh=d9bb1fd97a6248362274c6f44a7af06e&oe=5FB53177"
                },
                {
                    "config_height": 240,
                    "config_width": 240,
                    "src": "https://instagram.fabe1-1.fna.fbcdn.net/v/t51.2885-15/e35/c317.0.805.805a/s240x240/121518075_173728367670449_3179328999630747176_n.jpg?_nc_ht=instagram.fabe1-1.fna.fbcdn.net&_nc_cat=105&_nc_ohc=9jqZfRJ6ZXEAX_GOZ2p&tp=16&oh=58642112cd5538cbee8a2ac2ab66a574&oe=5FB2E1F1"
                },
                {
                    "config_height": 320,
                    "config_width": 320,
                    "src": "https://instagram.fabe1-1.fna.fbcdn.net/v/t51.2885-15/e35/c317.0.805.805a/s320x320/121518075_173728367670449_3179328999630747176_n.jpg?_nc_ht=instagram.fabe1-1.fna.fbcdn.net&_nc_cat=105&_nc_ohc=9jqZfRJ6ZXEAX_GOZ2p&tp=16&oh=6c0e786406c7c6bf35e01314567921de&oe=5FB5348F"
                },
                {
                    "config_height": 480,
                    "config_width": 480,
                    "src": "https://instagram.fabe1-1.fna.fbcdn.net/v/t51.2885-15/e35/c317.0.805.805a/s480x480/121518075_173728367670449_3179328999630747176_n.jpg?_nc_ht=instagram.fabe1-1.fna.fbcdn.net&_nc_cat=105&_nc_ohc=9jqZfRJ6ZXEAX_GOZ2p&tp=16&oh=c518191ce343e3b1a5bc26f5d8a68c89&oe=5FB4F2CA"
                },
                {
                    "config_height": 640,
                    "config_width": 640,
                    "src": "https://instagram.fabe1-1.fna.fbcdn.net/v/t51.2885-15/sh0.08/e35/c317.0.805.805a/s640x640/121518075_173728367670449_3179328999630747176_n.jpg?_nc_ht=instagram.fabe1-1.fna.fbcdn.net&_nc_cat=105&_nc_ohc=9jqZfRJ6ZXEAX_GOZ2p&oh=52a2533ef428717f3f6c5e13450dd164&oe=5FB1D4B2"
                }
            ],
            "thumbnail_src": "https://instagram.fabe1-1.fna.fbcdn.net/v/t51.2885-15/sh0.08/e35/c317.0.805.805a/s640x640/121518075_173728367670449_3179328999630747176_n.jpg?_nc_ht=instagram.fabe1-1.fna.fbcdn.net&_nc_cat=105&_nc_ohc=9jqZfRJ6ZXEAX_GOZ2p&oh=52a2533ef428717f3f6c5e13450dd164&oe=5FB1D4B2",
            "urls": [
                "https://instagram.fabe1-1.fna.fbcdn.net/v/t51.2885-15/e35/s1080x1080/121518075_173728367670449_3179328999630747176_n.jpg?_nc_ht=instagram.fabe1-1.fna.fbcdn.net&_nc_cat=105&_nc_ohc=9jqZfRJ6ZXEAX_GOZ2p&_nc_tp=15&oh=404bcc98b95614c5bb487afb06c62cc0&oe=5FB275AE"
            ]
        }
    ]
}