{
    "GraphImages": [
        {
            "comments_disabled": false,
            "dimensions": {
                "height": 1080,
                "width": 1080
            },
            "display_url": "https://instagram.fabe1-1.fna.fbcdn.net/v/t51.2885-15/e35/121613211_196475588587105_5537839528503197155_n.jpg?_nc_ht=instagram.fabe1-1.fna.fbcdn.net&_nc_cat=101&_nc_ohc=T0OlN8d5VKwAX-yC9j_&_nc_tp=18&oh=a8fdffe23030303c798599dc116fcf07&oe=5FB529A4",
            "edge_liked_by": {
                "count": 0
            },
            "edge_media_preview_like": {
                "count": 0
            },
            "edge_media_to_caption": {
                "edges": [
                    {
                        "node": {
                            "text": "❗️ATENCIÓN❗️⁣\n¿Quieres tener muchos seguidores en tus redes sociales? ¿Quieres ser conocido ante miles de personas?⁣\n⁣\nEn @Tehacemosconocido lo hace por ti!! Están buscando a 100 personas para incrementarle sus seguidores y conectarlos con cientos de marcas para que TU seas su imagen! Para participar sólo tienes que:⁣\n⁣\n1-Seguir a @tehacemosconocido⁣\n⁣\n2-Seguir a todas las cuentas que sigue @tehacemosconocido (muy importante)⁣\n⁣\nTendrá muchos beneficios como:⁣\n⁣\naumento de seguidores, asesorías digitales, capacitación de cómo crear contenido, entre muchos beneficios más!!⁣\n⁣\n⁣\n⁣\n⁣\n⁣\n#GastronomiaVenezolana #Gastronomia #Comida #ComidaVenezolana #PlatoVenezolano #Venezuela #SaboresVenezolanos #SaboresDeMiTierra #Pueblo #MiTierra #Autoctono #Gastronomico #Creativo #Creatividad #Recetas #Cocina #CocinaVenezolana #Food #Anzoategui #Antojos #Caracas"
                        }
                    }
                ]
            },
            "edge_media_to_comment": {
                "count": 0
            },
            "id": "2421480301793829650",
            "is_video": false,
            "owner": {
                "id": "9055965862"
            },
            "shortcode": "CGa04FDBuMS",
            "tags": [
                "Antojos",
                "Gastronomico",
                "Gastronomia",
                "Anzoategui",
                "CocinaVenezolana",
                "Pueblo",
                "Recetas",
                "PlatoVenezolano",
                "Food",
                "Comida",
                "SaboresVenezolanos",
                "Venezuela",
                "Caracas",
                "GastronomiaVenezolana",
                "Autoctono",
                "Creatividad",
                "Creativo",
                "Cocina",
                "ComidaVenezolana",
                "MiTierra",
                "SaboresDeMiTierra"
            ],
            "taken_at_timestamp": 1602882968,
            "thumbnail_resources": [
                {
                    "config_height": 150,
                    "config_width": 150,
                    "src": "https://instagram.fabe1-1.fna.fbcdn.net/v/t51.2885-15/e35/s150x150/121613211_196475588587105_5537839528503197155_n.jpg?_nc_ht=instagram.fabe1-1.fna.fbcdn.net&_nc_cat=101&_nc_ohc=T0OlN8d5VKwAX-yC9j_&_nc_tp=15&oh=e928c1914a2a19fd4639460c2b496a5c&oe=5FB1DF1D"
                },
                {
                    "config_height": 240,
                    "config_width": 240,
                    "src": "https://instagram.fabe1-1.fna.fbcdn.net/v/t51.2885-15/e35/s240x240/121613211_196475588587105_5537839528503197155_n.jpg?_nc_ht=instagram.fabe1-1.fna.fbcdn.net&_nc_cat=101&_nc_ohc=T0OlN8d5VKwAX-yC9j_&_nc_tp=15&oh=d53949c88891ae8a3f17a3bf477d65eb&oe=5FB5189B"
                },
                {
                    "config_height": 320,
                    "config_width": 320,
                    "src": "https://instagram.fabe1-1.fna.fbcdn.net/v/t51.2885-15/e35/s320x320/121613211_196475588587105_5537839528503197155_n.jpg?_nc_ht=instagram.fabe1-1.fna.fbcdn.net&_nc_cat=101&_nc_ohc=T0OlN8d5VKwAX-yC9j_&_nc_tp=15&oh=82edb817f81be64dc3ffefc1a68ee5d9&oe=5FB219E5"
                },
                {
                    "config_height": 480,
                    "config_width": 480,
                    "src": "https://instagram.fabe1-1.fna.fbcdn.net/v/t51.2885-15/e35/s480x480/121613211_196475588587105_5537839528503197155_n.jpg?_nc_ht=instagram.fabe1-1.fna.fbcdn.net&_nc_cat=101&_nc_ohc=T0OlN8d5VKwAX-yC9j_&_nc_tp=15&oh=0d7a07b223919d73f2345ba21994e514&oe=5FB41424"
                },
                {
                    "config_height": 640,
                    "config_width": 640,
                    "src": "https://instagram.fabe1-1.fna.fbcdn.net/v/t51.2885-15/sh0.08/e35/s640x640/121613211_196475588587105_5537839528503197155_n.jpg?_nc_ht=instagram.fabe1-1.fna.fbcdn.net&_nc_cat=101&_nc_ohc=T0OlN8d5VKwAX-yC9j_&_nc_tp=24&oh=6bd92bb7945f717d63b965df91b8cb5a&oe=5FB3929A"
                }
            ],
            "thumbnail_src": "https://instagram.fabe1-1.fna.fbcdn.net/v/t51.2885-15/sh0.08/e35/s640x640/121613211_196475588587105_5537839528503197155_n.jpg?_nc_ht=instagram.fabe1-1.fna.fbcdn.net&_nc_cat=101&_nc_ohc=T0OlN8d5VKwAX-yC9j_&_nc_tp=24&oh=6bd92bb7945f717d63b965df91b8cb5a&oe=5FB3929A",
            "urls": [
                "https://instagram.fabe1-1.fna.fbcdn.net/v/t51.2885-15/e35/121613211_196475588587105_5537839528503197155_n.jpg?_nc_ht=instagram.fabe1-1.fna.fbcdn.net&_nc_cat=101&_nc_ohc=T0OlN8d5VKwAX-yC9j_&_nc_tp=18&oh=a8fdffe23030303c798599dc116fcf07&oe=5FB529A4",
                "https://instagram.fabe1-1.fna.fbcdn.net/v/t51.2885-15/e35/121654671_1918207238321839_1967040822131919548_n.jpg?_nc_ht=instagram.fabe1-1.fna.fbcdn.net&_nc_cat=107&_nc_ohc=Lfw0pyd6k2YAX_qc78A&_nc_tp=18&oh=d5013a6ea9112f18485ed0809edc0c22&oe=5FB3C676",
                "https://instagram.fabe1-1.fna.fbcdn.net/v/t51.2885-15/e35/121604894_143857734119124_5405756389986689920_n.jpg?_nc_ht=instagram.fabe1-1.fna.fbcdn.net&_nc_cat=100&_nc_ohc=oErm_CyUw5kAX9qpdZl&_nc_tp=18&oh=e61e6be2a3a329dde831f90d961e74dd&oe=5FB2434B",
                "https://instagram.fabe1-1.fna.fbcdn.net/v/t51.2885-15/e35/121581264_164336472014690_8449963562133767743_n.jpg?_nc_ht=instagram.fabe1-1.fna.fbcdn.net&_nc_cat=102&_nc_ohc=tVMxx0KLHMIAX_oY1QY&_nc_tp=18&oh=2a6cad4dd095506f71b552ff06709b03&oe=5FB3D226",
                "https://instagram.fabe1-1.fna.fbcdn.net/v/t51.2885-15/e35/121636469_128059438753875_5542905776193199916_n.jpg?_nc_ht=instagram.fabe1-1.fna.fbcdn.net&_nc_cat=103&_nc_ohc=yzxQPVPhB1cAX-xPNff&_nc_tp=18&oh=62c3779ac3fbd172728f17a8f11070e1&oe=5FB1BAA7",
                "https://instagram.fabe1-1.fna.fbcdn.net/v/t51.2885-15/e35/121584928_350953506327764_6348474129451503366_n.jpg?_nc_ht=instagram.fabe1-1.fna.fbcdn.net&_nc_cat=108&_nc_ohc=rCDdp0gSQQMAX_My2Q1&_nc_tp=18&oh=cbeb39c2f386d0cdd2fbd05d4cd47f58&oe=5FB29E0B",
                "https://instagram.fabe1-1.fna.fbcdn.net/v/t51.2885-15/e35/121485946_159760418917220_8595457083554327880_n.jpg?_nc_ht=instagram.fabe1-1.fna.fbcdn.net&_nc_cat=108&_nc_ohc=mlcAa11Uz20AX8bAZw4&_nc_tp=18&oh=41bfef29c05c7205d838a2fbabee3c2b&oe=5FB4B1F2",
                "https://instagram.fabe1-1.fna.fbcdn.net/v/t51.2885-15/e35/121502291_181782706834042_2788985986020126849_n.jpg?_nc_ht=instagram.fabe1-1.fna.fbcdn.net&_nc_cat=110&_nc_ohc=SlxGVm0UtdQAX9CwGbs&_nc_tp=18&oh=aaece07acbc3e717386f0f6f3f8dd2c9&oe=5FB2AF83",
                "https://instagram.fabe1-1.fna.fbcdn.net/v/t51.2885-15/e35/121595773_825949868153644_8545718832438638256_n.jpg?_nc_ht=instagram.fabe1-1.fna.fbcdn.net&_nc_cat=104&_nc_ohc=8Wj3l4v-NZYAX-j79Vg&_nc_tp=18&oh=d32b3f4a60aed86d058dec827495b928&oe=5FB3D5EE"
            ]
        },
        {
            "comments_disabled": false,
            "dimensions": {
                "height": 750,
                "width": 750
            },
            "display_url": "https://instagram.fabe1-1.fna.fbcdn.net/v/t51.2885-15/e35/121583595_911477626050949_670746646756620717_n.jpg?_nc_ht=instagram.fabe1-1.fna.fbcdn.net&_nc_cat=101&_nc_ohc=1qxEib3QpVMAX8RCXSB&_nc_tp=18&oh=caa0ffcac888dd98bbfcc87e9c37b5b6&oe=5F8C3375",
            "edge_liked_by": {
                "count": 0
            },
            "edge_media_preview_like": {
                "count": 0
            },
            "edge_media_to_caption": {
                "edges": [
                    {
                        "node": {
                            "text": "Need to sell more products!"
                        }
                    }
                ]
            },
            "edge_media_to_comment": {
                "count": 0
            },
            "id": "2421479864555867704",
            "is_video": true,
            "owner": {
                "id": "5596558073"
            },
            "shortcode": "CGa0xt1nQ44",
            "tags": [],
            "taken_at_timestamp": 1602882952,
            "thumbnail_resources": [
                {
                    "config_height": 150,
                    "config_width": 150,
                    "src": "https://instagram.fabe1-1.fna.fbcdn.net/v/t51.2885-15/e35/s150x150/121583595_911477626050949_670746646756620717_n.jpg?_nc_ht=instagram.fabe1-1.fna.fbcdn.net&_nc_cat=101&_nc_ohc=1qxEib3QpVMAX8RCXSB&_nc_tp=15&oh=df341660264d346479316abe0f89d7da&oe=5F8C7CF7"
                },
                {
                    "config_height": 240,
                    "config_width": 240,
                    "src": "https://instagram.fabe1-1.fna.fbcdn.net/v/t51.2885-15/e35/s240x240/121583595_911477626050949_670746646756620717_n.jpg?_nc_ht=instagram.fabe1-1.fna.fbcdn.net&_nc_cat=101&_nc_ohc=1qxEib3QpVMAX8RCXSB&_nc_tp=15&oh=f6242281db265c15c596efc7b87e69b9&oe=5F8C773D"
                },
                {
                    "config_height": 320,
                    "config_width": 320,
                    "src": "https://instagram.fabe1-1.fna.fbcdn.net/v/t51.2885-15/e35/s320x320/121583595_911477626050949_670746646756620717_n.jpg?_nc_ht=instagram.fabe1-1.fna.fbcdn.net&_nc_cat=101&_nc_ohc=1qxEib3QpVMAX8RCXSB&_nc_tp=15&oh=d652abc9a96e68e9c7210877a34cb7a5&oe=5F8C9B07"
                },
                {
                    "config_height": 480,
                    "config_width": 480,
                    "src": "https://instagram.fabe1-1.fna.fbcdn.net/v/t51.2885-15/e35/s480x480/121583595_911477626050949_670746646756620717_n.jpg?_nc_ht=instagram.fabe1-1.fna.fbcdn.net&_nc_cat=101&_nc_ohc=1qxEib3QpVMAX8RCXSB&_nc_tp=15&oh=caaeb9029844365dc88bfb04dd8939f1&oe=5F8C8C5D"
                },
                {
                    "config_height": 640,
                    "config_width": 640,
                    "src": "https://instagram.fabe1-1.fna.fbcdn.net/v/t51.2885-15/sh0.08/e35/s640x640/121583595_911477626050949_670746646756620717_n.jpg?_nc_ht=instagram.fabe1-1.fna.fbcdn.net&_nc_cat=101&_nc_ohc=1qxEib3QpVMAX8RCXSB&_nc_tp=24&oh=52b0328c9f53cc5122757ff888a3ae08&oe=5F8C1E12"
                }
            ],
            "thumbnail_src": "https://instagram.fabe1-1.fna.fbcdn.net/v/t51.2885-15/sh0.08/e35/s640x640/121583595_911477626050949_670746646756620717_n.jpg?_nc_ht=instagram.fabe1-1.fna.fbcdn.net&_nc_cat=101&_nc_ohc=1qxEib3QpVMAX8RCXSB&_nc_tp=24&oh=52b0328c9f53cc5122757ff888a3ae08&oe=5F8C1E12",
            "urls": [
                "https://instagram.fabe1-1.fna.fbcdn.net/v/t50.2886-16/121674114_2442926179335205_6652900467187528535_n.mp4?_nc_ht=instagram.fabe1-1.fna.fbcdn.net&_nc_cat=101&_nc_ohc=V7kBtvzioQkAX-xwmbA&oe=5F8CA975&oh=aab2e089d8745b9fbc5f98419410868b"
            ],
            "video_view_count": 0
        },
        {
            "comments_disabled": false,
            "dimensions": {
                "height": 1080,
                "width": 1080
            },
            "display_url": "https://instagram.fabe1-1.fna.fbcdn.net/v/t51.2885-15/e35/121881677_1613620012146093_4266943947323191165_n.jpg?_nc_ht=instagram.fabe1-1.fna.fbcdn.net&_nc_cat=109&_nc_ohc=QcZOrDTHswwAX9m0dOZ&_nc_tp=18&oh=07541ab86c7ce67427eb22a230fb6237&oe=5FB3250A",
            "edge_liked_by": {
                "count": 1
            },
            "edge_media_preview_like": {
                "count": 1
            },
            "edge_media_to_caption": {
                "edges": [
                    {
                        "node": {
                            "text": "QUE LINDO❤"
                        }
                    }
                ]
            },
            "edge_media_to_comment": {
                "count": 0
            },
            "id": "2421480153022378832",
            "is_video": false,
            "owner": {
                "id": "3989159948"
            },
            "shortcode": "CGa016fjrNQ",
            "tags": [],
            "taken_at_timestamp": 1602882950,
            "thumbnail_resources": [
                {
                    "config_height": 150,
                    "config_width": 150,
                    "src": "https://instagram.fabe1-1.fna.fbcdn.net/v/t51.2885-15/e35/s150x150/121881677_1613620012146093_4266943947323191165_n.jpg?_nc_ht=instagram.fabe1-1.fna.fbcdn.net&_nc_cat=109&_nc_ohc=QcZOrDTHswwAX9m0dOZ&_nc_tp=15&oh=ec36a989b0b76886e87b4bffb7b847a9&oe=5FB2AA66"
                },
                {
                    "config_height": 240,
                    "config_width": 240,
                    "src": "https://instagram.fabe1-1.fna.fbcdn.net/v/t51.2885-15/e35/s240x240/121881677_1613620012146093_4266943947323191165_n.jpg?_nc_ht=instagram.fabe1-1.fna.fbcdn.net&_nc_cat=109&_nc_ohc=QcZOrDTHswwAX9m0dOZ&_nc_tp=15&oh=586a35da1dae66b7038aa09ef39e0027&oe=5FB3012E"
                },
                {
                    "config_height": 320,
                    "config_width": 320,
                    "src": "https://instagram.fabe1-1.fna.fbcdn.net/v/t51.2885-15/e35/s320x320/121881677_1613620012146093_4266943947323191165_n.jpg?_nc_ht=instagram.fabe1-1.fna.fbcdn.net&_nc_cat=109&_nc_ohc=QcZOrDTHswwAX9m0dOZ&_nc_tp=15&oh=6335cc200382f621ccd788c81b67a46d&oe=5FB2F3F3"
                },
                {
                    "config_height": 480,
                    "config_width": 480,
                    "src": "https://instagram.fabe1-1.fna.fbcdn.net/v/t51.2885-15/e35/s480x480/121881677_1613620012146093_4266943947323191165_n.jpg?_nc_ht=instagram.fabe1-1.fna.fbcdn.net&_nc_cat=109&_nc_ohc=QcZOrDTHswwAX9m0dOZ&_nc_tp=15&oh=2b9ec79c19d597da777f2adfac7b0e6f&oe=5FB39DB1"
                },
                {
                    "config_height": 640,
                    "config_width": 640,
                    "src": "https://instagram.fabe1-1.fna.fbcdn.net/v/t51.2885-15/sh0.08/e35/s640x640/121881677_1613620012146093_4266943947323191165_n.jpg?_nc_ht=instagram.fabe1-1.fna.fbcdn.net&_nc_cat=109&_nc_ohc=QcZOrDTHswwAX9m0dOZ&_nc_tp=24&oh=6f48436aa8595afa4ab9306afa87645f&oe=5FB33591"
                }
            ],
            "thumbnail_src": "https://instagram.fabe1-1.fna.fbcdn.net/v/t51.2885-15/sh0.08/e35/s640x640/121881677_1613620012146093_4266943947323191165_n.jpg?_nc_ht=instagram.fabe1-1.fna.fbcdn.net&_nc_cat=109&_nc_ohc=QcZOrDTHswwAX9m0dOZ&_nc_tp=24&oh=6f48436aa8595afa4ab9306afa87645f&oe=5FB33591",
            "urls": [
                "https://instagram.fabe1-1.fna.fbcdn.net/v/t51.2885-15/e35/121881677_1613620012146093_4266943947323191165_n.jpg?_nc_ht=instagram.fabe1-1.fna.fbcdn.net&_nc_cat=109&_nc_ohc=QcZOrDTHswwAX9m0dOZ&_nc_tp=18&oh=07541ab86c7ce67427eb22a230fb6237&oe=5FB3250A"
            ]
        },
        {
            "comments_disabled": false,
            "dimensions": {
                "height": 1350,
                "width": 1080
            },
            "display_url": "https://instagram.fabe1-1.fna.fbcdn.net/v/t51.2885-15/e35/p1080x1080/121684808_3348665281849978_3483683113804111494_n.jpg?_nc_ht=instagram.fabe1-1.fna.fbcdn.net&_nc_cat=110&_nc_ohc=_AoXBozCtJAAX-88jL0&tp=19&oh=9ca2fa8367c0bd605a053d306b5cf12a&oe=5FB33A8F",
            "edge_liked_by": {
                "count": 2
            },
            "edge_media_preview_like": {
                "count": 2
            },
            "edge_media_to_caption": {
                "edges": [
                    {
                        "node": {
                            "text": "Went 9 rounds with a seagull for this pizza 💥🥊"
                        }
                    }
                ]
            },
            "edge_media_to_comment": {
                "count": 0
            },
            "id": "2421480021001807832",
            "is_video": false,
            "owner": {
                "id": "35557287"
            },
            "shortcode": "CGa0z_ihKfY",
            "tags": [],
            "taken_at_timestamp": 1602882934,
            "thumbnail_resources": [
                {
                    "config_height": 150,
                    "config_width": 150,
                    "src": "https://instagram.fabe1-1.fna.fbcdn.net/v/t51.2885-15/e35/c0.180.1440.1440a/s150x150/121684808_3348665281849978_3483683113804111494_n.jpg?_nc_ht=instagram.fabe1-1.fna.fbcdn.net&_nc_cat=110&_nc_ohc=_AoXBozCtJAAX-88jL0&tp=16&oh=505cd1039f0e5ea1e1ef24fe71343a15&oe=5FB307A5"
                },
                {
                    "config_height": 240,
                    "config_width": 240,
                    "src": "https://instagram.fabe1-1.fna.fbcdn.net/v/t51.2885-15/e35/c0.180.1440.1440a/s240x240/121684808_3348665281849978_3483683113804111494_n.jpg?_nc_ht=instagram.fabe1-1.fna.fbcdn.net&_nc_cat=110&_nc_ohc=_AoXBozCtJAAX-88jL0&tp=16&oh=a7859c25af13fe0adafcb586c933ea20&oe=5FB4A76D"
                },
                {
                    "config_height": 320,
                    "config_width": 320,
                    "src": "https://instagram.fabe1-1.fna.fbcdn.net/v/t51.2885-15/e35/c0.180.1440.1440a/s320x320/121684808_3348665281849978_3483683113804111494_n.jpg?_nc_ht=instagram.fabe1-1.fna.fbcdn.net&_nc_cat=110&_nc_ohc=_AoXBozCtJAAX-88jL0&tp=16&oh=6694b79678f3790fbeed4218e76c1a14&oe=5FB34E34"
                },
                {
                    "config_height": 480,
                    "config_width": 480,
                    "src": "https://instagram.fabe1-1.fna.fbcdn.net/v/t51.2885-15/e35/c0.180.1440.1440a/s480x480/121684808_3348665281849978_3483683113804111494_n.jpg?_nc_ht=instagram.fabe1-1.fna.fbcdn.net&_nc_cat=110&_nc_ohc=_AoXBozCtJAAX-88jL0&tp=16&oh=ef03457b96d7e1f554ae97539d36e7c8&oe=5FB47772"
                },
                {
                    "config_height": 640,
                    "config_width": 640,
                    "src": "https://instagram.fabe1-1.fna.fbcdn.net/v/t51.2885-15/sh0.08/e35/c0.180.1440.1440a/s640x640/121684808_3348665281849978_3483683113804111494_n.jpg?_nc_ht=instagram.fabe1-1.fna.fbcdn.net&_nc_cat=110&_nc_ohc=_AoXBozCtJAAX-88jL0&oh=5412c8f1574f81bdeb6c9a560ba9401b&oe=5FB1BBCC"
                }
            ],
            "thumbnail_src": "https://instagram.fabe1-1.fna.fbcdn.net/v/t51.2885-15/sh0.08/e35/c0.180.1440.1440a/s640x640/121684808_3348665281849978_3483683113804111494_n.jpg?_nc_ht=instagram.fabe1-1.fna.fbcdn.net&_nc_cat=110&_nc_ohc=_AoXBozCtJAAX-88jL0&oh=5412c8f1574f81bdeb6c9a560ba9401b&oe=5FB1BBCC",
            "urls": [
                "https://instagram.fabe1-1.fna.fbcdn.net/v/t51.2885-15/e35/p1080x1080/121684808_3348665281849978_3483683113804111494_n.jpg?_nc_ht=instagram.fabe1-1.fna.fbcdn.net&_nc_cat=110&_nc_ohc=_AoXBozCtJAAX-88jL0&tp=19&oh=9ca2fa8367c0bd605a053d306b5cf12a&oe=5FB33A8F",
                "https://instagram.fabe1-1.fna.fbcdn.net/v/t51.2885-15/e35/p1080x1080/121504091_3901800589849842_4573820279496065045_n.jpg?_nc_ht=instagram.fabe1-1.fna.fbcdn.net&_nc_cat=106&_nc_ohc=o4xjn9p7Xa4AX8yf2ct&tp=19&oh=92b157a9b0da775d76f604555fc561c0&oe=5FB4ADEF"
            ]
        },
        {
            "comments_disabled": false,
            "dimensions": {
                "height": 880,
                "width": 1080
            },
            "display_url": "https://instagram.fabe1-1.fna.fbcdn.net/v/t51.2885-15/e35/s1080x1080/121399931_209977720546859_8738299103167372187_n.jpg?_nc_ht=instagram.fabe1-1.fna.fbcdn.net&_nc_cat=111&_nc_ohc=2lopux5nG_sAX_E54JB&_nc_tp=15&oh=223037ccf3f448f172a025c4dac06572&oe=5FB3469A",
            "edge_liked_by": {
                "count": 0
            },
            "edge_media_preview_like": {
                "count": 0
            },
            "edge_media_to_caption": {
                "edges": [
                    {
                        "node": {
                            "text": "No filter needed for this gorgeous home. ~ \n•\n•\n•\n•\n•\n•\n#happyfriday #rainrangoaway #october #southflorida #miamibeach #southbeach #miami #home #miamihome #florida #hurricaneseason #miamiroofing #roofer #miamiroof #miamiroofer #southmiami #rooftile #fridayviews #fridaymood #fridaymotivation #fridaymood #miamihome #roofingculture #fridayfeeling #downtown"
                        }
                    }
                ]
            },
            "edge_media_to_comment": {
                "count": 0
            },
            "id": "2421479978295258774",
            "is_video": false,
            "owner": {
                "id": "3237161592"
            },
            "shortcode": "CGa0zXxAm6W",
            "tags": [
                "southflorida",
                "miamiroofer",
                "miami",
                "fridaymotivation",
                "hurricaneseason",
                "roofer",
                "southbeach",
                "rainrangoaway",
                "fridaymood",
                "miamihome",
                "miamiroofing",
                "home",
                "roofingculture",
                "miamiroof",
                "fridayviews",
                "downtown",
                "happyfriday",
                "rooftile",
                "southmiami",
                "florida",
                "fridayfeeling",
                "october",
                "miamibeach"
            ],
            "taken_at_timestamp": 1602882929,
            "thumbnail_resources": [
                {
                    "config_height": 150,
                    "config_width": 150,
                    "src": "https://instagram.fabe1-1.fna.fbcdn.net/v/t51.2885-15/e35/c133.0.1174.1174a/s150x150/121399931_209977720546859_8738299103167372187_n.jpg?_nc_ht=instagram.fabe1-1.fna.fbcdn.net&_nc_cat=111&_nc_ohc=2lopux5nG_sAX_E54JB&tp=16&oh=61ea3a914ccedb19dfde077788862f11&oe=5FB548BB"
                },
                {
                    "config_height": 240,
                    "config_width": 240,
                    "src": "https://instagram.fabe1-1.fna.fbcdn.net/v/t51.2885-15/e35/c133.0.1174.1174a/s240x240/121399931_209977720546859_8738299103167372187_n.jpg?_nc_ht=instagram.fabe1-1.fna.fbcdn.net&_nc_cat=111&_nc_ohc=2lopux5nG_sAX_E54JB&tp=16&oh=c7c91a4484d0e2e3a1a09409a4562586&oe=5FB42B3D"
                },
                {
                    "config_height": 320,
                    "config_width": 320,
                    "src": "https://instagram.fabe1-1.fna.fbcdn.net/v/t51.2885-15/e35/c133.0.1174.1174a/s320x320/121399931_209977720546859_8738299103167372187_n.jpg?_nc_ht=instagram.fabe1-1.fna.fbcdn.net&_nc_cat=111&_nc_ohc=2lopux5nG_sAX_E54JB&tp=16&oh=999734a76ccd238230246f4d792ebc6b&oe=5FB21543"
                },
                {
                    "config_height": 480,
                    "config_width": 480,
                    "src": "https://instagram.fabe1-1.fna.fbcdn.net/v/t51.2885-15/e35/c133.0.1174.1174a/s480x480/121399931_209977720546859_8738299103167372187_n.jpg?_nc_ht=instagram.fabe1-1.fna.fbcdn.net&_nc_cat=111&_nc_ohc=2lopux5nG_sAX_E54JB&tp=16&oh=d28a6cbf720bbec3151d02615cfd5666&oe=5FB4E886"
                },
                {
                    "config_height": 640,
                    "config_width": 640,
                    "src": "https://instagram.fabe1-1.fna.fbcdn.net/v/t51.2885-15/sh0.08/e35/c133.0.1174.1174a/s640x640/121399931_209977720546859_8738299103167372187_n.jpg?_nc_ht=instagram.fabe1-1.fna.fbcdn.net&_nc_cat=111&_nc_ohc=2lopux5nG_sAX_E54JB&oh=ecc16d64110e85ed95931159ee7252bd&oe=5FB3DD8B"
                }
            ],
            "thumbnail_src": "https://instagram.fabe1-1.fna.fbcdn.net/v/t51.2885-15/sh0.08/e35/c133.0.1174.1174a/s640x640/121399931_209977720546859_8738299103167372187_n.jpg?_nc_ht=instagram.fabe1-1.fna.fbcdn.net&_nc_cat=111&_nc_ohc=2lopux5nG_sAX_E54JB&oh=ecc16d64110e85ed95931159ee7252bd&oe=5FB3DD8B",
            "urls": [
                "https://instagram.fabe1-1.fna.fbcdn.net/v/t51.2885-15/e35/s1080x1080/121399931_209977720546859_8738299103167372187_n.jpg?_nc_ht=instagram.fabe1-1.fna.fbcdn.net&_nc_cat=111&_nc_ohc=2lopux5nG_sAX_E54JB&_nc_tp=15&oh=223037ccf3f448f172a025c4dac06572&oe=5FB3469A"
            ]
        },
        {
            "comments_disabled": false,
            "dimensions": {
                "height": 1313,
                "width": 1080
            },
            "display_url": "https://instagram.fabe1-1.fna.fbcdn.net/v/t51.2885-15/e35/p1080x1080/121668527_445123589797619_6071105457246867443_n.jpg?_nc_ht=instagram.fabe1-1.fna.fbcdn.net&_nc_cat=111&_nc_ohc=ehis9cxJ05wAX8jzoPk&tp=19&oh=a3a03b685a705b01c40274ddbd7217f1&oe=5FB4DE18",
            "edge_liked_by": {
                "count": 2
            },
            "edge_media_preview_like": {
                "count": 2
            },
            "edge_media_to_caption": {
                "edges": [
                    {
                        "node": {
                            "text": "Trying 2 get thicker than a bowl of oatmeal 🥣"
                        }
                    }
                ]
            },
            "edge_media_to_comment": {
                "count": 0
            },
            "id": "2421479768295613940",
            "is_video": false,
            "owner": {
                "id": "30529934009"
            },
            "shortcode": "CGa0wUMDiX0",
            "tags": [],
            "taken_at_timestamp": 1602882904,
            "thumbnail_resources": [
                {
                    "config_height": 150,
                    "config_width": 150,
                    "src": "https://instagram.fabe1-1.fna.fbcdn.net/v/t51.2885-15/e35/c0.155.1440.1440a/s150x150/121668527_445123589797619_6071105457246867443_n.jpg?_nc_ht=instagram.fabe1-1.fna.fbcdn.net&_nc_cat=111&_nc_ohc=ehis9cxJ05wAX8jzoPk&tp=16&oh=c22d5882604ac00b748b379b83e4002f&oe=5FB3F95F"
                },
                {
                    "config_height": 240,
                    "config_width": 240,
                    "src": "https://instagram.fabe1-1.fna.fbcdn.net/v/t51.2885-15/e35/c0.155.1440.1440a/s240x240/121668527_445123589797619_6071105457246867443_n.jpg?_nc_ht=instagram.fabe1-1.fna.fbcdn.net&_nc_cat=111&_nc_ohc=ehis9cxJ05wAX8jzoPk&tp=16&oh=7c5f0ed33e1f8880b47e0e6da5e889e0&oe=5FB414D9"
                },
                {
                    "config_height": 320,
                    "config_width": 320,
                    "src": "https://instagram.fabe1-1.fna.fbcdn.net/v/t51.2885-15/e35/c0.155.1440.1440a/s320x320/121668527_445123589797619_6071105457246867443_n.jpg?_nc_ht=instagram.fabe1-1.fna.fbcdn.net&_nc_cat=111&_nc_ohc=ehis9cxJ05wAX8jzoPk&tp=16&oh=bcefe27ab1cf59f24b0b2f0bb0c8ec48&oe=5FB288A7"
                },
                {
                    "config_height": 480,
                    "config_width": 480,
                    "src": "https://instagram.fabe1-1.fna.fbcdn.net/v/t51.2885-15/e35/c0.155.1440.1440a/s480x480/121668527_445123589797619_6071105457246867443_n.jpg?_nc_ht=instagram.fabe1-1.fna.fbcdn.net&_nc_cat=111&_nc_ohc=ehis9cxJ05wAX8jzoPk&tp=16&oh=bf55a66bb2a8f192af1db8db3cbab7dc&oe=5FB57F62"
                },
                {
                    "config_height": 640,
                    "config_width": 640,
                    "src": "https://instagram.fabe1-1.fna.fbcdn.net/v/t51.2885-15/sh0.08/e35/c0.155.1440.1440a/s640x640/121668527_445123589797619_6071105457246867443_n.jpg?_nc_ht=instagram.fabe1-1.fna.fbcdn.net&_nc_cat=111&_nc_ohc=ehis9cxJ05wAX8jzoPk&oh=c1145e0cb148ef93ebc2cbf16a066af3&oe=5FB420EF"
                }
            ],
            "thumbnail_src": "https://instagram.fabe1-1.fna.fbcdn.net/v/t51.2885-15/sh0.08/e35/c0.155.1440.1440a/s640x640/121668527_445123589797619_6071105457246867443_n.jpg?_nc_ht=instagram.fabe1-1.fna.fbcdn.net&_nc_cat=111&_nc_ohc=ehis9cxJ05wAX8jzoPk&oh=c1145e0cb148ef93ebc2cbf16a066af3&oe=5FB420EF",
            "urls": [
                "https://instagram.fabe1-1.fna.fbcdn.net/v/t51.2885-15/e35/p1080x1080/121668527_445123589797619_6071105457246867443_n.jpg?_nc_ht=instagram.fabe1-1.fna.fbcdn.net&_nc_cat=111&_nc_ohc=ehis9cxJ05wAX8jzoPk&tp=19&oh=a3a03b685a705b01c40274ddbd7217f1&oe=5FB4DE18"
            ]
        }
    ]
}