{
    "GraphImages": [
        {
            "comments_disabled": false,
            "dimensions": {
                "height": 1351,
                "width": 1080
            },
            "display_url": "https://instagram.fabe1-1.fna.fbcdn.net/v/t51.2885-15/e35/121658915_1122765928121182_1828405319150901141_n.jpg?_nc_ht=instagram.fabe1-1.fna.fbcdn.net&_nc_cat=110&_nc_ohc=2hoaPA2UajoAX-nT1Qy&_nc_tp=18&oh=c4996d7ba088e2b8c64cedf5d3c5c971&oe=5FB32E4A",
            "edge_liked_by": {
                "count": 4
            },
            "edge_media_preview_like": {
                "count": 4
            },
            "edge_media_to_caption": {
                "edges": [
                    {
                        "node": {
                            "text": "Right now is my fave part of 2020... boxing is back on, south beach volley is allowed again, travel is somewhat do-able, curfew still exists so my apartment is now a part-time nightclub and this is a socially acceptable party outfit 🤪😍😂 Happy Friday y’all 🥳💃🏽\n\n@revolve @loversfriendsla #RevolveMe #RevolveSummer #fashionista #hoodieseason #2020 #fluorescent #partytime #beachgirl #girlsjustwannahavefun #miamivibes #solutions #makeithappen #getinvolved #positivity #mindsetiseverything"
                        }
                    }
                ]
            },
            "edge_media_to_comment": {
                "count": 0
            },
            "id": "2421456840118392389",
            "is_video": false,
            "owner": {
                "id": "19456127"
            },
            "shortcode": "CGaviqqMlZF",
            "tags": [
                "hoodieseason",
                "beachgirl",
                "fluorescent",
                "RevolveSummer",
                "girlsjustwannahavefun",
                "miamivibes",
                "makeithappen",
                "positivity",
                "partytime",
                "solutions",
                "RevolveMe",
                "getinvolved",
                "2020",
                "fashionista",
                "mindsetiseverything"
            ],
            "taken_at_timestamp": 1602880171,
            "thumbnail_resources": [
                {
                    "config_height": 150,
                    "config_width": 150,
                    "src": "https://instagram.fabe1-1.fna.fbcdn.net/v/t51.2885-15/e35/c0.123.984.984a/s150x150/121658915_1122765928121182_1828405319150901141_n.jpg?_nc_ht=instagram.fabe1-1.fna.fbcdn.net&_nc_cat=110&_nc_ohc=2hoaPA2UajoAX-nT1Qy&tp=16&oh=9f5919326dfd708c6e74cbe48d648be6&oe=5FB1BEA6"
                },
                {
                    "config_height": 240,
                    "config_width": 240,
                    "src": "https://instagram.fabe1-1.fna.fbcdn.net/v/t51.2885-15/e35/c0.123.984.984a/s240x240/121658915_1122765928121182_1828405319150901141_n.jpg?_nc_ht=instagram.fabe1-1.fna.fbcdn.net&_nc_cat=110&_nc_ohc=2hoaPA2UajoAX-nT1Qy&tp=16&oh=5466f556765ad2850b3347c42d1201c4&oe=5FB3A06E"
                },
                {
                    "config_height": 320,
                    "config_width": 320,
                    "src": "https://instagram.fabe1-1.fna.fbcdn.net/v/t51.2885-15/e35/c0.123.984.984a/s320x320/121658915_1122765928121182_1828405319150901141_n.jpg?_nc_ht=instagram.fabe1-1.fna.fbcdn.net&_nc_cat=110&_nc_ohc=2hoaPA2UajoAX-nT1Qy&tp=16&oh=2324c48798a8149776aa2431d52bd430&oe=5FB1CBB3"
                },
                {
                    "config_height": 480,
                    "config_width": 480,
                    "src": "https://instagram.fabe1-1.fna.fbcdn.net/v/t51.2885-15/e35/c0.123.984.984a/s480x480/121658915_1122765928121182_1828405319150901141_n.jpg?_nc_ht=instagram.fabe1-1.fna.fbcdn.net&_nc_cat=110&_nc_ohc=2hoaPA2UajoAX-nT1Qy&tp=16&oh=4565097e216405c3e3cac3c0407cec3c&oe=5FB37271"
                },
                {
                    "config_height": 640,
                    "config_width": 640,
                    "src": "https://instagram.fabe1-1.fna.fbcdn.net/v/t51.2885-15/sh0.08/e35/c0.123.984.984a/s640x640/121658915_1122765928121182_1828405319150901141_n.jpg?_nc_ht=instagram.fabe1-1.fna.fbcdn.net&_nc_cat=110&_nc_ohc=2hoaPA2UajoAX-nT1Qy&oh=3744e4800745cefdc94b7bbe624eae0a&oe=5FB2C45C"
                }
            ],
            "thumbnail_src": "https://instagram.fabe1-1.fna.fbcdn.net/v/t51.2885-15/sh0.08/e35/c0.123.984.984a/s640x640/121658915_1122765928121182_1828405319150901141_n.jpg?_nc_ht=instagram.fabe1-1.fna.fbcdn.net&_nc_cat=110&_nc_ohc=2hoaPA2UajoAX-nT1Qy&oh=3744e4800745cefdc94b7bbe624eae0a&oe=5FB2C45C",
            "urls": [
                "https://instagram.fabe1-1.fna.fbcdn.net/v/t51.2885-15/e35/121658915_1122765928121182_1828405319150901141_n.jpg?_nc_ht=instagram.fabe1-1.fna.fbcdn.net&_nc_cat=110&_nc_ohc=2hoaPA2UajoAX-nT1Qy&_nc_tp=18&oh=c4996d7ba088e2b8c64cedf5d3c5c971&oe=5FB32E4A"
            ]
        },
        {
            "comments_disabled": false,
            "dimensions": {
                "height": 1349,
                "width": 1080
            },
            "display_url": "https://instagram.fabe1-1.fna.fbcdn.net/v/t51.2885-15/e35/p1080x1080/121571517_767744387339968_3324864100307706930_n.jpg?_nc_ht=instagram.fabe1-1.fna.fbcdn.net&_nc_cat=104&_nc_ohc=1Z6lJeQTXH0AX8zaLhG&tp=19&oh=da60532142217d723783e900b3b44668&oe=5FB399D6",
            "edge_liked_by": {
                "count": 1
            },
            "edge_media_preview_like": {
                "count": 1
            },
            "edge_media_to_caption": {
                "edges": [
                    {
                        "node": {
                            "text": "Working on this beautiful painting 👩🏻‍🎨🌺🌺🌺 😇😇#painting #art #artist  two beautiful baby angels 👼 👼 #babies #twins #angels"
                        }
                    }
                ]
            },
            "edge_media_to_comment": {
                "count": 0
            },
            "id": "2421456719572235897",
            "is_video": false,
            "owner": {
                "id": "1157674187"
            },
            "shortcode": "CGavg6ZFfZ5",
            "tags": [
                "babies",
                "angels",
                "art",
                "twins",
                "painting",
                "artist"
            ],
            "taken_at_timestamp": 1602880156,
            "thumbnail_resources": [
                {
                    "config_height": 150,
                    "config_width": 150,
                    "src": "https://instagram.fabe1-1.fna.fbcdn.net/v/t51.2885-15/e35/c0.179.1440.1440a/s150x150/121571517_767744387339968_3324864100307706930_n.jpg?_nc_ht=instagram.fabe1-1.fna.fbcdn.net&_nc_cat=104&_nc_ohc=1Z6lJeQTXH0AX8zaLhG&tp=16&oh=6f57886dcb21856e8815087c99e7b4b3&oe=5FB4DFA6"
                },
                {
                    "config_height": 240,
                    "config_width": 240,
                    "src": "https://instagram.fabe1-1.fna.fbcdn.net/v/t51.2885-15/e35/c0.179.1440.1440a/s240x240/121571517_767744387339968_3324864100307706930_n.jpg?_nc_ht=instagram.fabe1-1.fna.fbcdn.net&_nc_cat=104&_nc_ohc=1Z6lJeQTXH0AX8zaLhG&tp=16&oh=b296cd5f3b39995e8be8516ef0ed2318&oe=5FB546A4"
                },
                {
                    "config_height": 320,
                    "config_width": 320,
                    "src": "https://instagram.fabe1-1.fna.fbcdn.net/v/t51.2885-15/e35/c0.179.1440.1440a/s320x320/121571517_767744387339968_3324864100307706930_n.jpg?_nc_ht=instagram.fabe1-1.fna.fbcdn.net&_nc_cat=104&_nc_ohc=1Z6lJeQTXH0AX8zaLhG&tp=16&oh=f023a71d2397c443ea144046a8d93b62&oe=5FB3135E"
                },
                {
                    "config_height": 480,
                    "config_width": 480,
                    "src": "https://instagram.fabe1-1.fna.fbcdn.net/v/t51.2885-15/e35/c0.179.1440.1440a/s480x480/121571517_767744387339968_3324864100307706930_n.jpg?_nc_ht=instagram.fabe1-1.fna.fbcdn.net&_nc_cat=104&_nc_ohc=1Z6lJeQTXH0AX8zaLhG&tp=16&oh=77a34f9882f41567ad9718a0bd6dbbe6&oe=5FB33E1B"
                },
                {
                    "config_height": 640,
                    "config_width": 640,
                    "src": "https://instagram.fabe1-1.fna.fbcdn.net/v/t51.2885-15/sh0.08/e35/c0.179.1440.1440a/s640x640/121571517_767744387339968_3324864100307706930_n.jpg?_nc_ht=instagram.fabe1-1.fna.fbcdn.net&_nc_cat=104&_nc_ohc=1Z6lJeQTXH0AX8zaLhG&oh=641e9eaadb903c13c3dd3cefae96e313&oe=5FB29316"
                }
            ],
            "thumbnail_src": "https://instagram.fabe1-1.fna.fbcdn.net/v/t51.2885-15/sh0.08/e35/c0.179.1440.1440a/s640x640/121571517_767744387339968_3324864100307706930_n.jpg?_nc_ht=instagram.fabe1-1.fna.fbcdn.net&_nc_cat=104&_nc_ohc=1Z6lJeQTXH0AX8zaLhG&oh=641e9eaadb903c13c3dd3cefae96e313&oe=5FB29316",
            "urls": [
                "https://instagram.fabe1-1.fna.fbcdn.net/v/t51.2885-15/e35/p1080x1080/121571517_767744387339968_3324864100307706930_n.jpg?_nc_ht=instagram.fabe1-1.fna.fbcdn.net&_nc_cat=104&_nc_ohc=1Z6lJeQTXH0AX8zaLhG&tp=19&oh=da60532142217d723783e900b3b44668&oe=5FB399D6"
            ]
        },
        {
            "comments_disabled": false,
            "dimensions": {
                "height": 1142,
                "width": 1080
            },
            "display_url": "https://instagram.fabe1-1.fna.fbcdn.net/v/t51.2885-15/e35/p1080x1080/121695106_226075015518974_4541389679893621364_n.jpg?_nc_ht=instagram.fabe1-1.fna.fbcdn.net&_nc_cat=102&_nc_ohc=oiIqKjXmy_sAX899dH5&tp=19&oh=69fc96f2f0b762a4ad2ef54a13165022&oe=5FB51B7D",
            "edge_liked_by": {
                "count": 2
            },
            "edge_media_preview_like": {
                "count": 2
            },
            "edge_media_to_caption": {
                "edges": [
                    {
                        "node": {
                            "text": "Why Limit Ｈａｐｐｙ Hour...\n To An 𝑯𝒐𝒖𝒓 🍸😀🕧\n\nMoxy Hotel Miami Beach, Designed by #KobiKarp"
                        }
                    }
                ]
            },
            "edge_media_to_comment": {
                "count": 0
            },
            "id": "2421456654458799898",
            "is_video": false,
            "owner": {
                "id": "186541254"
            },
            "shortcode": "CGavf9wBcca",
            "tags": [
                "KobiKarp"
            ],
            "taken_at_timestamp": 1602880149,
            "thumbnail_resources": [
                {
                    "config_height": 150,
                    "config_width": 150,
                    "src": "https://instagram.fabe1-1.fna.fbcdn.net/v/t51.2885-15/e35/c0.41.1440.1440a/s150x150/121695106_226075015518974_4541389679893621364_n.jpg?_nc_ht=instagram.fabe1-1.fna.fbcdn.net&_nc_cat=102&_nc_ohc=oiIqKjXmy_sAX899dH5&tp=16&oh=6ef7e6d3ffbfc860dfcbf49fa4b42d71&oe=5FB47B94"
                },
                {
                    "config_height": 240,
                    "config_width": 240,
                    "src": "https://instagram.fabe1-1.fna.fbcdn.net/v/t51.2885-15/e35/c0.41.1440.1440a/s240x240/121695106_226075015518974_4541389679893621364_n.jpg?_nc_ht=instagram.fabe1-1.fna.fbcdn.net&_nc_cat=102&_nc_ohc=oiIqKjXmy_sAX899dH5&tp=16&oh=20b682bdaf0735ac29bdde63f2bf91bc&oe=5FB4F116"
                },
                {
                    "config_height": 320,
                    "config_width": 320,
                    "src": "https://instagram.fabe1-1.fna.fbcdn.net/v/t51.2885-15/e35/c0.41.1440.1440a/s320x320/121695106_226075015518974_4541389679893621364_n.jpg?_nc_ht=instagram.fabe1-1.fna.fbcdn.net&_nc_cat=102&_nc_ohc=oiIqKjXmy_sAX899dH5&tp=16&oh=bb9ae83c2a29031e75f6bf31e81a6b3c&oe=5FB1E76C"
                },
                {
                    "config_height": 480,
                    "config_width": 480,
                    "src": "https://instagram.fabe1-1.fna.fbcdn.net/v/t51.2885-15/e35/c0.41.1440.1440a/s480x480/121695106_226075015518974_4541389679893621364_n.jpg?_nc_ht=instagram.fabe1-1.fna.fbcdn.net&_nc_cat=102&_nc_ohc=oiIqKjXmy_sAX899dH5&tp=16&oh=7784048737ede417b071d832100dac5e&oe=5FB2762D"
                },
                {
                    "config_height": 640,
                    "config_width": 640,
                    "src": "https://instagram.fabe1-1.fna.fbcdn.net/v/t51.2885-15/sh0.08/e35/c0.41.1440.1440a/s640x640/121695106_226075015518974_4541389679893621364_n.jpg?_nc_ht=instagram.fabe1-1.fna.fbcdn.net&_nc_cat=102&_nc_ohc=oiIqKjXmy_sAX899dH5&oh=e647bb441aa8e55b626d65fd45710f7a&oe=5FB32D85"
                }
            ],
            "thumbnail_src": "https://instagram.fabe1-1.fna.fbcdn.net/v/t51.2885-15/sh0.08/e35/c0.41.1440.1440a/s640x640/121695106_226075015518974_4541389679893621364_n.jpg?_nc_ht=instagram.fabe1-1.fna.fbcdn.net&_nc_cat=102&_nc_ohc=oiIqKjXmy_sAX899dH5&oh=e647bb441aa8e55b626d65fd45710f7a&oe=5FB32D85",
            "urls": [
                "https://instagram.fabe1-1.fna.fbcdn.net/v/t51.2885-15/e35/p1080x1080/121695106_226075015518974_4541389679893621364_n.jpg?_nc_ht=instagram.fabe1-1.fna.fbcdn.net&_nc_cat=102&_nc_ohc=oiIqKjXmy_sAX899dH5&tp=19&oh=69fc96f2f0b762a4ad2ef54a13165022&oe=5FB51B7D"
            ]
        },
        {
            "comments_disabled": false,
            "dimensions": {
                "height": 480,
                "width": 480
            },
            "display_url": "https://instagram.fabe1-1.fna.fbcdn.net/v/t51.2885-15/e35/122015047_139866041192705_993752099393452857_n.jpg?_nc_ht=instagram.fabe1-1.fna.fbcdn.net&_nc_cat=105&_nc_ohc=d2GdL3-rvzYAX9N4cWg&_nc_tp=18&oh=e058f1021fd69a0846a7dc924c51b3f9&oe=5FB2CEE8",
            "edge_liked_by": {
                "count": 0
            },
            "edge_media_preview_like": {
                "count": 0
            },
            "edge_media_to_caption": {
                "edges": [
                    {
                        "node": {
                            "text": "My wives @sexygabbywildcat @sexywildcatgabby777 are going out shopping in Mami Beach Florida cause we need baby clothes right my girls"
                        }
                    }
                ]
            },
            "edge_media_to_comment": {
                "count": 0
            },
            "id": "2421456564844372554",
            "is_video": false,
            "owner": {
                "id": "43798190664"
            },
            "shortcode": "CGaveqSliJK",
            "tags": [],
            "taken_at_timestamp": 1602880138,
            "thumbnail_resources": [
                {
                    "config_height": 150,
                    "config_width": 150,
                    "src": "https://instagram.fabe1-1.fna.fbcdn.net/v/t51.2885-15/e35/s150x150/122015047_139866041192705_993752099393452857_n.jpg?_nc_ht=instagram.fabe1-1.fna.fbcdn.net&_nc_cat=105&_nc_ohc=d2GdL3-rvzYAX9N4cWg&_nc_tp=15&oh=666d98f12059b1a8768a8fa65e4a4130&oe=5FB1D426"
                },
                {
                    "config_height": 240,
                    "config_width": 240,
                    "src": "https://instagram.fabe1-1.fna.fbcdn.net/v/t51.2885-15/e35/s240x240/122015047_139866041192705_993752099393452857_n.jpg?_nc_ht=instagram.fabe1-1.fna.fbcdn.net&_nc_cat=105&_nc_ohc=d2GdL3-rvzYAX9N4cWg&_nc_tp=15&oh=52e8936fb8b334a2b610af6ff7cc45af&oe=5FB532F0"
                },
                {
                    "config_height": 320,
                    "config_width": 320,
                    "src": "https://instagram.fabe1-1.fna.fbcdn.net/v/t51.2885-15/e35/s320x320/122015047_139866041192705_993752099393452857_n.jpg?_nc_ht=instagram.fabe1-1.fna.fbcdn.net&_nc_cat=105&_nc_ohc=d2GdL3-rvzYAX9N4cWg&_nc_tp=15&oh=43e070d06bf5e8ad9a90cf6219814ed7&oe=5FB3BDD6"
                },
                {
                    "config_height": 480,
                    "config_width": 480,
                    "src": "https://instagram.fabe1-1.fna.fbcdn.net/v/t51.2885-15/e35/122015047_139866041192705_993752099393452857_n.jpg?_nc_ht=instagram.fabe1-1.fna.fbcdn.net&_nc_cat=105&_nc_ohc=d2GdL3-rvzYAX9N4cWg&_nc_tp=18&oh=e058f1021fd69a0846a7dc924c51b3f9&oe=5FB2CEE8"
                },
                {
                    "config_height": 640,
                    "config_width": 640,
                    "src": "https://instagram.fabe1-1.fna.fbcdn.net/v/t51.2885-15/e35/122015047_139866041192705_993752099393452857_n.jpg?_nc_ht=instagram.fabe1-1.fna.fbcdn.net&_nc_cat=105&_nc_ohc=d2GdL3-rvzYAX9N4cWg&_nc_tp=18&oh=e058f1021fd69a0846a7dc924c51b3f9&oe=5FB2CEE8"
                }
            ],
            "thumbnail_src": "https://instagram.fabe1-1.fna.fbcdn.net/v/t51.2885-15/e35/122015047_139866041192705_993752099393452857_n.jpg?_nc_ht=instagram.fabe1-1.fna.fbcdn.net&_nc_cat=105&_nc_ohc=d2GdL3-rvzYAX9N4cWg&_nc_tp=18&oh=e058f1021fd69a0846a7dc924c51b3f9&oe=5FB2CEE8",
            "urls": [
                "https://instagram.fabe1-1.fna.fbcdn.net/v/t51.2885-15/e35/122015047_139866041192705_993752099393452857_n.jpg?_nc_ht=instagram.fabe1-1.fna.fbcdn.net&_nc_cat=105&_nc_ohc=d2GdL3-rvzYAX9N4cWg&_nc_tp=18&oh=e058f1021fd69a0846a7dc924c51b3f9&oe=5FB2CEE8"
            ]
        },
        {
            "comments_disabled": false,
            "dimensions": {
                "height": 1349,
                "width": 1080
            },
            "display_url": "https://instagram.fabe1-1.fna.fbcdn.net/v/t51.2885-15/e35/121642337_680360206227026_6780633141608771975_n.jpg?_nc_ht=instagram.fabe1-1.fna.fbcdn.net&_nc_cat=102&_nc_ohc=SMKNpTvklxMAX9GFU0W&_nc_tp=18&oh=18716290b25f522394f6398cfbe00b5d&oe=5FB1E3E1",
            "edge_liked_by": {
                "count": 1
            },
            "edge_media_preview_like": {
                "count": 1
            },
            "edge_media_to_caption": {
                "edges": [
                    {
                        "node": {
                            "text": "GRANFESTIVAL ELECTRÓNICO ✏️ Se abre la LISTA📋reserva tu palco...que no te lo cuenten"
                        }
                    }
                ]
            },
            "edge_media_to_comment": {
                "count": 0
            },
            "id": "2421456100785995671",
            "is_video": false,
            "owner": {
                "id": "5719827884"
            },
            "shortcode": "CGavX6GjT-X",
            "tags": [],
            "taken_at_timestamp": 1602880083,
            "thumbnail_resources": [
                {
                    "config_height": 150,
                    "config_width": 150,
                    "src": "https://instagram.fabe1-1.fna.fbcdn.net/v/t51.2885-15/e35/c0.122.977.977a/s150x150/121642337_680360206227026_6780633141608771975_n.jpg?_nc_ht=instagram.fabe1-1.fna.fbcdn.net&_nc_cat=102&_nc_ohc=SMKNpTvklxMAX9GFU0W&tp=16&oh=aa607ad7bd5e0beb379d157c4a9d20ca&oe=5FB301DD"
                },
                {
                    "config_height": 240,
                    "config_width": 240,
                    "src": "https://instagram.fabe1-1.fna.fbcdn.net/v/t51.2885-15/e35/c0.122.977.977a/s240x240/121642337_680360206227026_6780633141608771975_n.jpg?_nc_ht=instagram.fabe1-1.fna.fbcdn.net&_nc_cat=102&_nc_ohc=SMKNpTvklxMAX9GFU0W&tp=16&oh=4851c5872e2dfda89540b59a1369affb&oe=5FB2B1DB"
                },
                {
                    "config_height": 320,
                    "config_width": 320,
                    "src": "https://instagram.fabe1-1.fna.fbcdn.net/v/t51.2885-15/e35/c0.122.977.977a/s320x320/121642337_680360206227026_6780633141608771975_n.jpg?_nc_ht=instagram.fabe1-1.fna.fbcdn.net&_nc_cat=102&_nc_ohc=SMKNpTvklxMAX9GFU0W&tp=16&oh=46fde89a40c1853cbe4eb5a495aa6f26&oe=5FB40325"
                },
                {
                    "config_height": 480,
                    "config_width": 480,
                    "src": "https://instagram.fabe1-1.fna.fbcdn.net/v/t51.2885-15/e35/c0.122.977.977a/s480x480/121642337_680360206227026_6780633141608771975_n.jpg?_nc_ht=instagram.fabe1-1.fna.fbcdn.net&_nc_cat=102&_nc_ohc=SMKNpTvklxMAX9GFU0W&tp=16&oh=4a7ff37ce2a162f97737e5e510a1e277&oe=5FB4A464"
                },
                {
                    "config_height": 640,
                    "config_width": 640,
                    "src": "https://instagram.fabe1-1.fna.fbcdn.net/v/t51.2885-15/sh0.08/e35/c0.122.977.977a/s640x640/121642337_680360206227026_6780633141608771975_n.jpg?_nc_ht=instagram.fabe1-1.fna.fbcdn.net&_nc_cat=102&_nc_ohc=SMKNpTvklxMAX9GFU0W&oh=40c6c8386ac18183d59aed7a5810b4ab&oe=5FB4B19C"
                }
            ],
            "thumbnail_src": "https://instagram.fabe1-1.fna.fbcdn.net/v/t51.2885-15/sh0.08/e35/c0.122.977.977a/s640x640/121642337_680360206227026_6780633141608771975_n.jpg?_nc_ht=instagram.fabe1-1.fna.fbcdn.net&_nc_cat=102&_nc_ohc=SMKNpTvklxMAX9GFU0W&oh=40c6c8386ac18183d59aed7a5810b4ab&oe=5FB4B19C",
            "urls": [
                "https://instagram.fabe1-1.fna.fbcdn.net/v/t51.2885-15/e35/121642337_680360206227026_6780633141608771975_n.jpg?_nc_ht=instagram.fabe1-1.fna.fbcdn.net&_nc_cat=102&_nc_ohc=SMKNpTvklxMAX9GFU0W&_nc_tp=18&oh=18716290b25f522394f6398cfbe00b5d&oe=5FB1E3E1"
            ]
        }
    ]
}