{
    "GraphImages": [
        {
            "comments_disabled": false,
            "dimensions": {
                "height": 1350,
                "width": 1080
            },
            "display_url": "https://instagram.fabe1-1.fna.fbcdn.net/v/t51.2885-15/e35/121558930_176684870747152_5719376637323564187_n.jpg?_nc_ht=instagram.fabe1-1.fna.fbcdn.net&_nc_cat=104&_nc_ohc=Nhmvb_s7MXgAX_1o9Ha&_nc_tp=18&oh=cd5067780e11b7b6e9d93c2dbe058fb2&oe=5FB1F180",
            "edge_liked_by": {
                "count": 0
            },
            "edge_media_preview_like": {
                "count": 0
            },
            "edge_media_to_caption": {
                "edges": []
            },
            "edge_media_to_comment": {
                "count": 0
            },
            "id": "2421516754011453348",
            "is_video": false,
            "owner": {
                "id": "6433316363"
            },
            "shortcode": "CGa9Kh0gnek",
            "taken_at_timestamp": 1602887313,
            "thumbnail_resources": [
                {
                    "config_height": 150,
                    "config_width": 150,
                    "src": "https://instagram.fabe1-1.fna.fbcdn.net/v/t51.2885-15/e35/c0.135.1080.1080a/s150x150/121558930_176684870747152_5719376637323564187_n.jpg?_nc_ht=instagram.fabe1-1.fna.fbcdn.net&_nc_cat=104&_nc_ohc=Nhmvb_s7MXgAX_1o9Ha&tp=16&oh=3fc4b3c7a7b7374380c07811f67a56ff&oe=5FB28459"
                },
                {
                    "config_height": 240,
                    "config_width": 240,
                    "src": "https://instagram.fabe1-1.fna.fbcdn.net/v/t51.2885-15/e35/c0.135.1080.1080a/s240x240/121558930_176684870747152_5719376637323564187_n.jpg?_nc_ht=instagram.fabe1-1.fna.fbcdn.net&_nc_cat=104&_nc_ohc=Nhmvb_s7MXgAX_1o9Ha&tp=16&oh=3d2d97ec763286710bf9a6ff8d91d53d&oe=5FB517DF"
                },
                {
                    "config_height": 320,
                    "config_width": 320,
                    "src": "https://instagram.fabe1-1.fna.fbcdn.net/v/t51.2885-15/e35/c0.135.1080.1080a/s320x320/121558930_176684870747152_5719376637323564187_n.jpg?_nc_ht=instagram.fabe1-1.fna.fbcdn.net&_nc_cat=104&_nc_ohc=Nhmvb_s7MXgAX_1o9Ha&tp=16&oh=eb115c1295a83b8bf8f524fcc00711fa&oe=5FB48DA1"
                },
                {
                    "config_height": 480,
                    "config_width": 480,
                    "src": "https://instagram.fabe1-1.fna.fbcdn.net/v/t51.2885-15/e35/c0.135.1080.1080a/s480x480/121558930_176684870747152_5719376637323564187_n.jpg?_nc_ht=instagram.fabe1-1.fna.fbcdn.net&_nc_cat=104&_nc_ohc=Nhmvb_s7MXgAX_1o9Ha&tp=16&oh=fd295e659b181031f8d89f3e556aad2f&oe=5FB24EE8"
                },
                {
                    "config_height": 640,
                    "config_width": 640,
                    "src": "https://instagram.fabe1-1.fna.fbcdn.net/v/t51.2885-15/sh0.08/e35/c0.135.1080.1080a/s640x640/121558930_176684870747152_5719376637323564187_n.jpg?_nc_ht=instagram.fabe1-1.fna.fbcdn.net&_nc_cat=104&_nc_ohc=Nhmvb_s7MXgAX_1o9Ha&oh=24c0acb19a93451bb00c02f69d2e3cdc&oe=5FB335E9"
                }
            ],
            "thumbnail_src": "https://instagram.fabe1-1.fna.fbcdn.net/v/t51.2885-15/sh0.08/e35/c0.135.1080.1080a/s640x640/121558930_176684870747152_5719376637323564187_n.jpg?_nc_ht=instagram.fabe1-1.fna.fbcdn.net&_nc_cat=104&_nc_ohc=Nhmvb_s7MXgAX_1o9Ha&oh=24c0acb19a93451bb00c02f69d2e3cdc&oe=5FB335E9",
            "urls": [
                "https://instagram.fabe1-1.fna.fbcdn.net/v/t51.2885-15/e35/121558930_176684870747152_5719376637323564187_n.jpg?_nc_ht=instagram.fabe1-1.fna.fbcdn.net&_nc_cat=104&_nc_ohc=Nhmvb_s7MXgAX_1o9Ha&_nc_tp=18&oh=cd5067780e11b7b6e9d93c2dbe058fb2&oe=5FB1F180"
            ]
        },
        {
            "comments_disabled": false,
            "dimensions": {
                "height": 1080,
                "width": 1080
            },
            "display_url": "https://instagram.fabe1-1.fna.fbcdn.net/v/t51.2885-15/e35/s1080x1080/121656532_330306121599242_6615249148993163514_n.jpg?_nc_ht=instagram.fabe1-1.fna.fbcdn.net&_nc_cat=102&_nc_ohc=xhcmhw4xbKsAX9GiDUL&_nc_tp=15&oh=2cc0f362f339d3bbb9daa20426e01680&oe=5FB1E986",
            "edge_liked_by": {
                "count": 0
            },
            "edge_media_preview_like": {
                "count": 0
            },
            "edge_media_to_caption": {
                "edges": [
                    {
                        "node": {
                            "text": ".﻿\n﻿\n﻿\n﻿\n﻿\n﻿\nマイアミに住んでいる友達から送られてきた写真🏝﻿\n﻿\nもう最高に綺麗🥰﻿\n﻿\n﻿\nやはりカリブ海の海は最高にキレイ🏝﻿\n﻿\n﻿\n﻿\nやっぱり海の近くに住みたいな〜﻿\nとまた最近妄想を膨らましています❣️﻿\n﻿\n﻿\n﻿\n﻿\n﻿\n【Wellness tips】﻿\n理想をリアルに妄想する❣️﻿\n妄想する事で、その妄想が現実になる🥰﻿\n﻿\n﻿\n﻿\n﻿\n﻿\n================================﻿\n﻿\nあなたはどんな人生を過ごしたいですか？﻿\n﻿\n無料の体験セッション募集中です🙌﻿\n　　　﻿\n詳しくは﻿\n@wellness_lovemyself ﻿\n☝️トップのリンクをクリック💌﻿\n﻿\n﻿\n🇱 🇴 🇻 🇪 ﻿\n﻿\n=================================﻿\n﻿\n#ビジュアライゼーション ﻿\n#コーチング﻿\n#マインドフルネス"
                        }
                    }
                ]
            },
            "edge_media_to_comment": {
                "count": 0
            },
            "id": "2421516645630753612",
            "is_video": false,
            "owner": {
                "id": "36726517432"
            },
            "shortcode": "CGa9I84hDtM",
            "tags": [
                "ビジュアライゼーション",
                "マインドフルネス",
                "コーチング"
            ],
            "taken_at_timestamp": 1602887300,
            "thumbnail_resources": [
                {
                    "config_height": 150,
                    "config_width": 150,
                    "src": "https://instagram.fabe1-1.fna.fbcdn.net/v/t51.2885-15/e35/s150x150/121656532_330306121599242_6615249148993163514_n.jpg?_nc_ht=instagram.fabe1-1.fna.fbcdn.net&_nc_cat=102&_nc_ohc=xhcmhw4xbKsAX9GiDUL&_nc_tp=15&oh=415e5f877c8a7bd5aa42e82d6a89296a&oe=5FB32DC5"
                },
                {
                    "config_height": 240,
                    "config_width": 240,
                    "src": "https://instagram.fabe1-1.fna.fbcdn.net/v/t51.2885-15/e35/s240x240/121656532_330306121599242_6615249148993163514_n.jpg?_nc_ht=instagram.fabe1-1.fna.fbcdn.net&_nc_cat=102&_nc_ohc=xhcmhw4xbKsAX9GiDUL&_nc_tp=15&oh=c40bd9f172b8ffced0f925508d14c040&oe=5FB463C3"
                },
                {
                    "config_height": 320,
                    "config_width": 320,
                    "src": "https://instagram.fabe1-1.fna.fbcdn.net/v/t51.2885-15/e35/s320x320/121656532_330306121599242_6615249148993163514_n.jpg?_nc_ht=instagram.fabe1-1.fna.fbcdn.net&_nc_cat=102&_nc_ohc=xhcmhw4xbKsAX9GiDUL&_nc_tp=15&oh=75a558a6d97a790f4e35e8d3b93da7e6&oe=5FB367BD"
                },
                {
                    "config_height": 480,
                    "config_width": 480,
                    "src": "https://instagram.fabe1-1.fna.fbcdn.net/v/t51.2885-15/e35/s480x480/121656532_330306121599242_6615249148993163514_n.jpg?_nc_ht=instagram.fabe1-1.fna.fbcdn.net&_nc_cat=102&_nc_ohc=xhcmhw4xbKsAX9GiDUL&_nc_tp=15&oh=07f254875075f036cc5ebe501d376e5d&oe=5FB3EEFC"
                },
                {
                    "config_height": 640,
                    "config_width": 640,
                    "src": "https://instagram.fabe1-1.fna.fbcdn.net/v/t51.2885-15/sh0.08/e35/s640x640/121656532_330306121599242_6615249148993163514_n.jpg?_nc_ht=instagram.fabe1-1.fna.fbcdn.net&_nc_cat=102&_nc_ohc=xhcmhw4xbKsAX9GiDUL&_nc_tp=24&oh=6c3ce0370afee7061ddb65cec08b8c7e&oe=5FB2C0C2"
                }
            ],
            "thumbnail_src": "https://instagram.fabe1-1.fna.fbcdn.net/v/t51.2885-15/sh0.08/e35/s640x640/121656532_330306121599242_6615249148993163514_n.jpg?_nc_ht=instagram.fabe1-1.fna.fbcdn.net&_nc_cat=102&_nc_ohc=xhcmhw4xbKsAX9GiDUL&_nc_tp=24&oh=6c3ce0370afee7061ddb65cec08b8c7e&oe=5FB2C0C2",
            "urls": []
        },
        {
            "comments_disabled": false,
            "dimensions": {
                "height": 1350,
                "width": 1080
            },
            "display_url": "https://instagram.fabe1-1.fna.fbcdn.net/v/t51.2885-15/e35/p1080x1080/121583067_144288987399283_3256970753811350099_n.jpg?_nc_ht=instagram.fabe1-1.fna.fbcdn.net&_nc_cat=107&_nc_ohc=g0co_QC9bpkAX_xMYpq&tp=19&oh=8ff626e6357d0863f11cbfa4a9faaf07&oe=5FB4ECAB",
            "edge_liked_by": {
                "count": 0
            },
            "edge_media_preview_like": {
                "count": 0
            },
            "edge_media_to_caption": {
                "edges": [
                    {
                        "node": {
                            "text": "#fresh #pear #yogurt ❤️"
                        }
                    }
                ]
            },
            "edge_media_to_comment": {
                "count": 0
            },
            "id": "2421516643776855662",
            "is_video": false,
            "owner": {
                "id": "1583693582"
            },
            "shortcode": "CGa9I7KA_5u",
            "tags": [
                "yogurt",
                "fresh",
                "pear"
            ],
            "taken_at_timestamp": 1602887300,
            "thumbnail_resources": [
                {
                    "config_height": 150,
                    "config_width": 150,
                    "src": "https://instagram.fabe1-1.fna.fbcdn.net/v/t51.2885-15/e35/c0.180.1440.1440a/s150x150/121583067_144288987399283_3256970753811350099_n.jpg?_nc_ht=instagram.fabe1-1.fna.fbcdn.net&_nc_cat=107&_nc_ohc=g0co_QC9bpkAX_xMYpq&tp=16&oh=89c3537420d928d9a2bce52ac08697eb&oe=5FB3B0BF"
                },
                {
                    "config_height": 240,
                    "config_width": 240,
                    "src": "https://instagram.fabe1-1.fna.fbcdn.net/v/t51.2885-15/e35/c0.180.1440.1440a/s240x240/121583067_144288987399283_3256970753811350099_n.jpg?_nc_ht=instagram.fabe1-1.fna.fbcdn.net&_nc_cat=107&_nc_ohc=g0co_QC9bpkAX_xMYpq&tp=16&oh=daf0db10dfdd6422c97e20edd80cd0a0&oe=5FB4B739"
                },
                {
                    "config_height": 320,
                    "config_width": 320,
                    "src": "https://instagram.fabe1-1.fna.fbcdn.net/v/t51.2885-15/e35/c0.180.1440.1440a/s320x320/121583067_144288987399283_3256970753811350099_n.jpg?_nc_ht=instagram.fabe1-1.fna.fbcdn.net&_nc_cat=107&_nc_ohc=g0co_QC9bpkAX_xMYpq&tp=16&oh=1552fc04c59cb4568edca902732f7f33&oe=5FB3FCC7"
                },
                {
                    "config_height": 480,
                    "config_width": 480,
                    "src": "https://instagram.fabe1-1.fna.fbcdn.net/v/t51.2885-15/e35/c0.180.1440.1440a/s480x480/121583067_144288987399283_3256970753811350099_n.jpg?_nc_ht=instagram.fabe1-1.fna.fbcdn.net&_nc_cat=107&_nc_ohc=g0co_QC9bpkAX_xMYpq&tp=16&oh=eeb1be7596999e54f98861f6eac576cc&oe=5FB22102"
                },
                {
                    "config_height": 640,
                    "config_width": 640,
                    "src": "https://instagram.fabe1-1.fna.fbcdn.net/v/t51.2885-15/sh0.08/e35/c0.180.1440.1440a/s640x640/121583067_144288987399283_3256970753811350099_n.jpg?_nc_ht=instagram.fabe1-1.fna.fbcdn.net&_nc_cat=107&_nc_ohc=g0co_QC9bpkAX_xMYpq&oh=4b05c9fd8e487c554eb32c299b2439e7&oe=5FB3890F"
                }
            ],
            "thumbnail_src": "https://instagram.fabe1-1.fna.fbcdn.net/v/t51.2885-15/sh0.08/e35/c0.180.1440.1440a/s640x640/121583067_144288987399283_3256970753811350099_n.jpg?_nc_ht=instagram.fabe1-1.fna.fbcdn.net&_nc_cat=107&_nc_ohc=g0co_QC9bpkAX_xMYpq&oh=4b05c9fd8e487c554eb32c299b2439e7&oe=5FB3890F",
            "urls": [
                "https://instagram.fabe1-1.fna.fbcdn.net/v/t51.2885-15/e35/p1080x1080/121583067_144288987399283_3256970753811350099_n.jpg?_nc_ht=instagram.fabe1-1.fna.fbcdn.net&_nc_cat=107&_nc_ohc=g0co_QC9bpkAX_xMYpq&tp=19&oh=8ff626e6357d0863f11cbfa4a9faaf07&oe=5FB4ECAB",
                "https://instagram.fabe1-1.fna.fbcdn.net/v/t50.2886-16/121614567_399876711045033_9188381089203865631_n.mp4?_nc_ht=instagram.fabe1-1.fna.fbcdn.net&_nc_cat=109&_nc_ohc=loO1ud6-v_UAX_nHpf0&oe=5F8C2B47&oh=5d8d2de855a1185f04fcfa66d9f00c67"
            ]
        },
        {
            "comments_disabled": false,
            "dimensions": {
                "height": 638,
                "width": 640
            },
            "display_url": "https://instagram.fabe1-1.fna.fbcdn.net/v/t51.2885-15/e35/121635198_1009032916174360_3633252604306807047_n.jpg?_nc_ht=instagram.fabe1-1.fna.fbcdn.net&_nc_cat=104&_nc_ohc=mXyWkkFUfqcAX_tAvfC&_nc_tp=18&oh=bf75f9dec8f1fc5a22b03a6ffa919cb7&oe=5FB37927",
            "edge_liked_by": {
                "count": 0
            },
            "edge_media_preview_like": {
                "count": 0
            },
            "edge_media_to_caption": {
                "edges": [
                    {
                        "node": {
                            "text": "Limitless \n\nThe challenges in today's world are real and threatening. But they cannot withstand the assault of sustained flexible and out-of-the-box thinking. The mind is limitless in its ability to adapt where necessary and create where inevitable. The onus is on the owner of the mind to make the needed shift in attitude, backed by a concerted action. It is time to eschew fear and complacency and, in the words of Steve Jobs, 'stay hungry and stay foolish'.\n\nLife doesn't put a limit on how much you learn, you do.! You set the limits, your deeds determine the outcome. \n\nYou are limitless... you are powerful, don’t wait to unleash your potential, the time is now..\n\nHit me up 🤙 and we can start working towards your goals unleashing your power and potential..\n\nhttps://www.instagram.com/andres_sfc3 \n\n #millionairemindset #millionairementor #millionaire_mentor\n#millionairemind #multimillionaire #millionairelifestyle #powercomesfromwithin #mentorship #teamlfg #entrepreneur #freedom #entrepreneurlife #empoweringleaders #business #success #manifestabundance #abundance #leader #leadership #empoweringleaders #mentor #mentorship #mentorshipprogram #buldingempire #freedom #attitudeofgratitude #moneymaker #lifestyle #teamworkmakesthedreamwork \n#limitless #gratitude"
                        }
                    }
                ]
            },
            "edge_media_to_comment": {
                "count": 0
            },
            "id": "2421516301027417755",
            "is_video": false,
            "owner": {
                "id": "36658354367"
            },
            "shortcode": "CGa9D78jp6b",
            "tags": [
                "freedom",
                "mentorship",
                "empoweringleaders",
                "millionairemind",
                "multimillionaire",
                "gratitude",
                "millionaire_mentor",
                "powercomesfromwithin",
                "millionairemindset",
                "manifestabundance",
                "buldingempire",
                "mentorshipprogram",
                "leader",
                "leadership",
                "attitudeofgratitude",
                "lifestyle",
                "teamlfg",
                "moneymaker",
                "entrepreneur",
                "limitless",
                "abundance",
                "millionairelifestyle",
                "millionairementor",
                "teamworkmakesthedreamwork",
                "mentor",
                "business",
                "entrepreneurlife",
                "success"
            ],
            "taken_at_timestamp": 1602887259,
            "thumbnail_resources": [
                {
                    "config_height": 150,
                    "config_width": 150,
                    "src": "https://instagram.fabe1-1.fna.fbcdn.net/v/t51.2885-15/e35/c0.0.494.494a/s150x150/121635198_1009032916174360_3633252604306807047_n.jpg?_nc_ht=instagram.fabe1-1.fna.fbcdn.net&_nc_cat=104&_nc_ohc=mXyWkkFUfqcAX_tAvfC&tp=16&oh=d2344ac622364e0b35455e12c2e48a8e&oe=5FB30EBB"
                },
                {
                    "config_height": 240,
                    "config_width": 240,
                    "src": "https://instagram.fabe1-1.fna.fbcdn.net/v/t51.2885-15/e35/c0.0.494.494a/s240x240/121635198_1009032916174360_3633252604306807047_n.jpg?_nc_ht=instagram.fabe1-1.fna.fbcdn.net&_nc_cat=104&_nc_ohc=mXyWkkFUfqcAX_tAvfC&tp=16&oh=ce4bf20951b86882c9f33c798c7c0724&oe=5FB31BF3"
                },
                {
                    "config_height": 320,
                    "config_width": 320,
                    "src": "https://instagram.fabe1-1.fna.fbcdn.net/v/t51.2885-15/e35/c0.0.494.494a/s320x320/121635198_1009032916174360_3633252604306807047_n.jpg?_nc_ht=instagram.fabe1-1.fna.fbcdn.net&_nc_cat=104&_nc_ohc=mXyWkkFUfqcAX_tAvfC&tp=16&oh=13e11358abe9ded8bbc59069e9dbe97f&oe=5FB3262E"
                },
                {
                    "config_height": 480,
                    "config_width": 480,
                    "src": "https://instagram.fabe1-1.fna.fbcdn.net/v/t51.2885-15/e35/c0.0.494.494a/s480x480/121635198_1009032916174360_3633252604306807047_n.jpg?_nc_ht=instagram.fabe1-1.fna.fbcdn.net&_nc_cat=104&_nc_ohc=mXyWkkFUfqcAX_tAvfC&tp=16&oh=b630ce3cafc5a0dc40f89e9f772c34c1&oe=5FB23C70"
                },
                {
                    "config_height": 640,
                    "config_width": 640,
                    "src": "https://instagram.fabe1-1.fna.fbcdn.net/v/t51.2885-15/e35/c0.0.494.494a/121635198_1009032916174360_3633252604306807047_n.jpg?_nc_ht=instagram.fabe1-1.fna.fbcdn.net&_nc_cat=104&_nc_ohc=mXyWkkFUfqcAX_tAvfC&oh=346f54bcedc7172e9f5a85ce85790a7f&oe=5FB40786"
                }
            ],
            "thumbnail_src": "https://instagram.fabe1-1.fna.fbcdn.net/v/t51.2885-15/e35/c0.0.494.494a/121635198_1009032916174360_3633252604306807047_n.jpg?_nc_ht=instagram.fabe1-1.fna.fbcdn.net&_nc_cat=104&_nc_ohc=mXyWkkFUfqcAX_tAvfC&oh=346f54bcedc7172e9f5a85ce85790a7f&oe=5FB40786",
            "urls": [
                "https://instagram.fabe1-1.fna.fbcdn.net/v/t51.2885-15/e35/121635198_1009032916174360_3633252604306807047_n.jpg?_nc_ht=instagram.fabe1-1.fna.fbcdn.net&_nc_cat=104&_nc_ohc=mXyWkkFUfqcAX_tAvfC&_nc_tp=18&oh=bf75f9dec8f1fc5a22b03a6ffa919cb7&oe=5FB37927"
            ]
        }
    ]
}