{
    "GraphImages": [
        {
            "comments_disabled": false,
            "dimensions": {
                "height": 1350,
                "width": 1080
            },
            "display_url": "https://instagram.fabe1-1.fna.fbcdn.net/v/t51.2885-15/e35/p1080x1080/121486694_357677458645174_4949510849215080898_n.jpg?_nc_ht=instagram.fabe1-1.fna.fbcdn.net&_nc_cat=110&_nc_ohc=lnInJ-aCU4gAX_4TP3E&tp=19&oh=358bc700ad5d48868ad26f8c7f8acdfe&oe=5FB237D2",
            "edge_liked_by": {
                "count": 0
            },
            "edge_media_preview_like": {
                "count": 0
            },
            "edge_media_to_caption": {
                "edges": [
                    {
                        "node": {
                            "text": "I'm not mad, I just want us to be better\nIt feels right when we're together, okay? 💕"
                        }
                    }
                ]
            },
            "edge_media_to_comment": {
                "count": 0
            },
            "id": "2421566090336248335",
            "is_video": false,
            "owner": {
                "id": "970244087"
            },
            "shortcode": "CGbIYd2n6IP",
            "tags": [],
            "taken_at_timestamp": 1602893194,
            "thumbnail_resources": [
                {
                    "config_height": 150,
                    "config_width": 150,
                    "src": "https://instagram.fabe1-1.fna.fbcdn.net/v/t51.2885-15/e35/c0.180.1440.1440a/s150x150/121486694_357677458645174_4949510849215080898_n.jpg?_nc_ht=instagram.fabe1-1.fna.fbcdn.net&_nc_cat=110&_nc_ohc=lnInJ-aCU4gAX_4TP3E&tp=16&oh=9fa7e1ff5d538a12e5695e5372931676&oe=5FB39546"
                },
                {
                    "config_height": 240,
                    "config_width": 240,
                    "src": "https://instagram.fabe1-1.fna.fbcdn.net/v/t51.2885-15/e35/c0.180.1440.1440a/s240x240/121486694_357677458645174_4949510849215080898_n.jpg?_nc_ht=instagram.fabe1-1.fna.fbcdn.net&_nc_cat=110&_nc_ohc=lnInJ-aCU4gAX_4TP3E&tp=16&oh=a5435431b8e2da45b04d33fc4b1b09da&oe=5FB461C4"
                },
                {
                    "config_height": 320,
                    "config_width": 320,
                    "src": "https://instagram.fabe1-1.fna.fbcdn.net/v/t51.2885-15/e35/c0.180.1440.1440a/s320x320/121486694_357677458645174_4949510849215080898_n.jpg?_nc_ht=instagram.fabe1-1.fna.fbcdn.net&_nc_cat=110&_nc_ohc=lnInJ-aCU4gAX_4TP3E&tp=16&oh=919ade38f1d700bb9a5ed1bb1dad445a&oe=5FB342BE"
                },
                {
                    "config_height": 480,
                    "config_width": 480,
                    "src": "https://instagram.fabe1-1.fna.fbcdn.net/v/t51.2885-15/e35/c0.180.1440.1440a/s480x480/121486694_357677458645174_4949510849215080898_n.jpg?_nc_ht=instagram.fabe1-1.fna.fbcdn.net&_nc_cat=110&_nc_ohc=lnInJ-aCU4gAX_4TP3E&tp=16&oh=0377400ca9ab4736b72e3d6dbb3b5e49&oe=5FB3287B"
                },
                {
                    "config_height": 640,
                    "config_width": 640,
                    "src": "https://instagram.fabe1-1.fna.fbcdn.net/v/t51.2885-15/sh0.08/e35/c0.180.1440.1440a/s640x640/121486694_357677458645174_4949510849215080898_n.jpg?_nc_ht=instagram.fabe1-1.fna.fbcdn.net&_nc_cat=110&_nc_ohc=lnInJ-aCU4gAX_4TP3E&oh=77d825edcb965d844bbc9ede93cafcf6&oe=5FB35FF6"
                }
            ],
            "thumbnail_src": "https://instagram.fabe1-1.fna.fbcdn.net/v/t51.2885-15/sh0.08/e35/c0.180.1440.1440a/s640x640/121486694_357677458645174_4949510849215080898_n.jpg?_nc_ht=instagram.fabe1-1.fna.fbcdn.net&_nc_cat=110&_nc_ohc=lnInJ-aCU4gAX_4TP3E&oh=77d825edcb965d844bbc9ede93cafcf6&oe=5FB35FF6",
            "urls": [
                "https://instagram.fabe1-1.fna.fbcdn.net/v/t51.2885-15/e35/p1080x1080/121486694_357677458645174_4949510849215080898_n.jpg?_nc_ht=instagram.fabe1-1.fna.fbcdn.net&_nc_cat=110&_nc_ohc=lnInJ-aCU4gAX_4TP3E&tp=19&oh=358bc700ad5d48868ad26f8c7f8acdfe&oe=5FB237D2",
                "https://instagram.fabe1-1.fna.fbcdn.net/v/t51.2885-15/e35/p1080x1080/121495575_167056148431862_6331700657369517529_n.jpg?_nc_ht=instagram.fabe1-1.fna.fbcdn.net&_nc_cat=102&_nc_ohc=jgvXPkpWkVEAX80kGq0&tp=19&oh=3fd5712547e8793633b61902fb654044&oe=5FB292CE"
            ]
        },
        {
            "comments_disabled": false,
            "dimensions": {
                "height": 750,
                "width": 750
            },
            "display_url": "https://instagram.fabe1-1.fna.fbcdn.net/v/t51.2885-15/e35/121176694_176809814056436_7199530923185172798_n.jpg?_nc_ht=instagram.fabe1-1.fna.fbcdn.net&_nc_cat=108&_nc_ohc=am50BGmX8NoAX-Yl8ba&_nc_tp=18&oh=3d5a43316ff1136b106466532a54ad23&oe=5F8C8D55",
            "edge_liked_by": {
                "count": 0
            },
            "edge_media_preview_like": {
                "count": 0
            },
            "edge_media_to_caption": {
                "edges": [
                    {
                        "node": {
                            "text": "Another one!!! Century 30” 2016 sound amazing #jlaudio #jlaudiomarine #marine #audio #saltlife #fusion #centuryboats #luxury #m6 #led #ledlights #perfect"
                        }
                    }
                ]
            },
            "edge_media_to_comment": {
                "count": 0
            },
            "id": "2421562426501426867",
            "is_video": true,
            "owner": {
                "id": "25037146641"
            },
            "shortcode": "CGbHjJpDO6z",
            "tags": [
                "audio",
                "jlaudiomarine",
                "jlaudio",
                "fusion",
                "m6",
                "saltlife",
                "ledlights",
                "led",
                "perfect",
                "marine",
                "luxury",
                "centuryboats"
            ],
            "taken_at_timestamp": 1602893177,
            "thumbnail_resources": [
                {
                    "config_height": 150,
                    "config_width": 150,
                    "src": "https://instagram.fabe1-1.fna.fbcdn.net/v/t51.2885-15/e35/s150x150/121176694_176809814056436_7199530923185172798_n.jpg?_nc_ht=instagram.fabe1-1.fna.fbcdn.net&_nc_cat=108&_nc_ohc=am50BGmX8NoAX-Yl8ba&_nc_tp=15&oh=7a1e0489c544c41520be6b48bcde4451&oe=5F8CA66C"
                },
                {
                    "config_height": 240,
                    "config_width": 240,
                    "src": "https://instagram.fabe1-1.fna.fbcdn.net/v/t51.2885-15/e35/s240x240/121176694_176809814056436_7199530923185172798_n.jpg?_nc_ht=instagram.fabe1-1.fna.fbcdn.net&_nc_cat=108&_nc_ohc=am50BGmX8NoAX-Yl8ba&_nc_tp=15&oh=592a378b2f740ab471d17f9d90291ca4&oe=5F8CAB6E"
                },
                {
                    "config_height": 320,
                    "config_width": 320,
                    "src": "https://instagram.fabe1-1.fna.fbcdn.net/v/t51.2885-15/e35/s320x320/121176694_176809814056436_7199530923185172798_n.jpg?_nc_ht=instagram.fabe1-1.fna.fbcdn.net&_nc_cat=108&_nc_ohc=am50BGmX8NoAX-Yl8ba&_nc_tp=15&oh=ca6ff1e14a92cc7f11f3875b00ce2fbb&oe=5F8C9D94"
                },
                {
                    "config_height": 480,
                    "config_width": 480,
                    "src": "https://instagram.fabe1-1.fna.fbcdn.net/v/t51.2885-15/e35/s480x480/121176694_176809814056436_7199530923185172798_n.jpg?_nc_ht=instagram.fabe1-1.fna.fbcdn.net&_nc_cat=108&_nc_ohc=am50BGmX8NoAX-Yl8ba&_nc_tp=15&oh=4fd5d774840ce898bee635f00a8c6053&oe=5F8CD155"
                },
                {
                    "config_height": 640,
                    "config_width": 640,
                    "src": "https://instagram.fabe1-1.fna.fbcdn.net/v/t51.2885-15/sh0.08/e35/s640x640/121176694_176809814056436_7199530923185172798_n.jpg?_nc_ht=instagram.fabe1-1.fna.fbcdn.net&_nc_cat=108&_nc_ohc=am50BGmX8NoAX-Yl8ba&_nc_tp=24&oh=bb6b083ad04755c99560ab3ecefdafe5&oe=5F8CA7EF"
                }
            ],
            "thumbnail_src": "https://instagram.fabe1-1.fna.fbcdn.net/v/t51.2885-15/sh0.08/e35/s640x640/121176694_176809814056436_7199530923185172798_n.jpg?_nc_ht=instagram.fabe1-1.fna.fbcdn.net&_nc_cat=108&_nc_ohc=am50BGmX8NoAX-Yl8ba&_nc_tp=24&oh=bb6b083ad04755c99560ab3ecefdafe5&oe=5F8CA7EF",
            "urls": [
                "https://instagram.fabe1-1.fna.fbcdn.net/v/t50.2886-16/121960403_2438449629782260_2059807421168515161_n.mp4?_nc_ht=instagram.fabe1-1.fna.fbcdn.net&_nc_cat=104&_nc_ohc=m2goch1AScMAX_RdXP6&oe=5F8C66CF&oh=7fcd6699af5ee5ff4db030de1a73cd1b"
            ],
            "video_view_count": 0
        },
        {
            "comments_disabled": false,
            "dimensions": {
                "height": 1080,
                "width": 1080
            },
            "display_url": "https://instagram.fabe1-1.fna.fbcdn.net/v/t51.2885-15/e35/s1080x1080/121584580_244798780509016_7193632240299687009_n.jpg?_nc_ht=instagram.fabe1-1.fna.fbcdn.net&_nc_cat=104&_nc_ohc=mJOd9upEerMAX88mKMI&_nc_tp=15&oh=567d3669a43c1d3a2c7bc2254285b520&oe=5FB1EC5C",
            "edge_liked_by": {
                "count": 0
            },
            "edge_media_preview_like": {
                "count": 0
            },
            "edge_media_to_caption": {
                "edges": [
                    {
                        "node": {
                            "text": "Gym time yeah :)\nalmost 50 lbs lighter than 3 months ago feeling super happy :)))\nno pill no surgery \nmore sleep more sx ;)) more Protein shakes \nno eat and Fitness haha \n\n#fitrealtor \n#equinox\n#itsnitfitnessitslife"
                        }
                    }
                ]
            },
            "edge_media_to_comment": {
                "count": 0
            },
            "id": "2421565865804885218",
            "is_video": false,
            "owner": {
                "id": "3996262181"
            },
            "shortcode": "CGbIVMvguzi",
            "tags": [
                "fitrealtor",
                "itsnitfitnessitslife",
                "equinox"
            ],
            "taken_at_timestamp": 1602893168,
            "thumbnail_resources": [
                {
                    "config_height": 150,
                    "config_width": 150,
                    "src": "https://instagram.fabe1-1.fna.fbcdn.net/v/t51.2885-15/e35/s150x150/121584580_244798780509016_7193632240299687009_n.jpg?_nc_ht=instagram.fabe1-1.fna.fbcdn.net&_nc_cat=104&_nc_ohc=mJOd9upEerMAX88mKMI&_nc_tp=15&oh=5335bcb241545f203e4629f24faa375d&oe=5FB3ED9B"
                },
                {
                    "config_height": 240,
                    "config_width": 240,
                    "src": "https://instagram.fabe1-1.fna.fbcdn.net/v/t51.2885-15/e35/s240x240/121584580_244798780509016_7193632240299687009_n.jpg?_nc_ht=instagram.fabe1-1.fna.fbcdn.net&_nc_cat=104&_nc_ohc=mJOd9upEerMAX88mKMI&_nc_tp=15&oh=b7f6e5a4291099f87dc0fe25f12c4dc1&oe=5FB2869D"
                },
                {
                    "config_height": 320,
                    "config_width": 320,
                    "src": "https://instagram.fabe1-1.fna.fbcdn.net/v/t51.2885-15/e35/s320x320/121584580_244798780509016_7193632240299687009_n.jpg?_nc_ht=instagram.fabe1-1.fna.fbcdn.net&_nc_cat=104&_nc_ohc=mJOd9upEerMAX88mKMI&_nc_tp=15&oh=be9aeffbb819515d556511c0466746e8&oe=5FB45EE3"
                },
                {
                    "config_height": 480,
                    "config_width": 480,
                    "src": "https://instagram.fabe1-1.fna.fbcdn.net/v/t51.2885-15/e35/s480x480/121584580_244798780509016_7193632240299687009_n.jpg?_nc_ht=instagram.fabe1-1.fna.fbcdn.net&_nc_cat=104&_nc_ohc=mJOd9upEerMAX88mKMI&_nc_tp=15&oh=d11bc4a5592e0b84b5048e67fbaca3e1&oe=5FB349A6"
                },
                {
                    "config_height": 640,
                    "config_width": 640,
                    "src": "https://instagram.fabe1-1.fna.fbcdn.net/v/t51.2885-15/sh0.08/e35/s640x640/121584580_244798780509016_7193632240299687009_n.jpg?_nc_ht=instagram.fabe1-1.fna.fbcdn.net&_nc_cat=104&_nc_ohc=mJOd9upEerMAX88mKMI&_nc_tp=24&oh=588a0aab63401c1daf95b200bde09b60&oe=5FB3CDA0"
                }
            ],
            "thumbnail_src": "https://instagram.fabe1-1.fna.fbcdn.net/v/t51.2885-15/sh0.08/e35/s640x640/121584580_244798780509016_7193632240299687009_n.jpg?_nc_ht=instagram.fabe1-1.fna.fbcdn.net&_nc_cat=104&_nc_ohc=mJOd9upEerMAX88mKMI&_nc_tp=24&oh=588a0aab63401c1daf95b200bde09b60&oe=5FB3CDA0",
            "urls": [
                "https://instagram.fabe1-1.fna.fbcdn.net/v/t51.2885-15/e35/s1080x1080/121584580_244798780509016_7193632240299687009_n.jpg?_nc_ht=instagram.fabe1-1.fna.fbcdn.net&_nc_cat=104&_nc_ohc=mJOd9upEerMAX88mKMI&_nc_tp=15&oh=567d3669a43c1d3a2c7bc2254285b520&oe=5FB1EC5C"
            ]
        },
        {
            "comments_disabled": false,
            "dimensions": {
                "height": 870,
                "width": 1080
            },
            "display_url": "https://instagram.fabe1-1.fna.fbcdn.net/v/t51.2885-15/e35/s1080x1080/121552845_191153282455195_2977806265367712724_n.jpg?_nc_ht=instagram.fabe1-1.fna.fbcdn.net&_nc_cat=107&_nc_ohc=VUd1p5L6oIgAX-d_q2B&_nc_tp=15&oh=c173160d04e0b611f1c23978de1e8320&oe=5FB2B29D",
            "edge_liked_by": {
                "count": 0
            },
            "edge_media_preview_like": {
                "count": 0
            },
            "edge_media_to_caption": {
                "edges": []
            },
            "edge_media_to_comment": {
                "count": 0
            },
            "id": "2421565749473567878",
            "is_video": false,
            "owner": {
                "id": "6746764328"
            },
            "shortcode": "CGbITgZn-SG",
            "taken_at_timestamp": 1602893154,
            "thumbnail_resources": [
                {
                    "config_height": 150,
                    "config_width": 150,
                    "src": "https://instagram.fabe1-1.fna.fbcdn.net/v/t51.2885-15/e35/c139.0.1161.1161a/s150x150/121552845_191153282455195_2977806265367712724_n.jpg?_nc_ht=instagram.fabe1-1.fna.fbcdn.net&_nc_cat=107&_nc_ohc=VUd1p5L6oIgAX-d_q2B&tp=16&oh=bb8e86017f2592b9d410820ca5c2b0a9&oe=5FB3FAC8"
                },
                {
                    "config_height": 240,
                    "config_width": 240,
                    "src": "https://instagram.fabe1-1.fna.fbcdn.net/v/t51.2885-15/e35/c139.0.1161.1161a/s240x240/121552845_191153282455195_2977806265367712724_n.jpg?_nc_ht=instagram.fabe1-1.fna.fbcdn.net&_nc_cat=107&_nc_ohc=VUd1p5L6oIgAX-d_q2B&tp=16&oh=6d48a1d2d74d978067adf65902cc863d&oe=5FB24EC2"
                },
                {
                    "config_height": 320,
                    "config_width": 320,
                    "src": "https://instagram.fabe1-1.fna.fbcdn.net/v/t51.2885-15/e35/c139.0.1161.1161a/s320x320/121552845_191153282455195_2977806265367712724_n.jpg?_nc_ht=instagram.fabe1-1.fna.fbcdn.net&_nc_cat=107&_nc_ohc=VUd1p5L6oIgAX-d_q2B&tp=16&oh=aedc9ab574f70bef04d78eb867ff07f3&oe=5FB3ACC0"
                },
                {
                    "config_height": 480,
                    "config_width": 480,
                    "src": "https://instagram.fabe1-1.fna.fbcdn.net/v/t51.2885-15/e35/c139.0.1161.1161a/s480x480/121552845_191153282455195_2977806265367712724_n.jpg?_nc_ht=instagram.fabe1-1.fna.fbcdn.net&_nc_cat=107&_nc_ohc=VUd1p5L6oIgAX-d_q2B&tp=16&oh=8fb2ea1f118f28edfe9214f76fbded4d&oe=5FB2B4F9"
                },
                {
                    "config_height": 640,
                    "config_width": 640,
                    "src": "https://instagram.fabe1-1.fna.fbcdn.net/v/t51.2885-15/sh0.08/e35/c139.0.1161.1161a/s640x640/121552845_191153282455195_2977806265367712724_n.jpg?_nc_ht=instagram.fabe1-1.fna.fbcdn.net&_nc_cat=107&_nc_ohc=VUd1p5L6oIgAX-d_q2B&oh=148f4a669c8f18384f6d1378d88aafdf&oe=5FB4E5F8"
                }
            ],
            "thumbnail_src": "https://instagram.fabe1-1.fna.fbcdn.net/v/t51.2885-15/sh0.08/e35/c139.0.1161.1161a/s640x640/121552845_191153282455195_2977806265367712724_n.jpg?_nc_ht=instagram.fabe1-1.fna.fbcdn.net&_nc_cat=107&_nc_ohc=VUd1p5L6oIgAX-d_q2B&oh=148f4a669c8f18384f6d1378d88aafdf&oe=5FB4E5F8",
            "urls": [
                "https://instagram.fabe1-1.fna.fbcdn.net/v/t51.2885-15/e35/s1080x1080/121552845_191153282455195_2977806265367712724_n.jpg?_nc_ht=instagram.fabe1-1.fna.fbcdn.net&_nc_cat=107&_nc_ohc=VUd1p5L6oIgAX-d_q2B&_nc_tp=15&oh=c173160d04e0b611f1c23978de1e8320&oe=5FB2B29D"
            ]
        },
        {
            "comments_disabled": false,
            "dimensions": {
                "height": 1080,
                "width": 1080
            },
            "display_url": "https://instagram.fabe1-1.fna.fbcdn.net/v/t51.2885-15/e35/s1080x1080/121593135_270937637489139_6527958941035663704_n.jpg?_nc_ht=instagram.fabe1-1.fna.fbcdn.net&_nc_cat=103&_nc_ohc=4o1DNf2Y7KwAX-4e1l7&_nc_tp=15&oh=5cbb43f317b65cefa17ed4e4162c3f50&oe=5FB20A14",
            "edge_liked_by": {
                "count": 1
            },
            "edge_media_preview_like": {
                "count": 1
            },
            "edge_media_to_caption": {
                "edges": [
                    {
                        "node": {
                            "text": "#birds #birdsofinstagram #birdsofparadise #birds_nature #birdsphotography #birds_captures #beachday #beachphotography #beach #beachvibes #beachlifestyle #beachlife #beachlife🌴 #waterphotography #naturephotography #nature #miamibeach #water"
                        }
                    }
                ]
            },
            "edge_media_to_comment": {
                "count": 0
            },
            "id": "2421565739011146156",
            "is_video": false,
            "owner": {
                "id": "43300160208"
            },
            "shortcode": "CGbITWqBAGs",
            "tags": [
                "miamibeach",
                "water",
                "beachday",
                "waterphotography",
                "beachvibes",
                "birdsphotography",
                "birds_nature",
                "naturephotography",
                "beachlife",
                "beachphotography",
                "birdsofparadise",
                "birds",
                "nature",
                "beach",
                "birds_captures",
                "beachlifestyle",
                "birdsofinstagram"
            ],
            "taken_at_timestamp": 1602893153,
            "thumbnail_resources": [
                {
                    "config_height": 150,
                    "config_width": 150,
                    "src": "https://instagram.fabe1-1.fna.fbcdn.net/v/t51.2885-15/e35/s150x150/121593135_270937637489139_6527958941035663704_n.jpg?_nc_ht=instagram.fabe1-1.fna.fbcdn.net&_nc_cat=103&_nc_ohc=4o1DNf2Y7KwAX-4e1l7&_nc_tp=15&oh=9b57b9108ab2bd443e0237ba50c0c0fb&oe=5FB40FD3"
                },
                {
                    "config_height": 240,
                    "config_width": 240,
                    "src": "https://instagram.fabe1-1.fna.fbcdn.net/v/t51.2885-15/e35/s240x240/121593135_270937637489139_6527958941035663704_n.jpg?_nc_ht=instagram.fabe1-1.fna.fbcdn.net&_nc_cat=103&_nc_ohc=4o1DNf2Y7KwAX-4e1l7&_nc_tp=15&oh=60dccb97f2e7a5cd3bb85dafa0a092f5&oe=5FB35C55"
                },
                {
                    "config_height": 320,
                    "config_width": 320,
                    "src": "https://instagram.fabe1-1.fna.fbcdn.net/v/t51.2885-15/e35/s320x320/121593135_270937637489139_6527958941035663704_n.jpg?_nc_ht=instagram.fabe1-1.fna.fbcdn.net&_nc_cat=103&_nc_ohc=4o1DNf2Y7KwAX-4e1l7&_nc_tp=15&oh=c6d3b4b97331f71c5d4a7ca298c8062a&oe=5FB28E2B"
                },
                {
                    "config_height": 480,
                    "config_width": 480,
                    "src": "https://instagram.fabe1-1.fna.fbcdn.net/v/t51.2885-15/e35/s480x480/121593135_270937637489139_6527958941035663704_n.jpg?_nc_ht=instagram.fabe1-1.fna.fbcdn.net&_nc_cat=103&_nc_ohc=4o1DNf2Y7KwAX-4e1l7&_nc_tp=15&oh=bfe5c01a7f1819d43562f41cc419a6c4&oe=5FB230EE"
                },
                {
                    "config_height": 640,
                    "config_width": 640,
                    "src": "https://instagram.fabe1-1.fna.fbcdn.net/v/t51.2885-15/sh0.08/e35/s640x640/121593135_270937637489139_6527958941035663704_n.jpg?_nc_ht=instagram.fabe1-1.fna.fbcdn.net&_nc_cat=103&_nc_ohc=4o1DNf2Y7KwAX-4e1l7&_nc_tp=24&oh=42a4d509e1394203f4da387191410c19&oe=5FB2F858"
                }
            ],
            "thumbnail_src": "https://instagram.fabe1-1.fna.fbcdn.net/v/t51.2885-15/sh0.08/e35/s640x640/121593135_270937637489139_6527958941035663704_n.jpg?_nc_ht=instagram.fabe1-1.fna.fbcdn.net&_nc_cat=103&_nc_ohc=4o1DNf2Y7KwAX-4e1l7&_nc_tp=24&oh=42a4d509e1394203f4da387191410c19&oe=5FB2F858",
            "urls": [
                "https://instagram.fabe1-1.fna.fbcdn.net/v/t51.2885-15/e35/s1080x1080/121593135_270937637489139_6527958941035663704_n.jpg?_nc_ht=instagram.fabe1-1.fna.fbcdn.net&_nc_cat=103&_nc_ohc=4o1DNf2Y7KwAX-4e1l7&_nc_tp=15&oh=5cbb43f317b65cefa17ed4e4162c3f50&oe=5FB20A14"
            ]
        },
        {
            "comments_disabled": false,
            "dimensions": {
                "height": 1350,
                "width": 1080
            },
            "display_url": "https://instagram.fabe1-1.fna.fbcdn.net/v/t51.2885-15/e35/121551402_181484780255118_5697090697049764585_n.jpg?_nc_ht=instagram.fabe1-1.fna.fbcdn.net&_nc_cat=106&_nc_ohc=Ns0IH0oIHG0AX9DE7iU&_nc_tp=18&oh=f12d741fd0d7a7c0bddf9a806bec2f30&oe=5FB47162",
            "edge_liked_by": {
                "count": 3
            },
            "edge_media_preview_like": {
                "count": 3
            },
            "edge_media_to_caption": {
                "edges": [
                    {
                        "node": {
                            "text": "\"Success is not final, failure is not fatal: it is the courage to continue that counts.\"\n—Winston Churchill"
                        }
                    }
                ]
            },
            "edge_media_to_comment": {
                "count": 0
            },
            "id": "2421564953362377733",
            "is_video": false,
            "owner": {
                "id": "8008327510"
            },
            "shortcode": "CGbIH69sywF",
            "tags": [],
            "taken_at_timestamp": 1602893059,
            "thumbnail_resources": [
                {
                    "config_height": 150,
                    "config_width": 150,
                    "src": "https://instagram.fabe1-1.fna.fbcdn.net/v/t51.2885-15/e35/c0.95.759.759a/s150x150/121551402_181484780255118_5697090697049764585_n.jpg?_nc_ht=instagram.fabe1-1.fna.fbcdn.net&_nc_cat=106&_nc_ohc=Ns0IH0oIHG0AX9DE7iU&tp=16&oh=5d7ecd334d28f7580f9dd2270078f877&oe=5FB47FD6"
                },
                {
                    "config_height": 240,
                    "config_width": 240,
                    "src": "https://instagram.fabe1-1.fna.fbcdn.net/v/t51.2885-15/e35/c0.95.759.759a/s240x240/121551402_181484780255118_5697090697049764585_n.jpg?_nc_ht=instagram.fabe1-1.fna.fbcdn.net&_nc_cat=106&_nc_ohc=Ns0IH0oIHG0AX9DE7iU&tp=16&oh=532c4bd98d56b4e5d09d285b7b0546b6&oe=5FB4A1D4"
                },
                {
                    "config_height": 320,
                    "config_width": 320,
                    "src": "https://instagram.fabe1-1.fna.fbcdn.net/v/t51.2885-15/e35/c0.95.759.759a/s320x320/121551402_181484780255118_5697090697049764585_n.jpg?_nc_ht=instagram.fabe1-1.fna.fbcdn.net&_nc_cat=106&_nc_ohc=Ns0IH0oIHG0AX9DE7iU&tp=16&oh=944615dc6a5ac02f36f09cbd56986cf3&oe=5FB1D3AE"
                },
                {
                    "config_height": 480,
                    "config_width": 480,
                    "src": "https://instagram.fabe1-1.fna.fbcdn.net/v/t51.2885-15/e35/c0.95.759.759a/s480x480/121551402_181484780255118_5697090697049764585_n.jpg?_nc_ht=instagram.fabe1-1.fna.fbcdn.net&_nc_cat=106&_nc_ohc=Ns0IH0oIHG0AX9DE7iU&tp=16&oh=ea92c4c7808319f4656a147886bcaf56&oe=5FB4AF6B"
                },
                {
                    "config_height": 640,
                    "config_width": 640,
                    "src": "https://instagram.fabe1-1.fna.fbcdn.net/v/t51.2885-15/sh0.08/e35/c0.95.759.759a/s640x640/121551402_181484780255118_5697090697049764585_n.jpg?_nc_ht=instagram.fabe1-1.fna.fbcdn.net&_nc_cat=106&_nc_ohc=Ns0IH0oIHG0AX9DE7iU&oh=e8f8761819ec41630fac27088218b426&oe=5FB46262"
                }
            ],
            "thumbnail_src": "https://instagram.fabe1-1.fna.fbcdn.net/v/t51.2885-15/sh0.08/e35/c0.95.759.759a/s640x640/121551402_181484780255118_5697090697049764585_n.jpg?_nc_ht=instagram.fabe1-1.fna.fbcdn.net&_nc_cat=106&_nc_ohc=Ns0IH0oIHG0AX9DE7iU&oh=e8f8761819ec41630fac27088218b426&oe=5FB46262",
            "urls": [
                "https://instagram.fabe1-1.fna.fbcdn.net/v/t51.2885-15/e35/121551402_181484780255118_5697090697049764585_n.jpg?_nc_ht=instagram.fabe1-1.fna.fbcdn.net&_nc_cat=106&_nc_ohc=Ns0IH0oIHG0AX9DE7iU&_nc_tp=18&oh=f12d741fd0d7a7c0bddf9a806bec2f30&oe=5FB47162"
            ]
        }
    ]
}