{
    "GraphImages": [
        {
            "comments_disabled": false,
            "dimensions": {
                "height": 937,
                "width": 750
            },
            "display_url": "https://instagram.fabe1-1.fna.fbcdn.net/v/t51.2885-15/e35/122005511_310930466691187_8582601140639726192_n.jpg?_nc_ht=instagram.fabe1-1.fna.fbcdn.net&_nc_cat=107&_nc_ohc=KNuYd9DxMtAAX_fVYJR&_nc_tp=18&oh=9df13519daca7a777ed497cd947291ef&oe=5F8CAFCD",
            "edge_liked_by": {
                "count": 0
            },
            "edge_media_preview_like": {
                "count": 0
            },
            "edge_media_to_caption": {
                "edges": [
                    {
                        "node": {
                            "text": "“SOY UN BANDOLERO COMO DON Y TEGO CALDERON” - @rch_gz #OCULTISMO 🔺🔺🔺 👑 #LOSREYESDELCHANTEO #FREEMOOD #CANALESINC DALE LIKE👍🏽COMENTA💬 Y COMPARTE🔄"
                        }
                    }
                ]
            },
            "edge_media_to_comment": {
                "count": 0
            },
            "id": "2421541553479860088",
            "is_video": true,
            "owner": {
                "id": "11530886685"
            },
            "shortcode": "CGbCzaIA794",
            "tags": [
                "FREEMOOD",
                "LOSREYESDELCHANTEO",
                "OCULTISMO",
                "CANALESINC"
            ],
            "taken_at_timestamp": 1602890295,
            "thumbnail_resources": [
                {
                    "config_height": 150,
                    "config_width": 150,
                    "src": "https://instagram.fabe1-1.fna.fbcdn.net/v/t51.2885-15/e35/c0.90.720.720a/s150x150/122005511_310930466691187_8582601140639726192_n.jpg?_nc_ht=instagram.fabe1-1.fna.fbcdn.net&_nc_cat=107&_nc_ohc=KNuYd9DxMtAAX_fVYJR&tp=16&oh=d4990a51e733297c27937e3a414fc33e&oe=5F8CB3D6"
                },
                {
                    "config_height": 240,
                    "config_width": 240,
                    "src": "https://instagram.fabe1-1.fna.fbcdn.net/v/t51.2885-15/e35/c0.90.720.720a/s240x240/122005511_310930466691187_8582601140639726192_n.jpg?_nc_ht=instagram.fabe1-1.fna.fbcdn.net&_nc_cat=107&_nc_ohc=KNuYd9DxMtAAX_fVYJR&tp=16&oh=b70b20a708774a38b89b499f908c0633&oe=5F8C36D4"
                },
                {
                    "config_height": 320,
                    "config_width": 320,
                    "src": "https://instagram.fabe1-1.fna.fbcdn.net/v/t51.2885-15/e35/c0.90.720.720a/s320x320/122005511_310930466691187_8582601140639726192_n.jpg?_nc_ht=instagram.fabe1-1.fna.fbcdn.net&_nc_cat=107&_nc_ohc=KNuYd9DxMtAAX_fVYJR&tp=16&oh=aff6d82c91e6d3a46798206326eefa4a&oe=5F8C60AE"
                },
                {
                    "config_height": 480,
                    "config_width": 480,
                    "src": "https://instagram.fabe1-1.fna.fbcdn.net/v/t51.2885-15/e35/c0.90.720.720a/s480x480/122005511_310930466691187_8582601140639726192_n.jpg?_nc_ht=instagram.fabe1-1.fna.fbcdn.net&_nc_cat=107&_nc_ohc=KNuYd9DxMtAAX_fVYJR&tp=16&oh=c9125d2f3d155d67c3ba253bfe42b4c1&oe=5F8C2EEB"
                },
                {
                    "config_height": 640,
                    "config_width": 640,
                    "src": "https://instagram.fabe1-1.fna.fbcdn.net/v/t51.2885-15/sh0.08/e35/c0.90.720.720a/s640x640/122005511_310930466691187_8582601140639726192_n.jpg?_nc_ht=instagram.fabe1-1.fna.fbcdn.net&_nc_cat=107&_nc_ohc=KNuYd9DxMtAAX_fVYJR&oh=6e9ca8a84142d0029bb59675619561ff&oe=5F8C5122"
                }
            ],
            "thumbnail_src": "https://instagram.fabe1-1.fna.fbcdn.net/v/t51.2885-15/sh0.08/e35/c0.90.720.720a/s640x640/122005511_310930466691187_8582601140639726192_n.jpg?_nc_ht=instagram.fabe1-1.fna.fbcdn.net&_nc_cat=107&_nc_ohc=KNuYd9DxMtAAX_fVYJR&oh=6e9ca8a84142d0029bb59675619561ff&oe=5F8C5122",
            "urls": [
                "https://instagram.fabe1-1.fna.fbcdn.net/v/t50.2886-16/121797456_3160404817404190_5738132758985568018_n.mp4?_nc_ht=instagram.fabe1-1.fna.fbcdn.net&_nc_cat=110&_nc_ohc=sK3KgfiuqjAAX_d1kox&oe=5F8C50EE&oh=341219addd46fd43ce53c674cafdd13b"
            ],
            "video_view_count": 0
        },
        {
            "comments_disabled": false,
            "dimensions": {
                "height": 1350,
                "width": 1080
            },
            "display_url": "https://instagram.fabe1-1.fna.fbcdn.net/v/t51.2885-15/e35/p1080x1080/121560322_257029222417626_4534280395289893223_n.jpg?_nc_ht=instagram.fabe1-1.fna.fbcdn.net&_nc_cat=106&_nc_ohc=gvNpctHQFx8AX8g0Pb6&tp=19&oh=0321ea425303aa4503d653f6f93694d9&oe=5FB563B7",
            "edge_liked_by": {
                "count": 8
            },
            "edge_media_preview_like": {
                "count": 8
            },
            "edge_media_to_caption": {
                "edges": [
                    {
                        "node": {
                            "text": "todos feliz.\nAme este lugar ❤️"
                        }
                    }
                ]
            },
            "edge_media_to_comment": {
                "count": 0
            },
            "id": "2421541132749848970",
            "is_video": false,
            "owner": {
                "id": "2170283606"
            },
            "shortcode": "CGbCtSSjUGK",
            "tags": [],
            "taken_at_timestamp": 1602890219,
            "thumbnail_resources": [
                {
                    "config_height": 150,
                    "config_width": 150,
                    "src": "https://instagram.fabe1-1.fna.fbcdn.net/v/t51.2885-15/e35/c0.180.1440.1440a/s150x150/121560322_257029222417626_4534280395289893223_n.jpg?_nc_ht=instagram.fabe1-1.fna.fbcdn.net&_nc_cat=106&_nc_ohc=gvNpctHQFx8AX8g0Pb6&tp=16&oh=8cf61169bf1b08ee4ca43c8b0d24754c&oe=5FB59E23"
                },
                {
                    "config_height": 240,
                    "config_width": 240,
                    "src": "https://instagram.fabe1-1.fna.fbcdn.net/v/t51.2885-15/e35/c0.180.1440.1440a/s240x240/121560322_257029222417626_4534280395289893223_n.jpg?_nc_ht=instagram.fabe1-1.fna.fbcdn.net&_nc_cat=106&_nc_ohc=gvNpctHQFx8AX8g0Pb6&tp=16&oh=044c54a5d42869d590044792a99b2fd9&oe=5FB565A5"
                },
                {
                    "config_height": 320,
                    "config_width": 320,
                    "src": "https://instagram.fabe1-1.fna.fbcdn.net/v/t51.2885-15/e35/c0.180.1440.1440a/s320x320/121560322_257029222417626_4534280395289893223_n.jpg?_nc_ht=instagram.fabe1-1.fna.fbcdn.net&_nc_cat=106&_nc_ohc=gvNpctHQFx8AX8g0Pb6&tp=16&oh=f2becce92a860ea97341c4ac8f42eb50&oe=5FB2E3DB"
                },
                {
                    "config_height": 480,
                    "config_width": 480,
                    "src": "https://instagram.fabe1-1.fna.fbcdn.net/v/t51.2885-15/e35/c0.180.1440.1440a/s480x480/121560322_257029222417626_4534280395289893223_n.jpg?_nc_ht=instagram.fabe1-1.fna.fbcdn.net&_nc_cat=106&_nc_ohc=gvNpctHQFx8AX8g0Pb6&tp=16&oh=b569177efc6f0959880df0bbc6aecf73&oe=5FB3169E"
                },
                {
                    "config_height": 640,
                    "config_width": 640,
                    "src": "https://instagram.fabe1-1.fna.fbcdn.net/v/t51.2885-15/sh0.08/e35/c0.180.1440.1440a/s640x640/121560322_257029222417626_4534280395289893223_n.jpg?_nc_ht=instagram.fabe1-1.fna.fbcdn.net&_nc_cat=106&_nc_ohc=gvNpctHQFx8AX8g0Pb6&oh=8d6d8916824cc5125562c7d80eda2cc5&oe=5FB4CB93"
                }
            ],
            "thumbnail_src": "https://instagram.fabe1-1.fna.fbcdn.net/v/t51.2885-15/sh0.08/e35/c0.180.1440.1440a/s640x640/121560322_257029222417626_4534280395289893223_n.jpg?_nc_ht=instagram.fabe1-1.fna.fbcdn.net&_nc_cat=106&_nc_ohc=gvNpctHQFx8AX8g0Pb6&oh=8d6d8916824cc5125562c7d80eda2cc5&oe=5FB4CB93",
            "urls": [
                "https://instagram.fabe1-1.fna.fbcdn.net/v/t51.2885-15/e35/p1080x1080/121560322_257029222417626_4534280395289893223_n.jpg?_nc_ht=instagram.fabe1-1.fna.fbcdn.net&_nc_cat=106&_nc_ohc=gvNpctHQFx8AX8g0Pb6&tp=19&oh=0321ea425303aa4503d653f6f93694d9&oe=5FB563B7"
            ]
        }
    ]
}