{
    "GraphImages": [
        {
            "comments_disabled": false,
            "dimensions": {
                "height": 750,
                "width": 750
            },
            "display_url": "https://instagram.fabe1-1.fna.fbcdn.net/v/t51.2885-15/e35/121555223_354664562435944_6867259251087586118_n.jpg?_nc_ht=instagram.fabe1-1.fna.fbcdn.net&_nc_cat=104&_nc_ohc=4iuDKK28qOkAX-dTsmL&_nc_tp=18&oh=97793b17cf31aee3e1415199ededf234&oe=5F8C6457",
            "edge_liked_by": {
                "count": 0
            },
            "edge_media_preview_like": {
                "count": 0
            },
            "edge_media_to_caption": {
                "edges": [
                    {
                        "node": {
                            "text": "💙💬 Accessibility allows us to tap into everyone’s potential. - Debra Ruh\n\n#DadeAccess #accessibility #inclusion"
                        }
                    }
                ]
            },
            "edge_media_to_comment": {
                "count": 0
            },
            "id": "2421377449398273358",
            "is_video": true,
            "owner": {
                "id": "43830072662"
            },
            "shortcode": "CGadfYShoVO",
            "tags": [
                "inclusion",
                "DadeAccess",
                "accessibility"
            ],
            "taken_at_timestamp": 1602870792,
            "thumbnail_resources": [
                {
                    "config_height": 150,
                    "config_width": 150,
                    "src": "https://instagram.fabe1-1.fna.fbcdn.net/v/t51.2885-15/e35/s150x150/121555223_354664562435944_6867259251087586118_n.jpg?_nc_ht=instagram.fabe1-1.fna.fbcdn.net&_nc_cat=104&_nc_ohc=4iuDKK28qOkAX-dTsmL&_nc_tp=15&oh=fbecb245d523532fa43396e639081c12&oe=5F8C4A2A"
                },
                {
                    "config_height": 240,
                    "config_width": 240,
                    "src": "https://instagram.fabe1-1.fna.fbcdn.net/v/t51.2885-15/e35/s240x240/121555223_354664562435944_6867259251087586118_n.jpg?_nc_ht=instagram.fabe1-1.fna.fbcdn.net&_nc_cat=104&_nc_ohc=4iuDKK28qOkAX-dTsmL&_nc_tp=15&oh=a1c57aab8aa6d71d9161d488142eb483&oe=5F8C4330"
                },
                {
                    "config_height": 320,
                    "config_width": 320,
                    "src": "https://instagram.fabe1-1.fna.fbcdn.net/v/t51.2885-15/e35/s320x320/121555223_354664562435944_6867259251087586118_n.jpg?_nc_ht=instagram.fabe1-1.fna.fbcdn.net&_nc_cat=104&_nc_ohc=4iuDKK28qOkAX-dTsmL&_nc_tp=15&oh=fef352dcdfd138eb472894e7af73aabe&oe=5F8BF8D2"
                },
                {
                    "config_height": 480,
                    "config_width": 480,
                    "src": "https://instagram.fabe1-1.fna.fbcdn.net/v/t51.2885-15/e35/s480x480/121555223_354664562435944_6867259251087586118_n.jpg?_nc_ht=instagram.fabe1-1.fna.fbcdn.net&_nc_cat=104&_nc_ohc=4iuDKK28qOkAX-dTsmL&_nc_tp=15&oh=0cae48f189f3a87aebc65063b7d64042&oe=5F8C5417"
                },
                {
                    "config_height": 640,
                    "config_width": 640,
                    "src": "https://instagram.fabe1-1.fna.fbcdn.net/v/t51.2885-15/sh0.08/e35/s640x640/121555223_354664562435944_6867259251087586118_n.jpg?_nc_ht=instagram.fabe1-1.fna.fbcdn.net&_nc_cat=104&_nc_ohc=4iuDKK28qOkAX-dTsmL&_nc_tp=24&oh=aa27dfacabe7903eaf8a4b7f26a964c7&oe=5F8C31AD"
                }
            ],
            "thumbnail_src": "https://instagram.fabe1-1.fna.fbcdn.net/v/t51.2885-15/sh0.08/e35/s640x640/121555223_354664562435944_6867259251087586118_n.jpg?_nc_ht=instagram.fabe1-1.fna.fbcdn.net&_nc_cat=104&_nc_ohc=4iuDKK28qOkAX-dTsmL&_nc_tp=24&oh=aa27dfacabe7903eaf8a4b7f26a964c7&oe=5F8C31AD",
            "urls": [
                "https://instagram.fabe1-1.fna.fbcdn.net/v/t50.2886-16/121696130_371332360648933_1199947128755647395_n.mp4?_nc_ht=instagram.fabe1-1.fna.fbcdn.net&_nc_cat=101&_nc_ohc=2PLG0Nj96ckAX9Ut8iW&oe=5F8C7FBA&oh=52036a5faa232140473ca65a5c478a98"
            ],
            "video_view_count": 0
        },
        {
            "comments_disabled": false,
            "dimensions": {
                "height": 1080,
                "width": 1080
            },
            "display_url": "https://instagram.fabe1-1.fna.fbcdn.net/v/t51.2885-15/e35/s1080x1080/121663329_785660321992314_5752182198976933489_n.jpg?_nc_ht=instagram.fabe1-1.fna.fbcdn.net&_nc_cat=106&_nc_ohc=-wvRXGZdcIMAX9NkrX6&_nc_tp=15&oh=eda5be9c495cee8e4be5fb2040be8dab&oe=5FB4F869",
            "edge_liked_by": {
                "count": 0
            },
            "edge_media_preview_like": {
                "count": 0
            },
            "edge_media_to_caption": {
                "edges": [
                    {
                        "node": {
                            "text": "vay cays😢no bae cays"
                        }
                    }
                ]
            },
            "edge_media_to_comment": {
                "count": 0
            },
            "id": "2421378073654233696",
            "is_video": false,
            "owner": {
                "id": "199111810"
            },
            "shortcode": "CGadodrFIpg",
            "tags": [],
            "taken_at_timestamp": 1602870781,
            "thumbnail_resources": [
                {
                    "config_height": 150,
                    "config_width": 150,
                    "src": "https://instagram.fabe1-1.fna.fbcdn.net/v/t51.2885-15/e35/s150x150/121663329_785660321992314_5752182198976933489_n.jpg?_nc_ht=instagram.fabe1-1.fna.fbcdn.net&_nc_cat=106&_nc_ohc=-wvRXGZdcIMAX9NkrX6&_nc_tp=15&oh=ed5dad37aaf84b959d22f475262bcb08&oe=5FB33BAA"
                },
                {
                    "config_height": 240,
                    "config_width": 240,
                    "src": "https://instagram.fabe1-1.fna.fbcdn.net/v/t51.2885-15/e35/s240x240/121663329_785660321992314_5752182198976933489_n.jpg?_nc_ht=instagram.fabe1-1.fna.fbcdn.net&_nc_cat=106&_nc_ohc=-wvRXGZdcIMAX9NkrX6&_nc_tp=15&oh=c697f37ebde729effbb5a4b1232601c1&oe=5FB499B0"
                },
                {
                    "config_height": 320,
                    "config_width": 320,
                    "src": "https://instagram.fabe1-1.fna.fbcdn.net/v/t51.2885-15/e35/s320x320/121663329_785660321992314_5752182198976933489_n.jpg?_nc_ht=instagram.fabe1-1.fna.fbcdn.net&_nc_cat=106&_nc_ohc=-wvRXGZdcIMAX9NkrX6&_nc_tp=15&oh=65471ea3f0335cb044cbf495e70d2dd8&oe=5FB281D2"
                },
                {
                    "config_height": 480,
                    "config_width": 480,
                    "src": "https://instagram.fabe1-1.fna.fbcdn.net/v/t51.2885-15/e35/s480x480/121663329_785660321992314_5752182198976933489_n.jpg?_nc_ht=instagram.fabe1-1.fna.fbcdn.net&_nc_cat=106&_nc_ohc=-wvRXGZdcIMAX9NkrX6&_nc_tp=15&oh=110c1fbedb283193b4be903f304a2ed8&oe=5FB3BF97"
                },
                {
                    "config_height": 640,
                    "config_width": 640,
                    "src": "https://instagram.fabe1-1.fna.fbcdn.net/v/t51.2885-15/sh0.08/e35/s640x640/121663329_785660321992314_5752182198976933489_n.jpg?_nc_ht=instagram.fabe1-1.fna.fbcdn.net&_nc_cat=106&_nc_ohc=-wvRXGZdcIMAX9NkrX6&_nc_tp=24&oh=299390dd501512b9e38bb98de6d97d73&oe=5FB358AD"
                }
            ],
            "thumbnail_src": "https://instagram.fabe1-1.fna.fbcdn.net/v/t51.2885-15/sh0.08/e35/s640x640/121663329_785660321992314_5752182198976933489_n.jpg?_nc_ht=instagram.fabe1-1.fna.fbcdn.net&_nc_cat=106&_nc_ohc=-wvRXGZdcIMAX9NkrX6&_nc_tp=24&oh=299390dd501512b9e38bb98de6d97d73&oe=5FB358AD",
            "urls": [
                "https://instagram.fabe1-1.fna.fbcdn.net/v/t51.2885-15/e35/s1080x1080/121663329_785660321992314_5752182198976933489_n.jpg?_nc_ht=instagram.fabe1-1.fna.fbcdn.net&_nc_cat=106&_nc_ohc=-wvRXGZdcIMAX9NkrX6&_nc_tp=15&oh=eda5be9c495cee8e4be5fb2040be8dab&oe=5FB4F869",
                "https://instagram.fabe1-1.fna.fbcdn.net/v/t51.2885-15/e35/s1080x1080/121585562_911805036013831_8745210387703213546_n.jpg?_nc_ht=instagram.fabe1-1.fna.fbcdn.net&_nc_cat=107&_nc_ohc=9ZJkZI4bJ9UAX9Yj5B_&_nc_tp=15&oh=eb85d0a16da6cdea36899fab45bc163b&oe=5FB53D57",
                "https://instagram.fabe1-1.fna.fbcdn.net/v/t51.2885-15/e35/s1080x1080/121662049_151815803269201_3599052383117501377_n.jpg?_nc_ht=instagram.fabe1-1.fna.fbcdn.net&_nc_cat=101&_nc_ohc=Ngt4ExtqNHgAX-2UIoZ&_nc_tp=15&oh=2b56c314147f5e54542b27ed01f294c9&oe=5FB53FE6"
            ]
        },
        {
            "comments_disabled": false,
            "dimensions": {
                "height": 720,
                "width": 1080
            },
            "display_url": "https://instagram.fabe1-1.fna.fbcdn.net/v/t51.2885-15/e35/121585564_907927816399529_6405759856570301855_n.jpg?_nc_ht=instagram.fabe1-1.fna.fbcdn.net&_nc_cat=105&_nc_ohc=xYLprLv17ZcAX8skcyg&_nc_tp=18&oh=133c7a1919cc54f8a3c29d8eac60c4e1&oe=5FB1D2C6",
            "edge_liked_by": {
                "count": 1
            },
            "edge_media_preview_like": {
                "count": 1
            },
            "edge_media_to_caption": {
                "edges": [
                    {
                        "node": {
                            "text": "Beach bum!!! 🐺 🏝 🌊 #miamibeach #miamilife #bluebayshepherd #beachvibes #beachdog #beachrainbow"
                        }
                    }
                ]
            },
            "edge_media_to_comment": {
                "count": 0
            },
            "id": "2421377998264840282",
            "is_video": false,
            "owner": {
                "id": "40679934406"
            },
            "shortcode": "CGadnXdhbBa",
            "tags": [
                "beachdog",
                "beachrainbow",
                "beachvibes",
                "bluebayshepherd",
                "miamilife",
                "miamibeach"
            ],
            "taken_at_timestamp": 1602870772,
            "thumbnail_resources": [
                {
                    "config_height": 150,
                    "config_width": 150,
                    "src": "https://instagram.fabe1-1.fna.fbcdn.net/v/t51.2885-15/e35/c180.0.720.720a/s150x150/121585564_907927816399529_6405759856570301855_n.jpg?_nc_ht=instagram.fabe1-1.fna.fbcdn.net&_nc_cat=105&_nc_ohc=xYLprLv17ZcAX8skcyg&tp=16&oh=e41e15395ed5fc87bd962950ccd6440c&oe=5FB4BAD9"
                },
                {
                    "config_height": 240,
                    "config_width": 240,
                    "src": "https://instagram.fabe1-1.fna.fbcdn.net/v/t51.2885-15/e35/c180.0.720.720a/s240x240/121585564_907927816399529_6405759856570301855_n.jpg?_nc_ht=instagram.fabe1-1.fna.fbcdn.net&_nc_cat=105&_nc_ohc=xYLprLv17ZcAX8skcyg&tp=16&oh=cf0d5bfc8ce3b6c43f54bea23229df4c&oe=5FB4C4DF"
                },
                {
                    "config_height": 320,
                    "config_width": 320,
                    "src": "https://instagram.fabe1-1.fna.fbcdn.net/v/t51.2885-15/e35/c180.0.720.720a/s320x320/121585564_907927816399529_6405759856570301855_n.jpg?_nc_ht=instagram.fabe1-1.fna.fbcdn.net&_nc_cat=105&_nc_ohc=xYLprLv17ZcAX8skcyg&tp=16&oh=50558502c6d5ca8bcdc55dc0ab9b542c&oe=5FB1F6A1"
                },
                {
                    "config_height": 480,
                    "config_width": 480,
                    "src": "https://instagram.fabe1-1.fna.fbcdn.net/v/t51.2885-15/e35/c180.0.720.720a/s480x480/121585564_907927816399529_6405759856570301855_n.jpg?_nc_ht=instagram.fabe1-1.fna.fbcdn.net&_nc_cat=105&_nc_ohc=xYLprLv17ZcAX8skcyg&tp=16&oh=f9e9f489f40d23ada7706919ebd6bfb3&oe=5FB1EB68"
                },
                {
                    "config_height": 640,
                    "config_width": 640,
                    "src": "https://instagram.fabe1-1.fna.fbcdn.net/v/t51.2885-15/sh0.08/e35/c180.0.720.720a/s640x640/121585564_907927816399529_6405759856570301855_n.jpg?_nc_ht=instagram.fabe1-1.fna.fbcdn.net&_nc_cat=105&_nc_ohc=xYLprLv17ZcAX8skcyg&oh=df4c510a033934d57ea2952b1fd7ad70&oe=5FB34720"
                }
            ],
            "thumbnail_src": "https://instagram.fabe1-1.fna.fbcdn.net/v/t51.2885-15/sh0.08/e35/c180.0.720.720a/s640x640/121585564_907927816399529_6405759856570301855_n.jpg?_nc_ht=instagram.fabe1-1.fna.fbcdn.net&_nc_cat=105&_nc_ohc=xYLprLv17ZcAX8skcyg&oh=df4c510a033934d57ea2952b1fd7ad70&oe=5FB34720",
            "urls": [
                "https://instagram.fabe1-1.fna.fbcdn.net/v/t51.2885-15/e35/121585564_907927816399529_6405759856570301855_n.jpg?_nc_ht=instagram.fabe1-1.fna.fbcdn.net&_nc_cat=105&_nc_ohc=xYLprLv17ZcAX8skcyg&_nc_tp=18&oh=133c7a1919cc54f8a3c29d8eac60c4e1&oe=5FB1D2C6",
                "https://instagram.fabe1-1.fna.fbcdn.net/v/t51.2885-15/e35/121554702_1118433205241025_4971838824403707430_n.jpg?_nc_ht=instagram.fabe1-1.fna.fbcdn.net&_nc_cat=109&_nc_ohc=mAR-HPUpukIAX_JjQBb&_nc_tp=18&oh=c63b8b2f87d617f8b193725050c4a143&oe=5FB3408A",
                "https://instagram.fabe1-1.fna.fbcdn.net/v/t51.2885-15/e35/121658488_1097912380640636_8916669161053163973_n.jpg?_nc_ht=instagram.fabe1-1.fna.fbcdn.net&_nc_cat=108&_nc_ohc=a0-_D0m-G9gAX-5MZT9&_nc_tp=18&oh=e9730c89fc2ff25c894b26ffd13747d2&oe=5FB3A32B",
                "https://instagram.fabe1-1.fna.fbcdn.net/v/t51.2885-15/e35/121565177_353889192513772_5759226842701135972_n.jpg?_nc_ht=instagram.fabe1-1.fna.fbcdn.net&_nc_cat=104&_nc_ohc=72CsH-xiZOwAX_dRIVU&_nc_tp=18&oh=a8537814bcaa810d2f572bce3b85b6a2&oe=5FB28512"
            ]
        },
        {
            "comments_disabled": false,
            "dimensions": {
                "height": 750,
                "width": 750
            },
            "display_url": "https://instagram.fabe1-1.fna.fbcdn.net/v/t51.2885-15/e35/121674269_210541467155287_2960740696618973246_n.jpg?_nc_ht=instagram.fabe1-1.fna.fbcdn.net&_nc_cat=107&_nc_ohc=i1zVQcdPu6wAX-rd88D&_nc_tp=18&oh=837fd5f02fc0de75be38f7d61c637753&oe=5F8C66B8",
            "edge_liked_by": {
                "count": 0
            },
            "edge_media_preview_like": {
                "count": 0
            },
            "edge_media_to_caption": {
                "edges": [
                    {
                        "node": {
                            "text": "Elliman Magazine is Here! 🌟\n \nDiscover the vibrant fall foliage and restorative powers of winter as you embark on your quest to make your residence your sanctuary–either by reimagining your current space or finding your next place to call home. Contact me for a copy! #ellimanmag @douglasellimanflorida #ellimanagents \n📖"
                        }
                    }
                ]
            },
            "edge_media_to_comment": {
                "count": 0
            },
            "id": "2421377347745007074",
            "is_video": true,
            "owner": {
                "id": "33469725"
            },
            "shortcode": "CGadd5nhMXi",
            "tags": [
                "ellimanmag",
                "ellimanagents"
            ],
            "taken_at_timestamp": 1602870759,
            "thumbnail_resources": [
                {
                    "config_height": 150,
                    "config_width": 150,
                    "src": "https://instagram.fabe1-1.fna.fbcdn.net/v/t51.2885-15/e35/s150x150/121674269_210541467155287_2960740696618973246_n.jpg?_nc_ht=instagram.fabe1-1.fna.fbcdn.net&_nc_cat=107&_nc_ohc=i1zVQcdPu6wAX-rd88D&_nc_tp=15&oh=0bc1372a098a0f02a18c8719a0ca9f00&oe=5F8C3589"
                },
                {
                    "config_height": 240,
                    "config_width": 240,
                    "src": "https://instagram.fabe1-1.fna.fbcdn.net/v/t51.2885-15/e35/s240x240/121674269_210541467155287_2960740696618973246_n.jpg?_nc_ht=instagram.fabe1-1.fna.fbcdn.net&_nc_cat=107&_nc_ohc=i1zVQcdPu6wAX-rd88D&_nc_tp=15&oh=03bdb90259e570fde2642bec56457e7f&oe=5F8BDECF"
                },
                {
                    "config_height": 320,
                    "config_width": 320,
                    "src": "https://instagram.fabe1-1.fna.fbcdn.net/v/t51.2885-15/e35/s320x320/121674269_210541467155287_2960740696618973246_n.jpg?_nc_ht=instagram.fabe1-1.fna.fbcdn.net&_nc_cat=107&_nc_ohc=i1zVQcdPu6wAX-rd88D&_nc_tp=15&oh=71c927d22284ef089ec0efe964379a0d&oe=5F8C3671"
                },
                {
                    "config_height": 480,
                    "config_width": 480,
                    "src": "https://instagram.fabe1-1.fna.fbcdn.net/v/t51.2885-15/e35/s480x480/121674269_210541467155287_2960740696618973246_n.jpg?_nc_ht=instagram.fabe1-1.fna.fbcdn.net&_nc_cat=107&_nc_ohc=i1zVQcdPu6wAX-rd88D&_nc_tp=15&oh=0ea89d2520e85b99d5c402ec75221507&oe=5F8BFF38"
                },
                {
                    "config_height": 640,
                    "config_width": 640,
                    "src": "https://instagram.fabe1-1.fna.fbcdn.net/v/t51.2885-15/sh0.08/e35/s640x640/121674269_210541467155287_2960740696618973246_n.jpg?_nc_ht=instagram.fabe1-1.fna.fbcdn.net&_nc_cat=107&_nc_ohc=i1zVQcdPu6wAX-rd88D&_nc_tp=24&oh=d7497c995175ae2937199698a9ce800e&oe=5F8C19CE"
                }
            ],
            "thumbnail_src": "https://instagram.fabe1-1.fna.fbcdn.net/v/t51.2885-15/sh0.08/e35/s640x640/121674269_210541467155287_2960740696618973246_n.jpg?_nc_ht=instagram.fabe1-1.fna.fbcdn.net&_nc_cat=107&_nc_ohc=i1zVQcdPu6wAX-rd88D&_nc_tp=24&oh=d7497c995175ae2937199698a9ce800e&oe=5F8C19CE",
            "urls": [
                "https://instagram.fabe1-1.fna.fbcdn.net/v/t50.2886-16/121590760_347628072964067_2785870060518497874_n.mp4?_nc_ht=instagram.fabe1-1.fna.fbcdn.net&_nc_cat=111&_nc_ohc=MF3EXsE-P5QAX9ZLoVP&oe=5F8BE346&oh=8664628320ae422a01acdb36f01af4e7"
            ],
            "video_view_count": 1
        },
        {
            "comments_disabled": false,
            "dimensions": {
                "height": 1349,
                "width": 1080
            },
            "display_url": "https://instagram.fabe1-1.fna.fbcdn.net/v/t51.2885-15/e35/p1080x1080/121505384_397367567949353_2376655249752188716_n.jpg?_nc_ht=instagram.fabe1-1.fna.fbcdn.net&_nc_cat=105&_nc_ohc=yBIYF_I0NKUAX8vvMuf&tp=19&oh=f222343a8a585a4db0229ba29c4daccc&oe=5FB21951",
            "edge_liked_by": {
                "count": 1
            },
            "edge_media_preview_like": {
                "count": 1
            },
            "edge_media_to_caption": {
                "edges": [
                    {
                        "node": {
                            "text": "Just Chilling 🧚‍♂️\n#femme #woman #love #fashion #art #mode #women #girl #homme #beauty #france #lesbian #lgbt #style #photography #lgbtq #queer #gay #instagood #paris #amour #portrait #model #beautiful #femmes #makeup #pride #love #healthylifestyle #miami"
                        }
                    }
                ]
            },
            "edge_media_to_comment": {
                "count": 0
            },
            "id": "2421377779070326538",
            "is_video": false,
            "owner": {
                "id": "29225784327"
            },
            "shortcode": "CGadkLUgtcK",
            "tags": [
                "woman",
                "homme",
                "art",
                "healthylifestyle",
                "women",
                "mode",
                "beauty",
                "pride",
                "beautiful",
                "paris",
                "fashion",
                "femmes",
                "amour",
                "makeup",
                "love",
                "france",
                "lgbtq",
                "girl",
                "queer",
                "gay",
                "model",
                "instagood",
                "portrait",
                "lesbian",
                "miami",
                "femme",
                "photography",
                "style",
                "lgbt"
            ],
            "taken_at_timestamp": 1602870746,
            "thumbnail_resources": [
                {
                    "config_height": 150,
                    "config_width": 150,
                    "src": "https://instagram.fabe1-1.fna.fbcdn.net/v/t51.2885-15/e35/c0.175.1406.1406a/s150x150/121505384_397367567949353_2376655249752188716_n.jpg?_nc_ht=instagram.fabe1-1.fna.fbcdn.net&_nc_cat=105&_nc_ohc=yBIYF_I0NKUAX8vvMuf&tp=16&oh=7c7f6d8f7e89de3c34bd08a764add734&oe=5FB32110"
                },
                {
                    "config_height": 240,
                    "config_width": 240,
                    "src": "https://instagram.fabe1-1.fna.fbcdn.net/v/t51.2885-15/e35/c0.175.1406.1406a/s240x240/121505384_397367567949353_2376655249752188716_n.jpg?_nc_ht=instagram.fabe1-1.fna.fbcdn.net&_nc_cat=105&_nc_ohc=yBIYF_I0NKUAX8vvMuf&tp=16&oh=612c3b9b298ef70cfc77fbc8c3d640be&oe=5FB37F0A"
                },
                {
                    "config_height": 320,
                    "config_width": 320,
                    "src": "https://instagram.fabe1-1.fna.fbcdn.net/v/t51.2885-15/e35/c0.175.1406.1406a/s320x320/121505384_397367567949353_2376655249752188716_n.jpg?_nc_ht=instagram.fabe1-1.fna.fbcdn.net&_nc_cat=105&_nc_ohc=yBIYF_I0NKUAX8vvMuf&tp=16&oh=ef8c0a52f804b7d0682d88c4aa766a90&oe=5FB3F3F8"
                },
                {
                    "config_height": 480,
                    "config_width": 480,
                    "src": "https://instagram.fabe1-1.fna.fbcdn.net/v/t51.2885-15/e35/c0.175.1406.1406a/s480x480/121505384_397367567949353_2376655249752188716_n.jpg?_nc_ht=instagram.fabe1-1.fna.fbcdn.net&_nc_cat=105&_nc_ohc=yBIYF_I0NKUAX8vvMuf&tp=16&oh=201bca0247615554ad68cfdf9929910a&oe=5FB24DB1"
                },
                {
                    "config_height": 640,
                    "config_width": 640,
                    "src": "https://instagram.fabe1-1.fna.fbcdn.net/v/t51.2885-15/sh0.08/e35/c0.175.1406.1406a/s640x640/121505384_397367567949353_2376655249752188716_n.jpg?_nc_ht=instagram.fabe1-1.fna.fbcdn.net&_nc_cat=105&_nc_ohc=yBIYF_I0NKUAX8vvMuf&oh=fdfb54a9211ad9daa73f30c4cc423710&oe=5FB1EBC0"
                }
            ],
            "thumbnail_src": "https://instagram.fabe1-1.fna.fbcdn.net/v/t51.2885-15/sh0.08/e35/c0.175.1406.1406a/s640x640/121505384_397367567949353_2376655249752188716_n.jpg?_nc_ht=instagram.fabe1-1.fna.fbcdn.net&_nc_cat=105&_nc_ohc=yBIYF_I0NKUAX8vvMuf&oh=fdfb54a9211ad9daa73f30c4cc423710&oe=5FB1EBC0",
            "urls": [
                "https://instagram.fabe1-1.fna.fbcdn.net/v/t51.2885-15/e35/p1080x1080/121505384_397367567949353_2376655249752188716_n.jpg?_nc_ht=instagram.fabe1-1.fna.fbcdn.net&_nc_cat=105&_nc_ohc=yBIYF_I0NKUAX8vvMuf&tp=19&oh=f222343a8a585a4db0229ba29c4daccc&oe=5FB21951"
            ]
        },
        {
            "comments_disabled": false,
            "dimensions": {
                "height": 1080,
                "width": 1080
            },
            "display_url": "https://instagram.fabe1-1.fna.fbcdn.net/v/t51.2885-15/e35/121596780_117659956612246_7867406943083594314_n.jpg?_nc_ht=instagram.fabe1-1.fna.fbcdn.net&_nc_cat=110&_nc_ohc=hBjnFWRkFrEAX-no86L&_nc_tp=18&oh=c6f660773eef6c48d42d48492dafc3a6&oe=5FB2586D",
            "edge_liked_by": {
                "count": 1
            },
            "edge_media_preview_like": {
                "count": 1
            },
            "edge_media_to_caption": {
                "edges": [
                    {
                        "node": {
                            "text": "Taller que inicia Mañana..Sanando Mi historia Familiar a través del Ho'oponopono y Biodescodificación..identificación de la emoción y liberación de ella..\n10 días de actividad seguida y continúa, que te moverán emociones y dolencias que arrastramos de vidas anceatrales...\n\nInversión mínima para la ganancia emocional que vas a experimentar. \nVía Whatsapp..\n\nInscribete ahora y cambia tu historia ancestral y las futuras. \n\nLlama al +1-919-6418181 \nCoach Integrativo Brillyt Rodriguez."
                        }
                    }
                ]
            },
            "edge_media_to_comment": {
                "count": 0
            },
            "id": "2421377769710296270",
            "is_video": false,
            "owner": {
                "id": "4118249996"
            },
            "shortcode": "CGadkCmnBzO",
            "tags": [],
            "taken_at_timestamp": 1602870745,
            "thumbnail_resources": [
                {
                    "config_height": 150,
                    "config_width": 150,
                    "src": "https://instagram.fabe1-1.fna.fbcdn.net/v/t51.2885-15/e35/s150x150/121596780_117659956612246_7867406943083594314_n.jpg?_nc_ht=instagram.fabe1-1.fna.fbcdn.net&_nc_cat=110&_nc_ohc=hBjnFWRkFrEAX-no86L&_nc_tp=15&oh=a8db446e4627e9dae03ad3c8321620e4&oe=5FB388D4"
                },
                {
                    "config_height": 240,
                    "config_width": 240,
                    "src": "https://instagram.fabe1-1.fna.fbcdn.net/v/t51.2885-15/e35/s240x240/121596780_117659956612246_7867406943083594314_n.jpg?_nc_ht=instagram.fabe1-1.fna.fbcdn.net&_nc_cat=110&_nc_ohc=hBjnFWRkFrEAX-no86L&_nc_tp=15&oh=ebb994e6c3e3eafc49c17eb80948c822&oe=5FB235D6"
                },
                {
                    "config_height": 320,
                    "config_width": 320,
                    "src": "https://instagram.fabe1-1.fna.fbcdn.net/v/t51.2885-15/e35/s320x320/121596780_117659956612246_7867406943083594314_n.jpg?_nc_ht=instagram.fabe1-1.fna.fbcdn.net&_nc_cat=110&_nc_ohc=hBjnFWRkFrEAX-no86L&_nc_tp=15&oh=281f31a4e97b80605af599d977722fa4&oe=5FB2BDAC"
                },
                {
                    "config_height": 480,
                    "config_width": 480,
                    "src": "https://instagram.fabe1-1.fna.fbcdn.net/v/t51.2885-15/e35/s480x480/121596780_117659956612246_7867406943083594314_n.jpg?_nc_ht=instagram.fabe1-1.fna.fbcdn.net&_nc_cat=110&_nc_ohc=hBjnFWRkFrEAX-no86L&_nc_tp=15&oh=5d9d6a6da929066a41d87ca2bba61219&oe=5FB47CED"
                },
                {
                    "config_height": 640,
                    "config_width": 640,
                    "src": "https://instagram.fabe1-1.fna.fbcdn.net/v/t51.2885-15/sh0.08/e35/s640x640/121596780_117659956612246_7867406943083594314_n.jpg?_nc_ht=instagram.fabe1-1.fna.fbcdn.net&_nc_cat=110&_nc_ohc=hBjnFWRkFrEAX-no86L&_nc_tp=24&oh=4e2bae6806698c07e4c5e49a34ada020&oe=5FB19857"
                }
            ],
            "thumbnail_src": "https://instagram.fabe1-1.fna.fbcdn.net/v/t51.2885-15/sh0.08/e35/s640x640/121596780_117659956612246_7867406943083594314_n.jpg?_nc_ht=instagram.fabe1-1.fna.fbcdn.net&_nc_cat=110&_nc_ohc=hBjnFWRkFrEAX-no86L&_nc_tp=24&oh=4e2bae6806698c07e4c5e49a34ada020&oe=5FB19857",
            "urls": [
                "https://instagram.fabe1-1.fna.fbcdn.net/v/t51.2885-15/e35/121596780_117659956612246_7867406943083594314_n.jpg?_nc_ht=instagram.fabe1-1.fna.fbcdn.net&_nc_cat=110&_nc_ohc=hBjnFWRkFrEAX-no86L&_nc_tp=18&oh=c6f660773eef6c48d42d48492dafc3a6&oe=5FB2586D",
                "https://instagram.fabe1-1.fna.fbcdn.net/v/t51.2885-15/e35/122027305_264156598257356_5005486709648175178_n.jpg?_nc_ht=instagram.fabe1-1.fna.fbcdn.net&_nc_cat=108&_nc_ohc=SpzpojIsBT0AX-KD0Ra&_nc_tp=18&oh=92f4ebeb4d15cb1d3499ecefde15b99d&oe=5FB491BF"
            ]
        }
    ]
}