{
    "GraphImages": [
        {
            "comments_disabled": false,
            "dimensions": {
                "height": 1349,
                "width": 1080
            },
            "display_url": "https://instagram.fabe1-1.fna.fbcdn.net/v/t51.2885-15/e35/p1080x1080/121629774_3342261909215214_6937349578267266997_n.jpg?_nc_ht=instagram.fabe1-1.fna.fbcdn.net&_nc_cat=106&_nc_ohc=OF4PatYmr2kAX8v9h7I&tp=19&oh=bc1a7ea18be0fa3a60e38777287a2761&oe=5FB1D315",
            "edge_liked_by": {
                "count": 0
            },
            "edge_media_preview_like": {
                "count": 0
            },
            "edge_media_to_caption": {
                "edges": [
                    {
                        "node": {
                            "text": "Happy Friday! It’s finally the weekend and we cannot wait to find a perfect spot on the beach 🥳 #FahrenheitSwimwear #MicroBikini #SmallBikini #StringBikini #Handmade #EtsySellers #ShopifySeller #CoralBikini #PinkBikini #OrangeBikini #BeachBabe"
                        }
                    }
                ]
            },
            "edge_media_to_comment": {
                "count": 0
            },
            "id": "2421552735150549217",
            "is_video": false,
            "owner": {
                "id": "1649239628"
            },
            "shortcode": "CGbFWH3hijh",
            "tags": [
                "StringBikini",
                "PinkBikini",
                "BeachBabe",
                "CoralBikini",
                "ShopifySeller",
                "OrangeBikini",
                "FahrenheitSwimwear",
                "EtsySellers",
                "SmallBikini",
                "MicroBikini",
                "Handmade"
            ],
            "taken_at_timestamp": 1602891602,
            "thumbnail_resources": [
                {
                    "config_height": 150,
                    "config_width": 150,
                    "src": "https://instagram.fabe1-1.fna.fbcdn.net/v/t51.2885-15/e35/c0.179.1440.1440a/s150x150/121629774_3342261909215214_6937349578267266997_n.jpg?_nc_ht=instagram.fabe1-1.fna.fbcdn.net&_nc_cat=106&_nc_ohc=OF4PatYmr2kAX8v9h7I&tp=16&oh=f4f1cdbc117c574ba79be4a3ad38fee4&oe=5FB52AC6"
                },
                {
                    "config_height": 240,
                    "config_width": 240,
                    "src": "https://instagram.fabe1-1.fna.fbcdn.net/v/t51.2885-15/e35/c0.179.1440.1440a/s240x240/121629774_3342261909215214_6937349578267266997_n.jpg?_nc_ht=instagram.fabe1-1.fna.fbcdn.net&_nc_cat=106&_nc_ohc=OF4PatYmr2kAX8v9h7I&tp=16&oh=90b4d9357f583dcfc496281d5de65702&oe=5FB2140E"
                },
                {
                    "config_height": 320,
                    "config_width": 320,
                    "src": "https://instagram.fabe1-1.fna.fbcdn.net/v/t51.2885-15/e35/c0.179.1440.1440a/s320x320/121629774_3342261909215214_6937349578267266997_n.jpg?_nc_ht=instagram.fabe1-1.fna.fbcdn.net&_nc_cat=106&_nc_ohc=OF4PatYmr2kAX8v9h7I&tp=16&oh=dbbd130b3c5af4e6aa03f7c325a3c14b&oe=5FB31053"
                },
                {
                    "config_height": 480,
                    "config_width": 480,
                    "src": "https://instagram.fabe1-1.fna.fbcdn.net/v/t51.2885-15/e35/c0.179.1440.1440a/s480x480/121629774_3342261909215214_6937349578267266997_n.jpg?_nc_ht=instagram.fabe1-1.fna.fbcdn.net&_nc_cat=106&_nc_ohc=OF4PatYmr2kAX8v9h7I&tp=16&oh=43f2bf5631e11462f194f8d281f6295f&oe=5FB42D11"
                },
                {
                    "config_height": 640,
                    "config_width": 640,
                    "src": "https://instagram.fabe1-1.fna.fbcdn.net/v/t51.2885-15/sh0.08/e35/c0.179.1440.1440a/s640x640/121629774_3342261909215214_6937349578267266997_n.jpg?_nc_ht=instagram.fabe1-1.fna.fbcdn.net&_nc_cat=106&_nc_ohc=OF4PatYmr2kAX8v9h7I&oh=c3340f49807fecaa037480eedf9e0f81&oe=5FB5662B"
                }
            ],
            "thumbnail_src": "https://instagram.fabe1-1.fna.fbcdn.net/v/t51.2885-15/sh0.08/e35/c0.179.1440.1440a/s640x640/121629774_3342261909215214_6937349578267266997_n.jpg?_nc_ht=instagram.fabe1-1.fna.fbcdn.net&_nc_cat=106&_nc_ohc=OF4PatYmr2kAX8v9h7I&oh=c3340f49807fecaa037480eedf9e0f81&oe=5FB5662B",
            "urls": [
                "https://instagram.fabe1-1.fna.fbcdn.net/v/t51.2885-15/e35/p1080x1080/121629774_3342261909215214_6937349578267266997_n.jpg?_nc_ht=instagram.fabe1-1.fna.fbcdn.net&_nc_cat=106&_nc_ohc=OF4PatYmr2kAX8v9h7I&tp=19&oh=bc1a7ea18be0fa3a60e38777287a2761&oe=5FB1D315"
            ]
        },
        {
            "comments_disabled": false,
            "dimensions": {
                "height": 1080,
                "width": 1080
            },
            "display_url": "https://instagram.fabe1-1.fna.fbcdn.net/v/t51.2885-15/e35/s1080x1080/121655655_259051118850700_5501064616804707195_n.jpg?_nc_ht=instagram.fabe1-1.fna.fbcdn.net&_nc_cat=104&_nc_ohc=L-Ch_ERzMdsAX-J7_xh&_nc_tp=15&oh=7028eff507cccc51e82f2fcec081910f&oe=5FB36311",
            "edge_liked_by": {
                "count": 0
            },
            "edge_media_preview_like": {
                "count": 0
            },
            "edge_media_to_caption": {
                "edges": [
                    {
                        "node": {
                            "text": "In today’s episode of The Continued Adventures of Lil Jack Shit, the little piranha is convinced that the flip flop should die. When questioned, however, he claims no knowledge of it."
                        }
                    }
                ]
            },
            "edge_media_to_comment": {
                "count": 0
            },
            "id": "2421552687537375804",
            "is_video": false,
            "owner": {
                "id": "3687105987"
            },
            "shortcode": "CGbFVbhjso8",
            "tags": [],
            "taken_at_timestamp": 1602891597,
            "thumbnail_resources": [
                {
                    "config_height": 150,
                    "config_width": 150,
                    "src": "https://instagram.fabe1-1.fna.fbcdn.net/v/t51.2885-15/e35/s150x150/121655655_259051118850700_5501064616804707195_n.jpg?_nc_ht=instagram.fabe1-1.fna.fbcdn.net&_nc_cat=104&_nc_ohc=L-Ch_ERzMdsAX-J7_xh&_nc_tp=15&oh=c05c394645a1218fe9da6854fa7664da&oe=5FB43ED2"
                },
                {
                    "config_height": 240,
                    "config_width": 240,
                    "src": "https://instagram.fabe1-1.fna.fbcdn.net/v/t51.2885-15/e35/s240x240/121655655_259051118850700_5501064616804707195_n.jpg?_nc_ht=instagram.fabe1-1.fna.fbcdn.net&_nc_cat=104&_nc_ohc=L-Ch_ERzMdsAX-J7_xh&_nc_tp=15&oh=3dac1b87e852c8a4901d71576fc4bc76&oe=5FB43E58"
                },
                {
                    "config_height": 320,
                    "config_width": 320,
                    "src": "https://instagram.fabe1-1.fna.fbcdn.net/v/t51.2885-15/e35/s320x320/121655655_259051118850700_5501064616804707195_n.jpg?_nc_ht=instagram.fabe1-1.fna.fbcdn.net&_nc_cat=104&_nc_ohc=L-Ch_ERzMdsAX-J7_xh&_nc_tp=15&oh=9157d1e90ce69aabcfca3fc8f5efd1fe&oe=5FB38A2A"
                },
                {
                    "config_height": 480,
                    "config_width": 480,
                    "src": "https://instagram.fabe1-1.fna.fbcdn.net/v/t51.2885-15/e35/s480x480/121655655_259051118850700_5501064616804707195_n.jpg?_nc_ht=instagram.fabe1-1.fna.fbcdn.net&_nc_cat=104&_nc_ohc=L-Ch_ERzMdsAX-J7_xh&_nc_tp=15&oh=bdfeef3c118ce5ff5616adb3abeac12e&oe=5FB330EF"
                },
                {
                    "config_height": 640,
                    "config_width": 640,
                    "src": "https://instagram.fabe1-1.fna.fbcdn.net/v/t51.2885-15/sh0.08/e35/s640x640/121655655_259051118850700_5501064616804707195_n.jpg?_nc_ht=instagram.fabe1-1.fna.fbcdn.net&_nc_cat=104&_nc_ohc=L-Ch_ERzMdsAX-J7_xh&_nc_tp=24&oh=3ef5f80ef56910ae56cb5e5794f886bc&oe=5FB2D455"
                }
            ],
            "thumbnail_src": "https://instagram.fabe1-1.fna.fbcdn.net/v/t51.2885-15/sh0.08/e35/s640x640/121655655_259051118850700_5501064616804707195_n.jpg?_nc_ht=instagram.fabe1-1.fna.fbcdn.net&_nc_cat=104&_nc_ohc=L-Ch_ERzMdsAX-J7_xh&_nc_tp=24&oh=3ef5f80ef56910ae56cb5e5794f886bc&oe=5FB2D455",
            "urls": [
                "https://instagram.fabe1-1.fna.fbcdn.net/v/t51.2885-15/e35/s1080x1080/121655655_259051118850700_5501064616804707195_n.jpg?_nc_ht=instagram.fabe1-1.fna.fbcdn.net&_nc_cat=104&_nc_ohc=L-Ch_ERzMdsAX-J7_xh&_nc_tp=15&oh=7028eff507cccc51e82f2fcec081910f&oe=5FB36311",
                "https://instagram.fabe1-1.fna.fbcdn.net/v/t51.2885-15/e35/s1080x1080/121725117_185476306374541_396294736552569977_n.jpg?_nc_ht=instagram.fabe1-1.fna.fbcdn.net&_nc_cat=101&_nc_ohc=KcEWIZqIAkYAX9icamO&_nc_tp=15&oh=2125aef67ad96370df8e966eb76cc12a&oe=5FB34C2E",
                "https://instagram.fabe1-1.fna.fbcdn.net/v/t51.2885-15/e35/s1080x1080/121362869_2773638342850263_4341991869243351801_n.jpg?_nc_ht=instagram.fabe1-1.fna.fbcdn.net&_nc_cat=103&_nc_ohc=DqVGwxuKG2oAX-Q9ddE&_nc_tp=15&oh=9b3fc4d80c8fa63b6ce17394a74e1fa2&oe=5FB2934C",
                "https://instagram.fabe1-1.fna.fbcdn.net/v/t51.2885-15/e35/s1080x1080/121818708_209707330510060_7165685971606476183_n.jpg?_nc_ht=instagram.fabe1-1.fna.fbcdn.net&_nc_cat=104&_nc_ohc=L4q93K5B68QAX8tmD8U&_nc_tp=15&oh=24ecf28b00b5c1e50bd278413e9e2f06&oe=5FB4FA70"
            ]
        },
        {
            "comments_disabled": false,
            "dimensions": {
                "height": 1080,
                "width": 1080
            },
            "display_url": "https://instagram.fabe1-1.fna.fbcdn.net/v/t51.2885-15/e35/121620020_381811596520959_3615220653571022527_n.jpg?_nc_ht=instagram.fabe1-1.fna.fbcdn.net&_nc_cat=103&_nc_ohc=9GY3By94EycAX9mmZOm&_nc_tp=18&oh=fa7d72ddea5335cbfb422ebc67b96a29&oe=5FB1F086",
            "edge_liked_by": {
                "count": 1
            },
            "edge_media_preview_like": {
                "count": 1
            },
            "edge_media_to_caption": {
                "edges": [
                    {
                        "node": {
                            "text": "#luxuryview #richlifestyles #billionaireclub #luxurycarsal #carsspotting #dailycars #supercarlovers #supercargarage #performancecar #fastlanecars #luxurylifestlye #richliving #ultimateluxury #millionairelifestyles #millionairesurroundings #moneyisthemotive #luxurylifestyleworldwide #millionairestyle #luxurylover #hypercardaily #supercarbuzz #uniquecars"
                        }
                    }
                ]
            },
            "edge_media_to_comment": {
                "count": 0
            },
            "id": "2421552302449957583",
            "is_video": false,
            "owner": {
                "id": "267103450"
            },
            "shortcode": "CGbFP04jxrP",
            "tags": [
                "richliving",
                "supercargarage",
                "luxuryview",
                "moneyisthemotive",
                "millionairelifestyles",
                "millionairesurroundings",
                "luxurylifestyleworldwide",
                "fastlanecars",
                "supercarlovers",
                "dailycars",
                "luxurylifestlye",
                "performancecar",
                "billionaireclub",
                "ultimateluxury",
                "millionairestyle",
                "luxurycarsal",
                "carsspotting",
                "uniquecars",
                "richlifestyles",
                "luxurylover",
                "hypercardaily",
                "supercarbuzz"
            ],
            "taken_at_timestamp": 1602891551,
            "thumbnail_resources": [
                {
                    "config_height": 150,
                    "config_width": 150,
                    "src": "https://instagram.fabe1-1.fna.fbcdn.net/v/t51.2885-15/e35/s150x150/121620020_381811596520959_3615220653571022527_n.jpg?_nc_ht=instagram.fabe1-1.fna.fbcdn.net&_nc_cat=103&_nc_ohc=9GY3By94EycAX9mmZOm&_nc_tp=15&oh=31c413b51f2f05ba05e0325c6135ac09&oe=5FB2993B"
                },
                {
                    "config_height": 240,
                    "config_width": 240,
                    "src": "https://instagram.fabe1-1.fna.fbcdn.net/v/t51.2885-15/e35/s240x240/121620020_381811596520959_3615220653571022527_n.jpg?_nc_ht=instagram.fabe1-1.fna.fbcdn.net&_nc_cat=103&_nc_ohc=9GY3By94EycAX9mmZOm&_nc_tp=15&oh=94877f3f12098f2c7469eaaa261f5702&oe=5FB2ADBD"
                },
                {
                    "config_height": 320,
                    "config_width": 320,
                    "src": "https://instagram.fabe1-1.fna.fbcdn.net/v/t51.2885-15/e35/s320x320/121620020_381811596520959_3615220653571022527_n.jpg?_nc_ht=instagram.fabe1-1.fna.fbcdn.net&_nc_cat=103&_nc_ohc=9GY3By94EycAX9mmZOm&_nc_tp=15&oh=1042125a4db54c0f70813cd8b06bf8ef&oe=5FB4C543"
                },
                {
                    "config_height": 480,
                    "config_width": 480,
                    "src": "https://instagram.fabe1-1.fna.fbcdn.net/v/t51.2885-15/e35/s480x480/121620020_381811596520959_3615220653571022527_n.jpg?_nc_ht=instagram.fabe1-1.fna.fbcdn.net&_nc_cat=103&_nc_ohc=9GY3By94EycAX9mmZOm&_nc_tp=15&oh=5d81b6af379fd6aa1b7a5fc97c4c6144&oe=5FB22C06"
                },
                {
                    "config_height": 640,
                    "config_width": 640,
                    "src": "https://instagram.fabe1-1.fna.fbcdn.net/v/t51.2885-15/sh0.08/e35/s640x640/121620020_381811596520959_3615220653571022527_n.jpg?_nc_ht=instagram.fabe1-1.fna.fbcdn.net&_nc_cat=103&_nc_ohc=9GY3By94EycAX9mmZOm&_nc_tp=24&oh=62d1099bcb464e5d5cf6aac235919e97&oe=5FB1F940"
                }
            ],
            "thumbnail_src": "https://instagram.fabe1-1.fna.fbcdn.net/v/t51.2885-15/sh0.08/e35/s640x640/121620020_381811596520959_3615220653571022527_n.jpg?_nc_ht=instagram.fabe1-1.fna.fbcdn.net&_nc_cat=103&_nc_ohc=9GY3By94EycAX9mmZOm&_nc_tp=24&oh=62d1099bcb464e5d5cf6aac235919e97&oe=5FB1F940",
            "urls": [
                "https://instagram.fabe1-1.fna.fbcdn.net/v/t51.2885-15/e35/121620020_381811596520959_3615220653571022527_n.jpg?_nc_ht=instagram.fabe1-1.fna.fbcdn.net&_nc_cat=103&_nc_ohc=9GY3By94EycAX9mmZOm&_nc_tp=18&oh=fa7d72ddea5335cbfb422ebc67b96a29&oe=5FB1F086"
            ]
        }
    ]
}