{
    "GraphImages": [
        {
            "comments_disabled": false,
            "dimensions": {
                "height": 1079,
                "width": 1080
            },
            "display_url": "https://instagram.fabe1-1.fna.fbcdn.net/v/t51.2885-15/e35/s1080x1080/121518358_2885242231757673_6093168979686131107_n.jpg?_nc_ht=instagram.fabe1-1.fna.fbcdn.net&_nc_cat=109&_nc_ohc=Oqi34_6gHqoAX_Loyw3&_nc_tp=15&oh=d6720debd9d188da0e50708e918f1780&oe=5FB55360",
            "edge_liked_by": {
                "count": 0
            },
            "edge_media_preview_like": {
                "count": 0
            },
            "edge_media_to_caption": {
                "edges": []
            },
            "edge_media_to_comment": {
                "count": 0
            },
            "id": "2421591476654645111",
            "is_video": false,
            "owner": {
                "id": "7170641770"
            },
            "shortcode": "CGbOJ4tHR93",
            "taken_at_timestamp": 1602896221,
            "thumbnail_resources": [
                {
                    "config_height": 150,
                    "config_width": 150,
                    "src": "https://instagram.fabe1-1.fna.fbcdn.net/v/t51.2885-15/e35/c0.0.1439.1439a/s150x150/121518358_2885242231757673_6093168979686131107_n.jpg?_nc_ht=instagram.fabe1-1.fna.fbcdn.net&_nc_cat=109&_nc_ohc=Oqi34_6gHqoAX_Loyw3&tp=16&oh=4b8e0bb2e46bdcd8ab74030382526730&oe=5FB568E4"
                },
                {
                    "config_height": 240,
                    "config_width": 240,
                    "src": "https://instagram.fabe1-1.fna.fbcdn.net/v/t51.2885-15/e35/c0.0.1439.1439a/s240x240/121518358_2885242231757673_6093168979686131107_n.jpg?_nc_ht=instagram.fabe1-1.fna.fbcdn.net&_nc_cat=109&_nc_ohc=Oqi34_6gHqoAX_Loyw3&tp=16&oh=32a9bf58a93939c8d78e195bf61c3e02&oe=5FB305AC"
                },
                {
                    "config_height": 320,
                    "config_width": 320,
                    "src": "https://instagram.fabe1-1.fna.fbcdn.net/v/t51.2885-15/e35/c0.0.1439.1439a/s320x320/121518358_2885242231757673_6093168979686131107_n.jpg?_nc_ht=instagram.fabe1-1.fna.fbcdn.net&_nc_cat=109&_nc_ohc=Oqi34_6gHqoAX_Loyw3&tp=16&oh=f668d5f913f063cd992adae38219f09d&oe=5FB58FF5"
                },
                {
                    "config_height": 480,
                    "config_width": 480,
                    "src": "https://instagram.fabe1-1.fna.fbcdn.net/v/t51.2885-15/e35/c0.0.1439.1439a/s480x480/121518358_2885242231757673_6093168979686131107_n.jpg?_nc_ht=instagram.fabe1-1.fna.fbcdn.net&_nc_cat=109&_nc_ohc=Oqi34_6gHqoAX_Loyw3&tp=16&oh=f119857035a797b11472f734d0c84402&oe=5FB24A37"
                },
                {
                    "config_height": 640,
                    "config_width": 640,
                    "src": "https://instagram.fabe1-1.fna.fbcdn.net/v/t51.2885-15/sh0.08/e35/c0.0.1439.1439a/s640x640/121518358_2885242231757673_6093168979686131107_n.jpg?_nc_ht=instagram.fabe1-1.fna.fbcdn.net&_nc_cat=109&_nc_ohc=Oqi34_6gHqoAX_Loyw3&oh=b805e87a32d689a2eb8a5cb00207380d&oe=5FB47A1E"
                }
            ],
            "thumbnail_src": "https://instagram.fabe1-1.fna.fbcdn.net/v/t51.2885-15/sh0.08/e35/c0.0.1439.1439a/s640x640/121518358_2885242231757673_6093168979686131107_n.jpg?_nc_ht=instagram.fabe1-1.fna.fbcdn.net&_nc_cat=109&_nc_ohc=Oqi34_6gHqoAX_Loyw3&oh=b805e87a32d689a2eb8a5cb00207380d&oe=5FB47A1E",
            "urls": [
                "https://instagram.fabe1-1.fna.fbcdn.net/v/t51.2885-15/e35/s1080x1080/121518358_2885242231757673_6093168979686131107_n.jpg?_nc_ht=instagram.fabe1-1.fna.fbcdn.net&_nc_cat=109&_nc_ohc=Oqi34_6gHqoAX_Loyw3&_nc_tp=15&oh=d6720debd9d188da0e50708e918f1780&oe=5FB55360",
                "https://instagram.fabe1-1.fna.fbcdn.net/v/t51.2885-15/e35/s1080x1080/121594801_344145053582191_7712972655020586137_n.jpg?_nc_ht=instagram.fabe1-1.fna.fbcdn.net&_nc_cat=107&_nc_ohc=a3VrpJ-qNdgAX-KR-ln&_nc_tp=15&oh=8522e9582aa25f6f57aedabf5ce01253&oe=5FB22CCF",
                "https://instagram.fabe1-1.fna.fbcdn.net/v/t51.2885-15/e35/s1080x1080/121617341_158881569227586_766457538068872843_n.jpg?_nc_ht=instagram.fabe1-1.fna.fbcdn.net&_nc_cat=106&_nc_ohc=jBzRdQhObwYAX8rKKpj&_nc_tp=15&oh=ccd82f133aa80931fa25e1c3e53231e1&oe=5FB59352",
                "https://instagram.fabe1-1.fna.fbcdn.net/v/t51.2885-15/e35/s1080x1080/121612774_631416674217566_3504560701338561227_n.jpg?_nc_ht=instagram.fabe1-1.fna.fbcdn.net&_nc_cat=102&_nc_ohc=Xopepn3OfjMAX9mbJf3&_nc_tp=15&oh=e1ffe6c1809a4ebec0373619cc86aeaa&oe=5FB4E562",
                "https://instagram.fabe1-1.fna.fbcdn.net/v/t51.2885-15/e35/s1080x1080/121717781_335994531024196_5996977511608486418_n.jpg?_nc_ht=instagram.fabe1-1.fna.fbcdn.net&_nc_cat=104&_nc_ohc=cTkCPfz_38UAX9hnnO7&_nc_tp=15&oh=dfe892011f5bbed3bb42e07ccd1364f0&oe=5FB2D9FE"
            ]
        },
        {
            "comments_disabled": false,
            "dimensions": {
                "height": 1080,
                "width": 1080
            },
            "display_url": "https://instagram.fabe1-1.fna.fbcdn.net/v/t51.2885-15/e35/121481831_352484469343484_1474295641904248864_n.jpg?_nc_ht=instagram.fabe1-1.fna.fbcdn.net&_nc_cat=108&_nc_ohc=snALy4gTwAoAX_qY_Vd&_nc_tp=18&oh=e85c939c20e87321bae411f9de3a9154&oe=5FB39169",
            "edge_liked_by": {
                "count": 1
            },
            "edge_media_preview_like": {
                "count": 1
            },
            "edge_media_to_caption": {
                "edges": [
                    {
                        "node": {
                            "text": "YA, Comenzamos Mañana\n\nAntes de empezar a leer los retos diarios y reflexiones, sigue estos pasos. \n\nCéntrate en lo que deseas\n\nAntes de empezar, céntrate en tu sueño de abundancia y en tu situación actual.\n\nLee las reflexiones diarias\n\nLee las reflexiones del taller, uno a uno por orden, centrado/a en tu situación y anota tus impresiones en tu libreta. \n\nDate un tiempo diario\n\nPrograma tu tiempo para estar seguro/a de que vas a plicar el reto sin excusas. Necesitarás entre media hora y una hora diaria para ti.\n\nHaz los retos diarios\n\nHaz las tareas que se te indican. \nNo te saltes ningún día. Y sobre todo sigue el orden. Tal vez no tengas el hábito de terminar lo que comienzas y si ese tu caso, mira la increíble oportunidad que tienes hoy de comenzar a a crear en ti este hábito. \n\nHazte responsable de tu cambio. \nTu vida te pertenece. Hazte responsable 100% de tu cambio. \n\nUna vez acabes el reto, repítelo diariamente hasta que te veas realizando todos los retos al mismo tiempo. \nSe trata completamente de ir agregando una tarea diaria a tu vida. \nMejora tu abundancia día a día."
                        }
                    }
                ]
            },
            "edge_media_to_comment": {
                "count": 0
            },
            "id": "2421591376746388398",
            "is_video": false,
            "owner": {
                "id": "4118249996"
            },
            "shortcode": "CGbOIbqHhuu",
            "tags": [],
            "taken_at_timestamp": 1602896209,
            "thumbnail_resources": [
                {
                    "config_height": 150,
                    "config_width": 150,
                    "src": "https://instagram.fabe1-1.fna.fbcdn.net/v/t51.2885-15/e35/s150x150/121481831_352484469343484_1474295641904248864_n.jpg?_nc_ht=instagram.fabe1-1.fna.fbcdn.net&_nc_cat=108&_nc_ohc=snALy4gTwAoAX_qY_Vd&_nc_tp=15&oh=8f3fb25e2966c6ef938326693ec6f31e&oe=5FB468D8"
                },
                {
                    "config_height": 240,
                    "config_width": 240,
                    "src": "https://instagram.fabe1-1.fna.fbcdn.net/v/t51.2885-15/e35/s240x240/121481831_352484469343484_1474295641904248864_n.jpg?_nc_ht=instagram.fabe1-1.fna.fbcdn.net&_nc_cat=108&_nc_ohc=snALy4gTwAoAX_qY_Vd&_nc_tp=15&oh=82760e077294c7fe8b01396afeae3487&oe=5FB33252"
                },
                {
                    "config_height": 320,
                    "config_width": 320,
                    "src": "https://instagram.fabe1-1.fna.fbcdn.net/v/t51.2885-15/e35/s320x320/121481831_352484469343484_1474295641904248864_n.jpg?_nc_ht=instagram.fabe1-1.fna.fbcdn.net&_nc_cat=108&_nc_ohc=snALy4gTwAoAX_qY_Vd&_nc_tp=15&oh=b6c09bf31c11d4d95360c0a19209998b&oe=5FB225B0"
                },
                {
                    "config_height": 480,
                    "config_width": 480,
                    "src": "https://instagram.fabe1-1.fna.fbcdn.net/v/t51.2885-15/e35/s480x480/121481831_352484469343484_1474295641904248864_n.jpg?_nc_ht=instagram.fabe1-1.fna.fbcdn.net&_nc_cat=108&_nc_ohc=snALy4gTwAoAX_qY_Vd&_nc_tp=15&oh=e3a3b5900a5dfbb50d07584d414bf954&oe=5FB51769"
                },
                {
                    "config_height": 640,
                    "config_width": 640,
                    "src": "https://instagram.fabe1-1.fna.fbcdn.net/v/t51.2885-15/sh0.08/e35/s640x640/121481831_352484469343484_1474295641904248864_n.jpg?_nc_ht=instagram.fabe1-1.fna.fbcdn.net&_nc_cat=108&_nc_ohc=snALy4gTwAoAX_qY_Vd&_nc_tp=24&oh=d37953ae4dee1d1c239a3f7ef07932cd&oe=5FB47853"
                }
            ],
            "thumbnail_src": "https://instagram.fabe1-1.fna.fbcdn.net/v/t51.2885-15/sh0.08/e35/s640x640/121481831_352484469343484_1474295641904248864_n.jpg?_nc_ht=instagram.fabe1-1.fna.fbcdn.net&_nc_cat=108&_nc_ohc=snALy4gTwAoAX_qY_Vd&_nc_tp=24&oh=d37953ae4dee1d1c239a3f7ef07932cd&oe=5FB47853",
            "urls": [
                "https://instagram.fabe1-1.fna.fbcdn.net/v/t51.2885-15/e35/121481831_352484469343484_1474295641904248864_n.jpg?_nc_ht=instagram.fabe1-1.fna.fbcdn.net&_nc_cat=108&_nc_ohc=snALy4gTwAoAX_qY_Vd&_nc_tp=18&oh=e85c939c20e87321bae411f9de3a9154&oe=5FB39169",
                "https://instagram.fabe1-1.fna.fbcdn.net/v/t51.2885-15/e35/121587445_412529323074690_5876002435925317400_n.jpg?_nc_ht=instagram.fabe1-1.fna.fbcdn.net&_nc_cat=106&_nc_ohc=F_cBjHOcO2sAX9XgQzZ&_nc_tp=18&oh=4c430bf28685180a4ffec2f383c9f129&oe=5FB2DD5C"
            ]
        },
        {
            "comments_disabled": false,
            "dimensions": {
                "height": 1080,
                "width": 1080
            },
            "display_url": "https://instagram.fabe1-1.fna.fbcdn.net/v/t51.2885-15/fr/e15/s1080x1080/121618581_946161379207886_3103945272346137636_n.jpg?_nc_ht=instagram.fabe1-1.fna.fbcdn.net&_nc_cat=102&_nc_ohc=DxL8jdN-u-kAX9R722r&oh=cf1e9fb4fda0e206b857d05fbb98f2ee&oe=5F8C8B25",
            "edge_liked_by": {
                "count": 0
            },
            "edge_media_preview_like": {
                "count": 0
            },
            "edge_media_to_caption": {
                "edges": [
                    {
                        "node": {
                            "text": "NEWS & REPORTS │ INFLUENCERS. Los Pichy Boys: Los Padres Fundadores. #cubantop10 #lospichyboys #comedian #youtuber #talent #cuba #cubanblood #cubaocho #davidlopezmiami #music #singer #actor #host #tv #show #influencer #entertainment #celebrity #famous @univistatv @cubanosdelmundo @holaotaola @americateve41 @telemundo @univision @cubadiariode"
                        }
                    }
                ]
            },
            "edge_media_to_comment": {
                "count": 0
            },
            "id": "2421590987479626357",
            "is_video": true,
            "owner": {
                "id": "4839208763"
            },
            "shortcode": "CGbOCxIArJ1",
            "tags": [
                "cuba",
                "actor",
                "influencer",
                "cubaocho",
                "entertainment",
                "youtuber",
                "lospichyboys",
                "famous",
                "host",
                "talent",
                "tv",
                "cubantop10",
                "celebrity",
                "davidlopezmiami",
                "cubanblood",
                "show",
                "music",
                "comedian",
                "singer"
            ],
            "taken_at_timestamp": 1602896186,
            "thumbnail_resources": [
                {
                    "config_height": 150,
                    "config_width": 150,
                    "src": "https://instagram.fabe1-1.fna.fbcdn.net/v/t51.2885-15/e15/s150x150/121618581_946161379207886_3103945272346137636_n.jpg?_nc_ht=instagram.fabe1-1.fna.fbcdn.net&_nc_cat=102&_nc_ohc=DxL8jdN-u-kAX9R722r&_nc_tp=15&oh=92de783837b07a5efd561f56f2ab0556&oe=5F8C9951"
                },
                {
                    "config_height": 240,
                    "config_width": 240,
                    "src": "https://instagram.fabe1-1.fna.fbcdn.net/v/t51.2885-15/e15/s240x240/121618581_946161379207886_3103945272346137636_n.jpg?_nc_ht=instagram.fabe1-1.fna.fbcdn.net&_nc_cat=102&_nc_ohc=DxL8jdN-u-kAX9R722r&_nc_tp=15&oh=abfabf6d0ca672555cabe32a3be34f9c&oe=5F8CBD97"
                },
                {
                    "config_height": 320,
                    "config_width": 320,
                    "src": "https://instagram.fabe1-1.fna.fbcdn.net/v/t51.2885-15/e15/s320x320/121618581_946161379207886_3103945272346137636_n.jpg?_nc_ht=instagram.fabe1-1.fna.fbcdn.net&_nc_cat=102&_nc_ohc=DxL8jdN-u-kAX9R722r&_nc_tp=15&oh=55fff79db5c724203ba9e5169add0a80&oe=5F8C83E9"
                },
                {
                    "config_height": 480,
                    "config_width": 480,
                    "src": "https://instagram.fabe1-1.fna.fbcdn.net/v/t51.2885-15/e15/s480x480/121618581_946161379207886_3103945272346137636_n.jpg?_nc_ht=instagram.fabe1-1.fna.fbcdn.net&_nc_cat=102&_nc_ohc=DxL8jdN-u-kAX9R722r&_nc_tp=15&oh=d6d1af4bc08c2e7d5ddc0e00c1070f19&oe=5F8C9EF0"
                },
                {
                    "config_height": 640,
                    "config_width": 640,
                    "src": "https://instagram.fabe1-1.fna.fbcdn.net/v/t51.2885-15/sh0.08/e35/s640x640/121618581_946161379207886_3103945272346137636_n.jpg?_nc_ht=instagram.fabe1-1.fna.fbcdn.net&_nc_cat=102&_nc_ohc=DxL8jdN-u-kAX9R722r&_nc_tp=24&oh=65ea5e6d8b8cb5d0af1eeccf551b848b&oe=5F8CB4EE"
                }
            ],
            "thumbnail_src": "https://instagram.fabe1-1.fna.fbcdn.net/v/t51.2885-15/sh0.08/e35/s640x640/121618581_946161379207886_3103945272346137636_n.jpg?_nc_ht=instagram.fabe1-1.fna.fbcdn.net&_nc_cat=102&_nc_ohc=DxL8jdN-u-kAX9R722r&_nc_tp=24&oh=65ea5e6d8b8cb5d0af1eeccf551b848b&oe=5F8CB4EE",
            "urls": [
                "https://instagram.fabe1-1.fna.fbcdn.net/v/t50.2886-16/122027780_1062013354232343_5293720250689422589_n.mp4?_nc_ht=instagram.fabe1-1.fna.fbcdn.net&_nc_cat=103&_nc_ohc=Fx5f0znHTOwAX8mxPJH&oe=5F8C7DA9&oh=42b09014b45c3595171181bac73f059e"
            ],
            "video_view_count": 0
        }
    ]
}