{
    "GraphImages": [
        {
            "comments_disabled": false,
            "dimensions": {
                "height": 600,
                "width": 480
            },
            "display_url": "https://instagram.fabe1-1.fna.fbcdn.net/v/t51.2885-15/e35/121590427_810459049717444_8561330736858501864_n.jpg?_nc_ht=instagram.fabe1-1.fna.fbcdn.net&_nc_cat=104&_nc_ohc=kO99vYNOk50AX83mX2G&_nc_tp=18&oh=b5d834104ac35a879f5e520b3c4382b4&oe=5F8CD006",
            "edge_liked_by": {
                "count": 0
            },
            "edge_media_preview_like": {
                "count": 0
            },
            "edge_media_to_caption": {
                "edges": [
                    {
                        "node": {
                            "text": "#49 #NaturalBody in #Miami 😜"
                        }
                    }
                ]
            },
            "edge_media_to_comment": {
                "count": 0
            },
            "id": "2421563638069233453",
            "is_video": true,
            "owner": {
                "id": "186935372"
            },
            "shortcode": "CGbH0yAHoct",
            "tags": [
                "Miami",
                "49",
                "NaturalBody"
            ],
            "taken_at_timestamp": 1602892914,
            "thumbnail_resources": [
                {
                    "config_height": 150,
                    "config_width": 150,
                    "src": "https://instagram.fabe1-1.fna.fbcdn.net/v/t51.2885-15/e35/c0.60.480.480a/s150x150/121590427_810459049717444_8561330736858501864_n.jpg?_nc_ht=instagram.fabe1-1.fna.fbcdn.net&_nc_cat=104&_nc_ohc=kO99vYNOk50AX83mX2G&tp=16&oh=50dddafbcee1d1f68684382c755972cf&oe=5F8C74A9"
                },
                {
                    "config_height": 240,
                    "config_width": 240,
                    "src": "https://instagram.fabe1-1.fna.fbcdn.net/v/t51.2885-15/e35/c0.60.480.480a/s240x240/121590427_810459049717444_8561330736858501864_n.jpg?_nc_ht=instagram.fabe1-1.fna.fbcdn.net&_nc_cat=104&_nc_ohc=kO99vYNOk50AX83mX2G&tp=16&oh=d85eadb7ef1b5b706bda07e01c316962&oe=5F8CB36F"
                },
                {
                    "config_height": 320,
                    "config_width": 320,
                    "src": "https://instagram.fabe1-1.fna.fbcdn.net/v/t51.2885-15/e35/c0.60.480.480a/s320x320/121590427_810459049717444_8561330736858501864_n.jpg?_nc_ht=instagram.fabe1-1.fna.fbcdn.net&_nc_cat=104&_nc_ohc=kO99vYNOk50AX83mX2G&tp=16&oh=4cd2fad424eac7b927fbb2798a0da746&oe=5F8CC2D1"
                },
                {
                    "config_height": 480,
                    "config_width": 480,
                    "src": "https://instagram.fabe1-1.fna.fbcdn.net/v/t51.2885-15/e35/c0.60.480.480a/121590427_810459049717444_8561330736858501864_n.jpg?_nc_ht=instagram.fabe1-1.fna.fbcdn.net&_nc_cat=104&_nc_ohc=kO99vYNOk50AX83mX2G&oh=f6cdedf40f55b58d7784134a49803276&oe=5F8C8FAC"
                },
                {
                    "config_height": 640,
                    "config_width": 640,
                    "src": "https://instagram.fabe1-1.fna.fbcdn.net/v/t51.2885-15/e35/c0.60.480.480a/121590427_810459049717444_8561330736858501864_n.jpg?_nc_ht=instagram.fabe1-1.fna.fbcdn.net&_nc_cat=104&_nc_ohc=kO99vYNOk50AX83mX2G&oh=f6cdedf40f55b58d7784134a49803276&oe=5F8C8FAC"
                }
            ],
            "thumbnail_src": "https://instagram.fabe1-1.fna.fbcdn.net/v/t51.2885-15/e35/c0.60.480.480a/121590427_810459049717444_8561330736858501864_n.jpg?_nc_ht=instagram.fabe1-1.fna.fbcdn.net&_nc_cat=104&_nc_ohc=kO99vYNOk50AX83mX2G&oh=f6cdedf40f55b58d7784134a49803276&oe=5F8C8FAC",
            "urls": [
                "https://instagram.fabe1-1.fna.fbcdn.net/v/t50.2886-16/121712856_979196379252369_2535508474461223543_n.mp4?_nc_ht=instagram.fabe1-1.fna.fbcdn.net&_nc_cat=109&_nc_ohc=NM8rH7f9zs4AX-HErdi&oe=5F8C5F7E&oh=164f18f9339dd409df40a9005b86cd85"
            ],
            "video_view_count": 0
        },
        {
            "comments_disabled": false,
            "dimensions": {
                "height": 607,
                "width": 1080
            },
            "display_url": "https://instagram.fabe1-1.fna.fbcdn.net/v/t51.2885-15/e35/s1080x1080/121666045_278778033268922_7359592812328135406_n.jpg?_nc_ht=instagram.fabe1-1.fna.fbcdn.net&_nc_cat=102&_nc_ohc=s-nggZTxoL0AX9O2LFe&_nc_tp=15&oh=1dcd822701c0305ee430609e4809525f&oe=5FB5A3CB",
            "edge_liked_by": {
                "count": 0
            },
            "edge_media_preview_like": {
                "count": 0
            },
            "edge_media_to_caption": {
                "edges": [
                    {
                        "node": {
                            "text": "I’m taking over trust me 🏝 SLAP👋or GRAB🍑 MIAMI EDITION!!! \n•\n•\n•\n•\n•\n• TUNE IN!! \n#explore #explorepage✨ #explorepage #funny #publicinterview #miami #miamibeach #tiktokers"
                        }
                    }
                ]
            },
            "edge_media_to_comment": {
                "count": 0
            },
            "id": "2421563683198985702",
            "is_video": false,
            "owner": {
                "id": "209491902"
            },
            "shortcode": "CGbH1cCD-Xm",
            "tags": [
                "miami",
                "funny",
                "tiktokers",
                "explore",
                "✨",
                "miamibeach",
                "explorepage",
                "publicinterview"
            ],
            "taken_at_timestamp": 1602892907,
            "thumbnail_resources": [
                {
                    "config_height": 150,
                    "config_width": 150,
                    "src": "https://instagram.fabe1-1.fna.fbcdn.net/v/t51.2885-15/e35/c280.0.720.720a/s150x150/121666045_278778033268922_7359592812328135406_n.jpg?_nc_ht=instagram.fabe1-1.fna.fbcdn.net&_nc_cat=102&_nc_ohc=s-nggZTxoL0AX9O2LFe&tp=16&oh=ab4c085aa6dcb56cf29cbaad104f3467&oe=5FB50A50"
                },
                {
                    "config_height": 240,
                    "config_width": 240,
                    "src": "https://instagram.fabe1-1.fna.fbcdn.net/v/t51.2885-15/e35/c280.0.720.720a/s240x240/121666045_278778033268922_7359592812328135406_n.jpg?_nc_ht=instagram.fabe1-1.fna.fbcdn.net&_nc_cat=102&_nc_ohc=s-nggZTxoL0AX9O2LFe&tp=16&oh=607d22ab4edd282034cb6cbe9b81b8c2&oe=5FB5A1CA"
                },
                {
                    "config_height": 320,
                    "config_width": 320,
                    "src": "https://instagram.fabe1-1.fna.fbcdn.net/v/t51.2885-15/e35/c280.0.720.720a/s320x320/121666045_278778033268922_7359592812328135406_n.jpg?_nc_ht=instagram.fabe1-1.fna.fbcdn.net&_nc_cat=102&_nc_ohc=s-nggZTxoL0AX9O2LFe&tp=16&oh=fd06cd47fd52f9dd8ed2fc57f85e29e4&oe=5FB222B8"
                },
                {
                    "config_height": 480,
                    "config_width": 480,
                    "src": "https://instagram.fabe1-1.fna.fbcdn.net/v/t51.2885-15/e35/c280.0.720.720a/s480x480/121666045_278778033268922_7359592812328135406_n.jpg?_nc_ht=instagram.fabe1-1.fna.fbcdn.net&_nc_cat=102&_nc_ohc=s-nggZTxoL0AX9O2LFe&tp=16&oh=5135a130fa476ddae485eefcf43ccc0c&oe=5FB39FF1"
                },
                {
                    "config_height": 640,
                    "config_width": 640,
                    "src": "https://instagram.fabe1-1.fna.fbcdn.net/v/t51.2885-15/sh0.08/e35/c280.0.720.720a/s640x640/121666045_278778033268922_7359592812328135406_n.jpg?_nc_ht=instagram.fabe1-1.fna.fbcdn.net&_nc_cat=102&_nc_ohc=s-nggZTxoL0AX9O2LFe&oh=e7d08c4b1264d192b7866be8187c4803&oe=5FB24589"
                }
            ],
            "thumbnail_src": "https://instagram.fabe1-1.fna.fbcdn.net/v/t51.2885-15/sh0.08/e35/c280.0.720.720a/s640x640/121666045_278778033268922_7359592812328135406_n.jpg?_nc_ht=instagram.fabe1-1.fna.fbcdn.net&_nc_cat=102&_nc_ohc=s-nggZTxoL0AX9O2LFe&oh=e7d08c4b1264d192b7866be8187c4803&oe=5FB24589",
            "urls": [
                "https://instagram.fabe1-1.fna.fbcdn.net/v/t51.2885-15/e35/s1080x1080/121666045_278778033268922_7359592812328135406_n.jpg?_nc_ht=instagram.fabe1-1.fna.fbcdn.net&_nc_cat=102&_nc_ohc=s-nggZTxoL0AX9O2LFe&_nc_tp=15&oh=1dcd822701c0305ee430609e4809525f&oe=5FB5A3CB"
            ]
        },
        {
            "comments_disabled": false,
            "dimensions": {
                "height": 933,
                "width": 750
            },
            "display_url": "https://instagram.fabe1-1.fna.fbcdn.net/v/t51.2885-15/e35/121605874_631597620858134_3714429059125333216_n.jpg?_nc_ht=instagram.fabe1-1.fna.fbcdn.net&_nc_cat=102&_nc_ohc=QLXqnxdgrqQAX8InUhk&_nc_tp=18&oh=734526c4fd852cbfab90398a65d8c724&oe=5F8CD0DA",
            "edge_liked_by": {
                "count": 0
            },
            "edge_media_preview_like": {
                "count": 0
            },
            "edge_media_to_caption": {
                "edges": [
                    {
                        "node": {
                            "text": "Ladies, this is your night! Music tailored and geared toward women!\n\n@mitdrinks presents; \n\n\"LADY LIKE\" (Ladies Night)\n\nDJ Willie Dynamite \n\nStarting October 18th! Every Sunday at 6pm on INSTAGRAM @ladylikesunday \n\nPop, R&B, Dancehall Reggae & Classics!\n\nClick the link in my bio!\n\nSponsored by @mitdrinks"
                        }
                    }
                ]
            },
            "edge_media_to_comment": {
                "count": 0
            },
            "id": "2421563418841311626",
            "is_video": true,
            "owner": {
                "id": "41763239829"
            },
            "shortcode": "CGbHxl1HemK",
            "tags": [],
            "taken_at_timestamp": 1602892896,
            "thumbnail_resources": [
                {
                    "config_height": 150,
                    "config_width": 150,
                    "src": "https://instagram.fabe1-1.fna.fbcdn.net/v/t51.2885-15/e35/c0.88.720.720a/s150x150/121605874_631597620858134_3714429059125333216_n.jpg?_nc_ht=instagram.fabe1-1.fna.fbcdn.net&_nc_cat=102&_nc_ohc=QLXqnxdgrqQAX8InUhk&tp=16&oh=5cb6664d3ebbf19fe0cd4fb3bc91459d&oe=5F8CBD12"
                },
                {
                    "config_height": 240,
                    "config_width": 240,
                    "src": "https://instagram.fabe1-1.fna.fbcdn.net/v/t51.2885-15/e35/c0.88.720.720a/s240x240/121605874_631597620858134_3714429059125333216_n.jpg?_nc_ht=instagram.fabe1-1.fna.fbcdn.net&_nc_cat=102&_nc_ohc=QLXqnxdgrqQAX8InUhk&tp=16&oh=2a6f02755084994ff9811c23f4c37d6f&oe=5F8C9F58"
                },
                {
                    "config_height": 320,
                    "config_width": 320,
                    "src": "https://instagram.fabe1-1.fna.fbcdn.net/v/t51.2885-15/e35/c0.88.720.720a/s320x320/121605874_631597620858134_3714429059125333216_n.jpg?_nc_ht=instagram.fabe1-1.fna.fbcdn.net&_nc_cat=102&_nc_ohc=QLXqnxdgrqQAX8InUhk&tp=16&oh=73f74738107f52a921dc4d55e189af36&oe=5F8C4DEA"
                },
                {
                    "config_height": 480,
                    "config_width": 480,
                    "src": "https://instagram.fabe1-1.fna.fbcdn.net/v/t51.2885-15/e35/c0.88.720.720a/s480x480/121605874_631597620858134_3714429059125333216_n.jpg?_nc_ht=instagram.fabe1-1.fna.fbcdn.net&_nc_cat=102&_nc_ohc=QLXqnxdgrqQAX8InUhk&tp=16&oh=db12b5ea24436d2ce4dd564439b50c4d&oe=5F8CD4EF"
                },
                {
                    "config_height": 640,
                    "config_width": 640,
                    "src": "https://instagram.fabe1-1.fna.fbcdn.net/v/t51.2885-15/sh0.08/e35/c0.88.720.720a/s640x640/121605874_631597620858134_3714429059125333216_n.jpg?_nc_ht=instagram.fabe1-1.fna.fbcdn.net&_nc_cat=102&_nc_ohc=QLXqnxdgrqQAX8InUhk&oh=2896b148427013c1f3371f55a7ecae66&oe=5F8C9BA6"
                }
            ],
            "thumbnail_src": "https://instagram.fabe1-1.fna.fbcdn.net/v/t51.2885-15/sh0.08/e35/c0.88.720.720a/s640x640/121605874_631597620858134_3714429059125333216_n.jpg?_nc_ht=instagram.fabe1-1.fna.fbcdn.net&_nc_cat=102&_nc_ohc=QLXqnxdgrqQAX8InUhk&oh=2896b148427013c1f3371f55a7ecae66&oe=5F8C9BA6",
            "urls": [
                "https://instagram.fabe1-1.fna.fbcdn.net/v/t50.2886-16/121796789_345997646485001_8363235041082172045_n.mp4?_nc_ht=instagram.fabe1-1.fna.fbcdn.net&_nc_cat=105&_nc_ohc=xhEAGX2zNmEAX-g5XT5&oe=5F8CACE4&oh=e7afd648739ce7564ef22e965e1a2ea2"
            ],
            "video_view_count": 0
        },
        {
            "comments_disabled": false,
            "dimensions": {
                "height": 1071,
                "width": 1080
            },
            "display_url": "https://instagram.fabe1-1.fna.fbcdn.net/v/t51.2885-15/e35/s1080x1080/121579521_675983456362481_7082782531976326372_n.jpg?_nc_ht=instagram.fabe1-1.fna.fbcdn.net&_nc_cat=105&_nc_ohc=-GdmE_Dfvz0AX8G_nte&_nc_tp=15&oh=e17954462f2ba036b2a78431b49e1802&oe=5FB30334",
            "edge_liked_by": {
                "count": 0
            },
            "edge_media_preview_like": {
                "count": 0
            },
            "edge_media_to_caption": {
                "edges": []
            },
            "edge_media_to_comment": {
                "count": 0
            },
            "id": "2421563562294274469",
            "is_video": false,
            "owner": {
                "id": "184723092"
            },
            "shortcode": "CGbHzrblGml",
            "taken_at_timestamp": 1602892893,
            "thumbnail_resources": [
                {
                    "config_height": 150,
                    "config_width": 150,
                    "src": "https://instagram.fabe1-1.fna.fbcdn.net/v/t51.2885-15/e35/c4.0.1115.1115a/s150x150/121579521_675983456362481_7082782531976326372_n.jpg?_nc_ht=instagram.fabe1-1.fna.fbcdn.net&_nc_cat=105&_nc_ohc=-GdmE_Dfvz0AX8G_nte&tp=16&oh=7fbb8106273ecdb3f1d9ef9827ee774a&oe=5FB3D1E8"
                },
                {
                    "config_height": 240,
                    "config_width": 240,
                    "src": "https://instagram.fabe1-1.fna.fbcdn.net/v/t51.2885-15/e35/c4.0.1115.1115a/s240x240/121579521_675983456362481_7082782531976326372_n.jpg?_nc_ht=instagram.fabe1-1.fna.fbcdn.net&_nc_cat=105&_nc_ohc=-GdmE_Dfvz0AX8G_nte&tp=16&oh=3525e4029918fc0bcc4a143413a91922&oe=5FB40C62"
                },
                {
                    "config_height": 320,
                    "config_width": 320,
                    "src": "https://instagram.fabe1-1.fna.fbcdn.net/v/t51.2885-15/e35/c4.0.1115.1115a/s320x320/121579521_675983456362481_7082782531976326372_n.jpg?_nc_ht=instagram.fabe1-1.fna.fbcdn.net&_nc_cat=105&_nc_ohc=-GdmE_Dfvz0AX8G_nte&tp=16&oh=a614e2c123f9fff1b1ae15313c24ee24&oe=5FB33CA0"
                },
                {
                    "config_height": 480,
                    "config_width": 480,
                    "src": "https://instagram.fabe1-1.fna.fbcdn.net/v/t51.2885-15/e35/c4.0.1115.1115a/s480x480/121579521_675983456362481_7082782531976326372_n.jpg?_nc_ht=instagram.fabe1-1.fna.fbcdn.net&_nc_cat=105&_nc_ohc=-GdmE_Dfvz0AX8G_nte&tp=16&oh=cac563101f3e861efa055465ed89d1eb&oe=5FB41CD9"
                },
                {
                    "config_height": 640,
                    "config_width": 640,
                    "src": "https://instagram.fabe1-1.fna.fbcdn.net/v/t51.2885-15/sh0.08/e35/c4.0.1115.1115a/s640x640/121579521_675983456362481_7082782531976326372_n.jpg?_nc_ht=instagram.fabe1-1.fna.fbcdn.net&_nc_cat=105&_nc_ohc=-GdmE_Dfvz0AX8G_nte&oh=6d0ad88c7e002dab933736154109fdb8&oe=5FB27C21"
                }
            ],
            "thumbnail_src": "https://instagram.fabe1-1.fna.fbcdn.net/v/t51.2885-15/sh0.08/e35/c4.0.1115.1115a/s640x640/121579521_675983456362481_7082782531976326372_n.jpg?_nc_ht=instagram.fabe1-1.fna.fbcdn.net&_nc_cat=105&_nc_ohc=-GdmE_Dfvz0AX8G_nte&oh=6d0ad88c7e002dab933736154109fdb8&oe=5FB27C21",
            "urls": [
                "https://instagram.fabe1-1.fna.fbcdn.net/v/t51.2885-15/e35/s1080x1080/121579521_675983456362481_7082782531976326372_n.jpg?_nc_ht=instagram.fabe1-1.fna.fbcdn.net&_nc_cat=105&_nc_ohc=-GdmE_Dfvz0AX8G_nte&_nc_tp=15&oh=e17954462f2ba036b2a78431b49e1802&oe=5FB30334"
            ]
        },
        {
            "comments_disabled": false,
            "dimensions": {
                "height": 1349,
                "width": 1080
            },
            "display_url": "https://instagram.fabe1-1.fna.fbcdn.net/v/t51.2885-15/e35/121739110_114834650262705_5506726587292260548_n.jpg?_nc_ht=instagram.fabe1-1.fna.fbcdn.net&_nc_cat=109&_nc_ohc=lXzTN6ojIQMAX-LdvpO&_nc_tp=18&oh=900db79a03db7c1d617f4100abe06076&oe=5FB1F2D3",
            "edge_liked_by": {
                "count": 2
            },
            "edge_media_preview_like": {
                "count": 2
            },
            "edge_media_to_caption": {
                "edges": [
                    {
                        "node": {
                            "text": "Onlyfans.com/jalasue 💛\nElla es @fitnessmodelmom 🔥\n¡Siguela en su Onlyfans para mas contenido! 😱\n@fitnessmodelmom ❤️\n¡Bellisima! 😍\n.\n@vnezolanas_vzla 👽\n#girl #miami #orlando #florida #beach #miamibeach #fitness #fitnessgirl #love #miamimodel #miamigirl #beach #beachgirl #sun"
                        }
                    }
                ]
            },
            "edge_media_to_comment": {
                "count": 1
            },
            "id": "2421563467897945135",
            "is_video": false,
            "owner": {
                "id": "5591951550"
            },
            "shortcode": "CGbHyThHrwv",
            "tags": [
                "beachgirl",
                "love",
                "miami",
                "fitnessgirl",
                "girl",
                "florida",
                "miamigirl",
                "miamibeach",
                "fitness",
                "beach",
                "orlando",
                "miamimodel",
                "sun"
            ],
            "taken_at_timestamp": 1602892882,
            "thumbnail_resources": [
                {
                    "config_height": 150,
                    "config_width": 150,
                    "src": "https://instagram.fabe1-1.fna.fbcdn.net/v/t51.2885-15/e35/c0.134.1078.1078a/s150x150/121739110_114834650262705_5506726587292260548_n.jpg?_nc_ht=instagram.fabe1-1.fna.fbcdn.net&_nc_cat=109&_nc_ohc=lXzTN6ojIQMAX-LdvpO&tp=16&oh=29f080e8db22e63998be467c78125172&oe=5FB23620"
                },
                {
                    "config_height": 240,
                    "config_width": 240,
                    "src": "https://instagram.fabe1-1.fna.fbcdn.net/v/t51.2885-15/e35/c0.134.1078.1078a/s240x240/121739110_114834650262705_5506726587292260548_n.jpg?_nc_ht=instagram.fabe1-1.fna.fbcdn.net&_nc_cat=109&_nc_ohc=lXzTN6ojIQMAX-LdvpO&tp=16&oh=1cafafb3eec4b8b9e56979bcbb9f75ac&oe=5FB2B11A"
                },
                {
                    "config_height": 320,
                    "config_width": 320,
                    "src": "https://instagram.fabe1-1.fna.fbcdn.net/v/t51.2885-15/e35/c0.134.1078.1078a/s320x320/121739110_114834650262705_5506726587292260548_n.jpg?_nc_ht=instagram.fabe1-1.fna.fbcdn.net&_nc_cat=109&_nc_ohc=lXzTN6ojIQMAX-LdvpO&tp=16&oh=380e0062d93445ac6e302b50423b8704&oe=5FB5AAE8"
                },
                {
                    "config_height": 480,
                    "config_width": 480,
                    "src": "https://instagram.fabe1-1.fna.fbcdn.net/v/t51.2885-15/e35/c0.134.1078.1078a/s480x480/121739110_114834650262705_5506726587292260548_n.jpg?_nc_ht=instagram.fabe1-1.fna.fbcdn.net&_nc_cat=109&_nc_ohc=lXzTN6ojIQMAX-LdvpO&tp=16&oh=ef25177d47a1c74d736a18624f04d5f0&oe=5FB56B21"
                },
                {
                    "config_height": 640,
                    "config_width": 640,
                    "src": "https://instagram.fabe1-1.fna.fbcdn.net/v/t51.2885-15/sh0.08/e35/c0.134.1078.1078a/s640x640/121739110_114834650262705_5506726587292260548_n.jpg?_nc_ht=instagram.fabe1-1.fna.fbcdn.net&_nc_cat=109&_nc_ohc=lXzTN6ojIQMAX-LdvpO&oh=b2cca3ea243e9a17559d4c32f6643a21&oe=5FB55830"
                }
            ],
            "thumbnail_src": "https://instagram.fabe1-1.fna.fbcdn.net/v/t51.2885-15/sh0.08/e35/c0.134.1078.1078a/s640x640/121739110_114834650262705_5506726587292260548_n.jpg?_nc_ht=instagram.fabe1-1.fna.fbcdn.net&_nc_cat=109&_nc_ohc=lXzTN6ojIQMAX-LdvpO&oh=b2cca3ea243e9a17559d4c32f6643a21&oe=5FB55830",
            "urls": [
                "https://instagram.fabe1-1.fna.fbcdn.net/v/t51.2885-15/e35/121739110_114834650262705_5506726587292260548_n.jpg?_nc_ht=instagram.fabe1-1.fna.fbcdn.net&_nc_cat=109&_nc_ohc=lXzTN6ojIQMAX-LdvpO&_nc_tp=18&oh=900db79a03db7c1d617f4100abe06076&oe=5FB1F2D3"
            ]
        },
        {
            "comments_disabled": false,
            "dimensions": {
                "height": 1350,
                "width": 1080
            },
            "display_url": "https://instagram.fabe1-1.fna.fbcdn.net/v/t51.2885-15/e35/121582614_132411818237546_6538921325357532067_n.jpg?_nc_ht=instagram.fabe1-1.fna.fbcdn.net&_nc_cat=102&_nc_ohc=nyfC3cnWRG0AX_AWIxf&_nc_tp=18&oh=05578eb12a5e961b92d435347728efde&oe=5FB21A32",
            "edge_liked_by": {
                "count": 0
            },
            "edge_media_preview_like": {
                "count": 0
            },
            "edge_media_to_caption": {
                "edges": []
            },
            "edge_media_to_comment": {
                "count": 0
            },
            "id": "2421563447000382072",
            "is_video": false,
            "owner": {
                "id": "39931403599"
            },
            "shortcode": "CGbHyADhzp4",
            "taken_at_timestamp": 1602892879,
            "thumbnail_resources": [
                {
                    "config_height": 150,
                    "config_width": 150,
                    "src": "https://instagram.fabe1-1.fna.fbcdn.net/v/t51.2885-15/e35/c0.112.899.899a/s150x150/121582614_132411818237546_6538921325357532067_n.jpg?_nc_ht=instagram.fabe1-1.fna.fbcdn.net&_nc_cat=102&_nc_ohc=nyfC3cnWRG0AX_AWIxf&tp=16&oh=22b27d6915065797951537a1f3f5cb0a&oe=5FB2529A"
                },
                {
                    "config_height": 240,
                    "config_width": 240,
                    "src": "https://instagram.fabe1-1.fna.fbcdn.net/v/t51.2885-15/e35/c0.112.899.899a/s240x240/121582614_132411818237546_6538921325357532067_n.jpg?_nc_ht=instagram.fabe1-1.fna.fbcdn.net&_nc_cat=102&_nc_ohc=nyfC3cnWRG0AX_AWIxf&tp=16&oh=44057dd498861c7fe558a6d87c3c7108&oe=5FB2AEA0"
                },
                {
                    "config_height": 320,
                    "config_width": 320,
                    "src": "https://instagram.fabe1-1.fna.fbcdn.net/v/t51.2885-15/e35/c0.112.899.899a/s320x320/121582614_132411818237546_6538921325357532067_n.jpg?_nc_ht=instagram.fabe1-1.fna.fbcdn.net&_nc_cat=102&_nc_ohc=nyfC3cnWRG0AX_AWIxf&tp=16&oh=79ac9954be2c1cf42d03c6e07f2f1f06&oe=5FB5A762"
                },
                {
                    "config_height": 480,
                    "config_width": 480,
                    "src": "https://instagram.fabe1-1.fna.fbcdn.net/v/t51.2885-15/e35/c0.112.899.899a/s480x480/121582614_132411818237546_6538921325357532067_n.jpg?_nc_ht=instagram.fabe1-1.fna.fbcdn.net&_nc_cat=102&_nc_ohc=nyfC3cnWRG0AX_AWIxf&tp=16&oh=a23b8a3997bf1f5e30deccf94dd4d4a1&oe=5FB26527"
                },
                {
                    "config_height": 640,
                    "config_width": 640,
                    "src": "https://instagram.fabe1-1.fna.fbcdn.net/v/t51.2885-15/sh0.08/e35/c0.112.899.899a/s640x640/121582614_132411818237546_6538921325357532067_n.jpg?_nc_ht=instagram.fabe1-1.fna.fbcdn.net&_nc_cat=102&_nc_ohc=nyfC3cnWRG0AX_AWIxf&oh=3cd33327d4a24a862215bce05cad0f81&oe=5FB50CDF"
                }
            ],
            "thumbnail_src": "https://instagram.fabe1-1.fna.fbcdn.net/v/t51.2885-15/sh0.08/e35/c0.112.899.899a/s640x640/121582614_132411818237546_6538921325357532067_n.jpg?_nc_ht=instagram.fabe1-1.fna.fbcdn.net&_nc_cat=102&_nc_ohc=nyfC3cnWRG0AX_AWIxf&oh=3cd33327d4a24a862215bce05cad0f81&oe=5FB50CDF",
            "urls": [
                "https://instagram.fabe1-1.fna.fbcdn.net/v/t51.2885-15/e35/121582614_132411818237546_6538921325357532067_n.jpg?_nc_ht=instagram.fabe1-1.fna.fbcdn.net&_nc_cat=102&_nc_ohc=nyfC3cnWRG0AX_AWIxf&_nc_tp=18&oh=05578eb12a5e961b92d435347728efde&oe=5FB21A32"
            ]
        },
        {
            "comments_disabled": false,
            "dimensions": {
                "height": 1080,
                "width": 1080
            },
            "display_url": "https://instagram.fabe1-1.fna.fbcdn.net/v/t51.2885-15/e35/122006557_266158021381428_8114482882637361686_n.jpg?_nc_ht=instagram.fabe1-1.fna.fbcdn.net&_nc_cat=100&_nc_ohc=SzH7yT4jHLQAX8b_JRh&_nc_tp=18&oh=58dbfa7507421255fc8e4646b6788c77&oe=5FB4D1AF",
            "edge_liked_by": {
                "count": 0
            },
            "edge_media_preview_like": {
                "count": 0
            },
            "edge_media_to_caption": {
                "edges": [
                    {
                        "node": {
                            "text": "🛍𝐅𝐔𝐍 𝐅𝐑𝐈𝐃𝐀𝐘🛍\nLas gotas mágicas, El Lipo en Gotas, Las Resolution Drops!!!!! ESTAN A 10% de DESCUENTO TODO EL FIN DE SEMANA!!! \n\n𝗔𝗽𝗿𝗼𝘃𝗲𝗰𝗵𝗮 𝗬𝗮 𝘆 𝗘𝘀𝗰𝗿𝗶𝗯𝗲𝗺𝗲!"
                        }
                    }
                ]
            },
            "edge_media_to_comment": {
                "count": 0
            },
            "id": "2421563397969457540",
            "is_video": false,
            "owner": {
                "id": "37728839692"
            },
            "shortcode": "CGbHxSZDrGE",
            "tags": [],
            "taken_at_timestamp": 1602892873,
            "thumbnail_resources": [
                {
                    "config_height": 150,
                    "config_width": 150,
                    "src": "https://instagram.fabe1-1.fna.fbcdn.net/v/t51.2885-15/e35/s150x150/122006557_266158021381428_8114482882637361686_n.jpg?_nc_ht=instagram.fabe1-1.fna.fbcdn.net&_nc_cat=100&_nc_ohc=SzH7yT4jHLQAX8b_JRh&_nc_tp=15&oh=52e53324d5a56f676d1f400c520abb04&oe=5FB40612"
                },
                {
                    "config_height": 240,
                    "config_width": 240,
                    "src": "https://instagram.fabe1-1.fna.fbcdn.net/v/t51.2885-15/e35/s240x240/122006557_266158021381428_8114482882637361686_n.jpg?_nc_ht=instagram.fabe1-1.fna.fbcdn.net&_nc_cat=100&_nc_ohc=SzH7yT4jHLQAX8b_JRh&_nc_tp=15&oh=83853da1d8cab3846468516b31823a32&oe=5FB59B98"
                },
                {
                    "config_height": 320,
                    "config_width": 320,
                    "src": "https://instagram.fabe1-1.fna.fbcdn.net/v/t51.2885-15/e35/s320x320/122006557_266158021381428_8114482882637361686_n.jpg?_nc_ht=instagram.fabe1-1.fna.fbcdn.net&_nc_cat=100&_nc_ohc=SzH7yT4jHLQAX8b_JRh&_nc_tp=15&oh=da3f4186f1f24f38fd418d730ffc01d7&oe=5FB2CDEA"
                },
                {
                    "config_height": 480,
                    "config_width": 480,
                    "src": "https://instagram.fabe1-1.fna.fbcdn.net/v/t51.2885-15/e35/s480x480/122006557_266158021381428_8114482882637361686_n.jpg?_nc_ht=instagram.fabe1-1.fna.fbcdn.net&_nc_cat=100&_nc_ohc=SzH7yT4jHLQAX8b_JRh&_nc_tp=15&oh=3aec1be0d7edb232167d165dd8256aa1&oe=5FB480AF"
                },
                {
                    "config_height": 640,
                    "config_width": 640,
                    "src": "https://instagram.fabe1-1.fna.fbcdn.net/v/t51.2885-15/sh0.08/e35/s640x640/122006557_266158021381428_8114482882637361686_n.jpg?_nc_ht=instagram.fabe1-1.fna.fbcdn.net&_nc_cat=100&_nc_ohc=SzH7yT4jHLQAX8b_JRh&_nc_tp=24&oh=b0c416171f9c0bd568c251ad160010e6&oe=5FB38215"
                }
            ],
            "thumbnail_src": "https://instagram.fabe1-1.fna.fbcdn.net/v/t51.2885-15/sh0.08/e35/s640x640/122006557_266158021381428_8114482882637361686_n.jpg?_nc_ht=instagram.fabe1-1.fna.fbcdn.net&_nc_cat=100&_nc_ohc=SzH7yT4jHLQAX8b_JRh&_nc_tp=24&oh=b0c416171f9c0bd568c251ad160010e6&oe=5FB38215",
            "urls": [
                "https://instagram.fabe1-1.fna.fbcdn.net/v/t51.2885-15/e35/122006557_266158021381428_8114482882637361686_n.jpg?_nc_ht=instagram.fabe1-1.fna.fbcdn.net&_nc_cat=100&_nc_ohc=SzH7yT4jHLQAX8b_JRh&_nc_tp=18&oh=58dbfa7507421255fc8e4646b6788c77&oe=5FB4D1AF"
            ]
        },
        {
            "comments_disabled": false,
            "dimensions": {
                "height": 933,
                "width": 750
            },
            "display_url": "https://instagram.fabe1-1.fna.fbcdn.net/v/t51.2885-15/e35/121831735_1288457534839917_8189553984549649994_n.jpg?_nc_ht=instagram.fabe1-1.fna.fbcdn.net&_nc_cat=109&_nc_ohc=24xTIng6AA4AX9_Ol-c&_nc_tp=18&oh=d5e038df1037c6e935ae5238c358dc16&oe=5F8C51AD",
            "edge_liked_by": {
                "count": 0
            },
            "edge_media_preview_like": {
                "count": 0
            },
            "edge_media_to_caption": {
                "edges": [
                    {
                        "node": {
                            "text": "Ladies, this is your night! Music tailored and geared toward women!\n\n@mitdrinks presents; \n\n\"LADY LIKE\" (Ladies Night)\n\nDJ Willie Dynamite \n\nStarting October 18th! Every Sunday at 6pm on INSTAGRAM @ladylikesunday \n\nPop, R&B, Dancehall Reggae & Classics!\n\nClick the link in my bio!\n\nSponsored by @mitdrinks"
                        }
                    }
                ]
            },
            "edge_media_to_comment": {
                "count": 0
            },
            "id": "2421563175714270594",
            "is_video": true,
            "owner": {
                "id": "41763239829"
            },
            "shortcode": "CGbHuDZna2C",
            "tags": [],
            "taken_at_timestamp": 1602892865,
            "thumbnail_resources": [
                {
                    "config_height": 150,
                    "config_width": 150,
                    "src": "https://instagram.fabe1-1.fna.fbcdn.net/v/t51.2885-15/e35/c0.88.720.720a/s150x150/121831735_1288457534839917_8189553984549649994_n.jpg?_nc_ht=instagram.fabe1-1.fna.fbcdn.net&_nc_cat=109&_nc_ohc=24xTIng6AA4AX9_Ol-c&tp=16&oh=5044c3a8a473169c759ec7fcd9508bad&oe=5F8C9245"
                },
                {
                    "config_height": 240,
                    "config_width": 240,
                    "src": "https://instagram.fabe1-1.fna.fbcdn.net/v/t51.2885-15/e35/c0.88.720.720a/s240x240/121831735_1288457534839917_8189553984549649994_n.jpg?_nc_ht=instagram.fabe1-1.fna.fbcdn.net&_nc_cat=109&_nc_ohc=24xTIng6AA4AX9_Ol-c&tp=16&oh=8e5b651a0a0247ea566959dd5751862b&oe=5F8CCECD"
                },
                {
                    "config_height": 320,
                    "config_width": 320,
                    "src": "https://instagram.fabe1-1.fna.fbcdn.net/v/t51.2885-15/e35/c0.88.720.720a/s320x320/121831735_1288457534839917_8189553984549649994_n.jpg?_nc_ht=instagram.fabe1-1.fna.fbcdn.net&_nc_cat=109&_nc_ohc=24xTIng6AA4AX9_Ol-c&tp=16&oh=d35fc7c8e836646cdcc1899371ae6c90&oe=5F8CB554"
                },
                {
                    "config_height": 480,
                    "config_width": 480,
                    "src": "https://instagram.fabe1-1.fna.fbcdn.net/v/t51.2885-15/e35/c0.88.720.720a/s480x480/121831735_1288457534839917_8189553984549649994_n.jpg?_nc_ht=instagram.fabe1-1.fna.fbcdn.net&_nc_cat=109&_nc_ohc=24xTIng6AA4AX9_Ol-c&tp=16&oh=c5d6fd096c1e0f144bb0c9933dd57c87&oe=5F8C5E12"
                },
                {
                    "config_height": 640,
                    "config_width": 640,
                    "src": "https://instagram.fabe1-1.fna.fbcdn.net/v/t51.2885-15/sh0.08/e35/c0.88.720.720a/s640x640/121831735_1288457534839917_8189553984549649994_n.jpg?_nc_ht=instagram.fabe1-1.fna.fbcdn.net&_nc_cat=109&_nc_ohc=24xTIng6AA4AX9_Ol-c&oh=a07457fa7b4197930aa6a908d690af5c&oe=5F8CCBAB"
                }
            ],
            "thumbnail_src": "https://instagram.fabe1-1.fna.fbcdn.net/v/t51.2885-15/sh0.08/e35/c0.88.720.720a/s640x640/121831735_1288457534839917_8189553984549649994_n.jpg?_nc_ht=instagram.fabe1-1.fna.fbcdn.net&_nc_cat=109&_nc_ohc=24xTIng6AA4AX9_Ol-c&oh=a07457fa7b4197930aa6a908d690af5c&oe=5F8CCBAB",
            "urls": [
                "https://instagram.fabe1-1.fna.fbcdn.net/v/t50.2886-16/121687730_651534705723148_5594994475560282560_n.mp4?_nc_ht=instagram.fabe1-1.fna.fbcdn.net&_nc_cat=104&_nc_ohc=5tkdK2kBDd4AX_hpwi-&oe=5F8C8C0E&oh=2349b8194f13711520025727f75a4725"
            ],
            "video_view_count": 0
        }
    ]
}