{
    "GraphImages": [
        {
            "comments_disabled": false,
            "dimensions": {
                "height": 1080,
                "width": 1080
            },
            "display_url": "https://instagram.fabe1-1.fna.fbcdn.net/v/t51.2885-15/e35/121540836_337207720838574_7945380077449274908_n.jpg?_nc_ht=instagram.fabe1-1.fna.fbcdn.net&_nc_cat=106&_nc_ohc=64bIC8BlF78AX_s5lEV&_nc_tp=18&oh=775b96ebcf1318d95c38ed1ab90a45c1&oe=5FB42498",
            "edge_liked_by": {
                "count": 0
            },
            "edge_media_preview_like": {
                "count": 0
            },
            "edge_media_to_caption": {
                "edges": [
                    {
                        "node": {
                            "text": "SKIRTTTTTT"
                        }
                    }
                ]
            },
            "edge_media_to_comment": {
                "count": 0
            },
            "id": "2421584056225824857",
            "is_video": false,
            "owner": {
                "id": "145199071"
            },
            "shortcode": "CGbMd55FwBZ",
            "tags": [],
            "taken_at_timestamp": 1602895336,
            "thumbnail_resources": [
                {
                    "config_height": 150,
                    "config_width": 150,
                    "src": "https://instagram.fabe1-1.fna.fbcdn.net/v/t51.2885-15/e35/s150x150/121540836_337207720838574_7945380077449274908_n.jpg?_nc_ht=instagram.fabe1-1.fna.fbcdn.net&_nc_cat=106&_nc_ohc=64bIC8BlF78AX_s5lEV&_nc_tp=15&oh=fc810fbf92b7537f92f4bfcbe74c8036&oe=5FB5BA29"
                },
                {
                    "config_height": 240,
                    "config_width": 240,
                    "src": "https://instagram.fabe1-1.fna.fbcdn.net/v/t51.2885-15/e35/s240x240/121540836_337207720838574_7945380077449274908_n.jpg?_nc_ht=instagram.fabe1-1.fna.fbcdn.net&_nc_cat=106&_nc_ohc=64bIC8BlF78AX_s5lEV&_nc_tp=15&oh=9a3f609784beefa0f59cf8a10adce8b0&oe=5FB3C3AF"
                },
                {
                    "config_height": 320,
                    "config_width": 320,
                    "src": "https://instagram.fabe1-1.fna.fbcdn.net/v/t51.2885-15/e35/s320x320/121540836_337207720838574_7945380077449274908_n.jpg?_nc_ht=instagram.fabe1-1.fna.fbcdn.net&_nc_cat=106&_nc_ohc=64bIC8BlF78AX_s5lEV&_nc_tp=15&oh=d084e8a3d0a604f8b9ca1355779c0188&oe=5FB1ED51"
                },
                {
                    "config_height": 480,
                    "config_width": 480,
                    "src": "https://instagram.fabe1-1.fna.fbcdn.net/v/t51.2885-15/e35/s480x480/121540836_337207720838574_7945380077449274908_n.jpg?_nc_ht=instagram.fabe1-1.fna.fbcdn.net&_nc_cat=106&_nc_ohc=64bIC8BlF78AX_s5lEV&_nc_tp=15&oh=cab58748f60acc2712c225ad8e0433cf&oe=5FB4CA98"
                },
                {
                    "config_height": 640,
                    "config_width": 640,
                    "src": "https://instagram.fabe1-1.fna.fbcdn.net/v/t51.2885-15/sh0.08/e35/s640x640/121540836_337207720838574_7945380077449274908_n.jpg?_nc_ht=instagram.fabe1-1.fna.fbcdn.net&_nc_cat=106&_nc_ohc=64bIC8BlF78AX_s5lEV&_nc_tp=24&oh=9012652f7849c7d34248e41ea9dd5309&oe=5FB2BEAE"
                }
            ],
            "thumbnail_src": "https://instagram.fabe1-1.fna.fbcdn.net/v/t51.2885-15/sh0.08/e35/s640x640/121540836_337207720838574_7945380077449274908_n.jpg?_nc_ht=instagram.fabe1-1.fna.fbcdn.net&_nc_cat=106&_nc_ohc=64bIC8BlF78AX_s5lEV&_nc_tp=24&oh=9012652f7849c7d34248e41ea9dd5309&oe=5FB2BEAE",
            "urls": [
                "https://instagram.fabe1-1.fna.fbcdn.net/v/t51.2885-15/e35/121540836_337207720838574_7945380077449274908_n.jpg?_nc_ht=instagram.fabe1-1.fna.fbcdn.net&_nc_cat=106&_nc_ohc=64bIC8BlF78AX_s5lEV&_nc_tp=18&oh=775b96ebcf1318d95c38ed1ab90a45c1&oe=5FB42498"
            ]
        },
        {
            "comments_disabled": false,
            "dimensions": {
                "height": 1079,
                "width": 1080
            },
            "display_url": "https://instagram.fabe1-1.fna.fbcdn.net/v/t51.2885-15/e35/s1080x1080/121528714_351415752749381_6616442853200313442_n.jpg?_nc_ht=instagram.fabe1-1.fna.fbcdn.net&_nc_cat=105&_nc_ohc=7LFLEVfK2zQAX8D-1u6&_nc_tp=15&oh=3342d2626c5b4d6a500ded16f47c4b6f&oe=5FB1DD48",
            "edge_liked_by": {
                "count": 0
            },
            "edge_media_preview_like": {
                "count": 0
            },
            "edge_media_to_caption": {
                "edges": [
                    {
                        "node": {
                            "text": "Definitely one of my favorite clients,it’s always beyond a pleasure to take care of this Amazing & very rare Alpina 7 Series! \nWith every encounter I always bless this baby with either a full sealant wax or full detail but whatever the case, it’s coming out shining harder than a fresh coat of paint! \nDon’t be hesitant! \nPick up the phone now & let’s get your done!\nCall or text @ 305.216.3516 \n#MiamiCarWash#Carawash#MobileCarWash#MiamiBeach#Miami#BmwAlpina#Bmw7series"
                        }
                    }
                ]
            },
            "edge_media_to_comment": {
                "count": 0
            },
            "id": "2421583697747497539",
            "is_video": false,
            "owner": {
                "id": "40232185972"
            },
            "shortcode": "CGbMYsCHdJD",
            "tags": [
                "MiamiBeach",
                "Miami",
                "Carawash",
                "MobileCarWash",
                "BmwAlpina",
                "Bmw7series",
                "MiamiCarWash"
            ],
            "taken_at_timestamp": 1602895293,
            "thumbnail_resources": [
                {
                    "config_height": 150,
                    "config_width": 150,
                    "src": "https://instagram.fabe1-1.fna.fbcdn.net/v/t51.2885-15/e35/c0.0.1439.1439a/s150x150/121528714_351415752749381_6616442853200313442_n.jpg?_nc_ht=instagram.fabe1-1.fna.fbcdn.net&_nc_cat=105&_nc_ohc=7LFLEVfK2zQAX8D-1u6&tp=16&oh=0d2ce6873ddec532366d453bf5a286c9&oe=5FB52FC6"
                },
                {
                    "config_height": 240,
                    "config_width": 240,
                    "src": "https://instagram.fabe1-1.fna.fbcdn.net/v/t51.2885-15/e35/c0.0.1439.1439a/s240x240/121528714_351415752749381_6616442853200313442_n.jpg?_nc_ht=instagram.fabe1-1.fna.fbcdn.net&_nc_cat=105&_nc_ohc=7LFLEVfK2zQAX8D-1u6&tp=16&oh=b6b08d4b75390e8170e2cc7bc1484bd0&oe=5FB54944"
                },
                {
                    "config_height": 320,
                    "config_width": 320,
                    "src": "https://instagram.fabe1-1.fna.fbcdn.net/v/t51.2885-15/e35/c0.0.1439.1439a/s320x320/121528714_351415752749381_6616442853200313442_n.jpg?_nc_ht=instagram.fabe1-1.fna.fbcdn.net&_nc_cat=105&_nc_ohc=7LFLEVfK2zQAX8D-1u6&tp=16&oh=872d730c9ae6616be2b3d921e3d38be4&oe=5FB2B93E"
                },
                {
                    "config_height": 480,
                    "config_width": 480,
                    "src": "https://instagram.fabe1-1.fna.fbcdn.net/v/t51.2885-15/e35/c0.0.1439.1439a/s480x480/121528714_351415752749381_6616442853200313442_n.jpg?_nc_ht=instagram.fabe1-1.fna.fbcdn.net&_nc_cat=105&_nc_ohc=7LFLEVfK2zQAX8D-1u6&tp=16&oh=4ea2b44b30ccaacb172c0bbfdd5c9d4a&oe=5FB53BFB"
                },
                {
                    "config_height": 640,
                    "config_width": 640,
                    "src": "https://instagram.fabe1-1.fna.fbcdn.net/v/t51.2885-15/sh0.08/e35/c0.0.1439.1439a/s640x640/121528714_351415752749381_6616442853200313442_n.jpg?_nc_ht=instagram.fabe1-1.fna.fbcdn.net&_nc_cat=105&_nc_ohc=7LFLEVfK2zQAX8D-1u6&oh=3f82f7987ca2a7b24049c3106e6b6c84&oe=5FB41403"
                }
            ],
            "thumbnail_src": "https://instagram.fabe1-1.fna.fbcdn.net/v/t51.2885-15/sh0.08/e35/c0.0.1439.1439a/s640x640/121528714_351415752749381_6616442853200313442_n.jpg?_nc_ht=instagram.fabe1-1.fna.fbcdn.net&_nc_cat=105&_nc_ohc=7LFLEVfK2zQAX8D-1u6&oh=3f82f7987ca2a7b24049c3106e6b6c84&oe=5FB41403",
            "urls": [
                "https://instagram.fabe1-1.fna.fbcdn.net/v/t51.2885-15/e35/s1080x1080/121528714_351415752749381_6616442853200313442_n.jpg?_nc_ht=instagram.fabe1-1.fna.fbcdn.net&_nc_cat=105&_nc_ohc=7LFLEVfK2zQAX8D-1u6&_nc_tp=15&oh=3342d2626c5b4d6a500ded16f47c4b6f&oe=5FB1DD48",
                "https://instagram.fabe1-1.fna.fbcdn.net/v/t51.2885-15/e35/s1080x1080/121588256_3180674242030474_6279110977605224568_n.jpg?_nc_ht=instagram.fabe1-1.fna.fbcdn.net&_nc_cat=110&_nc_ohc=PN053kWICksAX8TCMfE&_nc_tp=15&oh=69bf09f71527717bda0196e933286ba9&oe=5FB2A1E7",
                "https://instagram.fabe1-1.fna.fbcdn.net/v/t51.2885-15/e35/s1080x1080/121701987_365307247999054_3014971188768633521_n.jpg?_nc_ht=instagram.fabe1-1.fna.fbcdn.net&_nc_cat=110&_nc_ohc=8YdDWxmrqqQAX8QTJSS&_nc_tp=15&oh=4cf6cb22e60aef5a9f6b60c55eaffbce&oe=5FB2E5CA"
            ]
        }
    ]
}