{
    "GraphImages": [
        {
            "comments_disabled": false,
            "dimensions": {
                "height": 393,
                "width": 750
            },
            "display_url": "https://instagram.fabe1-1.fna.fbcdn.net/v/t51.2885-15/e35/121606172_112459067187797_9121499293687576196_n.jpg?_nc_ht=instagram.fabe1-1.fna.fbcdn.net&_nc_cat=105&_nc_ohc=0oaT17qmzRMAX9WClko&_nc_tp=18&oh=72acd406f28aad853d1a33bd104ee7ad&oe=5FB45101",
            "edge_liked_by": {
                "count": 2
            },
            "edge_media_preview_like": {
                "count": 2
            },
            "edge_media_to_caption": {
                "edges": [
                    {
                        "node": {
                            "text": "When you think you are free but in reality the man has you by the neck... needless to say the first picture is Photoshoped and the second one is a harsh reality \n.\n.\n.\n.\n#sunset #dog #beachpup #puppy #floridanaturalwonders #florida #pureflorida #floridaliving  #instanature #lovefl #nature #natureshooters #OurPlanetDaily  #soflo #exploredaily #exploreflorida #flogrown #coastlife #saltlife #floridasaltfreak #visitflorida #ocean_magazine #floridasaltlife #ocean #beach  #florida_greatshots #lifestylemiami"
                        }
                    }
                ]
            },
            "edge_media_to_comment": {
                "count": 0
            },
            "id": "2421461680057678846",
            "is_video": false,
            "owner": {
                "id": "478883589"
            },
            "shortcode": "CGawpGNDvv-",
            "tags": [
                "sunset",
                "OurPlanetDaily",
                "lifestylemiami",
                "instanature",
                "nature",
                "dog",
                "exploredaily",
                "flogrown",
                "ocean_magazine",
                "floridasaltlife",
                "florida",
                "florida_greatshots",
                "natureshooters",
                "visitflorida",
                "floridaliving",
                "lovefl",
                "floridanaturalwonders",
                "exploreflorida",
                "floridasaltfreak",
                "ocean",
                "saltlife",
                "pureflorida",
                "coastlife",
                "soflo",
                "puppy",
                "beachpup",
                "beach"
            ],
            "taken_at_timestamp": 1602880748,
            "thumbnail_resources": [
                {
                    "config_height": 150,
                    "config_width": 150,
                    "src": "https://instagram.fabe1-1.fna.fbcdn.net/v/t51.2885-15/e35/c168.0.370.370a/s150x150/121606172_112459067187797_9121499293687576196_n.jpg?_nc_ht=instagram.fabe1-1.fna.fbcdn.net&_nc_cat=105&_nc_ohc=0oaT17qmzRMAX9WClko&tp=16&oh=3335acfbd10a68cc8338d8baf2636134&oe=5FB3AD6D"
                },
                {
                    "config_height": 240,
                    "config_width": 240,
                    "src": "https://instagram.fabe1-1.fna.fbcdn.net/v/t51.2885-15/e35/c168.0.370.370a/s240x240/121606172_112459067187797_9121499293687576196_n.jpg?_nc_ht=instagram.fabe1-1.fna.fbcdn.net&_nc_cat=105&_nc_ohc=0oaT17qmzRMAX9WClko&tp=16&oh=61fc55e7a6234d9820ffd0590c7cb8a2&oe=5FB30BEB"
                },
                {
                    "config_height": 320,
                    "config_width": 320,
                    "src": "https://instagram.fabe1-1.fna.fbcdn.net/v/t51.2885-15/e35/c168.0.370.370a/s320x320/121606172_112459067187797_9121499293687576196_n.jpg?_nc_ht=instagram.fabe1-1.fna.fbcdn.net&_nc_cat=105&_nc_ohc=0oaT17qmzRMAX9WClko&tp=16&oh=4319557e1cc0ec15940cd2ab3ffb95f1&oe=5FB3F615"
                },
                {
                    "config_height": 480,
                    "config_width": 480,
                    "src": "https://instagram.fabe1-1.fna.fbcdn.net/v/t51.2885-15/e35/c168.0.370.370a/121606172_112459067187797_9121499293687576196_n.jpg?_nc_ht=instagram.fabe1-1.fna.fbcdn.net&_nc_cat=105&_nc_ohc=0oaT17qmzRMAX9WClko&oh=3f9e05fc359ff41f99bca42d29a9c62e&oe=5FB528CB"
                },
                {
                    "config_height": 640,
                    "config_width": 640,
                    "src": "https://instagram.fabe1-1.fna.fbcdn.net/v/t51.2885-15/e35/c168.0.370.370a/121606172_112459067187797_9121499293687576196_n.jpg?_nc_ht=instagram.fabe1-1.fna.fbcdn.net&_nc_cat=105&_nc_ohc=0oaT17qmzRMAX9WClko&oh=3f9e05fc359ff41f99bca42d29a9c62e&oe=5FB528CB"
                }
            ],
            "thumbnail_src": "https://instagram.fabe1-1.fna.fbcdn.net/v/t51.2885-15/e35/c168.0.370.370a/121606172_112459067187797_9121499293687576196_n.jpg?_nc_ht=instagram.fabe1-1.fna.fbcdn.net&_nc_cat=105&_nc_ohc=0oaT17qmzRMAX9WClko&oh=3f9e05fc359ff41f99bca42d29a9c62e&oe=5FB528CB",
            "urls": [
                "https://instagram.fabe1-1.fna.fbcdn.net/v/t51.2885-15/e35/121606172_112459067187797_9121499293687576196_n.jpg?_nc_ht=instagram.fabe1-1.fna.fbcdn.net&_nc_cat=105&_nc_ohc=0oaT17qmzRMAX9WClko&_nc_tp=18&oh=72acd406f28aad853d1a33bd104ee7ad&oe=5FB45101",
                "https://instagram.fabe1-1.fna.fbcdn.net/v/t51.2885-15/e35/121725886_180116583588763_7255718404004676521_n.jpg?_nc_ht=instagram.fabe1-1.fna.fbcdn.net&_nc_cat=107&_nc_ohc=7tetwjqNTHgAX-IKwe1&_nc_tp=18&oh=03972923ee668dcb2991fe71511df4f7&oe=5FB1FFB3"
            ]
        }
    ]
}