{
    "GraphImages": [
        {
            "comments_disabled": false,
            "dimensions": {
                "height": 1080,
                "width": 1080
            },
            "display_url": "https://instagram.fabe1-1.fna.fbcdn.net/v/t51.2885-15/e35/121658917_403361550660612_5583606838822531146_n.jpg?_nc_ht=instagram.fabe1-1.fna.fbcdn.net&_nc_cat=100&_nc_ohc=L2yH7FAZeD4AX9A6g3d&_nc_tp=18&oh=bd457cc3044e779bfef7ae083a2aee97&oe=5FB46F53",
            "edge_liked_by": {
                "count": 1
            },
            "edge_media_preview_like": {
                "count": 1
            },
            "edge_media_to_caption": {
                "edges": [
                    {
                        "node": {
                            "text": "Little butterfly tattoos by LUA 🙌🏻🦋. \n.\nFor Bookings and consultations . Email, DM or call the studio\n.\nBe sure to turn on post notifications 😊\n.\n.\n#butterfly #butterflytattoos #couplestattoos #matchingtattoos tattoo #ink #inkedgirls #inked #inkedgirl #miamitattooartist #miamitattoo #miamiink #miamitattooshop #miamiart #miamiartists #smalltattoos #tattoodesign #smalltattooideas #tattooideas #tattooideasforgirls #fineline #finelinetattoo #sleevetattoo#southbeachtattoo#sleevetattoo#inkedlifemiami"
                        }
                    }
                ]
            },
            "edge_media_to_comment": {
                "count": 0
            },
            "id": "2421472048713644611",
            "is_video": false,
            "owner": {
                "id": "4036694547"
            },
            "shortcode": "CGay_-xHTpD",
            "tags": [
                "sleevetattoo",
                "miamiink",
                "inkedgirls",
                "inked",
                "tattoodesign",
                "butterfly",
                "butterflytattoos",
                "tattooideas",
                "miamitattooshop",
                "southbeachtattoo",
                "inkedlifemiami",
                "tattooideasforgirls",
                "matchingtattoos",
                "smalltattooideas",
                "miamitattoo",
                "miamiart",
                "smalltattoos",
                "fineline",
                "miamiartists",
                "couplestattoos",
                "miamitattooartist",
                "inkedgirl",
                "finelinetattoo",
                "ink"
            ],
            "taken_at_timestamp": 1602881984,
            "thumbnail_resources": [
                {
                    "config_height": 150,
                    "config_width": 150,
                    "src": "https://instagram.fabe1-1.fna.fbcdn.net/v/t51.2885-15/e35/s150x150/121658917_403361550660612_5583606838822531146_n.jpg?_nc_ht=instagram.fabe1-1.fna.fbcdn.net&_nc_cat=100&_nc_ohc=L2yH7FAZeD4AX9A6g3d&_nc_tp=15&oh=d3df04d33d8f8265815d65f63b3458a4&oe=5FB1A9EE"
                },
                {
                    "config_height": 240,
                    "config_width": 240,
                    "src": "https://instagram.fabe1-1.fna.fbcdn.net/v/t51.2885-15/e35/s240x240/121658917_403361550660612_5583606838822531146_n.jpg?_nc_ht=instagram.fabe1-1.fna.fbcdn.net&_nc_cat=100&_nc_ohc=L2yH7FAZeD4AX9A6g3d&_nc_tp=15&oh=992609607e36c4f53c01bb5348ebaae6&oe=5FB3206C"
                },
                {
                    "config_height": 320,
                    "config_width": 320,
                    "src": "https://instagram.fabe1-1.fna.fbcdn.net/v/t51.2885-15/e35/s320x320/121658917_403361550660612_5583606838822531146_n.jpg?_nc_ht=instagram.fabe1-1.fna.fbcdn.net&_nc_cat=100&_nc_ohc=L2yH7FAZeD4AX9A6g3d&_nc_tp=15&oh=1738978b65ec190c7060af644f9cb78b&oe=5FB1A616"
                },
                {
                    "config_height": 480,
                    "config_width": 480,
                    "src": "https://instagram.fabe1-1.fna.fbcdn.net/v/t51.2885-15/e35/s480x480/121658917_403361550660612_5583606838822531146_n.jpg?_nc_ht=instagram.fabe1-1.fna.fbcdn.net&_nc_cat=100&_nc_ohc=L2yH7FAZeD4AX9A6g3d&_nc_tp=15&oh=9b21977eb0e48d7113970d0ec2a38018&oe=5FB28D53"
                },
                {
                    "config_height": 640,
                    "config_width": 640,
                    "src": "https://instagram.fabe1-1.fna.fbcdn.net/v/t51.2885-15/sh0.08/e35/s640x640/121658917_403361550660612_5583606838822531146_n.jpg?_nc_ht=instagram.fabe1-1.fna.fbcdn.net&_nc_cat=100&_nc_ohc=L2yH7FAZeD4AX9A6g3d&_nc_tp=24&oh=9cc0eba8ba53ae9068df967ca3ae1dcc&oe=5FB27B69"
                }
            ],
            "thumbnail_src": "https://instagram.fabe1-1.fna.fbcdn.net/v/t51.2885-15/sh0.08/e35/s640x640/121658917_403361550660612_5583606838822531146_n.jpg?_nc_ht=instagram.fabe1-1.fna.fbcdn.net&_nc_cat=100&_nc_ohc=L2yH7FAZeD4AX9A6g3d&_nc_tp=24&oh=9cc0eba8ba53ae9068df967ca3ae1dcc&oe=5FB27B69",
            "urls": [
                "https://instagram.fabe1-1.fna.fbcdn.net/v/t51.2885-15/e35/121658917_403361550660612_5583606838822531146_n.jpg?_nc_ht=instagram.fabe1-1.fna.fbcdn.net&_nc_cat=100&_nc_ohc=L2yH7FAZeD4AX9A6g3d&_nc_tp=18&oh=bd457cc3044e779bfef7ae083a2aee97&oe=5FB46F53"
            ]
        },
        {
            "comments_disabled": false,
            "dimensions": {
                "height": 422,
                "width": 750
            },
            "display_url": "https://instagram.fabe1-1.fna.fbcdn.net/v/t51.2885-15/e35/121320812_201984627972339_2225509433471789322_n.jpg?_nc_ht=instagram.fabe1-1.fna.fbcdn.net&_nc_cat=103&_nc_ohc=YwY83AO4YF4AX_s3TEE&_nc_tp=18&oh=8eaa874e5183fdc11bec983ccb42f006&oe=5F8C0F09",
            "edge_liked_by": {
                "count": 0
            },
            "edge_media_preview_like": {
                "count": 0
            },
            "edge_media_to_caption": {
                "edges": [
                    {
                        "node": {
                            "text": "Today we are featuring @paperwater as part of our \"My Miami Beach, Your Escape\" campaign. Paperwater is a production duo composed of Daygee Kwia and Eddy Samy, who are part of @faena's Artist-in-Residence program. One of the many reasons they love Miami Beach is because it is a melting pot of cultures and ethnicites. Tune in to learn more about them, and remember to support local businesses! From Miami Beach, With Love"
                        }
                    }
                ]
            },
            "edge_media_to_comment": {
                "count": 1
            },
            "id": "2421471367540156845",
            "is_video": true,
            "owner": {
                "id": "8354857436"
            },
            "shortcode": "CGay2EYAqmt",
            "tags": [],
            "taken_at_timestamp": 1602881975,
            "thumbnail_resources": [
                {
                    "config_height": 150,
                    "config_width": 150,
                    "src": "https://instagram.fabe1-1.fna.fbcdn.net/v/t51.2885-15/e35/c157.0.406.406a/s150x150/121320812_201984627972339_2225509433471789322_n.jpg?_nc_ht=instagram.fabe1-1.fna.fbcdn.net&_nc_cat=103&_nc_ohc=YwY83AO4YF4AX_s3TEE&tp=16&oh=003dbe50beb031c8815f61a5e3494fc2&oe=5F8CA510"
                },
                {
                    "config_height": 240,
                    "config_width": 240,
                    "src": "https://instagram.fabe1-1.fna.fbcdn.net/v/t51.2885-15/e35/c157.0.406.406a/s240x240/121320812_201984627972339_2225509433471789322_n.jpg?_nc_ht=instagram.fabe1-1.fna.fbcdn.net&_nc_cat=103&_nc_ohc=YwY83AO4YF4AX_s3TEE&tp=16&oh=681695e6cfc25f48ddeffb51a88eb69a&oe=5F8C048A"
                },
                {
                    "config_height": 320,
                    "config_width": 320,
                    "src": "https://instagram.fabe1-1.fna.fbcdn.net/v/t51.2885-15/e35/c157.0.406.406a/s320x320/121320812_201984627972339_2225509433471789322_n.jpg?_nc_ht=instagram.fabe1-1.fna.fbcdn.net&_nc_cat=103&_nc_ohc=YwY83AO4YF4AX_s3TEE&tp=16&oh=c411aa0c1e40a324094882fee8632c13&oe=5F8CA2B8"
                },
                {
                    "config_height": 480,
                    "config_width": 480,
                    "src": "https://instagram.fabe1-1.fna.fbcdn.net/v/t51.2885-15/e35/c157.0.406.406a/121320812_201984627972339_2225509433471789322_n.jpg?_nc_ht=instagram.fabe1-1.fna.fbcdn.net&_nc_cat=103&_nc_ohc=YwY83AO4YF4AX_s3TEE&oh=1124286c2dac83c2e99844a1ca47ec26&oe=5F8C791D"
                },
                {
                    "config_height": 640,
                    "config_width": 640,
                    "src": "https://instagram.fabe1-1.fna.fbcdn.net/v/t51.2885-15/e35/c157.0.406.406a/121320812_201984627972339_2225509433471789322_n.jpg?_nc_ht=instagram.fabe1-1.fna.fbcdn.net&_nc_cat=103&_nc_ohc=YwY83AO4YF4AX_s3TEE&oh=1124286c2dac83c2e99844a1ca47ec26&oe=5F8C791D"
                }
            ],
            "thumbnail_src": "https://instagram.fabe1-1.fna.fbcdn.net/v/t51.2885-15/e35/c157.0.406.406a/121320812_201984627972339_2225509433471789322_n.jpg?_nc_ht=instagram.fabe1-1.fna.fbcdn.net&_nc_cat=103&_nc_ohc=YwY83AO4YF4AX_s3TEE&oh=1124286c2dac83c2e99844a1ca47ec26&oe=5F8C791D",
            "urls": [
                "https://instagram.fabe1-1.fna.fbcdn.net/v/t50.2886-16/121824275_184313993243704_4609858980730819813_n.mp4?_nc_ht=instagram.fabe1-1.fna.fbcdn.net&_nc_cat=104&_nc_ohc=M77spwjOCPUAX8W-CMR&oe=5F8C244B&oh=d8a02675cec2ca74bb2c41de69bc4263"
            ],
            "video_view_count": 0
        },
        {
            "comments_disabled": false,
            "dimensions": {
                "height": 1350,
                "width": 1080
            },
            "display_url": "https://instagram.fabe1-1.fna.fbcdn.net/v/t51.2885-15/e35/p1080x1080/121665774_103218991534812_7070477024240368257_n.jpg?_nc_ht=instagram.fabe1-1.fna.fbcdn.net&_nc_cat=100&_nc_ohc=bDGqp6Wxq4kAX8kw4u2&tp=19&oh=9eba3d782da8f580ce017acf7290d092&oe=5FB20F48",
            "edge_liked_by": {
                "count": 0
            },
            "edge_media_preview_like": {
                "count": 0
            },
            "edge_media_to_caption": {
                "edges": [
                    {
                        "node": {
                            "text": "I got my own style 🔥🤪"
                        }
                    }
                ]
            },
            "edge_media_to_comment": {
                "count": 0
            },
            "id": "2421471928570948036",
            "is_video": false,
            "owner": {
                "id": "215246897"
            },
            "shortcode": "CGay-O4DSnE",
            "tags": [],
            "taken_at_timestamp": 1602881969,
            "thumbnail_resources": [
                {
                    "config_height": 150,
                    "config_width": 150,
                    "src": "https://instagram.fabe1-1.fna.fbcdn.net/v/t51.2885-15/e35/c0.180.1440.1440a/s150x150/121665774_103218991534812_7070477024240368257_n.jpg?_nc_ht=instagram.fabe1-1.fna.fbcdn.net&_nc_cat=100&_nc_ohc=bDGqp6Wxq4kAX8kw4u2&tp=16&oh=358ef340e44c58c798becee430f61054&oe=5FB49CD4"
                },
                {
                    "config_height": 240,
                    "config_width": 240,
                    "src": "https://instagram.fabe1-1.fna.fbcdn.net/v/t51.2885-15/e35/c0.180.1440.1440a/s240x240/121665774_103218991534812_7070477024240368257_n.jpg?_nc_ht=instagram.fabe1-1.fna.fbcdn.net&_nc_cat=100&_nc_ohc=bDGqp6Wxq4kAX8kw4u2&tp=16&oh=d98dce5f877c18c2df81257cd06321d5&oe=5FB495D6"
                },
                {
                    "config_height": 320,
                    "config_width": 320,
                    "src": "https://instagram.fabe1-1.fna.fbcdn.net/v/t51.2885-15/e35/c0.180.1440.1440a/s320x320/121665774_103218991534812_7070477024240368257_n.jpg?_nc_ht=instagram.fabe1-1.fna.fbcdn.net&_nc_cat=100&_nc_ohc=bDGqp6Wxq4kAX8kw4u2&tp=16&oh=149e42a23fff53879ec0a7f74cc3353b&oe=5FB502AC"
                },
                {
                    "config_height": 480,
                    "config_width": 480,
                    "src": "https://instagram.fabe1-1.fna.fbcdn.net/v/t51.2885-15/e35/c0.180.1440.1440a/s480x480/121665774_103218991534812_7070477024240368257_n.jpg?_nc_ht=instagram.fabe1-1.fna.fbcdn.net&_nc_cat=100&_nc_ohc=bDGqp6Wxq4kAX8kw4u2&tp=16&oh=c03cc61d34022d588fbe4254030acf1a&oe=5FB5156D"
                },
                {
                    "config_height": 640,
                    "config_width": 640,
                    "src": "https://instagram.fabe1-1.fna.fbcdn.net/v/t51.2885-15/sh0.08/e35/c0.180.1440.1440a/s640x640/121665774_103218991534812_7070477024240368257_n.jpg?_nc_ht=instagram.fabe1-1.fna.fbcdn.net&_nc_cat=100&_nc_ohc=bDGqp6Wxq4kAX8kw4u2&oh=46fa02794806f1413bf69e745a5f487c&oe=5FB351E4"
                }
            ],
            "thumbnail_src": "https://instagram.fabe1-1.fna.fbcdn.net/v/t51.2885-15/sh0.08/e35/c0.180.1440.1440a/s640x640/121665774_103218991534812_7070477024240368257_n.jpg?_nc_ht=instagram.fabe1-1.fna.fbcdn.net&_nc_cat=100&_nc_ohc=bDGqp6Wxq4kAX8kw4u2&oh=46fa02794806f1413bf69e745a5f487c&oe=5FB351E4",
            "urls": [
                "https://instagram.fabe1-1.fna.fbcdn.net/v/t51.2885-15/e35/p1080x1080/121665774_103218991534812_7070477024240368257_n.jpg?_nc_ht=instagram.fabe1-1.fna.fbcdn.net&_nc_cat=100&_nc_ohc=KmCZV2a7jtYAX9DA-L5&tp=19&oh=6328f0f40b487071d8c4278727e52024&oe=5FB20F48"
            ]
        },
        {
            "comments_disabled": false,
            "dimensions": {
                "height": 900,
                "width": 750
            },
            "display_url": "https://instagram.fabe1-1.fna.fbcdn.net/v/t51.2885-15/e35/121562189_738113273585844_6746723980618910744_n.jpg?_nc_ht=instagram.fabe1-1.fna.fbcdn.net&_nc_cat=100&_nc_ohc=Znc-J47xx3wAX-hA7RH&_nc_tp=18&oh=b34f493bdb8e505ba0499ebd4bc7b4ae&oe=5F8C2895",
            "edge_liked_by": {
                "count": 0
            },
            "edge_media_preview_like": {
                "count": 0
            },
            "edge_media_to_caption": {
                "edges": [
                    {
                        "node": {
                            "text": "Come hang out with me as I celebrate Hip Hop Culture, LIVE!\n\n@mitdrinks presents;\n\n\"I ❤ HIP HOP\" \n\nDJ Willie Dynamite \n\nStarting October 17th, Every Saturday at 6pm on INSTAGRAM @ILOVEHIPHOPSATURDAYS Click the link in my bio!\n\nSponsored by @mitdrinks"
                        }
                    }
                ]
            },
            "edge_media_to_comment": {
                "count": 0
            },
            "id": "2421471569755840395",
            "is_video": true,
            "owner": {
                "id": "32196063546"
            },
            "shortcode": "CGay5AtAR-L",
            "tags": [],
            "taken_at_timestamp": 1602881951,
            "thumbnail_resources": [
                {
                    "config_height": 150,
                    "config_width": 150,
                    "src": "https://instagram.fabe1-1.fna.fbcdn.net/v/t51.2885-15/e35/c0.72.720.720a/s150x150/121562189_738113273585844_6746723980618910744_n.jpg?_nc_ht=instagram.fabe1-1.fna.fbcdn.net&_nc_cat=100&_nc_ohc=Znc-J47xx3wAX-hA7RH&tp=16&oh=60e374a65067b2a7ab0d59e8279724aa&oe=5F8C2142"
                },
                {
                    "config_height": 240,
                    "config_width": 240,
                    "src": "https://instagram.fabe1-1.fna.fbcdn.net/v/t51.2885-15/e35/c0.72.720.720a/s240x240/121562189_738113273585844_6746723980618910744_n.jpg?_nc_ht=instagram.fabe1-1.fna.fbcdn.net&_nc_cat=100&_nc_ohc=Znc-J47xx3wAX-hA7RH&tp=16&oh=838a9160e10e53e89db9f4c15b45ed90&oe=5F8C7A88"
                },
                {
                    "config_height": 320,
                    "config_width": 320,
                    "src": "https://instagram.fabe1-1.fna.fbcdn.net/v/t51.2885-15/e35/c0.72.720.720a/s320x320/121562189_738113273585844_6746723980618910744_n.jpg?_nc_ht=instagram.fabe1-1.fna.fbcdn.net&_nc_cat=100&_nc_ohc=Znc-J47xx3wAX-hA7RH&tp=16&oh=6279862b95eb86f4a4512199efed969b&oe=5F8C2D7A"
                },
                {
                    "config_height": 480,
                    "config_width": 480,
                    "src": "https://instagram.fabe1-1.fna.fbcdn.net/v/t51.2885-15/e35/c0.72.720.720a/s480x480/121562189_738113273585844_6746723980618910744_n.jpg?_nc_ht=instagram.fabe1-1.fna.fbcdn.net&_nc_cat=100&_nc_ohc=Znc-J47xx3wAX-hA7RH&tp=16&oh=1b107744c9cfd065f027d49378c1a7b3&oe=5F8C99BF"
                },
                {
                    "config_height": 640,
                    "config_width": 640,
                    "src": "https://instagram.fabe1-1.fna.fbcdn.net/v/t51.2885-15/sh0.08/e35/c0.72.720.720a/s640x640/121562189_738113273585844_6746723980618910744_n.jpg?_nc_ht=instagram.fabe1-1.fna.fbcdn.net&_nc_cat=100&_nc_ohc=Znc-J47xx3wAX-hA7RH&oh=bc82adcb8e3376e20348c5e910026490&oe=5F8C2276"
                }
            ],
            "thumbnail_src": "https://instagram.fabe1-1.fna.fbcdn.net/v/t51.2885-15/sh0.08/e35/c0.72.720.720a/s640x640/121562189_738113273585844_6746723980618910744_n.jpg?_nc_ht=instagram.fabe1-1.fna.fbcdn.net&_nc_cat=100&_nc_ohc=Znc-J47xx3wAX-hA7RH&oh=bc82adcb8e3376e20348c5e910026490&oe=5F8C2276",
            "urls": [
                "https://instagram.fabe1-1.fna.fbcdn.net/v/t50.2886-16/121791911_105810444643519_3662742969855619679_n.mp4?_nc_ht=instagram.fabe1-1.fna.fbcdn.net&_nc_cat=107&_nc_ohc=0WFZyS4ZfpMAX943Iwf&oe=5F8C5D8E&oh=230d8daea5b3d2fc75d05e2426f15465"
            ],
            "video_view_count": 0
        }
    ]
}