{
    "GraphImages": [
        {
            "comments_disabled": false,
            "dimensions": {
                "height": 1080,
                "width": 1080
            },
            "display_url": "https://instagram.fabe1-1.fna.fbcdn.net/v/t51.2885-15/e35/121289997_357101565614884_12395160269519489_n.jpg?_nc_ht=instagram.fabe1-1.fna.fbcdn.net&_nc_cat=104&_nc_ohc=3uWbDEGNTz8AX-3iOOH&_nc_tp=18&oh=c885a4bdf43c00baba3362fdf217eb66&oe=5FB32E16",
            "edge_liked_by": {
                "count": 0
            },
            "edge_media_preview_like": {
                "count": 0
            },
            "edge_media_to_caption": {
                "edges": [
                    {
                        "node": {
                            "text": "En Carol’s beautymiami nos encargamos del cuidado y la belleza de tus uñas. 💁\n\nLucir manos y pies bonitos es esencial para mostrarnos cuidados e hidratados💅🏽\n.\n.\n.\n#miami💅 #nailsmiamisalon #manicurepedicure #uñascortas #uñasdegel"
                        }
                    }
                ]
            },
            "edge_media_to_comment": {
                "count": 0
            },
            "id": "2421390669643031815",
            "is_video": false,
            "owner": {
                "id": "38251299999"
            },
            "shortcode": "CGagfwmhKUH",
            "tags": [
                "miami",
                "nailsmiamisalon",
                "uñascortas",
                "manicurepedicure",
                "uñasdegel"
            ],
            "taken_at_timestamp": 1602872283,
            "thumbnail_resources": [
                {
                    "config_height": 150,
                    "config_width": 150,
                    "src": "https://instagram.fabe1-1.fna.fbcdn.net/v/t51.2885-15/e35/s150x150/121289997_357101565614884_12395160269519489_n.jpg?_nc_ht=instagram.fabe1-1.fna.fbcdn.net&_nc_cat=104&_nc_ohc=3uWbDEGNTz8AX-3iOOH&_nc_tp=15&oh=bc6de364c407d294fdd721da6b9a7d1d&oe=5FB4D308"
                },
                {
                    "config_height": 240,
                    "config_width": 240,
                    "src": "https://instagram.fabe1-1.fna.fbcdn.net/v/t51.2885-15/e35/s240x240/121289997_357101565614884_12395160269519489_n.jpg?_nc_ht=instagram.fabe1-1.fna.fbcdn.net&_nc_cat=104&_nc_ohc=3uWbDEGNTz8AX-3iOOH&_nc_tp=15&oh=69d0604a0303de0b372f82eab99d93be&oe=5FB1F433"
                },
                {
                    "config_height": 320,
                    "config_width": 320,
                    "src": "https://instagram.fabe1-1.fna.fbcdn.net/v/t51.2885-15/e35/s320x320/121289997_357101565614884_12395160269519489_n.jpg?_nc_ht=instagram.fabe1-1.fna.fbcdn.net&_nc_cat=104&_nc_ohc=3uWbDEGNTz8AX-3iOOH&_nc_tp=15&oh=38f8e7a68fca1572a7686e515b3c98d6&oe=5FB3B10B"
                },
                {
                    "config_height": 480,
                    "config_width": 480,
                    "src": "https://instagram.fabe1-1.fna.fbcdn.net/v/t51.2885-15/e35/s480x480/121289997_357101565614884_12395160269519489_n.jpg?_nc_ht=instagram.fabe1-1.fna.fbcdn.net&_nc_cat=104&_nc_ohc=3uWbDEGNTz8AX-3iOOH&_nc_tp=15&oh=83d5b29cfd324629c04149ff10af72ea&oe=5FB51657"
                },
                {
                    "config_height": 640,
                    "config_width": 640,
                    "src": "https://instagram.fabe1-1.fna.fbcdn.net/v/t51.2885-15/sh0.08/e35/s640x640/121289997_357101565614884_12395160269519489_n.jpg?_nc_ht=instagram.fabe1-1.fna.fbcdn.net&_nc_cat=104&_nc_ohc=3uWbDEGNTz8AX-3iOOH&_nc_tp=24&oh=2a080c042a840019d6eeb5189956ff3b&oe=5FB30B67"
                }
            ],
            "thumbnail_src": "https://instagram.fabe1-1.fna.fbcdn.net/v/t51.2885-15/sh0.08/e35/s640x640/121289997_357101565614884_12395160269519489_n.jpg?_nc_ht=instagram.fabe1-1.fna.fbcdn.net&_nc_cat=104&_nc_ohc=3uWbDEGNTz8AX-3iOOH&_nc_tp=24&oh=2a080c042a840019d6eeb5189956ff3b&oe=5FB30B67",
            "urls": [
                "https://instagram.fabe1-1.fna.fbcdn.net/v/t51.2885-15/e35/121289997_357101565614884_12395160269519489_n.jpg?_nc_ht=instagram.fabe1-1.fna.fbcdn.net&_nc_cat=104&_nc_ohc=3uWbDEGNTz8AX-3iOOH&_nc_tp=18&oh=c885a4bdf43c00baba3362fdf217eb66&oe=5FB32E16"
            ]
        },
        {
            "comments_disabled": false,
            "dimensions": {
                "height": 1080,
                "width": 1080
            },
            "display_url": "https://instagram.fabe1-1.fna.fbcdn.net/v/t51.2885-15/e35/s1080x1080/121599496_769745497205946_4339977890195254569_n.jpg?_nc_ht=instagram.fabe1-1.fna.fbcdn.net&_nc_cat=106&_nc_ohc=qciDilDJbPwAX9U7EB7&_nc_tp=15&oh=3b60993d837e745fd6ae0e05b4caf98c&oe=5FB37E4E",
            "edge_liked_by": {
                "count": 0
            },
            "edge_media_preview_like": {
                "count": 0
            },
            "edge_media_to_caption": {
                "edges": [
                    {
                        "node": {
                            "text": "These Sugar Skulls were too cool, I hope you like them just as much as I do! I just had to put them on Organic Cotton Tees! Feel like rocking my artwork or simply want to show your girl support? I added a couple Eco Friendly goodies on my website that you can shop! Link is in bio⚡️"
                        }
                    }
                ]
            },
            "edge_media_to_comment": {
                "count": 0
            },
            "id": "2421390622263934677",
            "is_video": false,
            "owner": {
                "id": "11099176959"
            },
            "shortcode": "CGagfEegP7V",
            "tags": [],
            "taken_at_timestamp": 1602872277,
            "thumbnail_resources": [
                {
                    "config_height": 150,
                    "config_width": 150,
                    "src": "https://instagram.fabe1-1.fna.fbcdn.net/v/t51.2885-15/e35/s150x150/121599496_769745497205946_4339977890195254569_n.jpg?_nc_ht=instagram.fabe1-1.fna.fbcdn.net&_nc_cat=106&_nc_ohc=qciDilDJbPwAX9U7EB7&_nc_tp=15&oh=bf52c18dfa3de4286635208987cb7eb3&oe=5FB2EF8D"
                },
                {
                    "config_height": 240,
                    "config_width": 240,
                    "src": "https://instagram.fabe1-1.fna.fbcdn.net/v/t51.2885-15/e35/s240x240/121599496_769745497205946_4339977890195254569_n.jpg?_nc_ht=instagram.fabe1-1.fna.fbcdn.net&_nc_cat=106&_nc_ohc=qciDilDJbPwAX9U7EB7&_nc_tp=15&oh=15212e2bf6e5112f1bad637d45b3f484&oe=5FB1F48B"
                },
                {
                    "config_height": 320,
                    "config_width": 320,
                    "src": "https://instagram.fabe1-1.fna.fbcdn.net/v/t51.2885-15/e35/s320x320/121599496_769745497205946_4339977890195254569_n.jpg?_nc_ht=instagram.fabe1-1.fna.fbcdn.net&_nc_cat=106&_nc_ohc=qciDilDJbPwAX9U7EB7&_nc_tp=15&oh=6632455a4a8e2ebe79c32736fbf85260&oe=5FB3A375"
                },
                {
                    "config_height": 480,
                    "config_width": 480,
                    "src": "https://instagram.fabe1-1.fna.fbcdn.net/v/t51.2885-15/e35/s480x480/121599496_769745497205946_4339977890195254569_n.jpg?_nc_ht=instagram.fabe1-1.fna.fbcdn.net&_nc_cat=106&_nc_ohc=qciDilDJbPwAX9U7EB7&_nc_tp=15&oh=e3d218038031e8805c1da743d8659438&oe=5FB510B4"
                },
                {
                    "config_height": 640,
                    "config_width": 640,
                    "src": "https://instagram.fabe1-1.fna.fbcdn.net/v/t51.2885-15/sh0.08/e35/s640x640/121599496_769745497205946_4339977890195254569_n.jpg?_nc_ht=instagram.fabe1-1.fna.fbcdn.net&_nc_cat=106&_nc_ohc=qciDilDJbPwAX9U7EB7&_nc_tp=24&oh=fd4fd4c6f2bf0548be11cf9268f574e9&oe=5FB45F8A"
                }
            ],
            "thumbnail_src": "https://instagram.fabe1-1.fna.fbcdn.net/v/t51.2885-15/sh0.08/e35/s640x640/121599496_769745497205946_4339977890195254569_n.jpg?_nc_ht=instagram.fabe1-1.fna.fbcdn.net&_nc_cat=106&_nc_ohc=qciDilDJbPwAX9U7EB7&_nc_tp=24&oh=fd4fd4c6f2bf0548be11cf9268f574e9&oe=5FB45F8A",
            "urls": [
                "https://instagram.fabe1-1.fna.fbcdn.net/v/t51.2885-15/e35/s1080x1080/121599496_769745497205946_4339977890195254569_n.jpg?_nc_ht=instagram.fabe1-1.fna.fbcdn.net&_nc_cat=106&_nc_ohc=qciDilDJbPwAX9U7EB7&_nc_tp=15&oh=3b60993d837e745fd6ae0e05b4caf98c&oe=5FB37E4E",
                "https://instagram.fabe1-1.fna.fbcdn.net/v/t51.2885-15/e35/s1080x1080/121574294_992982334555672_514491584155446622_n.jpg?_nc_ht=instagram.fabe1-1.fna.fbcdn.net&_nc_cat=104&_nc_ohc=vQYcaC6kMuMAX9ItxT-&_nc_tp=15&oh=0f551bcf1d0ae1898d76f850da555160&oe=5FB3218F"
            ]
        },
        {
            "comments_disabled": false,
            "dimensions": {
                "height": 1349,
                "width": 1080
            },
            "display_url": "https://instagram.fabe1-1.fna.fbcdn.net/v/t51.2885-15/e35/p1080x1080/121594799_824893624718943_1794034992445817871_n.jpg?_nc_ht=instagram.fabe1-1.fna.fbcdn.net&_nc_cat=103&_nc_ohc=wx98885Qc_sAX_lX3ig&tp=19&oh=beb0f699d33d9b46731e93f378d7c3d9&oe=5FB360AD",
            "edge_liked_by": {
                "count": 5
            },
            "edge_media_preview_like": {
                "count": 5
            },
            "edge_media_to_caption": {
                "edges": [
                    {
                        "node": {
                            "text": "@katenicolewilson in Miami ✨"
                        }
                    }
                ]
            },
            "edge_media_to_comment": {
                "count": 0
            },
            "id": "2421390554477988800",
            "is_video": false,
            "owner": {
                "id": "290243617"
            },
            "shortcode": "CGageFWJYvA",
            "tags": [],
            "taken_at_timestamp": 1602872269,
            "thumbnail_resources": [
                {
                    "config_height": 150,
                    "config_width": 150,
                    "src": "https://instagram.fabe1-1.fna.fbcdn.net/v/t51.2885-15/e35/c0.179.1440.1440a/s150x150/121594799_824893624718943_1794034992445817871_n.jpg?_nc_ht=instagram.fabe1-1.fna.fbcdn.net&_nc_cat=103&_nc_ohc=wx98885Qc_sAX_lX3ig&tp=16&oh=65d2dd74f977bdbe5b22aa2704fddb63&oe=5FB3815D"
                },
                {
                    "config_height": 240,
                    "config_width": 240,
                    "src": "https://instagram.fabe1-1.fna.fbcdn.net/v/t51.2885-15/e35/c0.179.1440.1440a/s240x240/121594799_824893624718943_1794034992445817871_n.jpg?_nc_ht=instagram.fabe1-1.fna.fbcdn.net&_nc_cat=103&_nc_ohc=wx98885Qc_sAX_lX3ig&tp=16&oh=4b2f17a2da7dec17c19b85b1a0d02914&oe=5FB4495B"
                },
                {
                    "config_height": 320,
                    "config_width": 320,
                    "src": "https://instagram.fabe1-1.fna.fbcdn.net/v/t51.2885-15/e35/c0.179.1440.1440a/s320x320/121594799_824893624718943_1794034992445817871_n.jpg?_nc_ht=instagram.fabe1-1.fna.fbcdn.net&_nc_cat=103&_nc_ohc=wx98885Qc_sAX_lX3ig&tp=16&oh=77d4af23ff6f9be6507b8beaea2245cb&oe=5FB346A5"
                },
                {
                    "config_height": 480,
                    "config_width": 480,
                    "src": "https://instagram.fabe1-1.fna.fbcdn.net/v/t51.2885-15/e35/c0.179.1440.1440a/s480x480/121594799_824893624718943_1794034992445817871_n.jpg?_nc_ht=instagram.fabe1-1.fna.fbcdn.net&_nc_cat=103&_nc_ohc=wx98885Qc_sAX_lX3ig&tp=16&oh=0486d79ac98a83dd7dc6dd83ee394b4c&oe=5FB3B1E4"
                },
                {
                    "config_height": 640,
                    "config_width": 640,
                    "src": "https://instagram.fabe1-1.fna.fbcdn.net/v/t51.2885-15/sh0.08/e35/c0.179.1440.1440a/s640x640/121594799_824893624718943_1794034992445817871_n.jpg?_nc_ht=instagram.fabe1-1.fna.fbcdn.net&_nc_cat=103&_nc_ohc=wx98885Qc_sAX_lX3ig&oh=e4d37c2a5c34283af902e2d9de3982d5&oe=5FB1D7ED"
                }
            ],
            "thumbnail_src": "https://instagram.fabe1-1.fna.fbcdn.net/v/t51.2885-15/sh0.08/e35/c0.179.1440.1440a/s640x640/121594799_824893624718943_1794034992445817871_n.jpg?_nc_ht=instagram.fabe1-1.fna.fbcdn.net&_nc_cat=103&_nc_ohc=wx98885Qc_sAX_lX3ig&oh=e4d37c2a5c34283af902e2d9de3982d5&oe=5FB1D7ED",
            "urls": [
                "https://instagram.fabe1-1.fna.fbcdn.net/v/t51.2885-15/e35/p1080x1080/121594799_824893624718943_1794034992445817871_n.jpg?_nc_ht=instagram.fabe1-1.fna.fbcdn.net&_nc_cat=103&_nc_ohc=wx98885Qc_sAX_lX3ig&tp=19&oh=beb0f699d33d9b46731e93f378d7c3d9&oe=5FB360AD",
                "https://instagram.fabe1-1.fna.fbcdn.net/v/t51.2885-15/e35/p1080x1080/121573306_808603429893099_153416699026356752_n.jpg?_nc_ht=instagram.fabe1-1.fna.fbcdn.net&_nc_cat=103&_nc_ohc=tLpKVX2RP6kAX8fgGa-&tp=19&oh=8b352d0fc0a5a6215467fb842d4f65c0&oe=5FB1CD3F"
            ]
        },
        {
            "comments_disabled": false,
            "dimensions": {
                "height": 360,
                "width": 640
            },
            "display_url": "https://instagram.fabe1-1.fna.fbcdn.net/v/t51.2885-15/e35/121565784_627183481292000_3229288858590138172_n.jpg?_nc_ht=instagram.fabe1-1.fna.fbcdn.net&_nc_cat=108&_nc_ohc=XlYhDeUq4WUAX_0IDaf&_nc_tp=18&oh=7e8c2eb8700490ff345181a73b7f05ea&oe=5F8C4497",
            "edge_liked_by": {
                "count": 1
            },
            "edge_media_preview_like": {
                "count": 1
            },
            "edge_media_to_caption": {
                "edges": [
                    {
                        "node": {
                            "text": "Cuantos vieron el video de #billetesazules ❓😳🔥🔥 #jbalvin ❌ #kevvo"
                        }
                    }
                ]
            },
            "edge_media_to_comment": {
                "count": 0
            },
            "id": "2421390201753885877",
            "is_video": true,
            "owner": {
                "id": "38744801734"
            },
            "shortcode": "CGagY82Jty1",
            "tags": [
                "kevvo",
                "jbalvin",
                "billetesazules"
            ],
            "taken_at_timestamp": 1602872261,
            "thumbnail_resources": [
                {
                    "config_height": 150,
                    "config_width": 150,
                    "src": "https://instagram.fabe1-1.fna.fbcdn.net/v/t51.2885-15/e35/c140.0.360.360a/s150x150/121565784_627183481292000_3229288858590138172_n.jpg?_nc_ht=instagram.fabe1-1.fna.fbcdn.net&_nc_cat=108&_nc_ohc=XlYhDeUq4WUAX_0IDaf&tp=16&oh=0d1a96124627344cbbf9c8cd436e861a&oe=5F8C41CF"
                },
                {
                    "config_height": 240,
                    "config_width": 240,
                    "src": "https://instagram.fabe1-1.fna.fbcdn.net/v/t51.2885-15/e35/c140.0.360.360a/s240x240/121565784_627183481292000_3229288858590138172_n.jpg?_nc_ht=instagram.fabe1-1.fna.fbcdn.net&_nc_cat=108&_nc_ohc=XlYhDeUq4WUAX_0IDaf&tp=16&oh=51ec0b5a6a4f09dc2cb077dfcb0fbee5&oe=5F8C57C9"
                },
                {
                    "config_height": 320,
                    "config_width": 320,
                    "src": "https://instagram.fabe1-1.fna.fbcdn.net/v/t51.2885-15/e35/c140.0.360.360a/s320x320/121565784_627183481292000_3229288858590138172_n.jpg?_nc_ht=instagram.fabe1-1.fna.fbcdn.net&_nc_cat=108&_nc_ohc=XlYhDeUq4WUAX_0IDaf&tp=16&oh=9317787379e7933e00efdc898bc582c5&oe=5F8C74F7"
                },
                {
                    "config_height": 480,
                    "config_width": 480,
                    "src": "https://instagram.fabe1-1.fna.fbcdn.net/v/t51.2885-15/e35/c140.0.360.360a/121565784_627183481292000_3229288858590138172_n.jpg?_nc_ht=instagram.fabe1-1.fna.fbcdn.net&_nc_cat=108&_nc_ohc=XlYhDeUq4WUAX_0IDaf&oh=072654eed748697d4bd67cdfb16100e4&oe=5F8C51DF"
                },
                {
                    "config_height": 640,
                    "config_width": 640,
                    "src": "https://instagram.fabe1-1.fna.fbcdn.net/v/t51.2885-15/e35/c140.0.360.360a/121565784_627183481292000_3229288858590138172_n.jpg?_nc_ht=instagram.fabe1-1.fna.fbcdn.net&_nc_cat=108&_nc_ohc=XlYhDeUq4WUAX_0IDaf&oh=072654eed748697d4bd67cdfb16100e4&oe=5F8C51DF"
                }
            ],
            "thumbnail_src": "https://instagram.fabe1-1.fna.fbcdn.net/v/t51.2885-15/e35/c140.0.360.360a/121565784_627183481292000_3229288858590138172_n.jpg?_nc_ht=instagram.fabe1-1.fna.fbcdn.net&_nc_cat=108&_nc_ohc=XlYhDeUq4WUAX_0IDaf&oh=072654eed748697d4bd67cdfb16100e4&oe=5F8C51DF",
            "urls": [
                "https://instagram.fabe1-1.fna.fbcdn.net/v/t50.2886-16/121576812_3553322968062433_251650651456109053_n.mp4?_nc_ht=instagram.fabe1-1.fna.fbcdn.net&_nc_cat=101&_nc_ohc=HzG0zYfkDQoAX8b17FZ&oe=5F8C403C&oh=8e262e39fdc3eb24a14ce5a82d807536"
            ],
            "video_view_count": 0
        },
        {
            "comments_disabled": false,
            "dimensions": {
                "height": 937,
                "width": 750
            },
            "display_url": "https://instagram.fabe1-1.fna.fbcdn.net/v/t51.2885-15/e35/121289997_1325287764476666_7163357569210551629_n.jpg?_nc_ht=instagram.fabe1-1.fna.fbcdn.net&_nc_cat=102&_nc_ohc=dBRp9_SUulAAX9Snj4L&_nc_tp=18&oh=1a0642d1b3cfe5abc85fa618d5a86355&oe=5F8BEB39",
            "edge_liked_by": {
                "count": 0
            },
            "edge_media_preview_like": {
                "count": 0
            },
            "edge_media_to_caption": {
                "edges": [
                    {
                        "node": {
                            "text": "Cause you a down ass chick 🤞🏾💯"
                        }
                    }
                ]
            },
            "edge_media_to_comment": {
                "count": 0
            },
            "id": "2421390056386053400",
            "is_video": true,
            "owner": {
                "id": "273442854"
            },
            "shortcode": "CGagW1djcUY",
            "tags": [],
            "taken_at_timestamp": 1602872235,
            "thumbnail_resources": [
                {
                    "config_height": 150,
                    "config_width": 150,
                    "src": "https://instagram.fabe1-1.fna.fbcdn.net/v/t51.2885-15/e35/c0.82.656.656a/s150x150/121289997_1325287764476666_7163357569210551629_n.jpg?_nc_ht=instagram.fabe1-1.fna.fbcdn.net&_nc_cat=102&_nc_ohc=dBRp9_SUulAAX9Snj4L&tp=16&oh=7a5b1527fb9b061a032ccc79cd104177&oe=5F8C06DD"
                },
                {
                    "config_height": 240,
                    "config_width": 240,
                    "src": "https://instagram.fabe1-1.fna.fbcdn.net/v/t51.2885-15/e35/c0.82.656.656a/s240x240/121289997_1325287764476666_7163357569210551629_n.jpg?_nc_ht=instagram.fabe1-1.fna.fbcdn.net&_nc_cat=102&_nc_ohc=dBRp9_SUulAAX9Snj4L&tp=16&oh=0dc15899e53e1c22340cd42fc9a6f592&oe=5F8C7455"
                },
                {
                    "config_height": 320,
                    "config_width": 320,
                    "src": "https://instagram.fabe1-1.fna.fbcdn.net/v/t51.2885-15/e35/c0.82.656.656a/s320x320/121289997_1325287764476666_7163357569210551629_n.jpg?_nc_ht=instagram.fabe1-1.fna.fbcdn.net&_nc_cat=102&_nc_ohc=dBRp9_SUulAAX9Snj4L&tp=16&oh=6183208aea1d9d272db0248abe75f029&oe=5F8C4CCC"
                },
                {
                    "config_height": 480,
                    "config_width": 480,
                    "src": "https://instagram.fabe1-1.fna.fbcdn.net/v/t51.2885-15/e35/c0.82.656.656a/s480x480/121289997_1325287764476666_7163357569210551629_n.jpg?_nc_ht=instagram.fabe1-1.fna.fbcdn.net&_nc_cat=102&_nc_ohc=dBRp9_SUulAAX9Snj4L&tp=16&oh=5e64ac40fc5c95cc1c5cb8e63bf55dbd&oe=5F8BE48A"
                },
                {
                    "config_height": 640,
                    "config_width": 640,
                    "src": "https://instagram.fabe1-1.fna.fbcdn.net/v/t51.2885-15/sh0.08/e35/c0.82.656.656a/s640x640/121289997_1325287764476666_7163357569210551629_n.jpg?_nc_ht=instagram.fabe1-1.fna.fbcdn.net&_nc_cat=102&_nc_ohc=dBRp9_SUulAAX9Snj4L&oh=972c5ea077e5d7ec04cfbf659b9e707d&oe=5F8C5FB3"
                }
            ],
            "thumbnail_src": "https://instagram.fabe1-1.fna.fbcdn.net/v/t51.2885-15/sh0.08/e35/c0.82.656.656a/s640x640/121289997_1325287764476666_7163357569210551629_n.jpg?_nc_ht=instagram.fabe1-1.fna.fbcdn.net&_nc_cat=102&_nc_ohc=dBRp9_SUulAAX9Snj4L&oh=972c5ea077e5d7ec04cfbf659b9e707d&oe=5F8C5FB3",
            "urls": [
                "https://instagram.fabe1-1.fna.fbcdn.net/v/t50.2886-16/121642583_411180186949052_7637584544552204923_n.mp4?_nc_ht=instagram.fabe1-1.fna.fbcdn.net&_nc_cat=108&_nc_ohc=eMGaBNSR4-4AX9Ha2eD&oe=5F8C6C90&oh=4037e5da577e26dce1dcff679164c069"
            ],
            "video_view_count": 0
        },
        {
            "comments_disabled": false,
            "dimensions": {
                "height": 1350,
                "width": 1080
            },
            "display_url": "https://instagram.fabe1-1.fna.fbcdn.net/v/t51.2885-15/e35/p1080x1080/121701988_708347986443615_5609320298982669286_n.jpg?_nc_ht=instagram.fabe1-1.fna.fbcdn.net&_nc_cat=103&_nc_ohc=WZcMYwFOS8AAX_LubRx&tp=19&oh=5fe45b9fa36bb612840204e82eb591b9&oe=5FB29CA8",
            "edge_liked_by": {
                "count": 1
            },
            "edge_media_preview_like": {
                "count": 1
            },
            "edge_media_to_caption": {
                "edges": [
                    {
                        "node": {
                            "text": "An Italian Shabbat! My sweet husband surprised me with a cooking free Shabbat this week ❤️ marriage is TEAMWORK, it’s not 50/50, it’s 100/100! Give a woman a house, she will make it a home 💕"
                        }
                    }
                ]
            },
            "edge_media_to_comment": {
                "count": 1
            },
            "id": "2421390138125630526",
            "is_video": false,
            "owner": {
                "id": "3026732488"
            },
            "shortcode": "CGagYBlnLw-",
            "tags": [],
            "taken_at_timestamp": 1602872219,
            "thumbnail_resources": [
                {
                    "config_height": 150,
                    "config_width": 150,
                    "src": "https://instagram.fabe1-1.fna.fbcdn.net/v/t51.2885-15/e35/c0.180.1440.1440a/s150x150/121701988_708347986443615_5609320298982669286_n.jpg?_nc_ht=instagram.fabe1-1.fna.fbcdn.net&_nc_cat=103&_nc_ohc=WZcMYwFOS8AAX_LubRx&tp=16&oh=c54c3de0317ec2c9a62bcb9afe51f9fc&oe=5FB1F534"
                },
                {
                    "config_height": 240,
                    "config_width": 240,
                    "src": "https://instagram.fabe1-1.fna.fbcdn.net/v/t51.2885-15/e35/c0.180.1440.1440a/s240x240/121701988_708347986443615_5609320298982669286_n.jpg?_nc_ht=instagram.fabe1-1.fna.fbcdn.net&_nc_cat=103&_nc_ohc=WZcMYwFOS8AAX_LubRx&tp=16&oh=be2f3bcdb98aa51922af7e6a28a6498d&oe=5FB1CB36"
                },
                {
                    "config_height": 320,
                    "config_width": 320,
                    "src": "https://instagram.fabe1-1.fna.fbcdn.net/v/t51.2885-15/e35/c0.180.1440.1440a/s320x320/121701988_708347986443615_5609320298982669286_n.jpg?_nc_ht=instagram.fabe1-1.fna.fbcdn.net&_nc_cat=103&_nc_ohc=WZcMYwFOS8AAX_LubRx&tp=16&oh=a7730db61db4ce2f1bbab641ca34b0d0&oe=5FB1724C"
                },
                {
                    "config_height": 480,
                    "config_width": 480,
                    "src": "https://instagram.fabe1-1.fna.fbcdn.net/v/t51.2885-15/e35/c0.180.1440.1440a/s480x480/121701988_708347986443615_5609320298982669286_n.jpg?_nc_ht=instagram.fabe1-1.fna.fbcdn.net&_nc_cat=103&_nc_ohc=WZcMYwFOS8AAX_LubRx&tp=16&oh=b2f75e20e6b8f82ca9cc17b214ee3f98&oe=5FB29F8D"
                },
                {
                    "config_height": 640,
                    "config_width": 640,
                    "src": "https://instagram.fabe1-1.fna.fbcdn.net/v/t51.2885-15/sh0.08/e35/c0.180.1440.1440a/s640x640/121701988_708347986443615_5609320298982669286_n.jpg?_nc_ht=instagram.fabe1-1.fna.fbcdn.net&_nc_cat=103&_nc_ohc=WZcMYwFOS8AAX_LubRx&oh=9c7843daf966a193368065951e6c5724&oe=5FB56204"
                }
            ],
            "thumbnail_src": "https://instagram.fabe1-1.fna.fbcdn.net/v/t51.2885-15/sh0.08/e35/c0.180.1440.1440a/s640x640/121701988_708347986443615_5609320298982669286_n.jpg?_nc_ht=instagram.fabe1-1.fna.fbcdn.net&_nc_cat=103&_nc_ohc=WZcMYwFOS8AAX_LubRx&oh=9c7843daf966a193368065951e6c5724&oe=5FB56204",
            "urls": [
                "https://instagram.fabe1-1.fna.fbcdn.net/v/t51.2885-15/e35/p1080x1080/121701988_708347986443615_5609320298982669286_n.jpg?_nc_ht=instagram.fabe1-1.fna.fbcdn.net&_nc_cat=103&_nc_ohc=WZcMYwFOS8AAX_LubRx&tp=19&oh=5fe45b9fa36bb612840204e82eb591b9&oe=5FB29CA8",
                "https://instagram.fabe1-1.fna.fbcdn.net/v/t51.2885-15/e35/p1080x1080/121526745_112440683853192_6023591928616336385_n.jpg?_nc_ht=instagram.fabe1-1.fna.fbcdn.net&_nc_cat=100&_nc_ohc=wnEWcyD3WuIAX-MchSF&tp=19&oh=4790ba8013771fe12f2149bc164af126&oe=5FB17466",
                "https://instagram.fabe1-1.fna.fbcdn.net/v/t51.2885-15/e35/p1080x1080/121573174_4059514330728806_6693023242785446158_n.jpg?_nc_ht=instagram.fabe1-1.fna.fbcdn.net&_nc_cat=102&_nc_ohc=sCF26P_kcqUAX_ZyOwu&tp=19&oh=772347e1bd2c47fbe79a1f11108afe3a&oe=5FB1EBB8",
                "https://instagram.fabe1-1.fna.fbcdn.net/v/t51.2885-15/e35/p1080x1080/121803978_2650261808636643_7324881329945065451_n.jpg?_nc_ht=instagram.fabe1-1.fna.fbcdn.net&_nc_cat=103&_nc_ohc=WkrlOXMq9mEAX_XqQAS&tp=19&oh=8fb0b47cd6899123c516c185997cd6ce&oe=5FB50CF6",
                "https://instagram.fabe1-1.fna.fbcdn.net/v/t51.2885-15/e35/p1080x1080/121506159_3411759522239110_6302311124620430830_n.jpg?_nc_ht=instagram.fabe1-1.fna.fbcdn.net&_nc_cat=110&_nc_ohc=x3EMTvDOYiEAX-XkzQc&tp=19&oh=f468271feb7c0c6aadb20282c2033839&oe=5FB1DB19",
                "https://instagram.fabe1-1.fna.fbcdn.net/v/t51.2885-15/e35/p1080x1080/121653301_362365178299476_2563190567695143799_n.jpg?_nc_ht=instagram.fabe1-1.fna.fbcdn.net&_nc_cat=100&_nc_ohc=bWCZmogGDgAAX9YuBqu&tp=19&oh=170dfc04678f3750a1f67355c8fde2ee&oe=5FB44773"
            ]
        }
    ]
}