{
    "GraphImages": [
        {
            "comments_disabled": false,
            "dimensions": {
                "height": 1350,
                "width": 1080
            },
            "display_url": "https://instagram.fabe1-1.fna.fbcdn.net/v/t51.2885-15/e35/p1080x1080/121597798_363342671427232_2562649520125271707_n.jpg?_nc_ht=instagram.fabe1-1.fna.fbcdn.net&_nc_cat=104&_nc_ohc=-nIuQjmt0mkAX8eK8UO&tp=19&oh=644c4be9e6b9804a845945815ff564e4&oe=5FB2A9A9",
            "edge_liked_by": {
                "count": 0
            },
            "edge_media_preview_like": {
                "count": 0
            },
            "edge_media_to_caption": {
                "edges": [
                    {
                        "node": {
                            "text": "🌈La actitud es el pincel de nuestra mente y nosotros elegimos los colores🎨 ¿De qué color vas vestido hoy? \n•\n•\n#colores #actitud #fridayvibes #beachvibes #miami #miamibeach #miamiflorida #bikinigirl #actitudpositiva #weekendvibes #beachday #fitnessmodel #pintatuvidadecolores"
                        }
                    }
                ]
            },
            "edge_media_to_comment": {
                "count": 0
            },
            "id": "2421359071636358304",
            "is_video": false,
            "owner": {
                "id": "7070422268"
            },
            "shortcode": "CGaZT8qjgSg",
            "tags": [
                "pintatuvidadecolores",
                "miamibeach",
                "fitnessmodel",
                "weekendvibes",
                "actitud",
                "miami",
                "fridayvibes",
                "actitudpositiva",
                "miamiflorida",
                "beachday",
                "bikinigirl",
                "colores",
                "beachvibes"
            ],
            "taken_at_timestamp": 1602868516,
            "thumbnail_resources": [
                {
                    "config_height": 150,
                    "config_width": 150,
                    "src": "https://instagram.fabe1-1.fna.fbcdn.net/v/t51.2885-15/e35/c0.180.1440.1440a/s150x150/121597798_363342671427232_2562649520125271707_n.jpg?_nc_ht=instagram.fabe1-1.fna.fbcdn.net&_nc_cat=104&_nc_ohc=-nIuQjmt0mkAX8eK8UO&tp=16&oh=25df8a28c432a9113c8f45ad2e23a44d&oe=5FB2FFBD"
                },
                {
                    "config_height": 240,
                    "config_width": 240,
                    "src": "https://instagram.fabe1-1.fna.fbcdn.net/v/t51.2885-15/e35/c0.180.1440.1440a/s240x240/121597798_363342671427232_2562649520125271707_n.jpg?_nc_ht=instagram.fabe1-1.fna.fbcdn.net&_nc_cat=104&_nc_ohc=-nIuQjmt0mkAX8eK8UO&tp=16&oh=bfb1369415802e7c4485ca4072ae47aa&oe=5FB49BBB"
                },
                {
                    "config_height": 320,
                    "config_width": 320,
                    "src": "https://instagram.fabe1-1.fna.fbcdn.net/v/t51.2885-15/e35/c0.180.1440.1440a/s320x320/121597798_363342671427232_2562649520125271707_n.jpg?_nc_ht=instagram.fabe1-1.fna.fbcdn.net&_nc_cat=104&_nc_ohc=-nIuQjmt0mkAX8eK8UO&tp=16&oh=f0028f6d7cf3dd48fedb0a20cf9b4cc3&oe=5FB37AC5"
                },
                {
                    "config_height": 480,
                    "config_width": 480,
                    "src": "https://instagram.fabe1-1.fna.fbcdn.net/v/t51.2885-15/e35/c0.180.1440.1440a/s480x480/121597798_363342671427232_2562649520125271707_n.jpg?_nc_ht=instagram.fabe1-1.fna.fbcdn.net&_nc_cat=104&_nc_ohc=-nIuQjmt0mkAX8eK8UO&tp=16&oh=7bbe3dab09a0bb796afa0ecebd2091c0&oe=5FB1D284"
                },
                {
                    "config_height": 640,
                    "config_width": 640,
                    "src": "https://instagram.fabe1-1.fna.fbcdn.net/v/t51.2885-15/sh0.08/e35/c0.180.1440.1440a/s640x640/121597798_363342671427232_2562649520125271707_n.jpg?_nc_ht=instagram.fabe1-1.fna.fbcdn.net&_nc_cat=104&_nc_ohc=-nIuQjmt0mkAX8eK8UO&oh=a8df61338596991642c40de65af191c2&oe=5FB1B50D"
                }
            ],
            "thumbnail_src": "https://instagram.fabe1-1.fna.fbcdn.net/v/t51.2885-15/sh0.08/e35/c0.180.1440.1440a/s640x640/121597798_363342671427232_2562649520125271707_n.jpg?_nc_ht=instagram.fabe1-1.fna.fbcdn.net&_nc_cat=104&_nc_ohc=-nIuQjmt0mkAX8eK8UO&oh=a8df61338596991642c40de65af191c2&oe=5FB1B50D",
            "urls": [
                "https://instagram.fabe1-1.fna.fbcdn.net/v/t51.2885-15/e35/p1080x1080/121597798_363342671427232_2562649520125271707_n.jpg?_nc_ht=instagram.fabe1-1.fna.fbcdn.net&_nc_cat=104&_nc_ohc=-nIuQjmt0mkAX8eK8UO&tp=19&oh=644c4be9e6b9804a845945815ff564e4&oe=5FB2A9A9"
            ]
        },
        {
            "comments_disabled": false,
            "dimensions": {
                "height": 1080,
                "width": 1080
            },
            "display_url": "https://instagram.fabe1-1.fna.fbcdn.net/v/t51.2885-15/e35/s1080x1080/121420889_686200455338047_969523110974012384_n.jpg?_nc_ht=instagram.fabe1-1.fna.fbcdn.net&_nc_cat=107&_nc_ohc=D24_iJZ0Nh4AX_3aeBc&_nc_tp=15&oh=3fd3606fcd7e3e0abb3029142b0ba3ca&oe=5FB16AB8",
            "edge_liked_by": {
                "count": 0
            },
            "edge_media_preview_like": {
                "count": 0
            },
            "edge_media_to_caption": {
                "edges": [
                    {
                        "node": {
                            "text": "National Boss Day!! #nationalbossday #bosslifestyle #bosslife #troyluxor @troyluxor The Love of entrepreneurship #hustlin #grind how we living Boss life #fitness #money #businessowner #empire #entrepreneur stay hungry stay focused 💯 just make it happen"
                        }
                    }
                ]
            },
            "edge_media_to_comment": {
                "count": 0
            },
            "id": "2421358966450981087",
            "is_video": false,
            "owner": {
                "id": "470352969"
            },
            "shortcode": "CGaZSatBIjf",
            "tags": [
                "entrepreneur",
                "fitness",
                "bosslifestyle",
                "money",
                "businessowner",
                "bosslife",
                "troyluxor",
                "hustlin",
                "grind",
                "nationalbossday",
                "empire"
            ],
            "taken_at_timestamp": 1602868503,
            "thumbnail_resources": [
                {
                    "config_height": 150,
                    "config_width": 150,
                    "src": "https://instagram.fabe1-1.fna.fbcdn.net/v/t51.2885-15/e35/s150x150/121420889_686200455338047_969523110974012384_n.jpg?_nc_ht=instagram.fabe1-1.fna.fbcdn.net&_nc_cat=107&_nc_ohc=D24_iJZ0Nh4AX_3aeBc&_nc_tp=15&oh=3f20a266b3d09982c1a412c6f56e4ad7&oe=5FB1E4A8"
                },
                {
                    "config_height": 240,
                    "config_width": 240,
                    "src": "https://instagram.fabe1-1.fna.fbcdn.net/v/t51.2885-15/e35/s240x240/121420889_686200455338047_969523110974012384_n.jpg?_nc_ht=instagram.fabe1-1.fna.fbcdn.net&_nc_cat=107&_nc_ohc=D24_iJZ0Nh4AX_3aeBc&_nc_tp=15&oh=cec6384b589df367511603b01d0b3818&oe=5FB1E56E"
                },
                {
                    "config_height": 320,
                    "config_width": 320,
                    "src": "https://instagram.fabe1-1.fna.fbcdn.net/v/t51.2885-15/e35/s320x320/121420889_686200455338047_969523110974012384_n.jpg?_nc_ht=instagram.fabe1-1.fna.fbcdn.net&_nc_cat=107&_nc_ohc=D24_iJZ0Nh4AX_3aeBc&_nc_tp=15&oh=1798d043a3e8cf25f027357afacf8183&oe=5FB3E758"
                },
                {
                    "config_height": 480,
                    "config_width": 480,
                    "src": "https://instagram.fabe1-1.fna.fbcdn.net/v/t51.2885-15/e35/s480x480/121420889_686200455338047_969523110974012384_n.jpg?_nc_ht=instagram.fabe1-1.fna.fbcdn.net&_nc_cat=107&_nc_ohc=D24_iJZ0Nh4AX_3aeBc&_nc_tp=15&oh=feb88be014020425e06170858bd9b1e5&oe=5FB51B8E"
                },
                {
                    "config_height": 640,
                    "config_width": 640,
                    "src": "https://instagram.fabe1-1.fna.fbcdn.net/v/t51.2885-15/sh0.08/e35/s640x640/121420889_686200455338047_969523110974012384_n.jpg?_nc_ht=instagram.fabe1-1.fna.fbcdn.net&_nc_cat=107&_nc_ohc=D24_iJZ0Nh4AX_3aeBc&_nc_tp=24&oh=8fb335f846d4877524e68dd02a2a8950&oe=5FB1F181"
                }
            ],
            "thumbnail_src": "https://instagram.fabe1-1.fna.fbcdn.net/v/t51.2885-15/sh0.08/e35/s640x640/121420889_686200455338047_969523110974012384_n.jpg?_nc_ht=instagram.fabe1-1.fna.fbcdn.net&_nc_cat=107&_nc_ohc=D24_iJZ0Nh4AX_3aeBc&_nc_tp=24&oh=8fb335f846d4877524e68dd02a2a8950&oe=5FB1F181",
            "urls": [
                "https://instagram.fabe1-1.fna.fbcdn.net/v/t51.2885-15/e35/s1080x1080/121420889_686200455338047_969523110974012384_n.jpg?_nc_ht=instagram.fabe1-1.fna.fbcdn.net&_nc_cat=107&_nc_ohc=D24_iJZ0Nh4AX_3aeBc&_nc_tp=15&oh=3fd3606fcd7e3e0abb3029142b0ba3ca&oe=5FB16AB8"
            ]
        },
        {
            "comments_disabled": false,
            "dimensions": {
                "height": 1080,
                "width": 1080
            },
            "display_url": "https://instagram.fabe1-1.fna.fbcdn.net/v/t51.2885-15/e35/121666043_124432882516561_704305018688920390_n.jpg?_nc_ht=instagram.fabe1-1.fna.fbcdn.net&_nc_cat=101&_nc_ohc=Npj1obR524YAX_u0hgg&_nc_tp=18&oh=3ea86799aa3259c1e3c5ed6ec670bea0&oe=5FB18D00",
            "edge_liked_by": {
                "count": 2
            },
            "edge_media_preview_like": {
                "count": 2
            },
            "edge_media_to_caption": {
                "edges": [
                    {
                        "node": {
                            "text": "Custom lighting on the walls really stand out.\n\n #luxuryliving#bosslife  #realtor #luxuryrealestate #luxury #luxuryhomes #luxurylifestyle #realestate #modernhome #interior #mansion #interiordesign #luxury_club"
                        }
                    }
                ]
            },
            "edge_media_to_comment": {
                "count": 0
            },
            "id": "2421358792261314676",
            "is_video": false,
            "owner": {
                "id": "5483839595"
            },
            "shortcode": "CGaZP4egSh0",
            "tags": [
                "luxuryrealestate",
                "mansion",
                "luxurylifestyle",
                "interior",
                "luxury",
                "luxuryhomes",
                "luxuryliving",
                "luxury_club",
                "bosslife",
                "interiordesign",
                "modernhome",
                "realtor",
                "realestate"
            ],
            "taken_at_timestamp": 1602868483,
            "thumbnail_resources": [
                {
                    "config_height": 150,
                    "config_width": 150,
                    "src": "https://instagram.fabe1-1.fna.fbcdn.net/v/t51.2885-15/e35/s150x150/121666043_124432882516561_704305018688920390_n.jpg?_nc_ht=instagram.fabe1-1.fna.fbcdn.net&_nc_cat=101&_nc_ohc=Npj1obR524YAX_u0hgg&_nc_tp=15&oh=d7a64ec1c7c24f31a562493e56ee4b11&oe=5FB3CBBE"
                },
                {
                    "config_height": 240,
                    "config_width": 240,
                    "src": "https://instagram.fabe1-1.fna.fbcdn.net/v/t51.2885-15/e35/s240x240/121666043_124432882516561_704305018688920390_n.jpg?_nc_ht=instagram.fabe1-1.fna.fbcdn.net&_nc_cat=101&_nc_ohc=Npj1obR524YAX_u0hgg&_nc_tp=15&oh=682e30751aded57d5ca2f02fbd0f6028&oe=5FB38F78"
                },
                {
                    "config_height": 320,
                    "config_width": 320,
                    "src": "https://instagram.fabe1-1.fna.fbcdn.net/v/t51.2885-15/e35/s320x320/121666043_124432882516561_704305018688920390_n.jpg?_nc_ht=instagram.fabe1-1.fna.fbcdn.net&_nc_cat=101&_nc_ohc=Npj1obR524YAX_u0hgg&_nc_tp=15&oh=46b171c4cfa07c8228eddfcfd532e6f0&oe=5FB3BF4E"
                },
                {
                    "config_height": 480,
                    "config_width": 480,
                    "src": "https://instagram.fabe1-1.fna.fbcdn.net/v/t51.2885-15/e35/s480x480/121666043_124432882516561_704305018688920390_n.jpg?_nc_ht=instagram.fabe1-1.fna.fbcdn.net&_nc_cat=101&_nc_ohc=Npj1obR524YAX_u0hgg&_nc_tp=15&oh=eb30f3d6f7f9de05b4c96f18af811d5f&oe=5FB41518"
                },
                {
                    "config_height": 640,
                    "config_width": 640,
                    "src": "https://instagram.fabe1-1.fna.fbcdn.net/v/t51.2885-15/sh0.08/e35/s640x640/121666043_124432882516561_704305018688920390_n.jpg?_nc_ht=instagram.fabe1-1.fna.fbcdn.net&_nc_cat=101&_nc_ohc=Npj1obR524YAX_u0hgg&_nc_tp=24&oh=3fa9d0ce488d11a09b0c726b7233afba&oe=5FB2239B"
                }
            ],
            "thumbnail_src": "https://instagram.fabe1-1.fna.fbcdn.net/v/t51.2885-15/sh0.08/e35/s640x640/121666043_124432882516561_704305018688920390_n.jpg?_nc_ht=instagram.fabe1-1.fna.fbcdn.net&_nc_cat=101&_nc_ohc=Npj1obR524YAX_u0hgg&_nc_tp=24&oh=3fa9d0ce488d11a09b0c726b7233afba&oe=5FB2239B",
            "urls": [
                "https://instagram.fabe1-1.fna.fbcdn.net/v/t51.2885-15/e35/121666043_124432882516561_704305018688920390_n.jpg?_nc_ht=instagram.fabe1-1.fna.fbcdn.net&_nc_cat=101&_nc_ohc=Npj1obR524YAX_u0hgg&_nc_tp=18&oh=3ea86799aa3259c1e3c5ed6ec670bea0&oe=5FB18D00"
            ]
        },
        {
            "comments_disabled": false,
            "dimensions": {
                "height": 862,
                "width": 750
            },
            "display_url": "https://instagram.fabe1-1.fna.fbcdn.net/v/t51.2885-15/e35/121514510_628545384482991_4285739373103698536_n.jpg?_nc_ht=instagram.fabe1-1.fna.fbcdn.net&_nc_cat=103&_nc_ohc=jOgoQqCkHiUAX-qSuTt&_nc_tp=18&oh=0364f6cc8d5b135f5dce21b3c2907f7e&oe=5FB2FB77",
            "edge_liked_by": {
                "count": 1
            },
            "edge_media_preview_like": {
                "count": 1
            },
            "edge_media_to_caption": {
                "edges": [
                    {
                        "node": {
                            "text": "Don't waste your time on empty people 🍃🤍"
                        }
                    }
                ]
            },
            "edge_media_to_comment": {
                "count": 0
            },
            "id": "2421358664880720370",
            "is_video": false,
            "owner": {
                "id": "9552736862"
            },
            "shortcode": "CGaZOB2B4ny",
            "tags": [],
            "taken_at_timestamp": 1602868467,
            "thumbnail_resources": [
                {
                    "config_height": 150,
                    "config_width": 150,
                    "src": "https://instagram.fabe1-1.fna.fbcdn.net/v/t51.2885-15/e35/c0.54.719.719a/s150x150/121514510_628545384482991_4285739373103698536_n.jpg?_nc_ht=instagram.fabe1-1.fna.fbcdn.net&_nc_cat=103&_nc_ohc=jOgoQqCkHiUAX-qSuTt&tp=16&oh=8813a4506b36fb5340f0f1118837ecf7&oe=5FB43D01"
                },
                {
                    "config_height": 240,
                    "config_width": 240,
                    "src": "https://instagram.fabe1-1.fna.fbcdn.net/v/t51.2885-15/e35/c0.54.719.719a/s240x240/121514510_628545384482991_4285739373103698536_n.jpg?_nc_ht=instagram.fabe1-1.fna.fbcdn.net&_nc_cat=103&_nc_ohc=jOgoQqCkHiUAX-qSuTt&tp=16&oh=5633337d34f88ad167254ce7c66d728d&oe=5FB3B587"
                },
                {
                    "config_height": 320,
                    "config_width": 320,
                    "src": "https://instagram.fabe1-1.fna.fbcdn.net/v/t51.2885-15/e35/c0.54.719.719a/s320x320/121514510_628545384482991_4285739373103698536_n.jpg?_nc_ht=instagram.fabe1-1.fna.fbcdn.net&_nc_cat=103&_nc_ohc=jOgoQqCkHiUAX-qSuTt&tp=16&oh=31b1171d901edbff24550302b8da5a30&oe=5FB26379"
                },
                {
                    "config_height": 480,
                    "config_width": 480,
                    "src": "https://instagram.fabe1-1.fna.fbcdn.net/v/t51.2885-15/e35/c0.54.719.719a/s480x480/121514510_628545384482991_4285739373103698536_n.jpg?_nc_ht=instagram.fabe1-1.fna.fbcdn.net&_nc_cat=103&_nc_ohc=jOgoQqCkHiUAX-qSuTt&tp=16&oh=d8d2d5695cf2a53f782b12ce8c5464a7&oe=5FB19DC0"
                },
                {
                    "config_height": 640,
                    "config_width": 640,
                    "src": "https://instagram.fabe1-1.fna.fbcdn.net/v/t51.2885-15/sh0.08/e35/c0.54.719.719a/s640x640/121514510_628545384482991_4285739373103698536_n.jpg?_nc_ht=instagram.fabe1-1.fna.fbcdn.net&_nc_cat=103&_nc_ohc=jOgoQqCkHiUAX-qSuTt&oh=04cf88203e5edeca1c0b60d7413fb8e7&oe=5FB414B5"
                }
            ],
            "thumbnail_src": "https://instagram.fabe1-1.fna.fbcdn.net/v/t51.2885-15/sh0.08/e35/c0.54.719.719a/s640x640/121514510_628545384482991_4285739373103698536_n.jpg?_nc_ht=instagram.fabe1-1.fna.fbcdn.net&_nc_cat=103&_nc_ohc=jOgoQqCkHiUAX-qSuTt&oh=04cf88203e5edeca1c0b60d7413fb8e7&oe=5FB414B5",
            "urls": [
                "https://instagram.fabe1-1.fna.fbcdn.net/v/t51.2885-15/e35/121514510_628545384482991_4285739373103698536_n.jpg?_nc_ht=instagram.fabe1-1.fna.fbcdn.net&_nc_cat=103&_nc_ohc=jOgoQqCkHiUAX-qSuTt&_nc_tp=18&oh=0364f6cc8d5b135f5dce21b3c2907f7e&oe=5FB2FB77"
            ]
        }
    ]
}