{
    "GraphImages": [
        {
            "comments_disabled": false,
            "dimensions": {
                "height": 750,
                "width": 750
            },
            "display_url": "https://instagram.fabe1-1.fna.fbcdn.net/v/t51.2885-15/e35/121514139_343986250019690_3515481179126130246_n.jpg?_nc_ht=instagram.fabe1-1.fna.fbcdn.net&_nc_cat=102&_nc_ohc=5o_YlUbX4xAAX-d3mxo&_nc_tp=18&oh=bd2d4d39b440732c2d3461316f58618b&oe=5F8C47A7",
            "edge_liked_by": {
                "count": 0
            },
            "edge_media_preview_like": {
                "count": 0
            },
            "edge_media_to_caption": {
                "edges": [
                    {
                        "node": {
                            "text": "Miami la ciudad del sol"
                        }
                    }
                ]
            },
            "edge_media_to_comment": {
                "count": 0
            },
            "id": "2421389307249734664",
            "is_video": true,
            "owner": {
                "id": "17432228687"
            },
            "shortcode": "CGagL7xjLQI",
            "tags": [],
            "taken_at_timestamp": 1602872132,
            "thumbnail_resources": [
                {
                    "config_height": 150,
                    "config_width": 150,
                    "src": "https://instagram.fabe1-1.fna.fbcdn.net/v/t51.2885-15/e35/s150x150/121514139_343986250019690_3515481179126130246_n.jpg?_nc_ht=instagram.fabe1-1.fna.fbcdn.net&_nc_cat=102&_nc_ohc=5o_YlUbX4xAAX-d3mxo&_nc_tp=15&oh=00938d9d9038c4443c38085942d9c1de&oe=5F8C245A"
                },
                {
                    "config_height": 240,
                    "config_width": 240,
                    "src": "https://instagram.fabe1-1.fna.fbcdn.net/v/t51.2885-15/e35/s240x240/121514139_343986250019690_3515481179126130246_n.jpg?_nc_ht=instagram.fabe1-1.fna.fbcdn.net&_nc_cat=102&_nc_ohc=5o_YlUbX4xAAX-d3mxo&_nc_tp=15&oh=8dfc7ede44778f80c0c05a6d95c971fa&oe=5F8C61A0"
                },
                {
                    "config_height": 320,
                    "config_width": 320,
                    "src": "https://instagram.fabe1-1.fna.fbcdn.net/v/t51.2885-15/e35/s320x320/121514139_343986250019690_3515481179126130246_n.jpg?_nc_ht=instagram.fabe1-1.fna.fbcdn.net&_nc_cat=102&_nc_ohc=5o_YlUbX4xAAX-d3mxo&_nc_tp=15&oh=4ced81f8ffd90fad306ae1e8cf0fa536&oe=5F8C7F22"
                },
                {
                    "config_height": 480,
                    "config_width": 480,
                    "src": "https://instagram.fabe1-1.fna.fbcdn.net/v/t51.2885-15/e35/s480x480/121514139_343986250019690_3515481179126130246_n.jpg?_nc_ht=instagram.fabe1-1.fna.fbcdn.net&_nc_cat=102&_nc_ohc=5o_YlUbX4xAAX-d3mxo&_nc_tp=15&oh=0371d90b9f01235de809dcbda657a1a7&oe=5F8BFEA7"
                },
                {
                    "config_height": 640,
                    "config_width": 640,
                    "src": "https://instagram.fabe1-1.fna.fbcdn.net/v/t51.2885-15/sh0.08/e35/s640x640/121514139_343986250019690_3515481179126130246_n.jpg?_nc_ht=instagram.fabe1-1.fna.fbcdn.net&_nc_cat=102&_nc_ohc=5o_YlUbX4xAAX-d3mxo&_nc_tp=24&oh=b773a1e5cab15b135ee337075f785e51&oe=5F8C861D"
                }
            ],
            "thumbnail_src": "https://instagram.fabe1-1.fna.fbcdn.net/v/t51.2885-15/sh0.08/e35/s640x640/121514139_343986250019690_3515481179126130246_n.jpg?_nc_ht=instagram.fabe1-1.fna.fbcdn.net&_nc_cat=102&_nc_ohc=5o_YlUbX4xAAX-d3mxo&_nc_tp=24&oh=b773a1e5cab15b135ee337075f785e51&oe=5F8C861D",
            "urls": [
                "https://instagram.fabe1-1.fna.fbcdn.net/v/t50.2886-16/121531440_504671453827301_1350508314137881476_n.mp4?_nc_ht=instagram.fabe1-1.fna.fbcdn.net&_nc_cat=105&_nc_ohc=dFPbE5xzOJ4AX_5TkAc&oe=5F8C39B6&oh=38c6b736df16cd91b8cbd52fb4422665"
            ],
            "video_view_count": 0
        }
    ]
}