{
    "GraphImages": [
        {
            "comments_disabled": false,
            "dimensions": {
                "height": 1080,
                "width": 1080
            },
            "display_url": "https://instagram.fabe1-1.fna.fbcdn.net/v/t51.2885-15/e35/s1080x1080/121575696_390662082105285_6524627966701909584_n.jpg?_nc_ht=instagram.fabe1-1.fna.fbcdn.net&_nc_cat=109&_nc_ohc=GpoIJZBdJxAAX-QZEP5&_nc_tp=15&oh=675cc524028f6cf552a59cbe599c8e9b&oe=5FB4141A",
            "edge_liked_by": {
                "count": 2
            },
            "edge_media_preview_like": {
                "count": 2
            },
            "edge_media_to_caption": {
                "edges": [
                    {
                        "node": {
                            "text": "💙 #prettylittlething #blue #pool #miami #summer #vacation #brasil #lifestyle #travelphotography #blogger #sayings #praia #bikini #trump"
                        }
                    }
                ]
            },
            "edge_media_to_comment": {
                "count": 0
            },
            "id": "2421581900933263719",
            "is_video": false,
            "owner": {
                "id": "4947421860"
            },
            "shortcode": "CGbL-inpHFn",
            "tags": [
                "blue",
                "bikini",
                "pool",
                "lifestyle",
                "blogger",
                "praia",
                "travelphotography",
                "vacation",
                "sayings",
                "summer",
                "trump",
                "brasil",
                "prettylittlething",
                "miami"
            ],
            "taken_at_timestamp": 1602895079,
            "thumbnail_resources": [
                {
                    "config_height": 150,
                    "config_width": 150,
                    "src": "https://instagram.fabe1-1.fna.fbcdn.net/v/t51.2885-15/e35/s150x150/121575696_390662082105285_6524627966701909584_n.jpg?_nc_ht=instagram.fabe1-1.fna.fbcdn.net&_nc_cat=109&_nc_ohc=GpoIJZBdJxAAX-QZEP5&_nc_tp=15&oh=101a9dffb5217251702bde4309e88dba&oe=5FB25C59"
                },
                {
                    "config_height": 240,
                    "config_width": 240,
                    "src": "https://instagram.fabe1-1.fna.fbcdn.net/v/t51.2885-15/e35/s240x240/121575696_390662082105285_6524627966701909584_n.jpg?_nc_ht=instagram.fabe1-1.fna.fbcdn.net&_nc_cat=109&_nc_ohc=GpoIJZBdJxAAX-QZEP5&_nc_tp=15&oh=b98d3a273fe664e57ae4a126fda5f083&oe=5FB396DF"
                },
                {
                    "config_height": 320,
                    "config_width": 320,
                    "src": "https://instagram.fabe1-1.fna.fbcdn.net/v/t51.2885-15/e35/s320x320/121575696_390662082105285_6524627966701909584_n.jpg?_nc_ht=instagram.fabe1-1.fna.fbcdn.net&_nc_cat=109&_nc_ohc=GpoIJZBdJxAAX-QZEP5&_nc_tp=15&oh=d6d824dbf34d19c8542e4ca50a525d4c&oe=5FB3DA21"
                },
                {
                    "config_height": 480,
                    "config_width": 480,
                    "src": "https://instagram.fabe1-1.fna.fbcdn.net/v/t51.2885-15/e35/s480x480/121575696_390662082105285_6524627966701909584_n.jpg?_nc_ht=instagram.fabe1-1.fna.fbcdn.net&_nc_cat=109&_nc_ohc=GpoIJZBdJxAAX-QZEP5&_nc_tp=15&oh=f4ac5175fbd0a79f698ce83923ed1e7f&oe=5FB43F68"
                },
                {
                    "config_height": 640,
                    "config_width": 640,
                    "src": "https://instagram.fabe1-1.fna.fbcdn.net/v/t51.2885-15/sh0.08/e35/s640x640/121575696_390662082105285_6524627966701909584_n.jpg?_nc_ht=instagram.fabe1-1.fna.fbcdn.net&_nc_cat=109&_nc_ohc=GpoIJZBdJxAAX-QZEP5&_nc_tp=24&oh=86131c9014a096edc28801e7777b17ea&oe=5FB1E85E"
                }
            ],
            "thumbnail_src": "https://instagram.fabe1-1.fna.fbcdn.net/v/t51.2885-15/sh0.08/e35/s640x640/121575696_390662082105285_6524627966701909584_n.jpg?_nc_ht=instagram.fabe1-1.fna.fbcdn.net&_nc_cat=109&_nc_ohc=GpoIJZBdJxAAX-QZEP5&_nc_tp=24&oh=86131c9014a096edc28801e7777b17ea&oe=5FB1E85E",
            "urls": [
                "https://instagram.fabe1-1.fna.fbcdn.net/v/t51.2885-15/e35/s1080x1080/121575696_390662082105285_6524627966701909584_n.jpg?_nc_ht=instagram.fabe1-1.fna.fbcdn.net&_nc_cat=109&_nc_ohc=GpoIJZBdJxAAX-QZEP5&_nc_tp=15&oh=675cc524028f6cf552a59cbe599c8e9b&oe=5FB4141A"
            ]
        }
    ]
}