{
    "GraphImages": [
        {
            "comments_disabled": false,
            "dimensions": {
                "height": 1350,
                "width": 1080
            },
            "display_url": "https://instagram.fabe1-1.fna.fbcdn.net/v/t51.2885-15/e35/121585562_395637168133000_266490818940868964_n.jpg?_nc_ht=instagram.fabe1-1.fna.fbcdn.net&_nc_cat=104&_nc_ohc=TV0YWPju7wQAX8hwGj_&_nc_tp=18&oh=8cfea1924ebc03c548bea85577d9fd2d&oe=5FB37A5F",
            "edge_liked_by": {
                "count": 1
            },
            "edge_media_preview_like": {
                "count": 1
            },
            "edge_media_to_caption": {
                "edges": [
                    {
                        "node": {
                            "text": "No hay primer plano🤫"
                        }
                    }
                ]
            },
            "edge_media_to_comment": {
                "count": 0
            },
            "id": "2421529674482847371",
            "is_video": false,
            "owner": {
                "id": "4279886192"
            },
            "shortcode": "CGbAGi8ng6L",
            "tags": [],
            "taken_at_timestamp": 1602888853,
            "thumbnail_resources": [
                {
                    "config_height": 150,
                    "config_width": 150,
                    "src": "https://instagram.fabe1-1.fna.fbcdn.net/v/t51.2885-15/e35/c0.135.1080.1080a/s150x150/121585562_395637168133000_266490818940868964_n.jpg?_nc_ht=instagram.fabe1-1.fna.fbcdn.net&_nc_cat=104&_nc_ohc=TV0YWPju7wQAX8hwGj_&tp=16&oh=f699cf12153b52a3ce94f7a526652db1&oe=5FB2311A"
                },
                {
                    "config_height": 240,
                    "config_width": 240,
                    "src": "https://instagram.fabe1-1.fna.fbcdn.net/v/t51.2885-15/e35/c0.135.1080.1080a/s240x240/121585562_395637168133000_266490818940868964_n.jpg?_nc_ht=instagram.fabe1-1.fna.fbcdn.net&_nc_cat=104&_nc_ohc=TV0YWPju7wQAX8hwGj_&tp=16&oh=bd44693be14006f9efdf0c3c90936229&oe=5FB21DD4"
                },
                {
                    "config_height": 320,
                    "config_width": 320,
                    "src": "https://instagram.fabe1-1.fna.fbcdn.net/v/t51.2885-15/e35/c0.135.1080.1080a/s320x320/121585562_395637168133000_266490818940868964_n.jpg?_nc_ht=instagram.fabe1-1.fna.fbcdn.net&_nc_cat=104&_nc_ohc=TV0YWPju7wQAX8hwGj_&tp=16&oh=7582460f3b73152f318342b25cd71732&oe=5FB58FEA"
                },
                {
                    "config_height": 480,
                    "config_width": 480,
                    "src": "https://instagram.fabe1-1.fna.fbcdn.net/v/t51.2885-15/e35/c0.135.1080.1080a/s480x480/121585562_395637168133000_266490818940868964_n.jpg?_nc_ht=instagram.fabe1-1.fna.fbcdn.net&_nc_cat=104&_nc_ohc=TV0YWPju7wQAX8hwGj_&tp=16&oh=d3e29f26f1f094ecef2b31f8173bff1d&oe=5FB1F234"
                },
                {
                    "config_height": 640,
                    "config_width": 640,
                    "src": "https://instagram.fabe1-1.fna.fbcdn.net/v/t51.2885-15/sh0.08/e35/c0.135.1080.1080a/s640x640/121585562_395637168133000_266490818940868964_n.jpg?_nc_ht=instagram.fabe1-1.fna.fbcdn.net&_nc_cat=104&_nc_ohc=TV0YWPju7wQAX8hwGj_&oh=40f0fc0bc06965fb9510601aa52608d1&oe=5FB3F8D3"
                }
            ],
            "thumbnail_src": "https://instagram.fabe1-1.fna.fbcdn.net/v/t51.2885-15/sh0.08/e35/c0.135.1080.1080a/s640x640/121585562_395637168133000_266490818940868964_n.jpg?_nc_ht=instagram.fabe1-1.fna.fbcdn.net&_nc_cat=104&_nc_ohc=TV0YWPju7wQAX8hwGj_&oh=40f0fc0bc06965fb9510601aa52608d1&oe=5FB3F8D3",
            "urls": [
                "https://instagram.fabe1-1.fna.fbcdn.net/v/t51.2885-15/e35/121585562_395637168133000_266490818940868964_n.jpg?_nc_ht=instagram.fabe1-1.fna.fbcdn.net&_nc_cat=104&_nc_ohc=TV0YWPju7wQAX8hwGj_&_nc_tp=18&oh=8cfea1924ebc03c548bea85577d9fd2d&oe=5FB37A5F"
            ]
        },
        {
            "comments_disabled": false,
            "dimensions": {
                "height": 1076,
                "width": 1080
            },
            "display_url": "https://instagram.fabe1-1.fna.fbcdn.net/v/t51.2885-15/e35/s1080x1080/121661676_1560984087407172_395311565573022563_n.jpg?_nc_ht=instagram.fabe1-1.fna.fbcdn.net&_nc_cat=100&_nc_ohc=5N1V1RfyYrwAX98holo&_nc_tp=15&oh=5218a42883fc6853d26b80bd73213516&oe=5FB4AD7F",
            "edge_liked_by": {
                "count": 1
            },
            "edge_media_preview_like": {
                "count": 1
            },
            "edge_media_to_caption": {
                "edges": [
                    {
                        "node": {
                            "text": "#saturdayvibes #miami #miamibeach #party #partymanderrick #viral #hiphop #hiphopmusic #hiphopculture #hiphopdance #music #dancer #oceanview #swaelee #partytime #miamibeachparty #miamibeachparties #partyinmiami #miamiparty #miamipartybus #exclusivemiamilife #saturdaynight #saturdayinmiami"
                        }
                    }
                ]
            },
            "edge_media_to_comment": {
                "count": 0
            },
            "id": "2421529561514653065",
            "is_video": false,
            "owner": {
                "id": "5807207169"
            },
            "shortcode": "CGbAE5vMDWJ",
            "tags": [
                "partyinmiami",
                "swaelee",
                "miamibeachparty",
                "miamibeachparties",
                "hiphopculture",
                "miamibeach",
                "viral",
                "miamipartybus",
                "hiphopmusic",
                "partytime",
                "exclusivemiamilife",
                "miami",
                "partymanderrick",
                "dancer",
                "oceanview",
                "hiphop",
                "party",
                "hiphopdance",
                "miamiparty",
                "saturdayvibes",
                "saturdaynight",
                "saturdayinmiami",
                "music"
            ],
            "taken_at_timestamp": 1602888840,
            "thumbnail_resources": [
                {
                    "config_height": 150,
                    "config_width": 150,
                    "src": "https://instagram.fabe1-1.fna.fbcdn.net/v/t51.2885-15/e35/c2.0.1120.1120a/s150x150/121661676_1560984087407172_395311565573022563_n.jpg?_nc_ht=instagram.fabe1-1.fna.fbcdn.net&_nc_cat=100&_nc_ohc=5N1V1RfyYrwAX98holo&tp=16&oh=8f57be975baa4cddc6b84cf52b2d42ea&oe=5FB2031B"
                },
                {
                    "config_height": 240,
                    "config_width": 240,
                    "src": "https://instagram.fabe1-1.fna.fbcdn.net/v/t51.2885-15/e35/c2.0.1120.1120a/s240x240/121661676_1560984087407172_395311565573022563_n.jpg?_nc_ht=instagram.fabe1-1.fna.fbcdn.net&_nc_cat=100&_nc_ohc=5N1V1RfyYrwAX98holo&tp=16&oh=12e4756a4527efbc3a775e4c19113c3c&oe=5FB5221D"
                },
                {
                    "config_height": 320,
                    "config_width": 320,
                    "src": "https://instagram.fabe1-1.fna.fbcdn.net/v/t51.2885-15/e35/c2.0.1120.1120a/s320x320/121661676_1560984087407172_395311565573022563_n.jpg?_nc_ht=instagram.fabe1-1.fna.fbcdn.net&_nc_cat=100&_nc_ohc=5N1V1RfyYrwAX98holo&tp=16&oh=52794ff4f2f46d251c5ac7b1f29d989a&oe=5FB4D7E3"
                },
                {
                    "config_height": 480,
                    "config_width": 480,
                    "src": "https://instagram.fabe1-1.fna.fbcdn.net/v/t51.2885-15/e35/c2.0.1120.1120a/s480x480/121661676_1560984087407172_395311565573022563_n.jpg?_nc_ht=instagram.fabe1-1.fna.fbcdn.net&_nc_cat=100&_nc_ohc=5N1V1RfyYrwAX98holo&tp=16&oh=36c4cb9ea14f1d18871a056a8ccf1b99&oe=5FB5A3A6"
                },
                {
                    "config_height": 640,
                    "config_width": 640,
                    "src": "https://instagram.fabe1-1.fna.fbcdn.net/v/t51.2885-15/sh0.08/e35/c2.0.1120.1120a/s640x640/121661676_1560984087407172_395311565573022563_n.jpg?_nc_ht=instagram.fabe1-1.fna.fbcdn.net&_nc_cat=100&_nc_ohc=5N1V1RfyYrwAX98holo&oh=5b8c5d3764cc821aac97819d2f99a11c&oe=5FB233DE"
                }
            ],
            "thumbnail_src": "https://instagram.fabe1-1.fna.fbcdn.net/v/t51.2885-15/sh0.08/e35/c2.0.1120.1120a/s640x640/121661676_1560984087407172_395311565573022563_n.jpg?_nc_ht=instagram.fabe1-1.fna.fbcdn.net&_nc_cat=100&_nc_ohc=5N1V1RfyYrwAX98holo&oh=5b8c5d3764cc821aac97819d2f99a11c&oe=5FB233DE",
            "urls": [
                "https://instagram.fabe1-1.fna.fbcdn.net/v/t51.2885-15/e35/s1080x1080/121661676_1560984087407172_395311565573022563_n.jpg?_nc_ht=instagram.fabe1-1.fna.fbcdn.net&_nc_cat=100&_nc_ohc=5N1V1RfyYrwAX98holo&_nc_tp=15&oh=5218a42883fc6853d26b80bd73213516&oe=5FB4AD7F"
            ]
        },
        {
            "comments_disabled": false,
            "dimensions": {
                "height": 1076,
                "width": 1080
            },
            "display_url": "https://instagram.fabe1-1.fna.fbcdn.net/v/t51.2885-15/e35/s1080x1080/121661676_1560984087407172_395311565573022563_n.jpg?_nc_ht=instagram.fabe1-1.fna.fbcdn.net&_nc_cat=100&_nc_ohc=5N1V1RfyYrwAX98holo&_nc_tp=15&oh=5218a42883fc6853d26b80bd73213516&oe=5FB4AD7F",
            "edge_liked_by": {
                "count": 1
            },
            "edge_media_preview_like": {
                "count": 1
            },
            "edge_media_to_caption": {
                "edges": [
                    {
                        "node": {
                            "text": "#saturdayvibes #miami #miamibeach #party #partymanderrick #viral #hiphop #hiphopmusic #hiphopculture #hiphopdance #music #dancer #oceanview #swaelee #partytime #miamibeachparty #miamibeachparties #partyinmiami #miamiparty #miamipartybus #exclusivemiamilife #saturdaynight #saturdayinmiami"
                        }
                    }
                ]
            },
            "edge_media_to_comment": {
                "count": 0
            },
            "id": "2421529529970798540",
            "is_video": false,
            "owner": {
                "id": "3410645755"
            },
            "shortcode": "CGbAEcXBy_M",
            "tags": [
                "partyinmiami",
                "swaelee",
                "miamibeachparty",
                "miamibeachparties",
                "hiphopculture",
                "miamibeach",
                "viral",
                "miamipartybus",
                "hiphopmusic",
                "partytime",
                "exclusivemiamilife",
                "miami",
                "partymanderrick",
                "dancer",
                "oceanview",
                "hiphop",
                "party",
                "hiphopdance",
                "miamiparty",
                "saturdayvibes",
                "saturdaynight",
                "saturdayinmiami",
                "music"
            ],
            "taken_at_timestamp": 1602888836,
            "thumbnail_resources": [
                {
                    "config_height": 150,
                    "config_width": 150,
                    "src": "https://instagram.fabe1-1.fna.fbcdn.net/v/t51.2885-15/e35/c2.0.1120.1120a/s150x150/121661676_1560984087407172_395311565573022563_n.jpg?_nc_ht=instagram.fabe1-1.fna.fbcdn.net&_nc_cat=100&_nc_ohc=5N1V1RfyYrwAX98holo&tp=16&oh=8f57be975baa4cddc6b84cf52b2d42ea&oe=5FB2031B"
                },
                {
                    "config_height": 240,
                    "config_width": 240,
                    "src": "https://instagram.fabe1-1.fna.fbcdn.net/v/t51.2885-15/e35/c2.0.1120.1120a/s240x240/121661676_1560984087407172_395311565573022563_n.jpg?_nc_ht=instagram.fabe1-1.fna.fbcdn.net&_nc_cat=100&_nc_ohc=5N1V1RfyYrwAX98holo&tp=16&oh=12e4756a4527efbc3a775e4c19113c3c&oe=5FB5221D"
                },
                {
                    "config_height": 320,
                    "config_width": 320,
                    "src": "https://instagram.fabe1-1.fna.fbcdn.net/v/t51.2885-15/e35/c2.0.1120.1120a/s320x320/121661676_1560984087407172_395311565573022563_n.jpg?_nc_ht=instagram.fabe1-1.fna.fbcdn.net&_nc_cat=100&_nc_ohc=5N1V1RfyYrwAX98holo&tp=16&oh=52794ff4f2f46d251c5ac7b1f29d989a&oe=5FB4D7E3"
                },
                {
                    "config_height": 480,
                    "config_width": 480,
                    "src": "https://instagram.fabe1-1.fna.fbcdn.net/v/t51.2885-15/e35/c2.0.1120.1120a/s480x480/121661676_1560984087407172_395311565573022563_n.jpg?_nc_ht=instagram.fabe1-1.fna.fbcdn.net&_nc_cat=100&_nc_ohc=5N1V1RfyYrwAX98holo&tp=16&oh=36c4cb9ea14f1d18871a056a8ccf1b99&oe=5FB5A3A6"
                },
                {
                    "config_height": 640,
                    "config_width": 640,
                    "src": "https://instagram.fabe1-1.fna.fbcdn.net/v/t51.2885-15/sh0.08/e35/c2.0.1120.1120a/s640x640/121661676_1560984087407172_395311565573022563_n.jpg?_nc_ht=instagram.fabe1-1.fna.fbcdn.net&_nc_cat=100&_nc_ohc=5N1V1RfyYrwAX98holo&oh=5b8c5d3764cc821aac97819d2f99a11c&oe=5FB233DE"
                }
            ],
            "thumbnail_src": "https://instagram.fabe1-1.fna.fbcdn.net/v/t51.2885-15/sh0.08/e35/c2.0.1120.1120a/s640x640/121661676_1560984087407172_395311565573022563_n.jpg?_nc_ht=instagram.fabe1-1.fna.fbcdn.net&_nc_cat=100&_nc_ohc=5N1V1RfyYrwAX98holo&oh=5b8c5d3764cc821aac97819d2f99a11c&oe=5FB233DE",
            "urls": [
                "https://instagram.fabe1-1.fna.fbcdn.net/v/t51.2885-15/e35/s1080x1080/121661676_1560984087407172_395311565573022563_n.jpg?_nc_ht=instagram.fabe1-1.fna.fbcdn.net&_nc_cat=100&_nc_ohc=5N1V1RfyYrwAX98holo&_nc_tp=15&oh=5218a42883fc6853d26b80bd73213516&oe=5FB4AD7F"
            ]
        },
        {
            "comments_disabled": false,
            "dimensions": {
                "height": 750,
                "width": 750
            },
            "display_url": "https://instagram.fabe1-1.fna.fbcdn.net/v/t51.2885-15/e35/121592215_123452506187838_6313077795358986004_n.jpg?_nc_ht=instagram.fabe1-1.fna.fbcdn.net&_nc_cat=106&_nc_ohc=bavjsbEZunEAX_ZD9xB&_nc_tp=18&oh=93ba4d212475d07f32ccf96e3da339e5&oe=5F8CA586",
            "edge_liked_by": {
                "count": 0
            },
            "edge_media_preview_like": {
                "count": 0
            },
            "edge_media_to_caption": {
                "edges": [
                    {
                        "node": {
                            "text": "“Na de Na” - Villa"
                        }
                    }
                ]
            },
            "edge_media_to_comment": {
                "count": 0
            },
            "id": "2421529235850816868",
            "is_video": true,
            "owner": {
                "id": "7135359586"
            },
            "shortcode": "CGbAAKcHG1k",
            "tags": [],
            "taken_at_timestamp": 1602888801,
            "thumbnail_resources": [
                {
                    "config_height": 150,
                    "config_width": 150,
                    "src": "https://instagram.fabe1-1.fna.fbcdn.net/v/t51.2885-15/e35/s150x150/121592215_123452506187838_6313077795358986004_n.jpg?_nc_ht=instagram.fabe1-1.fna.fbcdn.net&_nc_cat=106&_nc_ohc=bavjsbEZunEAX_ZD9xB&_nc_tp=15&oh=68a710aa740c3a3e1d00bf750d6e8bb5&oe=5F8C7BBB"
                },
                {
                    "config_height": 240,
                    "config_width": 240,
                    "src": "https://instagram.fabe1-1.fna.fbcdn.net/v/t51.2885-15/e35/s240x240/121592215_123452506187838_6313077795358986004_n.jpg?_nc_ht=instagram.fabe1-1.fna.fbcdn.net&_nc_cat=106&_nc_ohc=bavjsbEZunEAX_ZD9xB&_nc_tp=15&oh=9e2d4a8a4e1fa226ab3ed400be51180e&oe=5F8C597D"
                },
                {
                    "config_height": 320,
                    "config_width": 320,
                    "src": "https://instagram.fabe1-1.fna.fbcdn.net/v/t51.2885-15/e35/s320x320/121592215_123452506187838_6313077795358986004_n.jpg?_nc_ht=instagram.fabe1-1.fna.fbcdn.net&_nc_cat=106&_nc_ohc=bavjsbEZunEAX_ZD9xB&_nc_tp=15&oh=caa8765078c7ddd94c02630463bcd21e&oe=5F8C2F83"
                },
                {
                    "config_height": 480,
                    "config_width": 480,
                    "src": "https://instagram.fabe1-1.fna.fbcdn.net/v/t51.2885-15/e35/s480x480/121592215_123452506187838_6313077795358986004_n.jpg?_nc_ht=instagram.fabe1-1.fna.fbcdn.net&_nc_cat=106&_nc_ohc=bavjsbEZunEAX_ZD9xB&_nc_tp=15&oh=208e06c8b734b76a9e84fbf77b139eb4&oe=5F8CA746"
                },
                {
                    "config_height": 640,
                    "config_width": 640,
                    "src": "https://instagram.fabe1-1.fna.fbcdn.net/v/t51.2885-15/sh0.08/e35/s640x640/121592215_123452506187838_6313077795358986004_n.jpg?_nc_ht=instagram.fabe1-1.fna.fbcdn.net&_nc_cat=106&_nc_ohc=bavjsbEZunEAX_ZD9xB&_nc_tp=24&oh=e2cbc4cbe96c5966338e07d60e67cc90&oe=5F8C3840"
                }
            ],
            "thumbnail_src": "https://instagram.fabe1-1.fna.fbcdn.net/v/t51.2885-15/sh0.08/e35/s640x640/121592215_123452506187838_6313077795358986004_n.jpg?_nc_ht=instagram.fabe1-1.fna.fbcdn.net&_nc_cat=106&_nc_ohc=bavjsbEZunEAX_ZD9xB&_nc_tp=24&oh=e2cbc4cbe96c5966338e07d60e67cc90&oe=5F8C3840",
            "urls": [
                "https://instagram.fabe1-1.fna.fbcdn.net/v/t50.2886-16/121634106_2725562501095044_1562437355244383075_n.mp4?_nc_ht=instagram.fabe1-1.fna.fbcdn.net&_nc_cat=100&_nc_ohc=7-YAORzU2HMAX-dLevI&oe=5F8C8795&oh=b5ed207886b28f0ab599904cb0c24cf2"
            ],
            "video_view_count": 1
        }
    ]
}