{
    "GraphImages": [
        {
            "comments_disabled": false,
            "dimensions": {
                "height": 750,
                "width": 750
            },
            "display_url": "https://instagram.fabe1-1.fna.fbcdn.net/v/t51.2885-15/e35/121514139_343986250019690_3515481179126130246_n.jpg?_nc_ht=instagram.fabe1-1.fna.fbcdn.net&_nc_cat=102&_nc_ohc=5o_YlUbX4xAAX-d3mxo&_nc_tp=18&oh=bd2d4d39b440732c2d3461316f58618b&oe=5F8C47A7",
            "edge_liked_by": {
                "count": 0
            },
            "edge_media_preview_like": {
                "count": 0
            },
            "edge_media_to_caption": {
                "edges": [
                    {
                        "node": {
                            "text": "Miami la ciudad del sol"
                        }
                    }
                ]
            },
            "edge_media_to_comment": {
                "count": 0
            },
            "id": "2421389307249734664",
            "is_video": true,
            "owner": {
                "id": "17432228687"
            },
            "shortcode": "CGagL7xjLQI",
            "tags": [],
            "taken_at_timestamp": 1602872132,
            "thumbnail_resources": [
                {
                    "config_height": 150,
                    "config_width": 150,
                    "src": "https://instagram.fabe1-1.fna.fbcdn.net/v/t51.2885-15/e35/s150x150/121514139_343986250019690_3515481179126130246_n.jpg?_nc_ht=instagram.fabe1-1.fna.fbcdn.net&_nc_cat=102&_nc_ohc=5o_YlUbX4xAAX-d3mxo&_nc_tp=15&oh=00938d9d9038c4443c38085942d9c1de&oe=5F8C245A"
                },
                {
                    "config_height": 240,
                    "config_width": 240,
                    "src": "https://instagram.fabe1-1.fna.fbcdn.net/v/t51.2885-15/e35/s240x240/121514139_343986250019690_3515481179126130246_n.jpg?_nc_ht=instagram.fabe1-1.fna.fbcdn.net&_nc_cat=102&_nc_ohc=5o_YlUbX4xAAX-d3mxo&_nc_tp=15&oh=8dfc7ede44778f80c0c05a6d95c971fa&oe=5F8C61A0"
                },
                {
                    "config_height": 320,
                    "config_width": 320,
                    "src": "https://instagram.fabe1-1.fna.fbcdn.net/v/t51.2885-15/e35/s320x320/121514139_343986250019690_3515481179126130246_n.jpg?_nc_ht=instagram.fabe1-1.fna.fbcdn.net&_nc_cat=102&_nc_ohc=5o_YlUbX4xAAX-d3mxo&_nc_tp=15&oh=4ced81f8ffd90fad306ae1e8cf0fa536&oe=5F8C7F22"
                },
                {
                    "config_height": 480,
                    "config_width": 480,
                    "src": "https://instagram.fabe1-1.fna.fbcdn.net/v/t51.2885-15/e35/s480x480/121514139_343986250019690_3515481179126130246_n.jpg?_nc_ht=instagram.fabe1-1.fna.fbcdn.net&_nc_cat=102&_nc_ohc=5o_YlUbX4xAAX-d3mxo&_nc_tp=15&oh=0371d90b9f01235de809dcbda657a1a7&oe=5F8BFEA7"
                },
                {
                    "config_height": 640,
                    "config_width": 640,
                    "src": "https://instagram.fabe1-1.fna.fbcdn.net/v/t51.2885-15/sh0.08/e35/s640x640/121514139_343986250019690_3515481179126130246_n.jpg?_nc_ht=instagram.fabe1-1.fna.fbcdn.net&_nc_cat=102&_nc_ohc=5o_YlUbX4xAAX-d3mxo&_nc_tp=24&oh=b773a1e5cab15b135ee337075f785e51&oe=5F8C861D"
                }
            ],
            "thumbnail_src": "https://instagram.fabe1-1.fna.fbcdn.net/v/t51.2885-15/sh0.08/e35/s640x640/121514139_343986250019690_3515481179126130246_n.jpg?_nc_ht=instagram.fabe1-1.fna.fbcdn.net&_nc_cat=102&_nc_ohc=5o_YlUbX4xAAX-d3mxo&_nc_tp=24&oh=b773a1e5cab15b135ee337075f785e51&oe=5F8C861D",
            "urls": [
                "https://instagram.fabe1-1.fna.fbcdn.net/v/t50.2886-16/121531440_504671453827301_1350508314137881476_n.mp4?_nc_ht=instagram.fabe1-1.fna.fbcdn.net&_nc_cat=105&_nc_ohc=dFPbE5xzOJ4AX_5TkAc&oe=5F8C39B6&oh=38c6b736df16cd91b8cbd52fb4422665"
            ],
            "video_view_count": 0
        },
        {
            "comments_disabled": false,
            "dimensions": {
                "height": 937,
                "width": 750
            },
            "display_url": "https://instagram.fabe1-1.fna.fbcdn.net/v/t51.2885-15/e35/121737810_745638122831194_1711117158785661014_n.jpg?_nc_ht=instagram.fabe1-1.fna.fbcdn.net&_nc_cat=110&_nc_ohc=_xmry5x5dlsAX9Gcc6O&_nc_tp=18&oh=028d5c7b0dda4b56423cfc1e72a37e9a&oe=5F8C7B83",
            "edge_liked_by": {
                "count": 0
            },
            "edge_media_preview_like": {
                "count": 0
            },
            "edge_media_to_caption": {
                "edges": []
            },
            "edge_media_to_comment": {
                "count": 0
            },
            "id": "2421389118706775852",
            "is_video": true,
            "owner": {
                "id": "413352654"
            },
            "shortcode": "CGagJMLg3cs",
            "taken_at_timestamp": 1602872108,
            "thumbnail_resources": [
                {
                    "config_height": 150,
                    "config_width": 150,
                    "src": "https://instagram.fabe1-1.fna.fbcdn.net/v/t51.2885-15/e35/c0.90.720.720a/s150x150/121737810_745638122831194_1711117158785661014_n.jpg?_nc_ht=instagram.fabe1-1.fna.fbcdn.net&_nc_cat=110&_nc_ohc=_xmry5x5dlsAX9Gcc6O&tp=16&oh=9e814f44e1533f73af64c876169fc684&oe=5F8C121C"
                },
                {
                    "config_height": 240,
                    "config_width": 240,
                    "src": "https://instagram.fabe1-1.fna.fbcdn.net/v/t51.2885-15/e35/c0.90.720.720a/s240x240/121737810_745638122831194_1711117158785661014_n.jpg?_nc_ht=instagram.fabe1-1.fna.fbcdn.net&_nc_cat=110&_nc_ohc=_xmry5x5dlsAX9Gcc6O&tp=16&oh=c00d7bd19ae0e9f894432f7bed8f9e25&oe=5F8C301E"
                },
                {
                    "config_height": 320,
                    "config_width": 320,
                    "src": "https://instagram.fabe1-1.fna.fbcdn.net/v/t51.2885-15/e35/c0.90.720.720a/s320x320/121737810_745638122831194_1711117158785661014_n.jpg?_nc_ht=instagram.fabe1-1.fna.fbcdn.net&_nc_cat=110&_nc_ohc=_xmry5x5dlsAX9Gcc6O&tp=16&oh=a21f2f9516a0cebe8659cdc3de093f21&oe=5F8C1924"
                },
                {
                    "config_height": 480,
                    "config_width": 480,
                    "src": "https://instagram.fabe1-1.fna.fbcdn.net/v/t51.2885-15/e35/c0.90.720.720a/s480x480/121737810_745638122831194_1711117158785661014_n.jpg?_nc_ht=instagram.fabe1-1.fna.fbcdn.net&_nc_cat=110&_nc_ohc=_xmry5x5dlsAX9Gcc6O&tp=16&oh=fbf9d27fd23e821b9659a8bee8cb8b62&oe=5F8C2EE5"
                },
                {
                    "config_height": 640,
                    "config_width": 640,
                    "src": "https://instagram.fabe1-1.fna.fbcdn.net/v/t51.2885-15/sh0.08/e35/c0.90.720.720a/s640x640/121737810_745638122831194_1711117158785661014_n.jpg?_nc_ht=instagram.fabe1-1.fna.fbcdn.net&_nc_cat=110&_nc_ohc=_xmry5x5dlsAX9Gcc6O&oh=1376a93a7769c9d2207253981091e27b&oe=5F8C02F0"
                }
            ],
            "thumbnail_src": "https://instagram.fabe1-1.fna.fbcdn.net/v/t51.2885-15/sh0.08/e35/c0.90.720.720a/s640x640/121737810_745638122831194_1711117158785661014_n.jpg?_nc_ht=instagram.fabe1-1.fna.fbcdn.net&_nc_cat=110&_nc_ohc=_xmry5x5dlsAX9Gcc6O&oh=1376a93a7769c9d2207253981091e27b&oe=5F8C02F0",
            "urls": [
                "https://instagram.fabe1-1.fna.fbcdn.net/v/t50.2886-16/121621533_692704514698815_1473276022975031040_n.mp4?_nc_ht=instagram.fabe1-1.fna.fbcdn.net&_nc_cat=103&_nc_ohc=qBmxNEszWXgAX8yfpQ_&oe=5F8BE347&oh=d0febfc8547c92311b9e6bbc49c4520b"
            ],
            "video_view_count": 0
        },
        {
            "comments_disabled": false,
            "dimensions": {
                "height": 750,
                "width": 750
            },
            "display_url": "https://instagram.fabe1-1.fna.fbcdn.net/v/t51.2885-15/e35/121606979_1547362348799562_8511752161913237477_n.jpg?_nc_ht=instagram.fabe1-1.fna.fbcdn.net&_nc_cat=106&_nc_ohc=y3_6F6qd9-8AX_X1Mjg&_nc_tp=18&oh=a6ca1f6484922d1ddcefb4ae5988e240&oe=5F8C5238",
            "edge_liked_by": {
                "count": 0
            },
            "edge_media_preview_like": {
                "count": 0
            },
            "edge_media_to_caption": {
                "edges": []
            },
            "edge_media_to_comment": {
                "count": 0
            },
            "id": "2421388560765940493",
            "is_video": true,
            "owner": {
                "id": "18186984664"
            },
            "shortcode": "CGagBEjpfMN",
            "taken_at_timestamp": 1602872108,
            "thumbnail_resources": [
                {
                    "config_height": 150,
                    "config_width": 150,
                    "src": "https://instagram.fabe1-1.fna.fbcdn.net/v/t51.2885-15/e35/s150x150/121606979_1547362348799562_8511752161913237477_n.jpg?_nc_ht=instagram.fabe1-1.fna.fbcdn.net&_nc_cat=106&_nc_ohc=y3_6F6qd9-8AX_X1Mjg&_nc_tp=15&oh=0edbb41b7b38d94f43fe124af7daafb0&oe=5F8C5C9C"
                },
                {
                    "config_height": 240,
                    "config_width": 240,
                    "src": "https://instagram.fabe1-1.fna.fbcdn.net/v/t51.2885-15/e35/s240x240/121606979_1547362348799562_8511752161913237477_n.jpg?_nc_ht=instagram.fabe1-1.fna.fbcdn.net&_nc_cat=106&_nc_ohc=y3_6F6qd9-8AX_X1Mjg&_nc_tp=15&oh=63a7fb22b7bf2c73606968f09de5de64&oe=5F8BDED4"
                },
                {
                    "config_height": 320,
                    "config_width": 320,
                    "src": "https://instagram.fabe1-1.fna.fbcdn.net/v/t51.2885-15/e35/s320x320/121606979_1547362348799562_8511752161913237477_n.jpg?_nc_ht=instagram.fabe1-1.fna.fbcdn.net&_nc_cat=106&_nc_ohc=y3_6F6qd9-8AX_X1Mjg&_nc_tp=15&oh=2f6687479d11dab07ccbfe77e42f36d4&oe=5F8C610D"
                },
                {
                    "config_height": 480,
                    "config_width": 480,
                    "src": "https://instagram.fabe1-1.fna.fbcdn.net/v/t51.2885-15/e35/s480x480/121606979_1547362348799562_8511752161913237477_n.jpg?_nc_ht=instagram.fabe1-1.fna.fbcdn.net&_nc_cat=106&_nc_ohc=y3_6F6qd9-8AX_X1Mjg&_nc_tp=15&oh=c28bce12c9ccb6cf5370c6d039c4aac0&oe=5F8C52CF"
                },
                {
                    "config_height": 640,
                    "config_width": 640,
                    "src": "https://instagram.fabe1-1.fna.fbcdn.net/v/t51.2885-15/sh0.08/e35/s640x640/121606979_1547362348799562_8511752161913237477_n.jpg?_nc_ht=instagram.fabe1-1.fna.fbcdn.net&_nc_cat=106&_nc_ohc=y3_6F6qd9-8AX_X1Mjg&_nc_tp=24&oh=dd903a2864a20eb5ce61a313093ddbb2&oe=5F8C462F"
                }
            ],
            "thumbnail_src": "https://instagram.fabe1-1.fna.fbcdn.net/v/t51.2885-15/sh0.08/e35/s640x640/121606979_1547362348799562_8511752161913237477_n.jpg?_nc_ht=instagram.fabe1-1.fna.fbcdn.net&_nc_cat=106&_nc_ohc=y3_6F6qd9-8AX_X1Mjg&_nc_tp=24&oh=dd903a2864a20eb5ce61a313093ddbb2&oe=5F8C462F",
            "urls": [
                "https://instagram.fabe1-1.fna.fbcdn.net/v/t50.2886-16/121509545_350329509721025_7567422938282363312_n.mp4?_nc_ht=instagram.fabe1-1.fna.fbcdn.net&_nc_cat=105&_nc_ohc=c0gt8X67OXYAX-90pTK&oe=5F8C477D&oh=302dabfdf45e517cd3442efb327ee559"
            ],
            "video_view_count": 0
        },
        {
            "comments_disabled": false,
            "dimensions": {
                "height": 1080,
                "width": 1080
            },
            "display_url": "https://instagram.fabe1-1.fna.fbcdn.net/v/t51.2885-15/e35/s1080x1080/121668679_122701806268166_6542718307780679244_n.jpg?_nc_ht=instagram.fabe1-1.fna.fbcdn.net&_nc_cat=102&_nc_ohc=md6rG5XoDVAAX-PLmYs&_nc_tp=15&oh=7a30de5469548977bf208d13efd54c51&oe=5FB19CB1",
            "edge_liked_by": {
                "count": 5
            },
            "edge_media_preview_like": {
                "count": 5
            },
            "edge_media_to_caption": {
                "edges": [
                    {
                        "node": {
                            "text": "Fall in love with the hustle ✨"
                        }
                    }
                ]
            },
            "edge_media_to_comment": {
                "count": 0
            },
            "id": "2421389082124158822",
            "is_video": false,
            "owner": {
                "id": "13463268"
            },
            "shortcode": "CGagIqHBQdm",
            "tags": [],
            "taken_at_timestamp": 1602872093,
            "thumbnail_resources": [
                {
                    "config_height": 150,
                    "config_width": 150,
                    "src": "https://instagram.fabe1-1.fna.fbcdn.net/v/t51.2885-15/e35/s150x150/121668679_122701806268166_6542718307780679244_n.jpg?_nc_ht=instagram.fabe1-1.fna.fbcdn.net&_nc_cat=102&_nc_ohc=md6rG5XoDVAAX-PLmYs&_nc_tp=15&oh=025f95b605512b457ab404c8987ea0e0&oe=5FB3D872"
                },
                {
                    "config_height": 240,
                    "config_width": 240,
                    "src": "https://instagram.fabe1-1.fna.fbcdn.net/v/t51.2885-15/e35/s240x240/121668679_122701806268166_6542718307780679244_n.jpg?_nc_ht=instagram.fabe1-1.fna.fbcdn.net&_nc_cat=102&_nc_ohc=md6rG5XoDVAAX-PLmYs&_nc_tp=15&oh=f2c159052f071df32e9d00859d676209&oe=5FB53578"
                },
                {
                    "config_height": 320,
                    "config_width": 320,
                    "src": "https://instagram.fabe1-1.fna.fbcdn.net/v/t51.2885-15/e35/s320x320/121668679_122701806268166_6542718307780679244_n.jpg?_nc_ht=instagram.fabe1-1.fna.fbcdn.net&_nc_cat=102&_nc_ohc=md6rG5XoDVAAX-PLmYs&_nc_tp=15&oh=ca376869250dd4d97e03356730b96ab4&oe=5FB4150A"
                },
                {
                    "config_height": 480,
                    "config_width": 480,
                    "src": "https://instagram.fabe1-1.fna.fbcdn.net/v/t51.2885-15/e35/s480x480/121668679_122701806268166_6542718307780679244_n.jpg?_nc_ht=instagram.fabe1-1.fna.fbcdn.net&_nc_cat=102&_nc_ohc=md6rG5XoDVAAX-PLmYs&_nc_tp=15&oh=e292f6feaf3c78139e75f430cd9fc011&oe=5FB4D8CF"
                },
                {
                    "config_height": 640,
                    "config_width": 640,
                    "src": "https://instagram.fabe1-1.fna.fbcdn.net/v/t51.2885-15/sh0.08/e35/s640x640/121668679_122701806268166_6542718307780679244_n.jpg?_nc_ht=instagram.fabe1-1.fna.fbcdn.net&_nc_cat=102&_nc_ohc=md6rG5XoDVAAX-PLmYs&_nc_tp=24&oh=9c47d400172848eeae62c88af3a54ba0&oe=5FB533F5"
                }
            ],
            "thumbnail_src": "https://instagram.fabe1-1.fna.fbcdn.net/v/t51.2885-15/sh0.08/e35/s640x640/121668679_122701806268166_6542718307780679244_n.jpg?_nc_ht=instagram.fabe1-1.fna.fbcdn.net&_nc_cat=102&_nc_ohc=md6rG5XoDVAAX-PLmYs&_nc_tp=24&oh=9c47d400172848eeae62c88af3a54ba0&oe=5FB533F5",
            "urls": [
                "https://instagram.fabe1-1.fna.fbcdn.net/v/t51.2885-15/e35/s1080x1080/121668679_122701806268166_6542718307780679244_n.jpg?_nc_ht=instagram.fabe1-1.fna.fbcdn.net&_nc_cat=102&_nc_ohc=md6rG5XoDVAAX-PLmYs&_nc_tp=15&oh=7a30de5469548977bf208d13efd54c51&oe=5FB19CB1",
                "https://instagram.fabe1-1.fna.fbcdn.net/v/t51.2885-15/e35/s1080x1080/121696989_381521716361548_5034503050422108210_n.jpg?_nc_ht=instagram.fabe1-1.fna.fbcdn.net&_nc_cat=104&_nc_ohc=wJVcz3PEBc4AX_Prmjk&_nc_tp=15&oh=6c7c9159802eae3eea16d8d4fd799a48&oe=5FB2F136",
                "https://instagram.fabe1-1.fna.fbcdn.net/v/t51.2885-15/e35/s1080x1080/121649731_1293838710961103_8711265595646836960_n.jpg?_nc_ht=instagram.fabe1-1.fna.fbcdn.net&_nc_cat=111&_nc_ohc=v3cBOsYLJnwAX8v5pZ6&_nc_tp=15&oh=01bf99d39f9909ce362f4594acde6693&oe=5FB2405D"
            ]
        },
        {
            "comments_disabled": false,
            "dimensions": {
                "height": 1080,
                "width": 1080
            },
            "display_url": "https://instagram.fabe1-1.fna.fbcdn.net/v/t51.2885-15/e35/s1080x1080/121499313_951576332002179_5997681431441220893_n.jpg?_nc_ht=instagram.fabe1-1.fna.fbcdn.net&_nc_cat=103&_nc_ohc=FmBu6Ioh0ygAX-ltT5z&_nc_tp=15&oh=68f16fc8fbc7c2ba5b8b13c4f6569539&oe=5FB2F079",
            "edge_liked_by": {
                "count": 0
            },
            "edge_media_preview_like": {
                "count": 0
            },
            "edge_media_to_caption": {
                "edges": [
                    {
                        "node": {
                            "text": "Daisy by SWÄN-´YĀ™ is a private restaurant dining service. We bring you a chef, a server, a mixologist, and any other help you may need to your home. We help you craft meals to meet the needs of yourself, but of every guest attending you event. \n\n\"Our Service, Dedication, Innovation, Determination, Ambition, & Experience is what sets us apart.\" \n\nwww.kanseptwerksinc.com \n\nwww.swanya.biz \n\nSWÄN-´YĀ™ is a Foodservice and Hospitality Boutique. We help our clients with crafting, then maintaining, personalized and unparalleled foodservice events within the privacy of the home, or any other setting they may choose.\n\n“Celebrating, connecting, & collaborating. All while enjoying food and beverages that themselves become a part of the conversation.”™\n\nLooking for safe restaurant alternatives? Interested in more elevated standards of service? Ready to entertain responsibly for the holidays and could also utilize some professional help to do so? Then SWÄN-´YĀ could be your solution. Why leave it up to chance, when you can have an event crafted specifically for yourself and those you hold dear. \n\nSWÄN-´YĀ offers Private Restaurant Style Dining within the home. Using C.A.R.E.x3, an elevated standard of Cleanliness and Engagement to ensure events are maintained at the highest standard.\n\nFor more info, visit us at: www.swanya.biz\n\n#concept #werks #openforbusiness #instagood #socal #houston #picoftheday #miami #localchef2yourtable #austin #swanya #norwalk #sd #goals #food #preppstep #hire #stamfordct #life #farmers #darienct #foodie #foodporn #fashion #newyork #dallas #stamford #darien #nyc #eatclean @localchef_2_yourtable @preppstep @kanseptwerks"
                        }
                    }
                ]
            },
            "edge_media_to_comment": {
                "count": 0
            },
            "id": "2421388814662806964",
            "is_video": false,
            "owner": {
                "id": "16909394987"
            },
            "shortcode": "CGagExBFK20",
            "tags": [
                "fashion",
                "houston",
                "food",
                "preppstep",
                "nyc",
                "foodie",
                "swanya",
                "sd",
                "concept",
                "stamfordct",
                "werks",
                "picoftheday",
                "foodporn",
                "norwalk",
                "hire",
                "instagood",
                "farmers",
                "newyork",
                "stamford",
                "darien",
                "austin",
                "life",
                "darienct",
                "eatclean",
                "localchef2yourtable",
                "goals",
                "socal",
                "miami",
                "openforbusiness",
                "dallas"
            ],
            "taken_at_timestamp": 1602872062,
            "thumbnail_resources": [
                {
                    "config_height": 150,
                    "config_width": 150,
                    "src": "https://instagram.fabe1-1.fna.fbcdn.net/v/t51.2885-15/e35/s150x150/121499313_951576332002179_5997681431441220893_n.jpg?_nc_ht=instagram.fabe1-1.fna.fbcdn.net&_nc_cat=103&_nc_ohc=FmBu6Ioh0ygAX-ltT5z&_nc_tp=15&oh=eada8499e11549ade1c919e4168e9b2f&oe=5FB2D93A"
                },
                {
                    "config_height": 240,
                    "config_width": 240,
                    "src": "https://instagram.fabe1-1.fna.fbcdn.net/v/t51.2885-15/e35/s240x240/121499313_951576332002179_5997681431441220893_n.jpg?_nc_ht=instagram.fabe1-1.fna.fbcdn.net&_nc_cat=103&_nc_ohc=FmBu6Ioh0ygAX-ltT5z&_nc_tp=15&oh=d790f9703a5b96e8df9ed872ad930b7b&oe=5FB367C0"
                },
                {
                    "config_height": 320,
                    "config_width": 320,
                    "src": "https://instagram.fabe1-1.fna.fbcdn.net/v/t51.2885-15/e35/s320x320/121499313_951576332002179_5997681431441220893_n.jpg?_nc_ht=instagram.fabe1-1.fna.fbcdn.net&_nc_cat=103&_nc_ohc=FmBu6Ioh0ygAX-ltT5z&_nc_tp=15&oh=cd2135c7dee5c7d523b37f50653269bb&oe=5FB52442"
                },
                {
                    "config_height": 480,
                    "config_width": 480,
                    "src": "https://instagram.fabe1-1.fna.fbcdn.net/v/t51.2885-15/e35/s480x480/121499313_951576332002179_5997681431441220893_n.jpg?_nc_ht=instagram.fabe1-1.fna.fbcdn.net&_nc_cat=103&_nc_ohc=FmBu6Ioh0ygAX-ltT5z&_nc_tp=15&oh=af782a292b280edb2c73b353cbe37a64&oe=5FB3AC87"
                },
                {
                    "config_height": 640,
                    "config_width": 640,
                    "src": "https://instagram.fabe1-1.fna.fbcdn.net/v/t51.2885-15/sh0.08/e35/s640x640/121499313_951576332002179_5997681431441220893_n.jpg?_nc_ht=instagram.fabe1-1.fna.fbcdn.net&_nc_cat=103&_nc_ohc=FmBu6Ioh0ygAX-ltT5z&_nc_tp=24&oh=5ef7ad9898de210039c8448ecf214119&oe=5FB5403D"
                }
            ],
            "thumbnail_src": "https://instagram.fabe1-1.fna.fbcdn.net/v/t51.2885-15/sh0.08/e35/s640x640/121499313_951576332002179_5997681431441220893_n.jpg?_nc_ht=instagram.fabe1-1.fna.fbcdn.net&_nc_cat=103&_nc_ohc=FmBu6Ioh0ygAX-ltT5z&_nc_tp=24&oh=5ef7ad9898de210039c8448ecf214119&oe=5FB5403D",
            "urls": [
                "https://instagram.fabe1-1.fna.fbcdn.net/v/t51.2885-15/e35/s1080x1080/121499313_951576332002179_5997681431441220893_n.jpg?_nc_ht=instagram.fabe1-1.fna.fbcdn.net&_nc_cat=103&_nc_ohc=FmBu6Ioh0ygAX-ltT5z&_nc_tp=15&oh=68f16fc8fbc7c2ba5b8b13c4f6569539&oe=5FB2F079"
            ]
        },
        {
            "comments_disabled": false,
            "dimensions": {
                "height": 1349,
                "width": 1080
            },
            "display_url": "https://instagram.fabe1-1.fna.fbcdn.net/v/t51.2885-15/e35/p1080x1080/121833955_4629707910435898_2473710306238368471_n.jpg?_nc_ht=instagram.fabe1-1.fna.fbcdn.net&_nc_cat=110&_nc_ohc=D4ezNvzY1c0AX8A1zUu&tp=19&oh=6425ebf3b1729eaa167957a5918e2c5c&oe=5FB4B8AC",
            "edge_liked_by": {
                "count": 0
            },
            "edge_media_preview_like": {
                "count": 0
            },
            "edge_media_to_caption": {
                "edges": [
                    {
                        "node": {
                            "text": "“Birds no 4”. The Custodial Series. Ink on paper. 8 1/2 x 11. \n\n.\n.\n.\n#masplata #masplataart #miamiartist #miamiartstrong #modernart #arte #art #artistaplastico #artepanama #curateur #custodians #birds #artoftheday"
                        }
                    }
                ]
            },
            "edge_media_to_comment": {
                "count": 0
            },
            "id": "2421388821624052261",
            "is_video": false,
            "owner": {
                "id": "38803667085"
            },
            "shortcode": "CGagE3gANol",
            "tags": [
                "artistaplastico",
                "masplata",
                "masplataart",
                "arte",
                "artepanama",
                "modernart",
                "art",
                "custodians",
                "birds",
                "artoftheday",
                "curateur",
                "miamiartist",
                "miamiartstrong"
            ],
            "taken_at_timestamp": 1602872062,
            "thumbnail_resources": [
                {
                    "config_height": 150,
                    "config_width": 150,
                    "src": "https://instagram.fabe1-1.fna.fbcdn.net/v/t51.2885-15/e35/c0.156.1255.1255a/s150x150/121833955_4629707910435898_2473710306238368471_n.jpg?_nc_ht=instagram.fabe1-1.fna.fbcdn.net&_nc_cat=110&_nc_ohc=D4ezNvzY1c0AX8A1zUu&tp=16&oh=b8cd46189d1df05936b67bc32fa3685f&oe=5FB2462F"
                },
                {
                    "config_height": 240,
                    "config_width": 240,
                    "src": "https://instagram.fabe1-1.fna.fbcdn.net/v/t51.2885-15/e35/c0.156.1255.1255a/s240x240/121833955_4629707910435898_2473710306238368471_n.jpg?_nc_ht=instagram.fabe1-1.fna.fbcdn.net&_nc_cat=110&_nc_ohc=D4ezNvzY1c0AX8A1zUu&tp=16&oh=ebfd2aee91cb6bc092a0dc867fee260b&oe=5FB19D67"
                },
                {
                    "config_height": 320,
                    "config_width": 320,
                    "src": "https://instagram.fabe1-1.fna.fbcdn.net/v/t51.2885-15/e35/c0.156.1255.1255a/s320x320/121833955_4629707910435898_2473710306238368471_n.jpg?_nc_ht=instagram.fabe1-1.fna.fbcdn.net&_nc_cat=110&_nc_ohc=D4ezNvzY1c0AX8A1zUu&tp=16&oh=7661604add5b04b945f8e1d58bca00fb&oe=5FB385BA"
                },
                {
                    "config_height": 480,
                    "config_width": 480,
                    "src": "https://instagram.fabe1-1.fna.fbcdn.net/v/t51.2885-15/e35/c0.156.1255.1255a/s480x480/121833955_4629707910435898_2473710306238368471_n.jpg?_nc_ht=instagram.fabe1-1.fna.fbcdn.net&_nc_cat=110&_nc_ohc=D4ezNvzY1c0AX8A1zUu&tp=16&oh=07a5b20d239e6591d00d984777c097d4&oe=5FB48C7C"
                },
                {
                    "config_height": 640,
                    "config_width": 640,
                    "src": "https://instagram.fabe1-1.fna.fbcdn.net/v/t51.2885-15/sh0.08/e35/c0.156.1255.1255a/s640x640/121833955_4629707910435898_2473710306238368471_n.jpg?_nc_ht=instagram.fabe1-1.fna.fbcdn.net&_nc_cat=110&_nc_ohc=D4ezNvzY1c0AX8A1zUu&oh=9a1b9e8fde5d4734f0fdf1f7cfff09f2&oe=5FB3C342"
                }
            ],
            "thumbnail_src": "https://instagram.fabe1-1.fna.fbcdn.net/v/t51.2885-15/sh0.08/e35/c0.156.1255.1255a/s640x640/121833955_4629707910435898_2473710306238368471_n.jpg?_nc_ht=instagram.fabe1-1.fna.fbcdn.net&_nc_cat=110&_nc_ohc=D4ezNvzY1c0AX8A1zUu&oh=9a1b9e8fde5d4734f0fdf1f7cfff09f2&oe=5FB3C342",
            "urls": [
                "https://instagram.fabe1-1.fna.fbcdn.net/v/t51.2885-15/e35/p1080x1080/121833955_4629707910435898_2473710306238368471_n.jpg?_nc_ht=instagram.fabe1-1.fna.fbcdn.net&_nc_cat=110&_nc_ohc=D4ezNvzY1c0AX8A1zUu&tp=19&oh=6425ebf3b1729eaa167957a5918e2c5c&oe=5FB4B8AC"
            ]
        }
    ]
}