{
    "GraphImages": [
        {
            "comments_disabled": false,
            "dimensions": {
                "height": 937,
                "width": 750
            },
            "display_url": "https://instagram.fabe1-1.fna.fbcdn.net/v/t51.2885-15/e35/121708682_340634163857144_8649313369724707360_n.jpg?_nc_ht=instagram.fabe1-1.fna.fbcdn.net&_nc_cat=108&_nc_ohc=kgVdahXvkyAAX9JdLol&_nc_tp=18&oh=a3e2855f3ae731b1298dd889d6c1a991&oe=5F8C1C63",
            "edge_liked_by": {
                "count": 0
            },
            "edge_media_preview_like": {
                "count": 0
            },
            "edge_media_to_caption": {
                "edges": [
                    {
                        "node": {
                            "text": "My birthday part 3 grateful for another year living it to it’s fullest 🎉🍾🎂 #boatparty @duvanbuiles @rudy_tabares @jimenat88 @valentinabuiles._ @fl.cunill"
                        }
                    }
                ]
            },
            "edge_media_to_comment": {
                "count": 0
            },
            "id": "2421366955939068354",
            "is_video": true,
            "owner": {
                "id": "363566809"
            },
            "shortcode": "CGabGrfnfnC",
            "tags": [
                "boatparty"
            ],
            "taken_at_timestamp": 1602869710,
            "thumbnail_resources": [
                {
                    "config_height": 150,
                    "config_width": 150,
                    "src": "https://instagram.fabe1-1.fna.fbcdn.net/v/t51.2885-15/e35/c0.90.720.720a/s150x150/121708682_340634163857144_8649313369724707360_n.jpg?_nc_ht=instagram.fabe1-1.fna.fbcdn.net&_nc_cat=108&_nc_ohc=kgVdahXvkyAAX9JdLol&tp=16&oh=623fc0dae61711543a20d195c6c6a545&oe=5F8C1D7C"
                },
                {
                    "config_height": 240,
                    "config_width": 240,
                    "src": "https://instagram.fabe1-1.fna.fbcdn.net/v/t51.2885-15/e35/c0.90.720.720a/s240x240/121708682_340634163857144_8649313369724707360_n.jpg?_nc_ht=instagram.fabe1-1.fna.fbcdn.net&_nc_cat=108&_nc_ohc=kgVdahXvkyAAX9JdLol&tp=16&oh=2d44729c2d372dbd409e82bb0e237ec3&oe=5F8C273E"
                },
                {
                    "config_height": 320,
                    "config_width": 320,
                    "src": "https://instagram.fabe1-1.fna.fbcdn.net/v/t51.2885-15/e35/c0.90.720.720a/s320x320/121708682_340634163857144_8649313369724707360_n.jpg?_nc_ht=instagram.fabe1-1.fna.fbcdn.net&_nc_cat=108&_nc_ohc=kgVdahXvkyAAX9JdLol&tp=16&oh=1cd8547aae7cc827855ae2e806607e9e&oe=5F8BF544"
                },
                {
                    "config_height": 480,
                    "config_width": 480,
                    "src": "https://instagram.fabe1-1.fna.fbcdn.net/v/t51.2885-15/e35/c0.90.720.720a/s480x480/121708682_340634163857144_8649313369724707360_n.jpg?_nc_ht=instagram.fabe1-1.fna.fbcdn.net&_nc_cat=108&_nc_ohc=kgVdahXvkyAAX9JdLol&tp=16&oh=4152785a1a57e4354367affc5f225741&oe=5F8C6CC5"
                },
                {
                    "config_height": 640,
                    "config_width": 640,
                    "src": "https://instagram.fabe1-1.fna.fbcdn.net/v/t51.2885-15/sh0.08/e35/c0.90.720.720a/s640x640/121708682_340634163857144_8649313369724707360_n.jpg?_nc_ht=instagram.fabe1-1.fna.fbcdn.net&_nc_cat=108&_nc_ohc=kgVdahXvkyAAX9JdLol&oh=723f35581a1b622e7438ca801904cc39&oe=5F8BF910"
                }
            ],
            "thumbnail_src": "https://instagram.fabe1-1.fna.fbcdn.net/v/t51.2885-15/sh0.08/e35/c0.90.720.720a/s640x640/121708682_340634163857144_8649313369724707360_n.jpg?_nc_ht=instagram.fabe1-1.fna.fbcdn.net&_nc_cat=108&_nc_ohc=kgVdahXvkyAAX9JdLol&oh=723f35581a1b622e7438ca801904cc39&oe=5F8BF910",
            "urls": [
                "https://instagram.fabe1-1.fna.fbcdn.net/v/t50.2886-16/121619861_149183813563789_7510642695395312613_n.mp4?_nc_ht=instagram.fabe1-1.fna.fbcdn.net&_nc_cat=101&_nc_ohc=FrRPMxLsSD8AX_6qdEB&oe=5F8C7243&oh=cacb85543965c583cc6f8c88be860371"
            ],
            "video_view_count": 0
        },
        {
            "comments_disabled": false,
            "dimensions": {
                "height": 846,
                "width": 1080
            },
            "display_url": "https://instagram.fabe1-1.fna.fbcdn.net/v/t51.2885-15/e35/s1080x1080/121528553_191210642449090_9143092327678059292_n.jpg?_nc_ht=instagram.fabe1-1.fna.fbcdn.net&_nc_cat=110&_nc_ohc=nAQzaZlEs58AX__wXIW&_nc_tp=15&oh=07e9485825b483b7b993dfe531feca24&oe=5FB2C8DE",
            "edge_liked_by": {
                "count": 0
            },
            "edge_media_preview_like": {
                "count": 0
            },
            "edge_media_to_caption": {
                "edges": [
                    {
                        "node": {
                            "text": "iCi c'est Rigol \nAk Diamond Group, Tout saw bezwen yon sèl kote. Pa neglije rele nou oubyen pase wè nou.\n\n2 adrès fizik pou kounya:\n- Delmas 25, rezidans Soley, Pòtoprens\n Tel: 4450-0000\n- Bienac 4, Wout Lidaie, Lokal Flash Hotel, Gonaives\n Tel: 4050-0000\n\nEpi sou net la pou tout lemond: Www.powerkryptonite.com\n\nPandan wap gade nou la , depiw rele nou nqp debake sou ou right now\n  #YonSelRigoloPouToutYonPlanét \n#EpiBawwwwwwwwwwwwwwwwwwwwwww"
                        }
                    }
                ]
            },
            "edge_media_to_comment": {
                "count": 0
            },
            "id": "2421368977962672316",
            "is_video": false,
            "owner": {
                "id": "259450891"
            },
            "shortcode": "CGabkGpnaC8",
            "tags": [
                "EpiBawwwwwwwwwwwwwwwwwwwwwww",
                "YonSelRigoloPouToutYonPlanét"
            ],
            "taken_at_timestamp": 1602869697,
            "thumbnail_resources": [
                {
                    "config_height": 150,
                    "config_width": 150,
                    "src": "https://instagram.fabe1-1.fna.fbcdn.net/v/t51.2885-15/e35/c156.0.1128.1128a/s150x150/121528553_191210642449090_9143092327678059292_n.jpg?_nc_ht=instagram.fabe1-1.fna.fbcdn.net&_nc_cat=110&_nc_ohc=nAQzaZlEs58AX__wXIW&tp=16&oh=73eafd329250b55d38d71e6cc861e879&oe=5FB529D7"
                },
                {
                    "config_height": 240,
                    "config_width": 240,
                    "src": "https://instagram.fabe1-1.fna.fbcdn.net/v/t51.2885-15/e35/c156.0.1128.1128a/s240x240/121528553_191210642449090_9143092327678059292_n.jpg?_nc_ht=instagram.fabe1-1.fna.fbcdn.net&_nc_cat=110&_nc_ohc=nAQzaZlEs58AX__wXIW&tp=16&oh=de7800f270a9c22ad046a7f333d51f7e&oe=5FB281D1"
                },
                {
                    "config_height": 320,
                    "config_width": 320,
                    "src": "https://instagram.fabe1-1.fna.fbcdn.net/v/t51.2885-15/e35/c156.0.1128.1128a/s320x320/121528553_191210642449090_9143092327678059292_n.jpg?_nc_ht=instagram.fabe1-1.fna.fbcdn.net&_nc_cat=110&_nc_ohc=nAQzaZlEs58AX__wXIW&tp=16&oh=ce99add8af21eb7cb38c0bf363cd92c1&oe=5FB17F2F"
                },
                {
                    "config_height": 480,
                    "config_width": 480,
                    "src": "https://instagram.fabe1-1.fna.fbcdn.net/v/t51.2885-15/e35/c156.0.1128.1128a/s480x480/121528553_191210642449090_9143092327678059292_n.jpg?_nc_ht=instagram.fabe1-1.fna.fbcdn.net&_nc_cat=110&_nc_ohc=nAQzaZlEs58AX__wXIW&tp=16&oh=216a5913fdd775a31e01eff17edfbd34&oe=5FB28DEA"
                },
                {
                    "config_height": 640,
                    "config_width": 640,
                    "src": "https://instagram.fabe1-1.fna.fbcdn.net/v/t51.2885-15/sh0.08/e35/c156.0.1128.1128a/s640x640/121528553_191210642449090_9143092327678059292_n.jpg?_nc_ht=instagram.fabe1-1.fna.fbcdn.net&_nc_cat=110&_nc_ohc=nAQzaZlEs58AX__wXIW&oh=3b1f1b31c286e7aef04c2726369c6286&oe=5FB43AE7"
                }
            ],
            "thumbnail_src": "https://instagram.fabe1-1.fna.fbcdn.net/v/t51.2885-15/sh0.08/e35/c156.0.1128.1128a/s640x640/121528553_191210642449090_9143092327678059292_n.jpg?_nc_ht=instagram.fabe1-1.fna.fbcdn.net&_nc_cat=110&_nc_ohc=nAQzaZlEs58AX__wXIW&oh=3b1f1b31c286e7aef04c2726369c6286&oe=5FB43AE7",
            "urls": [
                "https://instagram.fabe1-1.fna.fbcdn.net/v/t51.2885-15/e35/s1080x1080/121528553_191210642449090_9143092327678059292_n.jpg?_nc_ht=instagram.fabe1-1.fna.fbcdn.net&_nc_cat=110&_nc_ohc=nAQzaZlEs58AX__wXIW&_nc_tp=15&oh=07e9485825b483b7b993dfe531feca24&oe=5FB2C8DE"
            ]
        },
        {
            "comments_disabled": false,
            "dimensions": {
                "height": 1260,
                "width": 1080
            },
            "display_url": "https://instagram.fabe1-1.fna.fbcdn.net/v/t51.2885-15/e35/p1080x1080/121589385_443684933276738_4917477636574113650_n.jpg?_nc_ht=instagram.fabe1-1.fna.fbcdn.net&_nc_cat=102&_nc_ohc=3HLEiV0LgNgAX_FkrnO&tp=19&oh=aba1b125572cc27b2c10a0fa463c0158&oe=5FB3FC62",
            "edge_liked_by": {
                "count": 0
            },
            "edge_media_preview_like": {
                "count": 0
            },
            "edge_media_to_caption": {
                "edges": [
                    {
                        "node": {
                            "text": "One The Most Expensive Beds✈️💸 #GoodBedsInMiami #linkinbio"
                        }
                    }
                ]
            },
            "edge_media_to_comment": {
                "count": 0
            },
            "id": "2421368904293406568",
            "is_video": false,
            "owner": {
                "id": "42857906683"
            },
            "shortcode": "CGabjCClddo",
            "tags": [
                "GoodBedsInMiami",
                "linkinbio"
            ],
            "taken_at_timestamp": 1602869688,
            "thumbnail_resources": [
                {
                    "config_height": 150,
                    "config_width": 150,
                    "src": "https://instagram.fabe1-1.fna.fbcdn.net/v/t51.2885-15/e35/c0.120.1440.1440a/s150x150/121589385_443684933276738_4917477636574113650_n.jpg?_nc_ht=instagram.fabe1-1.fna.fbcdn.net&_nc_cat=102&_nc_ohc=3HLEiV0LgNgAX_FkrnO&tp=16&oh=4ef43853e9ffb7f0ee1f0190370b500b&oe=5FB3FD5F"
                },
                {
                    "config_height": 240,
                    "config_width": 240,
                    "src": "https://instagram.fabe1-1.fna.fbcdn.net/v/t51.2885-15/e35/c0.120.1440.1440a/s240x240/121589385_443684933276738_4917477636574113650_n.jpg?_nc_ht=instagram.fabe1-1.fna.fbcdn.net&_nc_cat=102&_nc_ohc=3HLEiV0LgNgAX_FkrnO&tp=16&oh=e6a9aa7d4e2fb396c2f3fdb20ba4c58b&oe=5FB3E2D9"
                },
                {
                    "config_height": 320,
                    "config_width": 320,
                    "src": "https://instagram.fabe1-1.fna.fbcdn.net/v/t51.2885-15/e35/c0.120.1440.1440a/s320x320/121589385_443684933276738_4917477636574113650_n.jpg?_nc_ht=instagram.fabe1-1.fna.fbcdn.net&_nc_cat=102&_nc_ohc=3HLEiV0LgNgAX_FkrnO&tp=16&oh=514998b7cb0f687d71f16e3959c06ce3&oe=5FB30427"
                },
                {
                    "config_height": 480,
                    "config_width": 480,
                    "src": "https://instagram.fabe1-1.fna.fbcdn.net/v/t51.2885-15/e35/c0.120.1440.1440a/s480x480/121589385_443684933276738_4917477636574113650_n.jpg?_nc_ht=instagram.fabe1-1.fna.fbcdn.net&_nc_cat=102&_nc_ohc=3HLEiV0LgNgAX_FkrnO&tp=16&oh=2f7e5b25e7da8b93bc4b8d53cb771df3&oe=5FB3B062"
                },
                {
                    "config_height": 640,
                    "config_width": 640,
                    "src": "https://instagram.fabe1-1.fna.fbcdn.net/v/t51.2885-15/sh0.08/e35/c0.120.1440.1440a/s640x640/121589385_443684933276738_4917477636574113650_n.jpg?_nc_ht=instagram.fabe1-1.fna.fbcdn.net&_nc_cat=102&_nc_ohc=3HLEiV0LgNgAX_FkrnO&oh=43a64eeb1aaef5d5a41688f0b7a67b3c&oe=5FB4A4EF"
                }
            ],
            "thumbnail_src": "https://instagram.fabe1-1.fna.fbcdn.net/v/t51.2885-15/sh0.08/e35/c0.120.1440.1440a/s640x640/121589385_443684933276738_4917477636574113650_n.jpg?_nc_ht=instagram.fabe1-1.fna.fbcdn.net&_nc_cat=102&_nc_ohc=3HLEiV0LgNgAX_FkrnO&oh=43a64eeb1aaef5d5a41688f0b7a67b3c&oe=5FB4A4EF",
            "urls": [
                "https://instagram.fabe1-1.fna.fbcdn.net/v/t51.2885-15/e35/p1080x1080/121589385_443684933276738_4917477636574113650_n.jpg?_nc_ht=instagram.fabe1-1.fna.fbcdn.net&_nc_cat=102&_nc_ohc=3HLEiV0LgNgAX_FkrnO&tp=19&oh=aba1b125572cc27b2c10a0fa463c0158&oe=5FB3FC62",
                "https://instagram.fabe1-1.fna.fbcdn.net/v/t51.2885-15/e35/p1080x1080/121598512_263748224990180_3837924943511943088_n.jpg?_nc_ht=instagram.fabe1-1.fna.fbcdn.net&_nc_cat=108&_nc_ohc=x3U1SxnZkLQAX-049VL&tp=19&oh=748504c4b669f5582af361f8d16769a3&oe=5FB23078"
            ]
        },
        {
            "comments_disabled": false,
            "dimensions": {
                "height": 810,
                "width": 1080
            },
            "display_url": "https://instagram.fabe1-1.fna.fbcdn.net/v/t51.2885-15/e35/s1080x1080/121578562_643670423203627_7977901311941943945_n.jpg?_nc_ht=instagram.fabe1-1.fna.fbcdn.net&_nc_cat=107&_nc_ohc=Mhs7D2G5xYgAX-ETIbN&_nc_tp=15&oh=1f209904d0fb9b4501fc2d23cd1899dd&oe=5FB491F6",
            "edge_liked_by": {
                "count": 7
            },
            "edge_media_preview_like": {
                "count": 7
            },
            "edge_media_to_caption": {
                "edges": []
            },
            "edge_media_to_comment": {
                "count": 0
            },
            "id": "2421368386775496374",
            "is_video": false,
            "owner": {
                "id": "283241379"
            },
            "shortcode": "CGabbgEHTa2",
            "taken_at_timestamp": 1602869626,
            "thumbnail_resources": [
                {
                    "config_height": 150,
                    "config_width": 150,
                    "src": "https://instagram.fabe1-1.fna.fbcdn.net/v/t51.2885-15/e35/c180.0.1080.1080a/s150x150/121578562_643670423203627_7977901311941943945_n.jpg?_nc_ht=instagram.fabe1-1.fna.fbcdn.net&_nc_cat=107&_nc_ohc=Mhs7D2G5xYgAX-ETIbN&tp=16&oh=e669439f3b0aab125d6bd01f27453bba&oe=5FB39EE6"
                },
                {
                    "config_height": 240,
                    "config_width": 240,
                    "src": "https://instagram.fabe1-1.fna.fbcdn.net/v/t51.2885-15/e35/c180.0.1080.1080a/s240x240/121578562_643670423203627_7977901311941943945_n.jpg?_nc_ht=instagram.fabe1-1.fna.fbcdn.net&_nc_cat=107&_nc_ohc=Mhs7D2G5xYgAX-ETIbN&tp=16&oh=71a10b8ecc4ce867edfbe5010f5d158e&oe=5FB4B364"
                },
                {
                    "config_height": 320,
                    "config_width": 320,
                    "src": "https://instagram.fabe1-1.fna.fbcdn.net/v/t51.2885-15/e35/c180.0.1080.1080a/s320x320/121578562_643670423203627_7977901311941943945_n.jpg?_nc_ht=instagram.fabe1-1.fna.fbcdn.net&_nc_cat=107&_nc_ohc=Mhs7D2G5xYgAX-ETIbN&tp=16&oh=2087b4665c728c5fc2b35a89b20af33c&oe=5FB3E61E"
                },
                {
                    "config_height": 480,
                    "config_width": 480,
                    "src": "https://instagram.fabe1-1.fna.fbcdn.net/v/t51.2885-15/e35/c180.0.1080.1080a/s480x480/121578562_643670423203627_7977901311941943945_n.jpg?_nc_ht=instagram.fabe1-1.fna.fbcdn.net&_nc_cat=107&_nc_ohc=Mhs7D2G5xYgAX-ETIbN&tp=16&oh=3ebe3876fdf8dc0a2bf7713874f358bc&oe=5FB1A45B"
                },
                {
                    "config_height": 640,
                    "config_width": 640,
                    "src": "https://instagram.fabe1-1.fna.fbcdn.net/v/t51.2885-15/sh0.08/e35/c180.0.1080.1080a/s640x640/121578562_643670423203627_7977901311941943945_n.jpg?_nc_ht=instagram.fabe1-1.fna.fbcdn.net&_nc_cat=107&_nc_ohc=Mhs7D2G5xYgAX-ETIbN&oh=797907eaca2ecaa8e7a7c3c60ebfcab8&oe=5FB2F756"
                }
            ],
            "thumbnail_src": "https://instagram.fabe1-1.fna.fbcdn.net/v/t51.2885-15/sh0.08/e35/c180.0.1080.1080a/s640x640/121578562_643670423203627_7977901311941943945_n.jpg?_nc_ht=instagram.fabe1-1.fna.fbcdn.net&_nc_cat=107&_nc_ohc=Mhs7D2G5xYgAX-ETIbN&oh=797907eaca2ecaa8e7a7c3c60ebfcab8&oe=5FB2F756",
            "urls": [
                "https://instagram.fabe1-1.fna.fbcdn.net/v/t51.2885-15/e35/s1080x1080/121578562_643670423203627_7977901311941943945_n.jpg?_nc_ht=instagram.fabe1-1.fna.fbcdn.net&_nc_cat=107&_nc_ohc=Mhs7D2G5xYgAX-ETIbN&_nc_tp=15&oh=1f209904d0fb9b4501fc2d23cd1899dd&oe=5FB491F6"
            ]
        }
    ]
}