{
    "GraphImages": [
        {
            "comments_disabled": false,
            "dimensions": {
                "height": 1073,
                "width": 1080
            },
            "display_url": "https://instagram.fabe1-1.fna.fbcdn.net/v/t51.2885-15/e35/s1080x1080/121510488_637861207103439_8267881836644272949_n.jpg?_nc_ht=instagram.fabe1-1.fna.fbcdn.net&_nc_cat=103&_nc_ohc=OlRxzZdubp0AX-5IYui&_nc_tp=15&oh=109a0ee3f454492a7bf8facbd41487a5&oe=5FB17B3F",
            "edge_liked_by": {
                "count": 0
            },
            "edge_media_preview_like": {
                "count": 0
            },
            "edge_media_to_caption": {
                "edges": [
                    {
                        "node": {
                            "text": "can’t be around folks who think my growth is competition. If we can’t be happy for one another, then we have nothing in common...\n📸 @mrcarloscollins \n#smile \n#begreat \n#photography \n#photooftheday \n#photo\n#photographer"
                        }
                    }
                ]
            },
            "edge_media_to_comment": {
                "count": 0
            },
            "id": "2421388633341857746",
            "is_video": false,
            "owner": {
                "id": "43291797247"
            },
            "shortcode": "CGagCIJgo_S",
            "tags": [
                "photooftheday",
                "smile",
                "photographer",
                "begreat",
                "photo",
                "photography"
            ],
            "taken_at_timestamp": 1602872040,
            "thumbnail_resources": [
                {
                    "config_height": 150,
                    "config_width": 150,
                    "src": "https://instagram.fabe1-1.fna.fbcdn.net/v/t51.2885-15/e35/c3.0.1102.1102a/s150x150/121510488_637861207103439_8267881836644272949_n.jpg?_nc_ht=instagram.fabe1-1.fna.fbcdn.net&_nc_cat=103&_nc_ohc=OlRxzZdubp0AX-5IYui&tp=16&oh=cffd22a5253335a83e30b3591f67c4e8&oe=5FB3376A"
                },
                {
                    "config_height": 240,
                    "config_width": 240,
                    "src": "https://instagram.fabe1-1.fna.fbcdn.net/v/t51.2885-15/e35/c3.0.1102.1102a/s240x240/121510488_637861207103439_8267881836644272949_n.jpg?_nc_ht=instagram.fabe1-1.fna.fbcdn.net&_nc_cat=103&_nc_ohc=OlRxzZdubp0AX-5IYui&tp=16&oh=5e1c6a17379c91a2a5b494965ed088a6&oe=5FB31EF0"
                },
                {
                    "config_height": 320,
                    "config_width": 320,
                    "src": "https://instagram.fabe1-1.fna.fbcdn.net/v/t51.2885-15/e35/c3.0.1102.1102a/s320x320/121510488_637861207103439_8267881836644272949_n.jpg?_nc_ht=instagram.fabe1-1.fna.fbcdn.net&_nc_cat=103&_nc_ohc=OlRxzZdubp0AX-5IYui&tp=16&oh=541518c77f2769022b05453cfada4814&oe=5FB4C392"
                },
                {
                    "config_height": 480,
                    "config_width": 480,
                    "src": "https://instagram.fabe1-1.fna.fbcdn.net/v/t51.2885-15/e35/c3.0.1102.1102a/s480x480/121510488_637861207103439_8267881836644272949_n.jpg?_nc_ht=instagram.fabe1-1.fna.fbcdn.net&_nc_cat=103&_nc_ohc=OlRxzZdubp0AX-5IYui&tp=16&oh=08a5a43b4e0ccdd16ab48e00f36cce0d&oe=5FB34AD7"
                },
                {
                    "config_height": 640,
                    "config_width": 640,
                    "src": "https://instagram.fabe1-1.fna.fbcdn.net/v/t51.2885-15/sh0.08/e35/c3.0.1102.1102a/s640x640/121510488_637861207103439_8267881836644272949_n.jpg?_nc_ht=instagram.fabe1-1.fna.fbcdn.net&_nc_cat=103&_nc_ohc=OlRxzZdubp0AX-5IYui&oh=b8a309301d58eb1293adee3f5b0e1304&oe=5FB1EEAF"
                }
            ],
            "thumbnail_src": "https://instagram.fabe1-1.fna.fbcdn.net/v/t51.2885-15/sh0.08/e35/c3.0.1102.1102a/s640x640/121510488_637861207103439_8267881836644272949_n.jpg?_nc_ht=instagram.fabe1-1.fna.fbcdn.net&_nc_cat=103&_nc_ohc=OlRxzZdubp0AX-5IYui&oh=b8a309301d58eb1293adee3f5b0e1304&oe=5FB1EEAF",
            "urls": [
                "https://instagram.fabe1-1.fna.fbcdn.net/v/t51.2885-15/e35/s1080x1080/121510488_637861207103439_8267881836644272949_n.jpg?_nc_ht=instagram.fabe1-1.fna.fbcdn.net&_nc_cat=103&_nc_ohc=OlRxzZdubp0AX-5IYui&_nc_tp=15&oh=109a0ee3f454492a7bf8facbd41487a5&oe=5FB17B3F"
            ]
        },
        {
            "comments_disabled": false,
            "dimensions": {
                "height": 421,
                "width": 750
            },
            "display_url": "https://instagram.fabe1-1.fna.fbcdn.net/v/t51.2885-15/e35/121615614_369205027604668_1000406419500591726_n.jpg?_nc_ht=instagram.fabe1-1.fna.fbcdn.net&_nc_cat=104&_nc_ohc=EV_hw98c9I0AX-rySuN&_nc_tp=18&oh=636207e1faff25f1c4be966826657d5b&oe=5F8BE21D",
            "edge_liked_by": {
                "count": 0
            },
            "edge_media_preview_like": {
                "count": 0
            },
            "edge_media_to_caption": {
                "edges": [
                    {
                        "node": {
                            "text": "Happy Birthday little man 🥳#GYC wishes you all the best! #saltlife @goldenyachtcharters @miamiyachtconnect @events_byou \n\nLink to website in bio\n\n _\n\n#miamiyachtconnect #miamiyachts #miamicharters #yachtlife #fun #foodblogger #ocean #miami #sandbar #goodeats #miamiyachts  #bahamas #foodie #foodblogger #goodeats  #travelblogs #travelblogger #miamibikini #miami #yachtlife #socialdistancing"
                        }
                    }
                ]
            },
            "edge_media_to_comment": {
                "count": 0
            },
            "id": "2421388615474210398",
            "is_video": true,
            "owner": {
                "id": "330261634"
            },
            "shortcode": "CGagB3gg-Ze",
            "tags": [
                "GYC",
                "sandbar",
                "miamiyachtconnect",
                "yachtlife",
                "miamicharters",
                "ocean",
                "travelblogs",
                "travelblogger",
                "socialdistancing",
                "foodblogger",
                "miami",
                "saltlife",
                "fun",
                "bahamas",
                "foodie",
                "goodeats",
                "miamibikini",
                "miamiyachts"
            ],
            "taken_at_timestamp": 1602872038,
            "thumbnail_resources": [
                {
                    "config_height": 150,
                    "config_width": 150,
                    "src": "https://instagram.fabe1-1.fna.fbcdn.net/v/t51.2885-15/e35/c157.0.405.405a/s150x150/121615614_369205027604668_1000406419500591726_n.jpg?_nc_ht=instagram.fabe1-1.fna.fbcdn.net&_nc_cat=104&_nc_ohc=EV_hw98c9I0AX-rySuN&tp=16&oh=db0db41aedfec712a90c0297ff9744b2&oe=5F8C3357"
                },
                {
                    "config_height": 240,
                    "config_width": 240,
                    "src": "https://instagram.fabe1-1.fna.fbcdn.net/v/t51.2885-15/e35/c157.0.405.405a/s240x240/121615614_369205027604668_1000406419500591726_n.jpg?_nc_ht=instagram.fabe1-1.fna.fbcdn.net&_nc_cat=104&_nc_ohc=EV_hw98c9I0AX-rySuN&tp=16&oh=fecb349ff1f9e9af82ae459e77f7d624&oe=5F8C1391"
                },
                {
                    "config_height": 320,
                    "config_width": 320,
                    "src": "https://instagram.fabe1-1.fna.fbcdn.net/v/t51.2885-15/e35/c157.0.405.405a/s320x320/121615614_369205027604668_1000406419500591726_n.jpg?_nc_ht=instagram.fabe1-1.fna.fbcdn.net&_nc_cat=104&_nc_ohc=EV_hw98c9I0AX-rySuN&tp=16&oh=6e851b6a0dfacb4a0511576eba0dbda2&oe=5F8C462F"
                },
                {
                    "config_height": 480,
                    "config_width": 480,
                    "src": "https://instagram.fabe1-1.fna.fbcdn.net/v/t51.2885-15/e35/c157.0.405.405a/121615614_369205027604668_1000406419500591726_n.jpg?_nc_ht=instagram.fabe1-1.fna.fbcdn.net&_nc_cat=104&_nc_ohc=EV_hw98c9I0AX-rySuN&oh=2b85bf1bda773f17feb03ea8bfe0aa0e&oe=5F8C16E8"
                },
                {
                    "config_height": 640,
                    "config_width": 640,
                    "src": "https://instagram.fabe1-1.fna.fbcdn.net/v/t51.2885-15/e35/c157.0.405.405a/121615614_369205027604668_1000406419500591726_n.jpg?_nc_ht=instagram.fabe1-1.fna.fbcdn.net&_nc_cat=104&_nc_ohc=EV_hw98c9I0AX-rySuN&oh=2b85bf1bda773f17feb03ea8bfe0aa0e&oe=5F8C16E8"
                }
            ],
            "thumbnail_src": "https://instagram.fabe1-1.fna.fbcdn.net/v/t51.2885-15/e35/c157.0.405.405a/121615614_369205027604668_1000406419500591726_n.jpg?_nc_ht=instagram.fabe1-1.fna.fbcdn.net&_nc_cat=104&_nc_ohc=EV_hw98c9I0AX-rySuN&oh=2b85bf1bda773f17feb03ea8bfe0aa0e&oe=5F8C16E8",
            "urls": [
                "https://instagram.fabe1-1.fna.fbcdn.net/v/t50.2886-16/121711193_1228938794151073_8250335139672141952_n.mp4?_nc_ht=instagram.fabe1-1.fna.fbcdn.net&_nc_cat=101&_nc_ohc=BV1FzEjSvX0AX_yTGnW&oe=5F8C315B&oh=57e7fe60987628ca05f23d0a9bc00092"
            ],
            "video_view_count": 0
        },
        {
            "comments_disabled": false,
            "dimensions": {
                "height": 421,
                "width": 750
            },
            "display_url": "https://instagram.fabe1-1.fna.fbcdn.net/v/t51.2885-15/e35/121615614_369205027604668_1000406419500591726_n.jpg?_nc_ht=instagram.fabe1-1.fna.fbcdn.net&_nc_cat=104&_nc_ohc=EV_hw98c9I0AX-rySuN&_nc_tp=18&oh=636207e1faff25f1c4be966826657d5b&oe=5F8BE21D",
            "edge_liked_by": {
                "count": 0
            },
            "edge_media_preview_like": {
                "count": 0
            },
            "edge_media_to_caption": {
                "edges": [
                    {
                        "node": {
                            "text": "Happy Birthday little man 🥳#GYC wishes you all the best! #saltlife @goldenyachtcharters @miamiyachtconnect @events_byou \n\nLink to website in bio\n\n _\n\n#miamiyachtconnect #miamiyachts #miamicharters #yachtlife #fun #foodblogger #ocean #miami #sandbar #goodeats #miamiyachts  #bahamas #foodie #foodblogger #goodeats  #travelblogs #travelblogger #miamibikini #miami #yachtlife #socialdistancing"
                        }
                    }
                ]
            },
            "edge_media_to_comment": {
                "count": 0
            },
            "id": "2421387525240304582",
            "is_video": true,
            "owner": {
                "id": "6476595803"
            },
            "shortcode": "CGafyAJgrPG",
            "tags": [
                "GYC",
                "sandbar",
                "miamiyachtconnect",
                "yachtlife",
                "miamicharters",
                "ocean",
                "travelblogs",
                "travelblogger",
                "socialdistancing",
                "foodblogger",
                "miami",
                "saltlife",
                "fun",
                "bahamas",
                "foodie",
                "goodeats",
                "miamibikini",
                "miamiyachts"
            ],
            "taken_at_timestamp": 1602872032,
            "thumbnail_resources": [
                {
                    "config_height": 150,
                    "config_width": 150,
                    "src": "https://instagram.fabe1-1.fna.fbcdn.net/v/t51.2885-15/e35/c157.0.405.405a/s150x150/121615614_369205027604668_1000406419500591726_n.jpg?_nc_ht=instagram.fabe1-1.fna.fbcdn.net&_nc_cat=104&_nc_ohc=EV_hw98c9I0AX-rySuN&tp=16&oh=db0db41aedfec712a90c0297ff9744b2&oe=5F8C3357"
                },
                {
                    "config_height": 240,
                    "config_width": 240,
                    "src": "https://instagram.fabe1-1.fna.fbcdn.net/v/t51.2885-15/e35/c157.0.405.405a/s240x240/121615614_369205027604668_1000406419500591726_n.jpg?_nc_ht=instagram.fabe1-1.fna.fbcdn.net&_nc_cat=104&_nc_ohc=EV_hw98c9I0AX-rySuN&tp=16&oh=fecb349ff1f9e9af82ae459e77f7d624&oe=5F8C1391"
                },
                {
                    "config_height": 320,
                    "config_width": 320,
                    "src": "https://instagram.fabe1-1.fna.fbcdn.net/v/t51.2885-15/e35/c157.0.405.405a/s320x320/121615614_369205027604668_1000406419500591726_n.jpg?_nc_ht=instagram.fabe1-1.fna.fbcdn.net&_nc_cat=104&_nc_ohc=EV_hw98c9I0AX-rySuN&tp=16&oh=6e851b6a0dfacb4a0511576eba0dbda2&oe=5F8C462F"
                },
                {
                    "config_height": 480,
                    "config_width": 480,
                    "src": "https://instagram.fabe1-1.fna.fbcdn.net/v/t51.2885-15/e35/c157.0.405.405a/121615614_369205027604668_1000406419500591726_n.jpg?_nc_ht=instagram.fabe1-1.fna.fbcdn.net&_nc_cat=104&_nc_ohc=EV_hw98c9I0AX-rySuN&oh=2b85bf1bda773f17feb03ea8bfe0aa0e&oe=5F8C16E8"
                },
                {
                    "config_height": 640,
                    "config_width": 640,
                    "src": "https://instagram.fabe1-1.fna.fbcdn.net/v/t51.2885-15/e35/c157.0.405.405a/121615614_369205027604668_1000406419500591726_n.jpg?_nc_ht=instagram.fabe1-1.fna.fbcdn.net&_nc_cat=104&_nc_ohc=EV_hw98c9I0AX-rySuN&oh=2b85bf1bda773f17feb03ea8bfe0aa0e&oe=5F8C16E8"
                }
            ],
            "thumbnail_src": "https://instagram.fabe1-1.fna.fbcdn.net/v/t51.2885-15/e35/c157.0.405.405a/121615614_369205027604668_1000406419500591726_n.jpg?_nc_ht=instagram.fabe1-1.fna.fbcdn.net&_nc_cat=104&_nc_ohc=EV_hw98c9I0AX-rySuN&oh=2b85bf1bda773f17feb03ea8bfe0aa0e&oe=5F8C16E8",
            "urls": [
                "https://instagram.fabe1-1.fna.fbcdn.net/v/t50.2886-16/121711193_1228938794151073_8250335139672141952_n.mp4?_nc_ht=instagram.fabe1-1.fna.fbcdn.net&_nc_cat=101&_nc_ohc=BV1FzEjSvX0AX_yTGnW&oe=5F8C315B&oh=57e7fe60987628ca05f23d0a9bc00092"
            ],
            "video_view_count": 0
        },
        {
            "comments_disabled": false,
            "dimensions": {
                "height": 1070,
                "width": 1080
            },
            "display_url": "https://instagram.fabe1-1.fna.fbcdn.net/v/t51.2885-15/e35/121617341_403657947293753_4192408520285513802_n.jpg?_nc_ht=instagram.fabe1-1.fna.fbcdn.net&_nc_cat=105&_nc_ohc=EU1AMdQan0cAX_TIgql&_nc_tp=18&oh=b3e4760770627798001bb094f506b22b&oe=5FB2FE5A",
            "edge_liked_by": {
                "count": 0
            },
            "edge_media_preview_like": {
                "count": 0
            },
            "edge_media_to_caption": {
                "edges": [
                    {
                        "node": {
                            "text": "Amethyst is a beautiful purple gemstone that is a form of quartz.  This lovely violet stone has been worn a jewelry since ancient times. It used to be quiet. fashion #jewelry #style #bracelet #accessories #handmade #jewellery #necklaces #moda #love #pulseiras #instafashion #rings #armcandy #pulseirismo #gold #silver #modamasculina #colares #bileklik #blogger #mensbracelets #istanbul #acessorios #pulseirasmasculinas #bracelete #turkey #braceletes #menstyle #estilosaludable"
                        }
                    }
                ]
            },
            "edge_media_to_comment": {
                "count": 0
            },
            "id": "2421388548795437979",
            "is_video": false,
            "owner": {
                "id": "36792109352"
            },
            "shortcode": "CGagA5aJpOb",
            "tags": [
                "moda",
                "love",
                "istanbul",
                "braceletes",
                "jewelry",
                "jewellery",
                "modamasculina",
                "accessories",
                "style",
                "handmade",
                "blogger",
                "bracelet",
                "necklaces",
                "gold",
                "acessorios",
                "pulseirasmasculinas",
                "turkey",
                "instafashion",
                "mensbracelets",
                "bracelete",
                "estilosaludable",
                "armcandy",
                "rings",
                "colares",
                "pulseirismo",
                "pulseiras",
                "bileklik",
                "menstyle",
                "silver"
            ],
            "taken_at_timestamp": 1602872030,
            "thumbnail_resources": [
                {
                    "config_height": 150,
                    "config_width": 150,
                    "src": "https://instagram.fabe1-1.fna.fbcdn.net/v/t51.2885-15/e35/c3.0.813.813a/s150x150/121617341_403657947293753_4192408520285513802_n.jpg?_nc_ht=instagram.fabe1-1.fna.fbcdn.net&_nc_cat=105&_nc_ohc=EU1AMdQan0cAX_TIgql&tp=16&oh=261cabe9e62e4caf861797f9c6b92a6b&oe=5FB23268"
                },
                {
                    "config_height": 240,
                    "config_width": 240,
                    "src": "https://instagram.fabe1-1.fna.fbcdn.net/v/t51.2885-15/e35/c3.0.813.813a/s240x240/121617341_403657947293753_4192408520285513802_n.jpg?_nc_ht=instagram.fabe1-1.fna.fbcdn.net&_nc_cat=105&_nc_ohc=EU1AMdQan0cAX_TIgql&tp=16&oh=b9445527670503c5ad02ba628be186b6&oe=5FB278E2"
                },
                {
                    "config_height": 320,
                    "config_width": 320,
                    "src": "https://instagram.fabe1-1.fna.fbcdn.net/v/t51.2885-15/e35/c3.0.813.813a/s320x320/121617341_403657947293753_4192408520285513802_n.jpg?_nc_ht=instagram.fabe1-1.fna.fbcdn.net&_nc_cat=105&_nc_ohc=EU1AMdQan0cAX_TIgql&tp=16&oh=32f42feb3a7fdcc0b1cee319eb5bd7fa&oe=5FB17D20"
                },
                {
                    "config_height": 480,
                    "config_width": 480,
                    "src": "https://instagram.fabe1-1.fna.fbcdn.net/v/t51.2885-15/e35/c3.0.813.813a/s480x480/121617341_403657947293753_4192408520285513802_n.jpg?_nc_ht=instagram.fabe1-1.fna.fbcdn.net&_nc_cat=105&_nc_ohc=EU1AMdQan0cAX_TIgql&tp=16&oh=4da7ab8bb001a9270dbea00f2a46e68b&oe=5FB4C0D9"
                },
                {
                    "config_height": 640,
                    "config_width": 640,
                    "src": "https://instagram.fabe1-1.fna.fbcdn.net/v/t51.2885-15/sh0.08/e35/c3.0.813.813a/s640x640/121617341_403657947293753_4192408520285513802_n.jpg?_nc_ht=instagram.fabe1-1.fna.fbcdn.net&_nc_cat=105&_nc_ohc=EU1AMdQan0cAX_TIgql&oh=6d1db72d54257f6cf400af0a515cae65&oe=5FB504B2"
                }
            ],
            "thumbnail_src": "https://instagram.fabe1-1.fna.fbcdn.net/v/t51.2885-15/sh0.08/e35/c3.0.813.813a/s640x640/121617341_403657947293753_4192408520285513802_n.jpg?_nc_ht=instagram.fabe1-1.fna.fbcdn.net&_nc_cat=105&_nc_ohc=EU1AMdQan0cAX_TIgql&oh=6d1db72d54257f6cf400af0a515cae65&oe=5FB504B2",
            "urls": [
                "https://instagram.fabe1-1.fna.fbcdn.net/v/t51.2885-15/e35/121617341_403657947293753_4192408520285513802_n.jpg?_nc_ht=instagram.fabe1-1.fna.fbcdn.net&_nc_cat=105&_nc_ohc=EU1AMdQan0cAX_TIgql&_nc_tp=18&oh=b3e4760770627798001bb094f506b22b&oe=5FB2FE5A"
            ]
        },
        {
            "comments_disabled": false,
            "dimensions": {
                "height": 1350,
                "width": 1080
            },
            "display_url": "https://instagram.fabe1-1.fna.fbcdn.net/v/t51.2885-15/e35/p1080x1080/121541650_836046970477161_1561019082077074526_n.jpg?_nc_ht=instagram.fabe1-1.fna.fbcdn.net&_nc_cat=109&_nc_ohc=j2F3FFIDUpAAX-WeUjF&tp=19&oh=cedd3a94a2b222d3ae96288b7403e99c&oe=5FB2274F",
            "edge_liked_by": {
                "count": 0
            },
            "edge_media_preview_like": {
                "count": 0
            },
            "edge_media_to_caption": {
                "edges": [
                    {
                        "node": {
                            "text": "Shabbat shalom🤩"
                        }
                    }
                ]
            },
            "edge_media_to_comment": {
                "count": 0
            },
            "id": "2421388353943180288",
            "is_video": false,
            "owner": {
                "id": "26109791"
            },
            "shortcode": "CGaf-D8DRQA",
            "tags": [],
            "taken_at_timestamp": 1602872007,
            "thumbnail_resources": [
                {
                    "config_height": 150,
                    "config_width": 150,
                    "src": "https://instagram.fabe1-1.fna.fbcdn.net/v/t51.2885-15/e35/c0.180.1440.1440a/s150x150/121541650_836046970477161_1561019082077074526_n.jpg?_nc_ht=instagram.fabe1-1.fna.fbcdn.net&_nc_cat=109&_nc_ohc=j2F3FFIDUpAAX-WeUjF&tp=16&oh=16e8d03403afa840cbdfd13edb77c585&oe=5FB2235B"
                },
                {
                    "config_height": 240,
                    "config_width": 240,
                    "src": "https://instagram.fabe1-1.fna.fbcdn.net/v/t51.2885-15/e35/c0.180.1440.1440a/s240x240/121541650_836046970477161_1561019082077074526_n.jpg?_nc_ht=instagram.fabe1-1.fna.fbcdn.net&_nc_cat=109&_nc_ohc=j2F3FFIDUpAAX-WeUjF&tp=16&oh=2f1cbd29bbbe8c75d425f544042cf7f5&oe=5FB3EBDD"
                },
                {
                    "config_height": 320,
                    "config_width": 320,
                    "src": "https://instagram.fabe1-1.fna.fbcdn.net/v/t51.2885-15/e35/c0.180.1440.1440a/s320x320/121541650_836046970477161_1561019082077074526_n.jpg?_nc_ht=instagram.fabe1-1.fna.fbcdn.net&_nc_cat=109&_nc_ohc=j2F3FFIDUpAAX-WeUjF&tp=16&oh=6fe613dff6ada8e6bcbb1de08be68239&oe=5FB408A3"
                },
                {
                    "config_height": 480,
                    "config_width": 480,
                    "src": "https://instagram.fabe1-1.fna.fbcdn.net/v/t51.2885-15/e35/c0.180.1440.1440a/s480x480/121541650_836046970477161_1561019082077074526_n.jpg?_nc_ht=instagram.fabe1-1.fna.fbcdn.net&_nc_cat=109&_nc_ohc=j2F3FFIDUpAAX-WeUjF&tp=16&oh=9b32ad2456de089b7cb35c88ecf089dc&oe=5FB50866"
                },
                {
                    "config_height": 640,
                    "config_width": 640,
                    "src": "https://instagram.fabe1-1.fna.fbcdn.net/v/t51.2885-15/sh0.08/e35/c0.180.1440.1440a/s640x640/121541650_836046970477161_1561019082077074526_n.jpg?_nc_ht=instagram.fabe1-1.fna.fbcdn.net&_nc_cat=109&_nc_ohc=j2F3FFIDUpAAX-WeUjF&oh=09d1a78bafebccbd0b53f31b036b56fe&oe=5FB2CEEB"
                }
            ],
            "thumbnail_src": "https://instagram.fabe1-1.fna.fbcdn.net/v/t51.2885-15/sh0.08/e35/c0.180.1440.1440a/s640x640/121541650_836046970477161_1561019082077074526_n.jpg?_nc_ht=instagram.fabe1-1.fna.fbcdn.net&_nc_cat=109&_nc_ohc=j2F3FFIDUpAAX-WeUjF&oh=09d1a78bafebccbd0b53f31b036b56fe&oe=5FB2CEEB",
            "urls": [
                "https://instagram.fabe1-1.fna.fbcdn.net/v/t51.2885-15/e35/p1080x1080/121541650_836046970477161_1561019082077074526_n.jpg?_nc_ht=instagram.fabe1-1.fna.fbcdn.net&_nc_cat=109&_nc_ohc=j2F3FFIDUpAAX-WeUjF&tp=19&oh=cedd3a94a2b222d3ae96288b7403e99c&oe=5FB2274F"
            ]
        },
        {
            "comments_disabled": false,
            "dimensions": {
                "height": 750,
                "width": 750
            },
            "display_url": "https://instagram.fabe1-1.fna.fbcdn.net/v/t51.2885-15/e35/121650515_378657803173678_6858238682695147385_n.jpg?_nc_ht=instagram.fabe1-1.fna.fbcdn.net&_nc_cat=110&_nc_ohc=lpZMGoWwrlAAX8uE0_0&_nc_tp=18&oh=811c05c9cb68a4612d64ce300d3cc443&oe=5F8C71D2",
            "edge_liked_by": {
                "count": 0
            },
            "edge_media_preview_like": {
                "count": 0
            },
            "edge_media_to_caption": {
                "edges": [
                    {
                        "node": {
                            "text": "Love this way home, never gets old"
                        }
                    }
                ]
            },
            "edge_media_to_comment": {
                "count": 0
            },
            "id": "2421386556551441214",
            "is_video": true,
            "owner": {
                "id": "18186984664"
            },
            "shortcode": "CGafj5_J6s-",
            "tags": [],
            "taken_at_timestamp": 1602871990,
            "thumbnail_resources": [
                {
                    "config_height": 150,
                    "config_width": 150,
                    "src": "https://instagram.fabe1-1.fna.fbcdn.net/v/t51.2885-15/e35/s150x150/121650515_378657803173678_6858238682695147385_n.jpg?_nc_ht=instagram.fabe1-1.fna.fbcdn.net&_nc_cat=110&_nc_ohc=lpZMGoWwrlAAX8uE0_0&_nc_tp=15&oh=1414ff6024a4a9f5e5ff153e7eaf4ae0&oe=5F8C082F"
                },
                {
                    "config_height": 240,
                    "config_width": 240,
                    "src": "https://instagram.fabe1-1.fna.fbcdn.net/v/t51.2885-15/e35/s240x240/121650515_378657803173678_6858238682695147385_n.jpg?_nc_ht=instagram.fabe1-1.fna.fbcdn.net&_nc_cat=110&_nc_ohc=lpZMGoWwrlAAX8uE0_0&_nc_tp=15&oh=53d5c200b1dbb937f43ead4667723263&oe=5F8C08A9"
                },
                {
                    "config_height": 320,
                    "config_width": 320,
                    "src": "https://instagram.fabe1-1.fna.fbcdn.net/v/t51.2885-15/e35/s320x320/121650515_378657803173678_6858238682695147385_n.jpg?_nc_ht=instagram.fabe1-1.fna.fbcdn.net&_nc_cat=110&_nc_ohc=lpZMGoWwrlAAX8uE0_0&_nc_tp=15&oh=9908d33e85b5785150e1df147c21e15a&oe=5F8BFA57"
                },
                {
                    "config_height": 480,
                    "config_width": 480,
                    "src": "https://instagram.fabe1-1.fna.fbcdn.net/v/t51.2885-15/e35/s480x480/121650515_378657803173678_6858238682695147385_n.jpg?_nc_ht=instagram.fabe1-1.fna.fbcdn.net&_nc_cat=110&_nc_ohc=lpZMGoWwrlAAX8uE0_0&_nc_tp=15&oh=475c7572461d9d3e97be7163f3ab5bb3&oe=5F8C8292"
                },
                {
                    "config_height": 640,
                    "config_width": 640,
                    "src": "https://instagram.fabe1-1.fna.fbcdn.net/v/t51.2885-15/sh0.08/e35/s640x640/121650515_378657803173678_6858238682695147385_n.jpg?_nc_ht=instagram.fabe1-1.fna.fbcdn.net&_nc_cat=110&_nc_ohc=lpZMGoWwrlAAX8uE0_0&_nc_tp=24&oh=c0b0ee28bc70098ec06c0164637e6a4a&oe=5F8C832C"
                }
            ],
            "thumbnail_src": "https://instagram.fabe1-1.fna.fbcdn.net/v/t51.2885-15/sh0.08/e35/s640x640/121650515_378657803173678_6858238682695147385_n.jpg?_nc_ht=instagram.fabe1-1.fna.fbcdn.net&_nc_cat=110&_nc_ohc=lpZMGoWwrlAAX8uE0_0&_nc_tp=24&oh=c0b0ee28bc70098ec06c0164637e6a4a&oe=5F8C832C",
            "urls": [
                "https://instagram.fabe1-1.fna.fbcdn.net/v/t50.2886-16/122003158_685393265689550_2831566136793624699_n.mp4?_nc_ht=instagram.fabe1-1.fna.fbcdn.net&_nc_cat=102&_nc_ohc=Idof8dKIe7kAX-gmptm&oe=5F8C6390&oh=2d0856e362d19d0428410308ba3c3bbb"
            ],
            "video_view_count": 0
        },
        {
            "comments_disabled": false,
            "dimensions": {
                "height": 640,
                "width": 640
            },
            "display_url": "https://instagram.fabe1-1.fna.fbcdn.net/v/t51.2885-15/e35/121517104_187398029582881_2579935504303338791_n.jpg?_nc_ht=instagram.fabe1-1.fna.fbcdn.net&_nc_cat=101&_nc_ohc=r8KUpgnhL9wAX8CM6YD&_nc_tp=18&oh=72db52b5833bbade901fbfad3ea2ade7&oe=5FB253C4",
            "edge_liked_by": {
                "count": 4
            },
            "edge_media_preview_like": {
                "count": 4
            },
            "edge_media_to_caption": {
                "edges": [
                    {
                        "node": {
                            "text": "All ok"
                        }
                    }
                ]
            },
            "edge_media_to_comment": {
                "count": 1
            },
            "id": "2421388160528586824",
            "is_video": false,
            "owner": {
                "id": "3018379242"
            },
            "shortcode": "CGaf7PzpJhI",
            "tags": [],
            "taken_at_timestamp": 1602871984,
            "thumbnail_resources": [
                {
                    "config_height": 150,
                    "config_width": 150,
                    "src": "https://instagram.fabe1-1.fna.fbcdn.net/v/t51.2885-15/e35/s150x150/121517104_187398029582881_2579935504303338791_n.jpg?_nc_ht=instagram.fabe1-1.fna.fbcdn.net&_nc_cat=101&_nc_ohc=r8KUpgnhL9wAX8CM6YD&_nc_tp=15&oh=348ba0c5f3c11bcadf2698e20f01653c&oe=5FB37E7D"
                },
                {
                    "config_height": 240,
                    "config_width": 240,
                    "src": "https://instagram.fabe1-1.fna.fbcdn.net/v/t51.2885-15/e35/s240x240/121517104_187398029582881_2579935504303338791_n.jpg?_nc_ht=instagram.fabe1-1.fna.fbcdn.net&_nc_cat=101&_nc_ohc=r8KUpgnhL9wAX8CM6YD&_nc_tp=15&oh=cbe040e194295345a8e52c49fb9168fb&oe=5FB1837B"
                },
                {
                    "config_height": 320,
                    "config_width": 320,
                    "src": "https://instagram.fabe1-1.fna.fbcdn.net/v/t51.2885-15/e35/s320x320/121517104_187398029582881_2579935504303338791_n.jpg?_nc_ht=instagram.fabe1-1.fna.fbcdn.net&_nc_cat=101&_nc_ohc=r8KUpgnhL9wAX8CM6YD&_nc_tp=15&oh=dba94458501d255903e5dd179e28d4bf&oe=5FB4AC85"
                },
                {
                    "config_height": 480,
                    "config_width": 480,
                    "src": "https://instagram.fabe1-1.fna.fbcdn.net/v/t51.2885-15/e35/s480x480/121517104_187398029582881_2579935504303338791_n.jpg?_nc_ht=instagram.fabe1-1.fna.fbcdn.net&_nc_cat=101&_nc_ohc=r8KUpgnhL9wAX8CM6YD&_nc_tp=15&oh=7d4a7e71e562e399ea511f80350d3f92&oe=5FB27144"
                },
                {
                    "config_height": 640,
                    "config_width": 640,
                    "src": "https://instagram.fabe1-1.fna.fbcdn.net/v/t51.2885-15/e35/121517104_187398029582881_2579935504303338791_n.jpg?_nc_ht=instagram.fabe1-1.fna.fbcdn.net&_nc_cat=101&_nc_ohc=r8KUpgnhL9wAX8CM6YD&_nc_tp=18&oh=72db52b5833bbade901fbfad3ea2ade7&oe=5FB253C4"
                }
            ],
            "thumbnail_src": "https://instagram.fabe1-1.fna.fbcdn.net/v/t51.2885-15/e35/121517104_187398029582881_2579935504303338791_n.jpg?_nc_ht=instagram.fabe1-1.fna.fbcdn.net&_nc_cat=101&_nc_ohc=r8KUpgnhL9wAX8CM6YD&_nc_tp=18&oh=72db52b5833bbade901fbfad3ea2ade7&oe=5FB253C4",
            "urls": [
                "https://instagram.fabe1-1.fna.fbcdn.net/v/t51.2885-15/e35/121517104_187398029582881_2579935504303338791_n.jpg?_nc_ht=instagram.fabe1-1.fna.fbcdn.net&_nc_cat=101&_nc_ohc=r8KUpgnhL9wAX8CM6YD&_nc_tp=18&oh=72db52b5833bbade901fbfad3ea2ade7&oe=5FB253C4"
            ]
        }
    ]
}