{
    "GraphImages": [
        {
            "comments_disabled": false,
            "dimensions": {
                "height": 596,
                "width": 1080
            },
            "display_url": "https://instagram.fabe1-1.fna.fbcdn.net/v/t51.2885-15/e35/s1080x1080/121590608_1752722821570545_2610572003338570706_n.jpg?_nc_ht=instagram.fabe1-1.fna.fbcdn.net&_nc_cat=109&_nc_ohc=jc2wK0JZAxkAX8zifel&_nc_tp=15&oh=cb970fa5e123de2382e07bab4aa56e71&oe=5FB2D53B",
            "edge_liked_by": {
                "count": 0
            },
            "edge_media_preview_like": {
                "count": 0
            },
            "edge_media_to_caption": {
                "edges": [
                    {
                        "node": {
                            "text": "Vamos a la playa? ☀️🌊 ¿que esperas para planear tus próximas vacaciones en Miami? Contáctanos y te asesoramos‼️ info@miamidreamsrentals.com"
                        }
                    }
                ]
            },
            "edge_media_to_comment": {
                "count": 0
            },
            "id": "2421507726996827278",
            "is_video": false,
            "owner": {
                "id": "3012710157"
            },
            "shortcode": "CGa7HKwgmyO",
            "tags": [],
            "taken_at_timestamp": 1602886237,
            "thumbnail_resources": [
                {
                    "config_height": 150,
                    "config_width": 150,
                    "src": "https://instagram.fabe1-1.fna.fbcdn.net/v/t51.2885-15/e35/c322.0.795.795a/s150x150/121590608_1752722821570545_2610572003338570706_n.jpg?_nc_ht=instagram.fabe1-1.fna.fbcdn.net&_nc_cat=109&_nc_ohc=jc2wK0JZAxkAX8zifel&tp=16&oh=52b16cba80c3b298914ff8fcec0c0378&oe=5FB225A6"
                },
                {
                    "config_height": 240,
                    "config_width": 240,
                    "src": "https://instagram.fabe1-1.fna.fbcdn.net/v/t51.2885-15/e35/c322.0.795.795a/s240x240/121590608_1752722821570545_2610572003338570706_n.jpg?_nc_ht=instagram.fabe1-1.fna.fbcdn.net&_nc_cat=109&_nc_ohc=jc2wK0JZAxkAX8zifel&tp=16&oh=e4cc3890fff00097fb06423aaebe0aaf&oe=5FB332EE"
                },
                {
                    "config_height": 320,
                    "config_width": 320,
                    "src": "https://instagram.fabe1-1.fna.fbcdn.net/v/t51.2885-15/e35/c322.0.795.795a/s320x320/121590608_1752722821570545_2610572003338570706_n.jpg?_nc_ht=instagram.fabe1-1.fna.fbcdn.net&_nc_cat=109&_nc_ohc=jc2wK0JZAxkAX8zifel&tp=16&oh=64170461e7f9ea3d43859fc145f339de&oe=5FB20EB3"
                },
                {
                    "config_height": 480,
                    "config_width": 480,
                    "src": "https://instagram.fabe1-1.fna.fbcdn.net/v/t51.2885-15/e35/c322.0.795.795a/s480x480/121590608_1752722821570545_2610572003338570706_n.jpg?_nc_ht=instagram.fabe1-1.fna.fbcdn.net&_nc_cat=109&_nc_ohc=jc2wK0JZAxkAX8zifel&tp=16&oh=cf0db4776cd01a0e2aecaedfb3c3ea0f&oe=5FB4AD71"
                },
                {
                    "config_height": 640,
                    "config_width": 640,
                    "src": "https://instagram.fabe1-1.fna.fbcdn.net/v/t51.2885-15/sh0.08/e35/c322.0.795.795a/s640x640/121590608_1752722821570545_2610572003338570706_n.jpg?_nc_ht=instagram.fabe1-1.fna.fbcdn.net&_nc_cat=109&_nc_ohc=jc2wK0JZAxkAX8zifel&oh=3f59e3e472a5b8feabdcd752de092abe&oe=5FB411DC"
                }
            ],
            "thumbnail_src": "https://instagram.fabe1-1.fna.fbcdn.net/v/t51.2885-15/sh0.08/e35/c322.0.795.795a/s640x640/121590608_1752722821570545_2610572003338570706_n.jpg?_nc_ht=instagram.fabe1-1.fna.fbcdn.net&_nc_cat=109&_nc_ohc=jc2wK0JZAxkAX8zifel&oh=3f59e3e472a5b8feabdcd752de092abe&oe=5FB411DC",
            "urls": [
                "https://instagram.fabe1-1.fna.fbcdn.net/v/t51.2885-15/e35/s1080x1080/121590608_1752722821570545_2610572003338570706_n.jpg?_nc_ht=instagram.fabe1-1.fna.fbcdn.net&_nc_cat=109&_nc_ohc=jc2wK0JZAxkAX8zifel&_nc_tp=15&oh=cb970fa5e123de2382e07bab4aa56e71&oe=5FB2D53B"
            ]
        },
        {
            "comments_disabled": false,
            "dimensions": {
                "height": 1080,
                "width": 1080
            },
            "display_url": "https://instagram.fabe1-1.fna.fbcdn.net/v/t51.2885-15/e35/s1080x1080/121559468_121884586141096_126890427715833460_n.jpg?_nc_ht=instagram.fabe1-1.fna.fbcdn.net&_nc_cat=104&_nc_ohc=MnEqcRgvJRoAX913F1R&_nc_tp=15&oh=bbcfa76a89b16793d4c799a09e154f0c&oe=5FB24DE6",
            "edge_liked_by": {
                "count": 2
            },
            "edge_media_preview_like": {
                "count": 2
            },
            "edge_media_to_caption": {
                "edges": [
                    {
                        "node": {
                            "text": "Life is at its best when everything has fallen out of place, and you decide that you're going to fight to get them right, not when everything is going your way and everyone is praising you. 🤞🏼🏝 \n_________________________________\n#trusttheprocess🙏 #miami #beach #palms #paycation #residualincome #travel #smile"
                        }
                    }
                ]
            },
            "edge_media_to_comment": {
                "count": 1
            },
            "id": "2421507557530236176",
            "is_video": false,
            "owner": {
                "id": "228857140"
            },
            "shortcode": "CGa7Es7g3UQ",
            "tags": [
                "trusttheprocess",
                "travel",
                "smile",
                "miami",
                "beach",
                "palms",
                "residualincome",
                "paycation"
            ],
            "taken_at_timestamp": 1602886217,
            "thumbnail_resources": [
                {
                    "config_height": 150,
                    "config_width": 150,
                    "src": "https://instagram.fabe1-1.fna.fbcdn.net/v/t51.2885-15/e35/s150x150/121559468_121884586141096_126890427715833460_n.jpg?_nc_ht=instagram.fabe1-1.fna.fbcdn.net&_nc_cat=104&_nc_ohc=MnEqcRgvJRoAX913F1R&_nc_tp=15&oh=a9e535ec49c52cb3fa877c4ff4bf932b&oe=5FB28CF6"
                },
                {
                    "config_height": 240,
                    "config_width": 240,
                    "src": "https://instagram.fabe1-1.fna.fbcdn.net/v/t51.2885-15/e35/s240x240/121559468_121884586141096_126890427715833460_n.jpg?_nc_ht=instagram.fabe1-1.fna.fbcdn.net&_nc_cat=104&_nc_ohc=MnEqcRgvJRoAX913F1R&_nc_tp=15&oh=54222b0dc5ad178f13763a3fa92afac7&oe=5FB4A1C0"
                },
                {
                    "config_height": 320,
                    "config_width": 320,
                    "src": "https://instagram.fabe1-1.fna.fbcdn.net/v/t51.2885-15/e35/s320x320/121559468_121884586141096_126890427715833460_n.jpg?_nc_ht=instagram.fabe1-1.fna.fbcdn.net&_nc_cat=104&_nc_ohc=MnEqcRgvJRoAX913F1R&_nc_tp=15&oh=661adbd1bf93a03e95bd25876b646175&oe=5FB4C106"
                },
                {
                    "config_height": 480,
                    "config_width": 480,
                    "src": "https://instagram.fabe1-1.fna.fbcdn.net/v/t51.2885-15/e35/s480x480/121559468_121884586141096_126890427715833460_n.jpg?_nc_ht=instagram.fabe1-1.fna.fbcdn.net&_nc_cat=104&_nc_ohc=MnEqcRgvJRoAX913F1R&_nc_tp=15&oh=daa17f38597e8412fff8b8d31b34f79f&oe=5FB39060"
                },
                {
                    "config_height": 640,
                    "config_width": 640,
                    "src": "https://instagram.fabe1-1.fna.fbcdn.net/v/t51.2885-15/sh0.08/e35/s640x640/121559468_121884586141096_126890427715833460_n.jpg?_nc_ht=instagram.fabe1-1.fna.fbcdn.net&_nc_cat=104&_nc_ohc=MnEqcRgvJRoAX913F1R&_nc_tp=24&oh=74a2d6664efbf888ee73a7b2dae7dccd&oe=5FB1CC53"
                }
            ],
            "thumbnail_src": "https://instagram.fabe1-1.fna.fbcdn.net/v/t51.2885-15/sh0.08/e35/s640x640/121559468_121884586141096_126890427715833460_n.jpg?_nc_ht=instagram.fabe1-1.fna.fbcdn.net&_nc_cat=104&_nc_ohc=MnEqcRgvJRoAX913F1R&_nc_tp=24&oh=74a2d6664efbf888ee73a7b2dae7dccd&oe=5FB1CC53",
            "urls": [
                "https://instagram.fabe1-1.fna.fbcdn.net/v/t51.2885-15/e35/s1080x1080/121559468_121884586141096_126890427715833460_n.jpg?_nc_ht=instagram.fabe1-1.fna.fbcdn.net&_nc_cat=104&_nc_ohc=MnEqcRgvJRoAX913F1R&_nc_tp=15&oh=bbcfa76a89b16793d4c799a09e154f0c&oe=5FB24DE6"
            ]
        },
        {
            "comments_disabled": false,
            "dimensions": {
                "height": 1080,
                "width": 1080
            },
            "display_url": "https://instagram.fabe1-1.fna.fbcdn.net/v/t51.2885-15/e35/s1080x1080/121578241_792598251580243_1940509993384158619_n.jpg?_nc_ht=instagram.fabe1-1.fna.fbcdn.net&_nc_cat=107&_nc_ohc=ektEd9LgdfkAX_Zgq1F&_nc_tp=15&oh=f8954236a322db1baf3039a2a14d94ec&oe=5FB4554C",
            "edge_liked_by": {
                "count": 68
            },
            "edge_media_preview_like": {
                "count": 68
            },
            "edge_media_to_caption": {
                "edges": [
                    {
                        "node": {
                            "text": "Free..🤍"
                        }
                    }
                ]
            },
            "edge_media_to_comment": {
                "count": 0
            },
            "id": "2421507367924680926",
            "is_video": false,
            "owner": {
                "id": "306915525"
            },
            "shortcode": "CGa7B8WJEje",
            "tags": [],
            "taken_at_timestamp": 1602886194,
            "thumbnail_resources": [
                {
                    "config_height": 150,
                    "config_width": 150,
                    "src": "https://instagram.fabe1-1.fna.fbcdn.net/v/t51.2885-15/e35/s150x150/121578241_792598251580243_1940509993384158619_n.jpg?_nc_ht=instagram.fabe1-1.fna.fbcdn.net&_nc_cat=107&_nc_ohc=ektEd9LgdfkAX_Zgq1F&_nc_tp=15&oh=07ccce33f82cf3c6a0729c426de8e24f&oe=5FB1EE8B"
                },
                {
                    "config_height": 240,
                    "config_width": 240,
                    "src": "https://instagram.fabe1-1.fna.fbcdn.net/v/t51.2885-15/e35/s240x240/121578241_792598251580243_1940509993384158619_n.jpg?_nc_ht=instagram.fabe1-1.fna.fbcdn.net&_nc_cat=107&_nc_ohc=ektEd9LgdfkAX_Zgq1F&_nc_tp=15&oh=ac87507011cbfbf648297b9c61d75416&oe=5FB55D0D"
                },
                {
                    "config_height": 320,
                    "config_width": 320,
                    "src": "https://instagram.fabe1-1.fna.fbcdn.net/v/t51.2885-15/e35/s320x320/121578241_792598251580243_1940509993384158619_n.jpg?_nc_ht=instagram.fabe1-1.fna.fbcdn.net&_nc_cat=107&_nc_ohc=ektEd9LgdfkAX_Zgq1F&_nc_tp=15&oh=537d5699eb8124bfd4f80c1260e25822&oe=5FB4D573"
                },
                {
                    "config_height": 480,
                    "config_width": 480,
                    "src": "https://instagram.fabe1-1.fna.fbcdn.net/v/t51.2885-15/e35/s480x480/121578241_792598251580243_1940509993384158619_n.jpg?_nc_ht=instagram.fabe1-1.fna.fbcdn.net&_nc_cat=107&_nc_ohc=ektEd9LgdfkAX_Zgq1F&_nc_tp=15&oh=9c70abc8a61279dc0a27eb2fb244672e&oe=5FB428B6"
                },
                {
                    "config_height": 640,
                    "config_width": 640,
                    "src": "https://instagram.fabe1-1.fna.fbcdn.net/v/t51.2885-15/sh0.08/e35/s640x640/121578241_792598251580243_1940509993384158619_n.jpg?_nc_ht=instagram.fabe1-1.fna.fbcdn.net&_nc_cat=107&_nc_ohc=ektEd9LgdfkAX_Zgq1F&_nc_tp=24&oh=b2924e0924e998483042b33b4c27098e&oe=5FB50B90"
                }
            ],
            "thumbnail_src": "https://instagram.fabe1-1.fna.fbcdn.net/v/t51.2885-15/sh0.08/e35/s640x640/121578241_792598251580243_1940509993384158619_n.jpg?_nc_ht=instagram.fabe1-1.fna.fbcdn.net&_nc_cat=107&_nc_ohc=ektEd9LgdfkAX_Zgq1F&_nc_tp=24&oh=b2924e0924e998483042b33b4c27098e&oe=5FB50B90",
            "urls": [
                "https://instagram.fabe1-1.fna.fbcdn.net/v/t51.2885-15/e35/s1080x1080/121578241_792598251580243_1940509993384158619_n.jpg?_nc_ht=instagram.fabe1-1.fna.fbcdn.net&_nc_cat=107&_nc_ohc=ektEd9LgdfkAX_Zgq1F&_nc_tp=15&oh=f8954236a322db1baf3039a2a14d94ec&oe=5FB4554C"
            ]
        }
    ]
}