{
    "GraphImages": [
        {
            "comments_disabled": false,
            "dimensions": {
                "height": 1350,
                "width": 1080
            },
            "display_url": "https://instagram.fabe1-1.fna.fbcdn.net/v/t51.2885-15/e35/p1080x1080/121647650_117592586621591_8752153528734475348_n.jpg?_nc_ht=instagram.fabe1-1.fna.fbcdn.net&_nc_cat=111&_nc_ohc=fQx0mFlS9FcAX_cw2ZK&tp=19&oh=131e2964d02a4c1271a9ed4db6096617&oe=5FB2793B",
            "edge_liked_by": {
                "count": 0
            },
            "edge_media_preview_like": {
                "count": 0
            },
            "edge_media_to_caption": {
                "edges": [
                    {
                        "node": {
                            "text": "It is what it should be✨"
                        }
                    }
                ]
            },
            "edge_media_to_comment": {
                "count": 0
            },
            "id": "2421627754681319982",
            "is_video": false,
            "owner": {
                "id": "1698821939"
            },
            "shortcode": "CGbWZzQAcIu",
            "tags": [],
            "taken_at_timestamp": 1602900545,
            "thumbnail_resources": [
                {
                    "config_height": 150,
                    "config_width": 150,
                    "src": "https://instagram.fabe1-1.fna.fbcdn.net/v/t51.2885-15/e35/c0.180.1440.1440a/s150x150/121647650_117592586621591_8752153528734475348_n.jpg?_nc_ht=instagram.fabe1-1.fna.fbcdn.net&_nc_cat=111&_nc_ohc=fQx0mFlS9FcAX_cw2ZK&tp=16&oh=b40a3257e764791d0f056df5732f6397&oe=5FB43CAF"
                },
                {
                    "config_height": 240,
                    "config_width": 240,
                    "src": "https://instagram.fabe1-1.fna.fbcdn.net/v/t51.2885-15/e35/c0.180.1440.1440a/s240x240/121647650_117592586621591_8752153528734475348_n.jpg?_nc_ht=instagram.fabe1-1.fna.fbcdn.net&_nc_cat=111&_nc_ohc=fQx0mFlS9FcAX_cw2ZK&tp=16&oh=f21b9ae4aec12ef4fe599fd3785a7ccf&oe=5FB458A9"
                },
                {
                    "config_height": 320,
                    "config_width": 320,
                    "src": "https://instagram.fabe1-1.fna.fbcdn.net/v/t51.2885-15/e35/c0.180.1440.1440a/s320x320/121647650_117592586621591_8752153528734475348_n.jpg?_nc_ht=instagram.fabe1-1.fna.fbcdn.net&_nc_cat=111&_nc_ohc=fQx0mFlS9FcAX_cw2ZK&tp=16&oh=c7e86e48765928b239ec6774fb9ffe56&oe=5FB31B57"
                },
                {
                    "config_height": 480,
                    "config_width": 480,
                    "src": "https://instagram.fabe1-1.fna.fbcdn.net/v/t51.2885-15/e35/c0.180.1440.1440a/s480x480/121647650_117592586621591_8752153528734475348_n.jpg?_nc_ht=instagram.fabe1-1.fna.fbcdn.net&_nc_cat=111&_nc_ohc=fQx0mFlS9FcAX_cw2ZK&tp=16&oh=72212559d0980c0977fdbca149671efa&oe=5FB26712"
                },
                {
                    "config_height": 640,
                    "config_width": 640,
                    "src": "https://instagram.fabe1-1.fna.fbcdn.net/v/t51.2885-15/sh0.08/e35/c0.180.1440.1440a/s640x640/121647650_117592586621591_8752153528734475348_n.jpg?_nc_ht=instagram.fabe1-1.fna.fbcdn.net&_nc_cat=111&_nc_ohc=fQx0mFlS9FcAX_cw2ZK&oh=3471d59d13b3219373900575bb3d22ba&oe=5FB32F1F"
                }
            ],
            "thumbnail_src": "https://instagram.fabe1-1.fna.fbcdn.net/v/t51.2885-15/sh0.08/e35/c0.180.1440.1440a/s640x640/121647650_117592586621591_8752153528734475348_n.jpg?_nc_ht=instagram.fabe1-1.fna.fbcdn.net&_nc_cat=111&_nc_ohc=fQx0mFlS9FcAX_cw2ZK&oh=3471d59d13b3219373900575bb3d22ba&oe=5FB32F1F",
            "urls": [
                "https://instagram.fabe1-1.fna.fbcdn.net/v/t51.2885-15/e35/p1080x1080/121647650_117592586621591_8752153528734475348_n.jpg?_nc_ht=instagram.fabe1-1.fna.fbcdn.net&_nc_cat=111&_nc_ohc=fQx0mFlS9FcAX_cw2ZK&tp=19&oh=131e2964d02a4c1271a9ed4db6096617&oe=5FB2793B"
            ]
        },
        {
            "comments_disabled": false,
            "dimensions": {
                "height": 1077,
                "width": 1080
            },
            "display_url": "https://instagram.fabe1-1.fna.fbcdn.net/v/t51.2885-15/e35/s1080x1080/121641451_1018294888582499_625413187339532162_n.jpg?_nc_ht=instagram.fabe1-1.fna.fbcdn.net&_nc_cat=111&_nc_ohc=83JAhNU9TrIAX9ZkOKG&_nc_tp=15&oh=29395a6e3159f487119d22bb180bf56c&oe=5FB4F5FA",
            "edge_liked_by": {
                "count": 1
            },
            "edge_media_preview_like": {
                "count": 1
            },
            "edge_media_to_caption": {
                "edges": [
                    {
                        "node": {
                            "text": "Excellent townhall by President @realdonaldtrump last night!\n\n🇺🇸Pushed back strongly & respectfully to a frequently biased moderator\n\n🇺🇸Provided a powerful contrast with Biden & the radical left\n\n🇺🇸Outlined a clear vision for a 2nd term\n\n🇺🇸Keeping this up will have a positive impact in the race!\n\nTogether we will KEEP AMERICA GREAT &\nMAKE AMERICA GREAT AGAIN! \n\nTRUMP 2020 🇺🇸🦅🌠\n#trump2020 #maga #keepamericagreat🇺🇸 #florida #trump #trumppence2020"
                        }
                    }
                ]
            },
            "edge_media_to_comment": {
                "count": 0
            },
            "id": "2421627715515022273",
            "is_video": false,
            "owner": {
                "id": "1194120769"
            },
            "shortcode": "CGbWZOxg3vB",
            "tags": [
                "trump",
                "trumppence2020",
                "maga",
                "keepamericagreat",
                "trump2020",
                "florida"
            ],
            "taken_at_timestamp": 1602900541,
            "thumbnail_resources": [
                {
                    "config_height": 150,
                    "config_width": 150,
                    "src": "https://instagram.fabe1-1.fna.fbcdn.net/v/t51.2885-15/e35/c2.0.1436.1436a/s150x150/121641451_1018294888582499_625413187339532162_n.jpg?_nc_ht=instagram.fabe1-1.fna.fbcdn.net&_nc_cat=111&_nc_ohc=83JAhNU9TrIAX9ZkOKG&tp=16&oh=4a0774fe7278febad14ce99dde82f017&oe=5FB2B0CC"
                },
                {
                    "config_height": 240,
                    "config_width": 240,
                    "src": "https://instagram.fabe1-1.fna.fbcdn.net/v/t51.2885-15/e35/c2.0.1436.1436a/s240x240/121641451_1018294888582499_625413187339532162_n.jpg?_nc_ht=instagram.fabe1-1.fna.fbcdn.net&_nc_cat=111&_nc_ohc=83JAhNU9TrIAX9ZkOKG&tp=16&oh=a84457b9cbb961e3368ad4b22d1bc448&oe=5FB27B4E"
                },
                {
                    "config_height": 320,
                    "config_width": 320,
                    "src": "https://instagram.fabe1-1.fna.fbcdn.net/v/t51.2885-15/e35/c2.0.1436.1436a/s320x320/121641451_1018294888582499_625413187339532162_n.jpg?_nc_ht=instagram.fabe1-1.fna.fbcdn.net&_nc_cat=111&_nc_ohc=83JAhNU9TrIAX9ZkOKG&tp=16&oh=96416055cad6d6d27a3b596081f78b3c&oe=5FB47FB4"
                },
                {
                    "config_height": 480,
                    "config_width": 480,
                    "src": "https://instagram.fabe1-1.fna.fbcdn.net/v/t51.2885-15/e35/c2.0.1436.1436a/s480x480/121641451_1018294888582499_625413187339532162_n.jpg?_nc_ht=instagram.fabe1-1.fna.fbcdn.net&_nc_cat=111&_nc_ohc=83JAhNU9TrIAX9ZkOKG&tp=16&oh=c337af41ed46b14f7215c095cf49e21e&oe=5FB4AE75"
                },
                {
                    "config_height": 640,
                    "config_width": 640,
                    "src": "https://instagram.fabe1-1.fna.fbcdn.net/v/t51.2885-15/sh0.08/e35/c2.0.1436.1436a/s640x640/121641451_1018294888582499_625413187339532162_n.jpg?_nc_ht=instagram.fabe1-1.fna.fbcdn.net&_nc_cat=111&_nc_ohc=83JAhNU9TrIAX9ZkOKG&oh=27f116294743816253352d30aa446026&oe=5FB2D68D"
                }
            ],
            "thumbnail_src": "https://instagram.fabe1-1.fna.fbcdn.net/v/t51.2885-15/sh0.08/e35/c2.0.1436.1436a/s640x640/121641451_1018294888582499_625413187339532162_n.jpg?_nc_ht=instagram.fabe1-1.fna.fbcdn.net&_nc_cat=111&_nc_ohc=83JAhNU9TrIAX9ZkOKG&oh=27f116294743816253352d30aa446026&oe=5FB2D68D",
            "urls": [
                "https://instagram.fabe1-1.fna.fbcdn.net/v/t51.2885-15/e35/s1080x1080/121641451_1018294888582499_625413187339532162_n.jpg?_nc_ht=instagram.fabe1-1.fna.fbcdn.net&_nc_cat=111&_nc_ohc=83JAhNU9TrIAX9ZkOKG&_nc_tp=15&oh=29395a6e3159f487119d22bb180bf56c&oe=5FB4F5FA"
            ]
        },
        {
            "comments_disabled": false,
            "dimensions": {
                "height": 1080,
                "width": 1080
            },
            "display_url": "https://instagram.fabe1-1.fna.fbcdn.net/v/t51.2885-15/e35/s1080x1080/121714650_344246670231711_7595948224289123193_n.jpg?_nc_ht=instagram.fabe1-1.fna.fbcdn.net&_nc_cat=103&_nc_ohc=ik7BcSicdRQAX9eU2mF&_nc_tp=15&oh=83e3d9e020a0c561ad1b155954c11989&oe=5FB4C45A",
            "edge_liked_by": {
                "count": 2
            },
            "edge_media_preview_like": {
                "count": 2
            },
            "edge_media_to_caption": {
                "edges": [
                    {
                        "node": {
                            "text": "You make it to see 25 , you a OG ♎️🤪"
                        }
                    }
                ]
            },
            "edge_media_to_comment": {
                "count": 1
            },
            "id": "2421627194657985724",
            "is_video": false,
            "owner": {
                "id": "39515631"
            },
            "shortcode": "CGbWRpsA9S8",
            "tags": [],
            "taken_at_timestamp": 1602900479,
            "thumbnail_resources": [
                {
                    "config_height": 150,
                    "config_width": 150,
                    "src": "https://instagram.fabe1-1.fna.fbcdn.net/v/t51.2885-15/e35/s150x150/121714650_344246670231711_7595948224289123193_n.jpg?_nc_ht=instagram.fabe1-1.fna.fbcdn.net&_nc_cat=103&_nc_ohc=ik7BcSicdRQAX9eU2mF&_nc_tp=15&oh=7aea4169844245f4bc2c24788fbd1b32&oe=5FB4F199"
                },
                {
                    "config_height": 240,
                    "config_width": 240,
                    "src": "https://instagram.fabe1-1.fna.fbcdn.net/v/t51.2885-15/e35/s240x240/121714650_344246670231711_7595948224289123193_n.jpg?_nc_ht=instagram.fabe1-1.fna.fbcdn.net&_nc_cat=103&_nc_ohc=ik7BcSicdRQAX9eU2mF&_nc_tp=15&oh=7fc3fe1cfee7e9b8042f56b2140d1a94&oe=5FB3AA9F"
                },
                {
                    "config_height": 320,
                    "config_width": 320,
                    "src": "https://instagram.fabe1-1.fna.fbcdn.net/v/t51.2885-15/e35/s320x320/121714650_344246670231711_7595948224289123193_n.jpg?_nc_ht=instagram.fabe1-1.fna.fbcdn.net&_nc_cat=103&_nc_ohc=ik7BcSicdRQAX9eU2mF&_nc_tp=15&oh=7e5f9e9ebc64f7048dc0f4e21fd7bce6&oe=5FB28C61"
                },
                {
                    "config_height": 480,
                    "config_width": 480,
                    "src": "https://instagram.fabe1-1.fna.fbcdn.net/v/t51.2885-15/e35/s480x480/121714650_344246670231711_7595948224289123193_n.jpg?_nc_ht=instagram.fabe1-1.fna.fbcdn.net&_nc_cat=103&_nc_ohc=ik7BcSicdRQAX9eU2mF&_nc_tp=15&oh=f6b8ebe7a65864e8b14a0c1aedab57da&oe=5FB3BBA8"
                },
                {
                    "config_height": 640,
                    "config_width": 640,
                    "src": "https://instagram.fabe1-1.fna.fbcdn.net/v/t51.2885-15/sh0.08/e35/s640x640/121714650_344246670231711_7595948224289123193_n.jpg?_nc_ht=instagram.fabe1-1.fna.fbcdn.net&_nc_cat=103&_nc_ohc=ik7BcSicdRQAX9eU2mF&_nc_tp=24&oh=1f7cc5c99278bb26e6ed011a016d2c7a&oe=5FB58A9E"
                }
            ],
            "thumbnail_src": "https://instagram.fabe1-1.fna.fbcdn.net/v/t51.2885-15/sh0.08/e35/s640x640/121714650_344246670231711_7595948224289123193_n.jpg?_nc_ht=instagram.fabe1-1.fna.fbcdn.net&_nc_cat=103&_nc_ohc=ik7BcSicdRQAX9eU2mF&_nc_tp=24&oh=1f7cc5c99278bb26e6ed011a016d2c7a&oe=5FB58A9E",
            "urls": [
                "https://instagram.fabe1-1.fna.fbcdn.net/v/t51.2885-15/e35/s1080x1080/121714650_344246670231711_7595948224289123193_n.jpg?_nc_ht=instagram.fabe1-1.fna.fbcdn.net&_nc_cat=103&_nc_ohc=ik7BcSicdRQAX9eU2mF&_nc_tp=15&oh=83e3d9e020a0c561ad1b155954c11989&oe=5FB4C45A"
            ]
        }
    ]
}