{
    "GraphImages": [
        {
            "comments_disabled": false,
            "dimensions": {
                "height": 1225,
                "width": 1080
            },
            "display_url": "https://instagram.fabe1-1.fna.fbcdn.net/v/t51.2885-15/e35/121622509_207074537516925_920299863336635417_n.jpg?_nc_ht=instagram.fabe1-1.fna.fbcdn.net&_nc_cat=109&_nc_ohc=CniIpyZEtKQAX-kplTS&_nc_tp=18&oh=6664fd09f2d9e596021275163b08ccc2&oe=5FB34000",
            "edge_liked_by": {
                "count": 0
            },
            "edge_media_preview_like": {
                "count": 0
            },
            "edge_media_to_caption": {
                "edges": [
                    {
                        "node": {
                            "text": "Alcohol you later 💕"
                        }
                    }
                ]
            },
            "edge_media_to_comment": {
                "count": 0
            },
            "id": "2421597029668063156",
            "is_video": false,
            "owner": {
                "id": "16173053"
            },
            "shortcode": "CGbPasWgYe0",
            "tags": [],
            "taken_at_timestamp": 1602896883,
            "thumbnail_resources": [
                {
                    "config_height": 150,
                    "config_width": 150,
                    "src": "https://instagram.fabe1-1.fna.fbcdn.net/v/t51.2885-15/e35/c0.63.940.940a/s150x150/121622509_207074537516925_920299863336635417_n.jpg?_nc_ht=instagram.fabe1-1.fna.fbcdn.net&_nc_cat=109&_nc_ohc=CniIpyZEtKQAX-kplTS&tp=16&oh=bba7579618a458f7edd272706b3499e1&oe=5FB4BC95"
                },
                {
                    "config_height": 240,
                    "config_width": 240,
                    "src": "https://instagram.fabe1-1.fna.fbcdn.net/v/t51.2885-15/e35/c0.63.940.940a/s240x240/121622509_207074537516925_920299863336635417_n.jpg?_nc_ht=instagram.fabe1-1.fna.fbcdn.net&_nc_cat=109&_nc_ohc=CniIpyZEtKQAX-kplTS&tp=16&oh=0c44196b28a899547c99ab469d888c04&oe=5FB2CFDF"
                },
                {
                    "config_height": 320,
                    "config_width": 320,
                    "src": "https://instagram.fabe1-1.fna.fbcdn.net/v/t51.2885-15/e35/c0.63.940.940a/s320x320/121622509_207074537516925_920299863336635417_n.jpg?_nc_ht=instagram.fabe1-1.fna.fbcdn.net&_nc_cat=109&_nc_ohc=CniIpyZEtKQAX-kplTS&tp=16&oh=fecf5e7e5a3fdb1cc7c5c191f1d55b72&oe=5FB22F65"
                },
                {
                    "config_height": 480,
                    "config_width": 480,
                    "src": "https://instagram.fabe1-1.fna.fbcdn.net/v/t51.2885-15/e35/c0.63.940.940a/s480x480/121622509_207074537516925_920299863336635417_n.jpg?_nc_ht=instagram.fabe1-1.fna.fbcdn.net&_nc_cat=109&_nc_ohc=CniIpyZEtKQAX-kplTS&tp=16&oh=a99a0ca76f2f2da914cfdf18635ac532&oe=5FB37F3F"
                },
                {
                    "config_height": 640,
                    "config_width": 640,
                    "src": "https://instagram.fabe1-1.fna.fbcdn.net/v/t51.2885-15/sh0.08/e35/c0.63.940.940a/s640x640/121622509_207074537516925_920299863336635417_n.jpg?_nc_ht=instagram.fabe1-1.fna.fbcdn.net&_nc_cat=109&_nc_ohc=CniIpyZEtKQAX-kplTS&oh=cccab203cbc3c83a683edc19adaa7655&oe=5FB1E41F"
                }
            ],
            "thumbnail_src": "https://instagram.fabe1-1.fna.fbcdn.net/v/t51.2885-15/sh0.08/e35/c0.63.940.940a/s640x640/121622509_207074537516925_920299863336635417_n.jpg?_nc_ht=instagram.fabe1-1.fna.fbcdn.net&_nc_cat=109&_nc_ohc=CniIpyZEtKQAX-kplTS&oh=cccab203cbc3c83a683edc19adaa7655&oe=5FB1E41F",
            "urls": [
                "https://instagram.fabe1-1.fna.fbcdn.net/v/t51.2885-15/e35/121622509_207074537516925_920299863336635417_n.jpg?_nc_ht=instagram.fabe1-1.fna.fbcdn.net&_nc_cat=109&_nc_ohc=CniIpyZEtKQAX-kplTS&_nc_tp=18&oh=6664fd09f2d9e596021275163b08ccc2&oe=5FB34000"
            ]
        },
        {
            "comments_disabled": false,
            "dimensions": {
                "height": 1080,
                "width": 1080
            },
            "display_url": "https://instagram.fabe1-1.fna.fbcdn.net/v/t51.2885-15/e35/s1080x1080/121641249_353889719256710_3578801982863957060_n.jpg?_nc_ht=instagram.fabe1-1.fna.fbcdn.net&_nc_cat=102&_nc_ohc=9ZWkILQ9JGIAX-IBnzO&_nc_tp=15&oh=3a9a1c3f1f44f85c256f64f17b761bc2&oe=5FB42435",
            "edge_liked_by": {
                "count": 0
            },
            "edge_media_preview_like": {
                "count": 0
            },
            "edge_media_to_caption": {
                "edges": [
                    {
                        "node": {
                            "text": "💋"
                        }
                    }
                ]
            },
            "edge_media_to_comment": {
                "count": 0
            },
            "id": "2421596815834324161",
            "is_video": false,
            "owner": {
                "id": "31355428348"
            },
            "shortcode": "CGbPXlNBZzB",
            "tags": [],
            "taken_at_timestamp": 1602896857,
            "thumbnail_resources": [
                {
                    "config_height": 150,
                    "config_width": 150,
                    "src": "https://instagram.fabe1-1.fna.fbcdn.net/v/t51.2885-15/e35/s150x150/121641249_353889719256710_3578801982863957060_n.jpg?_nc_ht=instagram.fabe1-1.fna.fbcdn.net&_nc_cat=102&_nc_ohc=9ZWkILQ9JGIAX-IBnzO&_nc_tp=15&oh=29c1c0cd98513d3abe5b87d1e50cc475&oe=5FB34576"
                },
                {
                    "config_height": 240,
                    "config_width": 240,
                    "src": "https://instagram.fabe1-1.fna.fbcdn.net/v/t51.2885-15/e35/s240x240/121641249_353889719256710_3578801982863957060_n.jpg?_nc_ht=instagram.fabe1-1.fna.fbcdn.net&_nc_cat=102&_nc_ohc=9ZWkILQ9JGIAX-IBnzO&_nc_tp=15&oh=3ac420d4da35fb62954d311edd2074a8&oe=5FB53A74"
                },
                {
                    "config_height": 320,
                    "config_width": 320,
                    "src": "https://instagram.fabe1-1.fna.fbcdn.net/v/t51.2885-15/e35/s320x320/121641249_353889719256710_3578801982863957060_n.jpg?_nc_ht=instagram.fabe1-1.fna.fbcdn.net&_nc_cat=102&_nc_ohc=9ZWkILQ9JGIAX-IBnzO&_nc_tp=15&oh=c4fbfd43612a3e62fd456e1085e77320&oe=5FB3EC0E"
                },
                {
                    "config_height": 480,
                    "config_width": 480,
                    "src": "https://instagram.fabe1-1.fna.fbcdn.net/v/t51.2885-15/e35/s480x480/121641249_353889719256710_3578801982863957060_n.jpg?_nc_ht=instagram.fabe1-1.fna.fbcdn.net&_nc_cat=102&_nc_ohc=9ZWkILQ9JGIAX-IBnzO&_nc_tp=15&oh=5e124aeccd00a26333ca09e30bd01e24&oe=5FB2514B"
                },
                {
                    "config_height": 640,
                    "config_width": 640,
                    "src": "https://instagram.fabe1-1.fna.fbcdn.net/v/t51.2885-15/sh0.08/e35/s640x640/121641249_353889719256710_3578801982863957060_n.jpg?_nc_ht=instagram.fabe1-1.fna.fbcdn.net&_nc_cat=102&_nc_ohc=9ZWkILQ9JGIAX-IBnzO&_nc_tp=24&oh=ebf4a4416388e2867db0b2b63deba75e&oe=5FB1D271"
                }
            ],
            "thumbnail_src": "https://instagram.fabe1-1.fna.fbcdn.net/v/t51.2885-15/sh0.08/e35/s640x640/121641249_353889719256710_3578801982863957060_n.jpg?_nc_ht=instagram.fabe1-1.fna.fbcdn.net&_nc_cat=102&_nc_ohc=9ZWkILQ9JGIAX-IBnzO&_nc_tp=24&oh=ebf4a4416388e2867db0b2b63deba75e&oe=5FB1D271",
            "urls": [
                "https://instagram.fabe1-1.fna.fbcdn.net/v/t51.2885-15/e35/s1080x1080/121641249_353889719256710_3578801982863957060_n.jpg?_nc_ht=instagram.fabe1-1.fna.fbcdn.net&_nc_cat=102&_nc_ohc=9ZWkILQ9JGIAX-IBnzO&_nc_tp=15&oh=3a9a1c3f1f44f85c256f64f17b761bc2&oe=5FB42435"
            ]
        },
        {
            "comments_disabled": false,
            "dimensions": {
                "height": 1080,
                "width": 1080
            },
            "display_url": "https://instagram.fabe1-1.fna.fbcdn.net/v/t51.2885-15/fr/e15/s1080x1080/121574426_1803417369810403_7309921469344483088_n.jpg?_nc_ht=instagram.fabe1-1.fna.fbcdn.net&_nc_cat=107&_nc_ohc=09t12XggqxIAX_QLlm4&oh=f210b630a4b66ac7c11ad05ea9cac6d6&oe=5FB22F5E",
            "edge_liked_by": {
                "count": 1
            },
            "edge_media_preview_like": {
                "count": 1
            },
            "edge_media_to_caption": {
                "edges": [
                    {
                        "node": {
                            "text": "Imagine what you want and we will make it happen\n.\n.\n.\n#art #architecture #architect #building #builder #business #civilengineering #concrete #construction #contractor #constructionworker #design #engineering #engineer #house #home #homedecor #homeimprovement #interior #interiordesign #interiordecor #luxuryhomes #luxurylifestyle #renovation #realestate #remodel #style #work"
                        }
                    }
                ]
            },
            "edge_media_to_comment": {
                "count": 0
            },
            "id": "2421596745220878524",
            "is_video": false,
            "owner": {
                "id": "8394194321"
            },
            "shortcode": "CGbPWjcIfC8",
            "tags": [
                "architecture",
                "constructionworker",
                "design",
                "homedecor",
                "style",
                "realestate",
                "luxuryhomes",
                "interiordecor",
                "concrete",
                "homeimprovement",
                "construction",
                "building",
                "interior",
                "engineering",
                "contractor",
                "work",
                "builder",
                "architect",
                "interiordesign",
                "luxurylifestyle",
                "civilengineering",
                "engineer",
                "home",
                "house",
                "business",
                "art",
                "renovation",
                "remodel"
            ],
            "taken_at_timestamp": 1602896849,
            "thumbnail_resources": [
                {
                    "config_height": 150,
                    "config_width": 150,
                    "src": "https://instagram.fabe1-1.fna.fbcdn.net/v/t51.2885-15/e15/s150x150/121574426_1803417369810403_7309921469344483088_n.jpg?_nc_ht=instagram.fabe1-1.fna.fbcdn.net&_nc_cat=107&_nc_ohc=09t12XggqxIAX_QLlm4&_nc_tp=15&oh=060989701a781be1521e6ac59e641dba&oe=5FB31DC8"
                },
                {
                    "config_height": 240,
                    "config_width": 240,
                    "src": "https://instagram.fabe1-1.fna.fbcdn.net/v/t51.2885-15/e15/s240x240/121574426_1803417369810403_7309921469344483088_n.jpg?_nc_ht=instagram.fabe1-1.fna.fbcdn.net&_nc_cat=107&_nc_ohc=09t12XggqxIAX_QLlm4&_nc_tp=15&oh=d12096a2b616c8256d218c6108d1cb8d&oe=5FB4ED10"
                },
                {
                    "config_height": 320,
                    "config_width": 320,
                    "src": "https://instagram.fabe1-1.fna.fbcdn.net/v/t51.2885-15/e15/s320x320/121574426_1803417369810403_7309921469344483088_n.jpg?_nc_ht=instagram.fabe1-1.fna.fbcdn.net&_nc_cat=107&_nc_ohc=09t12XggqxIAX_QLlm4&_nc_tp=15&oh=dce4fa1d253dfe3e9ebf7dcc58e1d4e4&oe=5FB2B8D1"
                },
                {
                    "config_height": 480,
                    "config_width": 480,
                    "src": "https://instagram.fabe1-1.fna.fbcdn.net/v/t51.2885-15/e15/s480x480/121574426_1803417369810403_7309921469344483088_n.jpg?_nc_ht=instagram.fabe1-1.fna.fbcdn.net&_nc_cat=107&_nc_ohc=09t12XggqxIAX_QLlm4&_nc_tp=15&oh=83e7a6e515fe25196040883aedd0dc96&oe=5FB57893"
                },
                {
                    "config_height": 640,
                    "config_width": 640,
                    "src": "https://instagram.fabe1-1.fna.fbcdn.net/v/t51.2885-15/sh0.08/e35/s640x640/121574426_1803417369810403_7309921469344483088_n.jpg?_nc_ht=instagram.fabe1-1.fna.fbcdn.net&_nc_cat=107&_nc_ohc=09t12XggqxIAX_QLlm4&_nc_tp=24&oh=66e9300664050b410f587078013bd3bd&oe=5FB238DA"
                }
            ],
            "thumbnail_src": "https://instagram.fabe1-1.fna.fbcdn.net/v/t51.2885-15/sh0.08/e35/s640x640/121574426_1803417369810403_7309921469344483088_n.jpg?_nc_ht=instagram.fabe1-1.fna.fbcdn.net&_nc_cat=107&_nc_ohc=09t12XggqxIAX_QLlm4&_nc_tp=24&oh=66e9300664050b410f587078013bd3bd&oe=5FB238DA",
            "urls": [
                "https://instagram.fabe1-1.fna.fbcdn.net/v/t51.2885-15/fr/e15/s1080x1080/121574426_1803417369810403_7309921469344483088_n.jpg?_nc_ht=instagram.fabe1-1.fna.fbcdn.net&_nc_cat=107&_nc_ohc=09t12XggqxIAX_QLlm4&oh=f210b630a4b66ac7c11ad05ea9cac6d6&oe=5FB22F5E"
            ]
        },
        {
            "comments_disabled": false,
            "dimensions": {
                "height": 1080,
                "width": 1080
            },
            "display_url": "https://instagram.fabe1-1.fna.fbcdn.net/v/t51.2885-15/e35/s1080x1080/121520385_144730004026094_4576762884744798592_n.jpg?_nc_ht=instagram.fabe1-1.fna.fbcdn.net&_nc_cat=102&_nc_ohc=nvW8Ai7A38gAX8Xu4Km&_nc_tp=15&oh=fadcbf2a60aa77662e650650ca1be0a1&oe=5FB380EB",
            "edge_liked_by": {
                "count": 0
            },
            "edge_media_preview_like": {
                "count": 0
            },
            "edge_media_to_caption": {
                "edges": [
                    {
                        "node": {
                            "text": "I think zombies might be my favorite drawings to make. Specially when they’re modeled after my friends. In this case my good friend @insta_juny helped me with the inspiration. Teaching that you can be ghoulish and also flamboyant. 🥰\n#art #illustration #zombie #ilustracion #arte #procreate #digitalart #drawing #dibujo #color #amourtropical #arte #halloween"
                        }
                    }
                ]
            },
            "edge_media_to_comment": {
                "count": 0
            },
            "id": "2421596581775513525",
            "is_video": false,
            "owner": {
                "id": "30419278986"
            },
            "shortcode": "CGbPULOB5e1",
            "tags": [
                "color",
                "halloween",
                "digitalart",
                "art",
                "ilustracion",
                "illustration",
                "zombie",
                "procreate",
                "amourtropical",
                "arte",
                "drawing",
                "dibujo"
            ],
            "taken_at_timestamp": 1602896829,
            "thumbnail_resources": [
                {
                    "config_height": 150,
                    "config_width": 150,
                    "src": "https://instagram.fabe1-1.fna.fbcdn.net/v/t51.2885-15/e35/s150x150/121520385_144730004026094_4576762884744798592_n.jpg?_nc_ht=instagram.fabe1-1.fna.fbcdn.net&_nc_cat=102&_nc_ohc=nvW8Ai7A38gAX8Xu4Km&_nc_tp=15&oh=8d509e742d4252318fdc6cdaa31992c8&oe=5FB5992C"
                },
                {
                    "config_height": 240,
                    "config_width": 240,
                    "src": "https://instagram.fabe1-1.fna.fbcdn.net/v/t51.2885-15/e35/s240x240/121520385_144730004026094_4576762884744798592_n.jpg?_nc_ht=instagram.fabe1-1.fna.fbcdn.net&_nc_cat=102&_nc_ohc=nvW8Ai7A38gAX8Xu4Km&_nc_tp=15&oh=4a503e7c9933bcd3aedb7fc9cd5715bb&oe=5FB4A02E"
                },
                {
                    "config_height": 320,
                    "config_width": 320,
                    "src": "https://instagram.fabe1-1.fna.fbcdn.net/v/t51.2885-15/e35/s320x320/121520385_144730004026094_4576762884744798592_n.jpg?_nc_ht=instagram.fabe1-1.fna.fbcdn.net&_nc_cat=102&_nc_ohc=nvW8Ai7A38gAX8Xu4Km&_nc_tp=15&oh=bc62b6fe68d6a3ec93d0cbfe9bad3b54&oe=5FB500D4"
                },
                {
                    "config_height": 480,
                    "config_width": 480,
                    "src": "https://instagram.fabe1-1.fna.fbcdn.net/v/t51.2885-15/e35/s480x480/121520385_144730004026094_4576762884744798592_n.jpg?_nc_ht=instagram.fabe1-1.fna.fbcdn.net&_nc_cat=102&_nc_ohc=nvW8Ai7A38gAX8Xu4Km&_nc_tp=15&oh=d781e6aa6d67d6ffe8f6334e1ae30d5f&oe=5FB53995"
                },
                {
                    "config_height": 640,
                    "config_width": 640,
                    "src": "https://instagram.fabe1-1.fna.fbcdn.net/v/t51.2885-15/sh0.08/e35/s640x640/121520385_144730004026094_4576762884744798592_n.jpg?_nc_ht=instagram.fabe1-1.fna.fbcdn.net&_nc_cat=102&_nc_ohc=nvW8Ai7A38gAX8Xu4Km&_nc_tp=24&oh=c8b1dd0cffc5f0ba1e0e369613a9f344&oe=5FB4BFAF"
                }
            ],
            "thumbnail_src": "https://instagram.fabe1-1.fna.fbcdn.net/v/t51.2885-15/sh0.08/e35/s640x640/121520385_144730004026094_4576762884744798592_n.jpg?_nc_ht=instagram.fabe1-1.fna.fbcdn.net&_nc_cat=102&_nc_ohc=nvW8Ai7A38gAX8Xu4Km&_nc_tp=24&oh=c8b1dd0cffc5f0ba1e0e369613a9f344&oe=5FB4BFAF",
            "urls": [
                "https://instagram.fabe1-1.fna.fbcdn.net/v/t51.2885-15/e35/s1080x1080/121520385_144730004026094_4576762884744798592_n.jpg?_nc_ht=instagram.fabe1-1.fna.fbcdn.net&_nc_cat=102&_nc_ohc=nvW8Ai7A38gAX8Xu4Km&_nc_tp=15&oh=fadcbf2a60aa77662e650650ca1be0a1&oe=5FB380EB",
                "https://instagram.fabe1-1.fna.fbcdn.net/v/t51.2885-15/e35/s1080x1080/121800688_3377462622291671_5050214548762083847_n.jpg?_nc_ht=instagram.fabe1-1.fna.fbcdn.net&_nc_cat=111&_nc_ohc=I7GKwYe3u3wAX-HHhR6&_nc_tp=15&oh=95722ca2bf64d1901ad60f2f2209859d&oe=5FB3BABF",
                "https://instagram.fabe1-1.fna.fbcdn.net/v/t51.2885-15/e35/s1080x1080/121526745_1001919583569236_1339389705403021229_n.jpg?_nc_ht=instagram.fabe1-1.fna.fbcdn.net&_nc_cat=108&_nc_ohc=27DSd9bf6-MAX9BFbGI&_nc_tp=15&oh=db38566eb3af1fdd4d7409d0738472f4&oe=5FB3AEEA",
                "https://instagram.fabe1-1.fna.fbcdn.net/v/t51.2885-15/e35/s1080x1080/121983750_178580113825550_1337769569359200163_n.jpg?_nc_ht=instagram.fabe1-1.fna.fbcdn.net&_nc_cat=102&_nc_ohc=QcttUzdeIB0AX_C1Ne0&_nc_tp=15&oh=b5e0466ffa92e8a1e66ed3caa098aa8e&oe=5FB5A32B",
                "https://instagram.fabe1-1.fna.fbcdn.net/v/t50.2886-16/121822930_259661222124631_7719357083092362259_n.mp4?_nc_ht=instagram.fabe1-1.fna.fbcdn.net&_nc_cat=107&_nc_ohc=LVqOuBodWcsAX8eD3wQ&oe=5F8C8CCF&oh=ee5475d304a0073dfe429fdb401081fe"
            ]
        }
    ]
}