{
    "GraphImages": [
        {
            "comments_disabled": false,
            "dimensions": {
                "height": 750,
                "width": 750
            },
            "display_url": "https://instagram.fabe1-1.fna.fbcdn.net/v/t51.2885-15/e35/121578242_394030281759649_1645525301606540497_n.jpg?_nc_ht=instagram.fabe1-1.fna.fbcdn.net&_nc_cat=101&_nc_ohc=EKW-rxe-sIsAX8O4_zZ&_nc_tp=18&oh=83573e33a76d07c11a6421def1b79da7&oe=5FB2DB49",
            "edge_liked_by": {
                "count": 0
            },
            "edge_media_preview_like": {
                "count": 0
            },
            "edge_media_to_caption": {
                "edges": []
            },
            "edge_media_to_comment": {
                "count": 0
            },
            "id": "2421494329594762345",
            "is_video": false,
            "owner": {
                "id": "2118524502"
            },
            "shortcode": "CGa4ENdHlRp",
            "taken_at_timestamp": 1602884640,
            "thumbnail_resources": [
                {
                    "config_height": 150,
                    "config_width": 150,
                    "src": "https://instagram.fabe1-1.fna.fbcdn.net/v/t51.2885-15/e35/s150x150/121578242_394030281759649_1645525301606540497_n.jpg?_nc_ht=instagram.fabe1-1.fna.fbcdn.net&_nc_cat=101&_nc_ohc=EKW-rxe-sIsAX8O4_zZ&_nc_tp=15&oh=af570f571440f7d98f4b2173ec3159c9&oe=5FB3E5F8"
                },
                {
                    "config_height": 240,
                    "config_width": 240,
                    "src": "https://instagram.fabe1-1.fna.fbcdn.net/v/t51.2885-15/e35/s240x240/121578242_394030281759649_1645525301606540497_n.jpg?_nc_ht=instagram.fabe1-1.fna.fbcdn.net&_nc_cat=101&_nc_ohc=EKW-rxe-sIsAX8O4_zZ&_nc_tp=15&oh=ccc69487aa731debc10e3eb06b4148b0&oe=5FB270F2"
                },
                {
                    "config_height": 320,
                    "config_width": 320,
                    "src": "https://instagram.fabe1-1.fna.fbcdn.net/v/t51.2885-15/e35/s320x320/121578242_394030281759649_1645525301606540497_n.jpg?_nc_ht=instagram.fabe1-1.fna.fbcdn.net&_nc_cat=101&_nc_ohc=EKW-rxe-sIsAX8O4_zZ&_nc_tp=15&oh=93d859641168cd7650a06042e864436f&oe=5FB44E90"
                },
                {
                    "config_height": 480,
                    "config_width": 480,
                    "src": "https://instagram.fabe1-1.fna.fbcdn.net/v/t51.2885-15/e35/s480x480/121578242_394030281759649_1645525301606540497_n.jpg?_nc_ht=instagram.fabe1-1.fna.fbcdn.net&_nc_cat=101&_nc_ohc=EKW-rxe-sIsAX8O4_zZ&_nc_tp=15&oh=3ec655c7076283e0a2cb8a0daa70bed3&oe=5FB348C9"
                },
                {
                    "config_height": 640,
                    "config_width": 640,
                    "src": "https://instagram.fabe1-1.fna.fbcdn.net/v/t51.2885-15/sh0.08/e35/s640x640/121578242_394030281759649_1645525301606540497_n.jpg?_nc_ht=instagram.fabe1-1.fna.fbcdn.net&_nc_cat=101&_nc_ohc=EKW-rxe-sIsAX8O4_zZ&_nc_tp=24&oh=f62542c4f72c1f3fb8d1a0041565b953&oe=5FB3D3F3"
                }
            ],
            "thumbnail_src": "https://instagram.fabe1-1.fna.fbcdn.net/v/t51.2885-15/sh0.08/e35/s640x640/121578242_394030281759649_1645525301606540497_n.jpg?_nc_ht=instagram.fabe1-1.fna.fbcdn.net&_nc_cat=101&_nc_ohc=EKW-rxe-sIsAX8O4_zZ&_nc_tp=24&oh=f62542c4f72c1f3fb8d1a0041565b953&oe=5FB3D3F3",
            "urls": [
                "https://instagram.fabe1-1.fna.fbcdn.net/v/t51.2885-15/e35/121578242_394030281759649_1645525301606540497_n.jpg?_nc_ht=instagram.fabe1-1.fna.fbcdn.net&_nc_cat=101&_nc_ohc=EKW-rxe-sIsAX8O4_zZ&_nc_tp=18&oh=83573e33a76d07c11a6421def1b79da7&oe=5FB2DB49"
            ]
        },
        {
            "comments_disabled": false,
            "dimensions": {
                "height": 1080,
                "width": 1080
            },
            "display_url": "https://instagram.fabe1-1.fna.fbcdn.net/v/t51.2885-15/e35/s1080x1080/121576003_653982005513919_4283767609161318833_n.jpg?_nc_ht=instagram.fabe1-1.fna.fbcdn.net&_nc_cat=103&_nc_ohc=jRGImimcpJYAX8vK8M1&_nc_tp=15&oh=04229fc9e743581e9ecf1dd621a32dd4&oe=5FB4AF61",
            "edge_liked_by": {
                "count": 0
            },
            "edge_media_preview_like": {
                "count": 0
            },
            "edge_media_to_caption": {
                "edges": [
                    {
                        "node": {
                            "text": "It happened and I have a picture to prove it! 🛥🌊☔️⛈#intherain #miamiharbour #boating #crazyweather #lifeisgood #mercuryretrograde #miami"
                        }
                    }
                ]
            },
            "edge_media_to_comment": {
                "count": 0
            },
            "id": "2421493890283400690",
            "is_video": false,
            "owner": {
                "id": "839517785"
            },
            "shortcode": "CGa390UHu3y",
            "tags": [
                "lifeisgood",
                "miamiharbour",
                "intherain",
                "boating",
                "miami",
                "mercuryretrograde",
                "crazyweather"
            ],
            "taken_at_timestamp": 1602884588,
            "thumbnail_resources": [
                {
                    "config_height": 150,
                    "config_width": 150,
                    "src": "https://instagram.fabe1-1.fna.fbcdn.net/v/t51.2885-15/e35/s150x150/121576003_653982005513919_4283767609161318833_n.jpg?_nc_ht=instagram.fabe1-1.fna.fbcdn.net&_nc_cat=103&_nc_ohc=jRGImimcpJYAX8vK8M1&_nc_tp=15&oh=933173b34c7a17168e783223a57857d8&oe=5FB20BA2"
                },
                {
                    "config_height": 240,
                    "config_width": 240,
                    "src": "https://instagram.fabe1-1.fna.fbcdn.net/v/t51.2885-15/e35/s240x240/121576003_653982005513919_4283767609161318833_n.jpg?_nc_ht=instagram.fabe1-1.fna.fbcdn.net&_nc_cat=103&_nc_ohc=jRGImimcpJYAX8vK8M1&_nc_tp=15&oh=83e5d52b8f2a6f8198d2809a3325e2de&oe=5FB506A8"
                },
                {
                    "config_height": 320,
                    "config_width": 320,
                    "src": "https://instagram.fabe1-1.fna.fbcdn.net/v/t51.2885-15/e35/s320x320/121576003_653982005513919_4283767609161318833_n.jpg?_nc_ht=instagram.fabe1-1.fna.fbcdn.net&_nc_cat=103&_nc_ohc=jRGImimcpJYAX8vK8M1&_nc_tp=15&oh=36a1eee447a6a1c5b98ca3401a77bf12&oe=5FB4E55A"
                },
                {
                    "config_height": 480,
                    "config_width": 480,
                    "src": "https://instagram.fabe1-1.fna.fbcdn.net/v/t51.2885-15/e35/s480x480/121576003_653982005513919_4283767609161318833_n.jpg?_nc_ht=instagram.fabe1-1.fna.fbcdn.net&_nc_cat=103&_nc_ohc=jRGImimcpJYAX8vK8M1&_nc_tp=15&oh=01864d96beb0717b903b181cf4a3b3f5&oe=5FB31B9F"
                },
                {
                    "config_height": 640,
                    "config_width": 640,
                    "src": "https://instagram.fabe1-1.fna.fbcdn.net/v/t51.2885-15/sh0.08/e35/s640x640/121576003_653982005513919_4283767609161318833_n.jpg?_nc_ht=instagram.fabe1-1.fna.fbcdn.net&_nc_cat=103&_nc_ohc=jRGImimcpJYAX8vK8M1&_nc_tp=24&oh=42204ed5314e1ecb8d1f48639b7be5e8&oe=5FB57825"
                }
            ],
            "thumbnail_src": "https://instagram.fabe1-1.fna.fbcdn.net/v/t51.2885-15/sh0.08/e35/s640x640/121576003_653982005513919_4283767609161318833_n.jpg?_nc_ht=instagram.fabe1-1.fna.fbcdn.net&_nc_cat=103&_nc_ohc=jRGImimcpJYAX8vK8M1&_nc_tp=24&oh=42204ed5314e1ecb8d1f48639b7be5e8&oe=5FB57825",
            "urls": [
                "https://instagram.fabe1-1.fna.fbcdn.net/v/t51.2885-15/e35/s1080x1080/121576003_653982005513919_4283767609161318833_n.jpg?_nc_ht=instagram.fabe1-1.fna.fbcdn.net&_nc_cat=103&_nc_ohc=jRGImimcpJYAX8vK8M1&_nc_tp=15&oh=04229fc9e743581e9ecf1dd621a32dd4&oe=5FB4AF61"
            ]
        }
    ]
}