{
    "GraphImages": [
        {
            "comments_disabled": false,
            "dimensions": {
                "height": 1080,
                "width": 1080
            },
            "display_url": "https://instagram.fabe1-1.fna.fbcdn.net/v/t51.2885-15/e35/s1080x1080/121562188_735669880629891_1859164668089817963_n.jpg?_nc_ht=instagram.fabe1-1.fna.fbcdn.net&_nc_cat=103&_nc_ohc=Rnoivv_RX4AAX-N8JO-&_nc_tp=15&oh=6f3a1c45da649d26c479fc3ca9e72704&oe=5FB2C6F4",
            "edge_liked_by": {
                "count": 1
            },
            "edge_media_preview_like": {
                "count": 1
            },
            "edge_media_to_caption": {
                "edges": [
                    {
                        "node": {
                            "text": "You can never get time back so spend it wisely. \n\n⁣\n.⁣\n.⁣\n.⁣\n.⁣\n.⁣\n#bitcoin #millionairelifestyle #billionaire #luxury #luxurylifestyle #life #business #millionairemindset #grind #love #rich #successfulwomen #entrepreneurlife #billionairelifestyle #dollarspot #mindset #successquotes #luxurylife #wealth #millionaire #virus #realestate #money #entrepreneur #motivation #success #businessinspirationideas #successful #billionaireboysclub #motivationalquotes via @hashtagexpert"
                        }
                    }
                ]
            },
            "edge_media_to_comment": {
                "count": 0
            },
            "id": "2421398756850071869",
            "is_video": false,
            "owner": {
                "id": "39038013364"
            },
            "shortcode": "CGaiVcZnvk9",
            "tags": [
                "money",
                "billionaire",
                "successquotes",
                "motivationalquotes",
                "entrepreneur",
                "businessinspirationideas",
                "bitcoin",
                "success",
                "luxurylifestyle",
                "realestate",
                "successful",
                "successfulwomen",
                "rich",
                "entrepreneurlife",
                "life",
                "mindset",
                "wealth",
                "virus",
                "luxurylife",
                "luxury",
                "dollarspot",
                "billionairelifestyle",
                "love",
                "millionaire",
                "millionairelifestyle",
                "grind",
                "billionaireboysclub",
                "millionairemindset",
                "business",
                "motivation"
            ],
            "taken_at_timestamp": 1602873247,
            "thumbnail_resources": [
                {
                    "config_height": 150,
                    "config_width": 150,
                    "src": "https://instagram.fabe1-1.fna.fbcdn.net/v/t51.2885-15/e35/s150x150/121562188_735669880629891_1859164668089817963_n.jpg?_nc_ht=instagram.fabe1-1.fna.fbcdn.net&_nc_cat=103&_nc_ohc=Rnoivv_RX4AAX-N8JO-&_nc_tp=15&oh=6d02cea7e229a1694a7de90bf346a9c0&oe=5FB459B3"
                },
                {
                    "config_height": 240,
                    "config_width": 240,
                    "src": "https://instagram.fabe1-1.fna.fbcdn.net/v/t51.2885-15/e35/s240x240/121562188_735669880629891_1859164668089817963_n.jpg?_nc_ht=instagram.fabe1-1.fna.fbcdn.net&_nc_cat=103&_nc_ohc=Rnoivv_RX4AAX-N8JO-&_nc_tp=15&oh=5f09a27af8f1888503c86091e9eb4dc5&oe=5FB509B5"
                },
                {
                    "config_height": 320,
                    "config_width": 320,
                    "src": "https://instagram.fabe1-1.fna.fbcdn.net/v/t51.2885-15/e35/s320x320/121562188_735669880629891_1859164668089817963_n.jpg?_nc_ht=instagram.fabe1-1.fna.fbcdn.net&_nc_cat=103&_nc_ohc=Rnoivv_RX4AAX-N8JO-&_nc_tp=15&oh=79cfa87c59a8ef762f29ca63bf2664c6&oe=5FB290CB"
                },
                {
                    "config_height": 480,
                    "config_width": 480,
                    "src": "https://instagram.fabe1-1.fna.fbcdn.net/v/t51.2885-15/e35/s480x480/121562188_735669880629891_1859164668089817963_n.jpg?_nc_ht=instagram.fabe1-1.fna.fbcdn.net&_nc_cat=103&_nc_ohc=Rnoivv_RX4AAX-N8JO-&_nc_tp=15&oh=786daa9aabfcae4eb89c48d224928f3e&oe=5FB2F10E"
                },
                {
                    "config_height": 640,
                    "config_width": 640,
                    "src": "https://instagram.fabe1-1.fna.fbcdn.net/v/t51.2885-15/sh0.08/e35/s640x640/121562188_735669880629891_1859164668089817963_n.jpg?_nc_ht=instagram.fabe1-1.fna.fbcdn.net&_nc_cat=103&_nc_ohc=Rnoivv_RX4AAX-N8JO-&_nc_tp=24&oh=6b034d8a2c78c29125d53d1d94ea00e8&oe=5FB4F9B8"
                }
            ],
            "thumbnail_src": "https://instagram.fabe1-1.fna.fbcdn.net/v/t51.2885-15/sh0.08/e35/s640x640/121562188_735669880629891_1859164668089817963_n.jpg?_nc_ht=instagram.fabe1-1.fna.fbcdn.net&_nc_cat=103&_nc_ohc=Rnoivv_RX4AAX-N8JO-&_nc_tp=24&oh=6b034d8a2c78c29125d53d1d94ea00e8&oe=5FB4F9B8",
            "urls": [
                "https://instagram.fabe1-1.fna.fbcdn.net/v/t51.2885-15/e35/s1080x1080/121562188_735669880629891_1859164668089817963_n.jpg?_nc_ht=instagram.fabe1-1.fna.fbcdn.net&_nc_cat=103&_nc_ohc=Rnoivv_RX4AAX-N8JO-&_nc_tp=15&oh=6f3a1c45da649d26c479fc3ca9e72704&oe=5FB2C6F4"
            ]
        },
        {
            "comments_disabled": false,
            "dimensions": {
                "height": 810,
                "width": 1080
            },
            "display_url": "https://instagram.fabe1-1.fna.fbcdn.net/v/t51.2885-15/e35/s1080x1080/121594172_652098799031195_2139934231281636814_n.jpg?_nc_ht=instagram.fabe1-1.fna.fbcdn.net&_nc_cat=111&_nc_ohc=UyYrtwcyuwMAX-5JLmC&_nc_tp=15&oh=9d2238f67ea71740200d15ec9b767eb3&oe=5FB27986",
            "edge_liked_by": {
                "count": 1
            },
            "edge_media_preview_like": {
                "count": 1
            },
            "edge_media_to_caption": {
                "edges": [
                    {
                        "node": {
                            "text": "Poleron Diesel\n✅Talla XL \n✅$64.990 \n✅💯%Original\n✅!DISPONIBLE EN 🇨🇱 !!!PARA ENTREGA INMEDIATA🔥"
                        }
                    }
                ]
            },
            "edge_media_to_comment": {
                "count": 0
            },
            "id": "2421398616173516305",
            "is_video": false,
            "owner": {
                "id": "8715108426"
            },
            "shortcode": "CGaiTZYpRYR",
            "tags": [],
            "taken_at_timestamp": 1602873230,
            "thumbnail_resources": [
                {
                    "config_height": 150,
                    "config_width": 150,
                    "src": "https://instagram.fabe1-1.fna.fbcdn.net/v/t51.2885-15/e35/c180.0.1080.1080a/s150x150/121594172_652098799031195_2139934231281636814_n.jpg?_nc_ht=instagram.fabe1-1.fna.fbcdn.net&_nc_cat=111&_nc_ohc=UyYrtwcyuwMAX-5JLmC&tp=16&oh=8abaeb27accc1681ead8ff00deabe5ad&oe=5FB19096"
                },
                {
                    "config_height": 240,
                    "config_width": 240,
                    "src": "https://instagram.fabe1-1.fna.fbcdn.net/v/t51.2885-15/e35/c180.0.1080.1080a/s240x240/121594172_652098799031195_2139934231281636814_n.jpg?_nc_ht=instagram.fabe1-1.fna.fbcdn.net&_nc_cat=111&_nc_ohc=UyYrtwcyuwMAX-5JLmC&tp=16&oh=a24ef6d4e966f7d6779c078606d6b7cf&oe=5FB21214"
                },
                {
                    "config_height": 320,
                    "config_width": 320,
                    "src": "https://instagram.fabe1-1.fna.fbcdn.net/v/t51.2885-15/e35/c180.0.1080.1080a/s320x320/121594172_652098799031195_2139934231281636814_n.jpg?_nc_ht=instagram.fabe1-1.fna.fbcdn.net&_nc_cat=111&_nc_ohc=UyYrtwcyuwMAX-5JLmC&tp=16&oh=307e61e7c841ad257814ecb17bfe8901&oe=5FB4FE6E"
                },
                {
                    "config_height": 480,
                    "config_width": 480,
                    "src": "https://instagram.fabe1-1.fna.fbcdn.net/v/t51.2885-15/e35/c180.0.1080.1080a/s480x480/121594172_652098799031195_2139934231281636814_n.jpg?_nc_ht=instagram.fabe1-1.fna.fbcdn.net&_nc_cat=111&_nc_ohc=UyYrtwcyuwMAX-5JLmC&tp=16&oh=5485bc1b1a475463b2bc5d2881d1bd46&oe=5FB2552B"
                },
                {
                    "config_height": 640,
                    "config_width": 640,
                    "src": "https://instagram.fabe1-1.fna.fbcdn.net/v/t51.2885-15/sh0.08/e35/c180.0.1080.1080a/s640x640/121594172_652098799031195_2139934231281636814_n.jpg?_nc_ht=instagram.fabe1-1.fna.fbcdn.net&_nc_cat=111&_nc_ohc=UyYrtwcyuwMAX-5JLmC&oh=282cc43da084a9db636cbbaff14414a5&oe=5FB26926"
                }
            ],
            "thumbnail_src": "https://instagram.fabe1-1.fna.fbcdn.net/v/t51.2885-15/sh0.08/e35/c180.0.1080.1080a/s640x640/121594172_652098799031195_2139934231281636814_n.jpg?_nc_ht=instagram.fabe1-1.fna.fbcdn.net&_nc_cat=111&_nc_ohc=UyYrtwcyuwMAX-5JLmC&oh=282cc43da084a9db636cbbaff14414a5&oe=5FB26926",
            "urls": [
                "https://instagram.fabe1-1.fna.fbcdn.net/v/t51.2885-15/e35/s1080x1080/121594172_652098799031195_2139934231281636814_n.jpg?_nc_ht=instagram.fabe1-1.fna.fbcdn.net&_nc_cat=111&_nc_ohc=UyYrtwcyuwMAX-5JLmC&_nc_tp=15&oh=9d2238f67ea71740200d15ec9b767eb3&oe=5FB27986"
            ]
        },
        {
            "comments_disabled": false,
            "dimensions": {
                "height": 480,
                "width": 480
            },
            "display_url": "https://instagram.fabe1-1.fna.fbcdn.net/v/t51.2885-15/e35/121590609_1062343100874730_513825648666742817_n.jpg?_nc_ht=instagram.fabe1-1.fna.fbcdn.net&_nc_cat=110&_nc_ohc=Iy-BnPCufNkAX8gY7wl&_nc_tp=18&oh=b6395c0860e88b90f94aee2d41b317df&oe=5F8BFAD1",
            "edge_liked_by": {
                "count": 0
            },
            "edge_media_preview_like": {
                "count": 0
            },
            "edge_media_to_caption": {
                "edges": [
                    {
                        "node": {
                            "text": "How does it end...."
                        }
                    }
                ]
            },
            "edge_media_to_comment": {
                "count": 0
            },
            "id": "2421398444265889105",
            "is_video": true,
            "owner": {
                "id": "213626964"
            },
            "shortcode": "CGaiQ5SJt1R",
            "tags": [],
            "taken_at_timestamp": 1602873217,
            "thumbnail_resources": [
                {
                    "config_height": 150,
                    "config_width": 150,
                    "src": "https://instagram.fabe1-1.fna.fbcdn.net/v/t51.2885-15/e35/s150x150/121590609_1062343100874730_513825648666742817_n.jpg?_nc_ht=instagram.fabe1-1.fna.fbcdn.net&_nc_cat=110&_nc_ohc=Iy-BnPCufNkAX8gY7wl&_nc_tp=15&oh=7b13966e3e3a1bfcdf58e51debda2c7f&oe=5F8BE5B0"
                },
                {
                    "config_height": 240,
                    "config_width": 240,
                    "src": "https://instagram.fabe1-1.fna.fbcdn.net/v/t51.2885-15/e35/s240x240/121590609_1062343100874730_513825648666742817_n.jpg?_nc_ht=instagram.fabe1-1.fna.fbcdn.net&_nc_cat=110&_nc_ohc=Iy-BnPCufNkAX8gY7wl&_nc_tp=15&oh=b1db218e3bb791491c26207a85a549ff&oe=5F8C17AA"
                },
                {
                    "config_height": 320,
                    "config_width": 320,
                    "src": "https://instagram.fabe1-1.fna.fbcdn.net/v/t51.2885-15/e35/s320x320/121590609_1062343100874730_513825648666742817_n.jpg?_nc_ht=instagram.fabe1-1.fna.fbcdn.net&_nc_cat=110&_nc_ohc=Iy-BnPCufNkAX8gY7wl&_nc_tp=15&oh=30b73a6ad69fd2bb3fcaeb7c0870018d&oe=5F8C4318"
                },
                {
                    "config_height": 480,
                    "config_width": 480,
                    "src": "https://instagram.fabe1-1.fna.fbcdn.net/v/t51.2885-15/e35/121590609_1062343100874730_513825648666742817_n.jpg?_nc_ht=instagram.fabe1-1.fna.fbcdn.net&_nc_cat=110&_nc_ohc=Iy-BnPCufNkAX8gY7wl&_nc_tp=18&oh=b6395c0860e88b90f94aee2d41b317df&oe=5F8BFAD1"
                },
                {
                    "config_height": 640,
                    "config_width": 640,
                    "src": "https://instagram.fabe1-1.fna.fbcdn.net/v/t51.2885-15/e35/121590609_1062343100874730_513825648666742817_n.jpg?_nc_ht=instagram.fabe1-1.fna.fbcdn.net&_nc_cat=110&_nc_ohc=Iy-BnPCufNkAX8gY7wl&_nc_tp=18&oh=b6395c0860e88b90f94aee2d41b317df&oe=5F8BFAD1"
                }
            ],
            "thumbnail_src": "https://instagram.fabe1-1.fna.fbcdn.net/v/t51.2885-15/e35/121590609_1062343100874730_513825648666742817_n.jpg?_nc_ht=instagram.fabe1-1.fna.fbcdn.net&_nc_cat=110&_nc_ohc=Iy-BnPCufNkAX8gY7wl&_nc_tp=18&oh=b6395c0860e88b90f94aee2d41b317df&oe=5F8BFAD1",
            "urls": [
                "https://instagram.fabe1-1.fna.fbcdn.net/v/t50.2886-16/121604543_3373848085997785_1174207540042885097_n.mp4?_nc_ht=instagram.fabe1-1.fna.fbcdn.net&_nc_cat=101&_nc_ohc=RSQ6gI3Zh9QAX9GarPl&oe=5F8C5577&oh=291ab40aba2593446b92d4e4049a8fa0"
            ],
            "video_view_count": 0
        },
        {
            "comments_disabled": false,
            "dimensions": {
                "height": 1080,
                "width": 1080
            },
            "display_url": "https://instagram.fabe1-1.fna.fbcdn.net/v/t51.2885-15/e35/s1080x1080/121737363_3604501649600723_3934842552574987126_n.jpg?_nc_ht=instagram.fabe1-1.fna.fbcdn.net&_nc_cat=111&_nc_ohc=vNfpZOyHv8AAX-KQR_3&_nc_tp=15&oh=a7cdeaa445eb472720c7f0200fc44239&oe=5FB24E2F",
            "edge_liked_by": {
                "count": 13
            },
            "edge_media_preview_like": {
                "count": 13
            },
            "edge_media_to_caption": {
                "edges": [
                    {
                        "node": {
                            "text": "I need a bymyselfcation!! ASAP\n\n#miamidays #beachvibes #explorepage✨"
                        }
                    }
                ]
            },
            "edge_media_to_comment": {
                "count": 0
            },
            "id": "2421398475807068775",
            "is_video": false,
            "owner": {
                "id": "4520314106"
            },
            "shortcode": "CGaiRWqJxJn",
            "tags": [
                "✨",
                "miamidays",
                "beachvibes"
            ],
            "taken_at_timestamp": 1602873213,
            "thumbnail_resources": [
                {
                    "config_height": 150,
                    "config_width": 150,
                    "src": "https://instagram.fabe1-1.fna.fbcdn.net/v/t51.2885-15/e35/s150x150/121737363_3604501649600723_3934842552574987126_n.jpg?_nc_ht=instagram.fabe1-1.fna.fbcdn.net&_nc_cat=111&_nc_ohc=vNfpZOyHv8AAX-KQR_3&_nc_tp=15&oh=edf5f2a11ca4b353048d6cc88a1e78f2&oe=5FB40C33"
                },
                {
                    "config_height": 240,
                    "config_width": 240,
                    "src": "https://instagram.fabe1-1.fna.fbcdn.net/v/t51.2885-15/e35/s240x240/121737363_3604501649600723_3934842552574987126_n.jpg?_nc_ht=instagram.fabe1-1.fna.fbcdn.net&_nc_cat=111&_nc_ohc=vNfpZOyHv8AAX-KQR_3&_nc_tp=15&oh=9e27a8d5cdc892fe4658d9f5c38190f2&oe=5FB44BFB"
                },
                {
                    "config_height": 320,
                    "config_width": 320,
                    "src": "https://instagram.fabe1-1.fna.fbcdn.net/v/t51.2885-15/e35/s320x320/121737363_3604501649600723_3934842552574987126_n.jpg?_nc_ht=instagram.fabe1-1.fna.fbcdn.net&_nc_cat=111&_nc_ohc=vNfpZOyHv8AAX-KQR_3&_nc_tp=15&oh=6cdeae75aa8ec972413d1d34a16322c7&oe=5FB1CDA6"
                },
                {
                    "config_height": 480,
                    "config_width": 480,
                    "src": "https://instagram.fabe1-1.fna.fbcdn.net/v/t51.2885-15/e35/s480x480/121737363_3604501649600723_3934842552574987126_n.jpg?_nc_ht=instagram.fabe1-1.fna.fbcdn.net&_nc_cat=111&_nc_ohc=vNfpZOyHv8AAX-KQR_3&_nc_tp=15&oh=addcdc549821f6ab4ffd9df7dbc3a328&oe=5FB4A668"
                },
                {
                    "config_height": 640,
                    "config_width": 640,
                    "src": "https://instagram.fabe1-1.fna.fbcdn.net/v/t51.2885-15/sh0.08/e35/s640x640/121737363_3604501649600723_3934842552574987126_n.jpg?_nc_ht=instagram.fabe1-1.fna.fbcdn.net&_nc_cat=111&_nc_ohc=vNfpZOyHv8AAX-KQR_3&_nc_tp=24&oh=ea3aa26134af67151c3399b667dbaa38&oe=5FB42848"
                }
            ],
            "thumbnail_src": "https://instagram.fabe1-1.fna.fbcdn.net/v/t51.2885-15/sh0.08/e35/s640x640/121737363_3604501649600723_3934842552574987126_n.jpg?_nc_ht=instagram.fabe1-1.fna.fbcdn.net&_nc_cat=111&_nc_ohc=vNfpZOyHv8AAX-KQR_3&_nc_tp=24&oh=ea3aa26134af67151c3399b667dbaa38&oe=5FB42848",
            "urls": [
                "https://instagram.fabe1-1.fna.fbcdn.net/v/t51.2885-15/e35/s1080x1080/121737363_3604501649600723_3934842552574987126_n.jpg?_nc_ht=instagram.fabe1-1.fna.fbcdn.net&_nc_cat=111&_nc_ohc=vNfpZOyHv8AAX-KQR_3&_nc_tp=15&oh=a7cdeaa445eb472720c7f0200fc44239&oe=5FB24E2F"
            ]
        },
        {
            "comments_disabled": false,
            "dimensions": {
                "height": 640,
                "width": 640
            },
            "display_url": "https://instagram.fabe1-1.fna.fbcdn.net/v/t51.2885-15/e35/121553600_198968391614606_7783327108530292545_n.jpg?_nc_ht=instagram.fabe1-1.fna.fbcdn.net&_nc_cat=102&_nc_ohc=a6A8P6CuGHMAX_jPtrL&_nc_tp=18&oh=c4ebb6686e2d64f94305c98b81adb11b&oe=5F8C21DA",
            "edge_liked_by": {
                "count": 0
            },
            "edge_media_preview_like": {
                "count": 0
            },
            "edge_media_to_caption": {
                "edges": [
                    {
                        "node": {
                            "text": "#frankzappahalloween #zappaisgod #frankzappaart"
                        }
                    }
                ]
            },
            "edge_media_to_comment": {
                "count": 0
            },
            "id": "2421397828138754461",
            "is_video": true,
            "owner": {
                "id": "1336996015"
            },
            "shortcode": "CGaiH7eHOGd",
            "tags": [
                "frankzappaart",
                "frankzappahalloween",
                "zappaisgod"
            ],
            "taken_at_timestamp": 1602873203,
            "thumbnail_resources": [
                {
                    "config_height": 150,
                    "config_width": 150,
                    "src": "https://instagram.fabe1-1.fna.fbcdn.net/v/t51.2885-15/e35/s150x150/121553600_198968391614606_7783327108530292545_n.jpg?_nc_ht=instagram.fabe1-1.fna.fbcdn.net&_nc_cat=102&_nc_ohc=a6A8P6CuGHMAX_jPtrL&_nc_tp=15&oh=37b48b33a9608fb3061b67c3b4ccbf4e&oe=5F8C15E7"
                },
                {
                    "config_height": 240,
                    "config_width": 240,
                    "src": "https://instagram.fabe1-1.fna.fbcdn.net/v/t51.2885-15/e35/s240x240/121553600_198968391614606_7783327108530292545_n.jpg?_nc_ht=instagram.fabe1-1.fna.fbcdn.net&_nc_cat=102&_nc_ohc=a6A8P6CuGHMAX_jPtrL&_nc_tp=15&oh=95e8494b00f3f852644529cd519d4486&oe=5F8C61E1"
                },
                {
                    "config_height": 320,
                    "config_width": 320,
                    "src": "https://instagram.fabe1-1.fna.fbcdn.net/v/t51.2885-15/e35/s320x320/121553600_198968391614606_7783327108530292545_n.jpg?_nc_ht=instagram.fabe1-1.fna.fbcdn.net&_nc_cat=102&_nc_ohc=a6A8P6CuGHMAX_jPtrL&_nc_tp=15&oh=65a2d292f62adfe82df72570452054b8&oe=5F8C1F1F"
                },
                {
                    "config_height": 480,
                    "config_width": 480,
                    "src": "https://instagram.fabe1-1.fna.fbcdn.net/v/t51.2885-15/e35/s480x480/121553600_198968391614606_7783327108530292545_n.jpg?_nc_ht=instagram.fabe1-1.fna.fbcdn.net&_nc_cat=102&_nc_ohc=a6A8P6CuGHMAX_jPtrL&_nc_tp=15&oh=541bdb0992013e1af870cbf2cdcfe9bb&oe=5F8C47DA"
                },
                {
                    "config_height": 640,
                    "config_width": 640,
                    "src": "https://instagram.fabe1-1.fna.fbcdn.net/v/t51.2885-15/e35/121553600_198968391614606_7783327108530292545_n.jpg?_nc_ht=instagram.fabe1-1.fna.fbcdn.net&_nc_cat=102&_nc_ohc=a6A8P6CuGHMAX_jPtrL&_nc_tp=18&oh=c4ebb6686e2d64f94305c98b81adb11b&oe=5F8C21DA"
                }
            ],
            "thumbnail_src": "https://instagram.fabe1-1.fna.fbcdn.net/v/t51.2885-15/e35/121553600_198968391614606_7783327108530292545_n.jpg?_nc_ht=instagram.fabe1-1.fna.fbcdn.net&_nc_cat=102&_nc_ohc=a6A8P6CuGHMAX_jPtrL&_nc_tp=18&oh=c4ebb6686e2d64f94305c98b81adb11b&oe=5F8C21DA",
            "urls": [
                "https://instagram.fabe1-1.fna.fbcdn.net/v/t50.2886-16/121966146_392048381956826_4911765612965591867_n.mp4?_nc_ht=instagram.fabe1-1.fna.fbcdn.net&_nc_cat=102&_nc_ohc=FSGPhzMHUGEAX9bDlp2&oe=5F8C3DC1&oh=f1eaec87578692c497ec8142e54c7e18"
            ],
            "video_view_count": 0
        }
    ]
}