{
    "GraphImages": [
        {
            "comments_disabled": false,
            "dimensions": {
                "height": 1080,
                "width": 1080
            },
            "display_url": "https://instagram.fabe1-1.fna.fbcdn.net/v/t51.2885-15/e35/121528894_1035311433565675_6660139268124740194_n.jpg?_nc_ht=instagram.fabe1-1.fna.fbcdn.net&_nc_cat=107&_nc_ohc=frmpDBKRQUEAX-0XIcd&_nc_tp=18&oh=f4764e10ab30a5216e308e863591d5ed&oe=5FB2E53C",
            "edge_liked_by": {
                "count": 1
            },
            "edge_media_preview_like": {
                "count": 1
            },
            "edge_media_to_caption": {
                "edges": [
                    {
                        "node": {
                            "text": "Miami.🇺🇸\nBuying or selling your property?\nCall @ ☎️786.236.2580\nAmarilisVazquez 👩🏻‍🎤\nElevate Real Estate Florida😎\n\n#miamirealestate #miami #realestate #realtor #brickell #miamirealtor #miamibeach #realestateagent #miamirealestateagent #realtoramarilisvazquez #miamirealestateshow #miamirealestatelawyer #realestatemiami #miamirealestates #realtormiami #miamirealestateclosings #miamirealestatesymposium #miamirealestatebroker #downtownmiami #miamihomes #milliondollarlisting #forsale #miamirealtors #wynwood #miamirealestateoffers #florida #miamirealestatenews #doralrealestate #realestateinvesting #luxuryrealestate"
                        }
                    }
                ]
            },
            "edge_media_to_comment": {
                "count": 0
            },
            "id": "2421579162679535718",
            "is_video": false,
            "owner": {
                "id": "3273538480"
            },
            "shortcode": "CGbLWsbAGhm",
            "tags": [
                "miamirealtor",
                "miamirealestatenews",
                "wynwood",
                "realestate",
                "milliondollarlisting",
                "realestatemiami",
                "realestateinvesting",
                "miamirealestates",
                "miamihomes",
                "realtoramarilisvazquez",
                "miamirealestateclosings",
                "brickell",
                "miamirealestatelawyer",
                "miamirealtors",
                "realtor",
                "miamirealestateoffers",
                "luxuryrealestate",
                "miamirealestateagent",
                "downtownmiami",
                "miamibeach",
                "miamirealestateshow",
                "miamirealestatebroker",
                "miami",
                "doralrealestate",
                "miamirealestatesymposium",
                "realtormiami",
                "florida",
                "forsale",
                "miamirealestate",
                "realestateagent"
            ],
            "taken_at_timestamp": 1602894753,
            "thumbnail_resources": [
                {
                    "config_height": 150,
                    "config_width": 150,
                    "src": "https://instagram.fabe1-1.fna.fbcdn.net/v/t51.2885-15/e35/s150x150/121528894_1035311433565675_6660139268124740194_n.jpg?_nc_ht=instagram.fabe1-1.fna.fbcdn.net&_nc_cat=107&_nc_ohc=frmpDBKRQUEAX-0XIcd&_nc_tp=15&oh=b42a548352981e124e7195603d512c1a&oe=5FB35958"
                },
                {
                    "config_height": 240,
                    "config_width": 240,
                    "src": "https://instagram.fabe1-1.fna.fbcdn.net/v/t51.2885-15/e35/s240x240/121528894_1035311433565675_6660139268124740194_n.jpg?_nc_ht=instagram.fabe1-1.fna.fbcdn.net&_nc_cat=107&_nc_ohc=frmpDBKRQUEAX-0XIcd&_nc_tp=15&oh=e87c2510f886863e8a5ced9ec5f1406b&oe=5FB20420"
                },
                {
                    "config_height": 320,
                    "config_width": 320,
                    "src": "https://instagram.fabe1-1.fna.fbcdn.net/v/t51.2885-15/e35/s320x320/121528894_1035311433565675_6660139268124740194_n.jpg?_nc_ht=instagram.fabe1-1.fna.fbcdn.net&_nc_cat=107&_nc_ohc=frmpDBKRQUEAX-0XIcd&_nc_tp=15&oh=7960389a8531177c8c97fe40e5b810e4&oe=5FB585C1"
                },
                {
                    "config_height": 480,
                    "config_width": 480,
                    "src": "https://instagram.fabe1-1.fna.fbcdn.net/v/t51.2885-15/e35/s480x480/121528894_1035311433565675_6660139268124740194_n.jpg?_nc_ht=instagram.fabe1-1.fna.fbcdn.net&_nc_cat=107&_nc_ohc=frmpDBKRQUEAX-0XIcd&_nc_tp=15&oh=b474290d8876b4f0748bdae0c15a20e1&oe=5FB33203"
                },
                {
                    "config_height": 640,
                    "config_width": 640,
                    "src": "https://instagram.fabe1-1.fna.fbcdn.net/v/t51.2885-15/sh0.08/e35/s640x640/121528894_1035311433565675_6660139268124740194_n.jpg?_nc_ht=instagram.fabe1-1.fna.fbcdn.net&_nc_cat=107&_nc_ohc=frmpDBKRQUEAX-0XIcd&_nc_tp=24&oh=c46403fbce4bb372592da23fb982d0a5&oe=5FB3D423"
                }
            ],
            "thumbnail_src": "https://instagram.fabe1-1.fna.fbcdn.net/v/t51.2885-15/sh0.08/e35/s640x640/121528894_1035311433565675_6660139268124740194_n.jpg?_nc_ht=instagram.fabe1-1.fna.fbcdn.net&_nc_cat=107&_nc_ohc=frmpDBKRQUEAX-0XIcd&_nc_tp=24&oh=c46403fbce4bb372592da23fb982d0a5&oe=5FB3D423",
            "urls": [
                "https://instagram.fabe1-1.fna.fbcdn.net/v/t51.2885-15/e35/121528894_1035311433565675_6660139268124740194_n.jpg?_nc_ht=instagram.fabe1-1.fna.fbcdn.net&_nc_cat=107&_nc_ohc=frmpDBKRQUEAX-0XIcd&_nc_tp=18&oh=f4764e10ab30a5216e308e863591d5ed&oe=5FB2E53C"
            ]
        },
        {
            "comments_disabled": false,
            "dimensions": {
                "height": 1167,
                "width": 1080
            },
            "display_url": "https://instagram.fabe1-1.fna.fbcdn.net/v/t51.2885-15/e35/p1080x1080/121972687_2999344233504939_5677969721792690972_n.jpg?_nc_ht=instagram.fabe1-1.fna.fbcdn.net&_nc_cat=103&_nc_ohc=9nF27SjJo5EAX-jsHYr&tp=19&oh=99db6f0344eb34bd0adccb8f9b6ab051&oe=5FB43AD1",
            "edge_liked_by": {
                "count": 0
            },
            "edge_media_preview_like": {
                "count": 0
            },
            "edge_media_to_caption": {
                "edges": []
            },
            "edge_media_to_comment": {
                "count": 0
            },
            "id": "2421579124687513906",
            "is_video": false,
            "owner": {
                "id": "702793145"
            },
            "shortcode": "CGbLWJCgCky",
            "taken_at_timestamp": 1602894748,
            "thumbnail_resources": [
                {
                    "config_height": 150,
                    "config_width": 150,
                    "src": "https://instagram.fabe1-1.fna.fbcdn.net/v/t51.2885-15/e35/c0.58.1440.1440a/s150x150/121972687_2999344233504939_5677969721792690972_n.jpg?_nc_ht=instagram.fabe1-1.fna.fbcdn.net&_nc_cat=103&_nc_ohc=9nF27SjJo5EAX-jsHYr&tp=16&oh=ba70b0aea8565db07ba1e28bcd38708d&oe=5FB48468"
                },
                {
                    "config_height": 240,
                    "config_width": 240,
                    "src": "https://instagram.fabe1-1.fna.fbcdn.net/v/t51.2885-15/e35/c0.58.1440.1440a/s240x240/121972687_2999344233504939_5677969721792690972_n.jpg?_nc_ht=instagram.fabe1-1.fna.fbcdn.net&_nc_cat=103&_nc_ohc=9nF27SjJo5EAX-jsHYr&tp=16&oh=a77e2f4565b8d1a069dbebfc0834b81e&oe=5FB50FB0"
                },
                {
                    "config_height": 320,
                    "config_width": 320,
                    "src": "https://instagram.fabe1-1.fna.fbcdn.net/v/t51.2885-15/e35/c0.58.1440.1440a/s320x320/121972687_2999344233504939_5677969721792690972_n.jpg?_nc_ht=instagram.fabe1-1.fna.fbcdn.net&_nc_cat=103&_nc_ohc=9nF27SjJo5EAX-jsHYr&tp=16&oh=4cc525fddef49ca7410f622020e8c7a2&oe=5FB492F1"
                },
                {
                    "config_height": 480,
                    "config_width": 480,
                    "src": "https://instagram.fabe1-1.fna.fbcdn.net/v/t51.2885-15/e35/c0.58.1440.1440a/s480x480/121972687_2999344233504939_5677969721792690972_n.jpg?_nc_ht=instagram.fabe1-1.fna.fbcdn.net&_nc_cat=103&_nc_ohc=9nF27SjJo5EAX-jsHYr&tp=16&oh=4e75f8cc43adec037fdb5e633326a5a1&oe=5FB2FE33"
                },
                {
                    "config_height": 640,
                    "config_width": 640,
                    "src": "https://instagram.fabe1-1.fna.fbcdn.net/v/t51.2885-15/sh0.08/e35/c0.58.1440.1440a/s640x640/121972687_2999344233504939_5677969721792690972_n.jpg?_nc_ht=instagram.fabe1-1.fna.fbcdn.net&_nc_cat=103&_nc_ohc=9nF27SjJo5EAX-jsHYr&oh=0668d2c8c25aa2c3a8736ed2b3ec4ce7&oe=5FB2773F"
                }
            ],
            "thumbnail_src": "https://instagram.fabe1-1.fna.fbcdn.net/v/t51.2885-15/sh0.08/e35/c0.58.1440.1440a/s640x640/121972687_2999344233504939_5677969721792690972_n.jpg?_nc_ht=instagram.fabe1-1.fna.fbcdn.net&_nc_cat=103&_nc_ohc=9nF27SjJo5EAX-jsHYr&oh=0668d2c8c25aa2c3a8736ed2b3ec4ce7&oe=5FB2773F",
            "urls": [
                "https://instagram.fabe1-1.fna.fbcdn.net/v/t51.2885-15/e35/p1080x1080/121972687_2999344233504939_5677969721792690972_n.jpg?_nc_ht=instagram.fabe1-1.fna.fbcdn.net&_nc_cat=103&_nc_ohc=9nF27SjJo5EAX-jsHYr&tp=19&oh=99db6f0344eb34bd0adccb8f9b6ab051&oe=5FB43AD1",
                "https://instagram.fabe1-1.fna.fbcdn.net/v/t51.2885-15/e35/p1080x1080/121663247_122728246260377_6651450664629030836_n.jpg?_nc_ht=instagram.fabe1-1.fna.fbcdn.net&_nc_cat=105&_nc_ohc=vaky8nsnyqwAX82b5Jc&tp=19&oh=8a208e61bb525a48741c3ee3e86b336a&oe=5FB53306",
                "https://instagram.fabe1-1.fna.fbcdn.net/v/t51.2885-15/e35/p1080x1080/121715917_3512902302103670_9145545158654534763_n.jpg?_nc_ht=instagram.fabe1-1.fna.fbcdn.net&_nc_cat=102&_nc_ohc=LnPdgbOQdQEAX8tE8aJ&tp=19&oh=62392cbc8300f33a237c9ef3e6f512c1&oe=5FB5442C",
                "https://instagram.fabe1-1.fna.fbcdn.net/v/t51.2885-15/e35/p1080x1080/121592216_397212218108953_7124006543383688929_n.jpg?_nc_ht=instagram.fabe1-1.fna.fbcdn.net&_nc_cat=101&_nc_ohc=4lOb37FNj0UAX_9gVFY&tp=19&oh=3b05d4a57400acc27a9d8ff113764b62&oe=5FB3F276"
            ]
        },
        {
            "comments_disabled": false,
            "dimensions": {
                "height": 1350,
                "width": 1080
            },
            "display_url": "https://instagram.fabe1-1.fna.fbcdn.net/v/t51.2885-15/e35/p1080x1080/121715919_204907574337081_1029254744237663234_n.jpg?_nc_ht=instagram.fabe1-1.fna.fbcdn.net&_nc_cat=109&_nc_ohc=hcRdgZ3ffCEAX-ZWCqi&tp=19&oh=012123596b9311773040d29008bec0a1&oe=5FB329DE",
            "edge_liked_by": {
                "count": 1
            },
            "edge_media_preview_like": {
                "count": 1
            },
            "edge_media_to_caption": {
                "edges": [
                    {
                        "node": {
                            "text": "Partiu night em Miami 🍻"
                        }
                    }
                ]
            },
            "edge_media_to_comment": {
                "count": 0
            },
            "id": "2421579042370515998",
            "is_video": false,
            "owner": {
                "id": "41850258512"
            },
            "shortcode": "CGbLU8YBnQe",
            "tags": [],
            "taken_at_timestamp": 1602894738,
            "thumbnail_resources": [
                {
                    "config_height": 150,
                    "config_width": 150,
                    "src": "https://instagram.fabe1-1.fna.fbcdn.net/v/t51.2885-15/e35/c0.180.1440.1440a/s150x150/121715919_204907574337081_1029254744237663234_n.jpg?_nc_ht=instagram.fabe1-1.fna.fbcdn.net&_nc_cat=109&_nc_ohc=hcRdgZ3ffCEAX-ZWCqi&tp=16&oh=0dd04c47a03fa02dccdafbc3639ca179&oe=5FB511CA"
                },
                {
                    "config_height": 240,
                    "config_width": 240,
                    "src": "https://instagram.fabe1-1.fna.fbcdn.net/v/t51.2885-15/e35/c0.180.1440.1440a/s240x240/121715919_204907574337081_1029254744237663234_n.jpg?_nc_ht=instagram.fabe1-1.fna.fbcdn.net&_nc_cat=109&_nc_ohc=hcRdgZ3ffCEAX-ZWCqi&tp=16&oh=7a9f2cd1270cda86678196c02a13ecd8&oe=5FB204D0"
                },
                {
                    "config_height": 320,
                    "config_width": 320,
                    "src": "https://instagram.fabe1-1.fna.fbcdn.net/v/t51.2885-15/e35/c0.180.1440.1440a/s320x320/121715919_204907574337081_1029254744237663234_n.jpg?_nc_ht=instagram.fabe1-1.fna.fbcdn.net&_nc_cat=109&_nc_ohc=hcRdgZ3ffCEAX-ZWCqi&tp=16&oh=f809e2573d7f45db83f9984f56aad95f&oe=5FB52932"
                },
                {
                    "config_height": 480,
                    "config_width": 480,
                    "src": "https://instagram.fabe1-1.fna.fbcdn.net/v/t51.2885-15/e35/c0.180.1440.1440a/s480x480/121715919_204907574337081_1029254744237663234_n.jpg?_nc_ht=instagram.fabe1-1.fna.fbcdn.net&_nc_cat=109&_nc_ohc=hcRdgZ3ffCEAX-ZWCqi&tp=16&oh=e431a9b46a0c2833e3689818c25423c0&oe=5FB4BFF7"
                },
                {
                    "config_height": 640,
                    "config_width": 640,
                    "src": "https://instagram.fabe1-1.fna.fbcdn.net/v/t51.2885-15/sh0.08/e35/c0.180.1440.1440a/s640x640/121715919_204907574337081_1029254744237663234_n.jpg?_nc_ht=instagram.fabe1-1.fna.fbcdn.net&_nc_cat=109&_nc_ohc=hcRdgZ3ffCEAX-ZWCqi&oh=e47fdf59b5aba7b267b275ca000dbe62&oe=5FB4457A"
                }
            ],
            "thumbnail_src": "https://instagram.fabe1-1.fna.fbcdn.net/v/t51.2885-15/sh0.08/e35/c0.180.1440.1440a/s640x640/121715919_204907574337081_1029254744237663234_n.jpg?_nc_ht=instagram.fabe1-1.fna.fbcdn.net&_nc_cat=109&_nc_ohc=hcRdgZ3ffCEAX-ZWCqi&oh=e47fdf59b5aba7b267b275ca000dbe62&oe=5FB4457A",
            "urls": [
                "https://instagram.fabe1-1.fna.fbcdn.net/v/t51.2885-15/e35/p1080x1080/121715919_204907574337081_1029254744237663234_n.jpg?_nc_ht=instagram.fabe1-1.fna.fbcdn.net&_nc_cat=109&_nc_ohc=hcRdgZ3ffCEAX-ZWCqi&tp=19&oh=012123596b9311773040d29008bec0a1&oe=5FB329DE"
            ]
        },
        {
            "comments_disabled": false,
            "dimensions": {
                "height": 939,
                "width": 1080
            },
            "display_url": "https://instagram.fabe1-1.fna.fbcdn.net/v/t51.2885-15/e35/121715921_346261310153817_2271889382707398558_n.jpg?_nc_ht=instagram.fabe1-1.fna.fbcdn.net&_nc_cat=109&_nc_ohc=hgMvy0ffxhAAX8mA1cr&_nc_tp=18&oh=b148e5341ab060a718f8bf0989beebcf&oe=5FB4311D",
            "edge_liked_by": {
                "count": 0
            },
            "edge_media_preview_like": {
                "count": 0
            },
            "edge_media_to_caption": {
                "edges": [
                    {
                        "node": {
                            "text": "... 😷"
                        }
                    }
                ]
            },
            "edge_media_to_comment": {
                "count": 0
            },
            "id": "2421578969942955623",
            "is_video": false,
            "owner": {
                "id": "1338419442"
            },
            "shortcode": "CGbLT47AZZn",
            "tags": [],
            "taken_at_timestamp": 1602894730,
            "thumbnail_resources": [
                {
                    "config_height": 150,
                    "config_width": 150,
                    "src": "https://instagram.fabe1-1.fna.fbcdn.net/v/t51.2885-15/e35/c70.0.939.939a/s150x150/121715921_346261310153817_2271889382707398558_n.jpg?_nc_ht=instagram.fabe1-1.fna.fbcdn.net&_nc_cat=109&_nc_ohc=hgMvy0ffxhAAX8mA1cr&tp=16&oh=abab213ad4157ee35d2564bbf29565b0&oe=5FB2B546"
                },
                {
                    "config_height": 240,
                    "config_width": 240,
                    "src": "https://instagram.fabe1-1.fna.fbcdn.net/v/t51.2885-15/e35/c70.0.939.939a/s240x240/121715921_346261310153817_2271889382707398558_n.jpg?_nc_ht=instagram.fabe1-1.fna.fbcdn.net&_nc_cat=109&_nc_ohc=hgMvy0ffxhAAX8mA1cr&tp=16&oh=64515886b1b4094035de60606ea6be9b&oe=5FB55644"
                },
                {
                    "config_height": 320,
                    "config_width": 320,
                    "src": "https://instagram.fabe1-1.fna.fbcdn.net/v/t51.2885-15/e35/c70.0.939.939a/s320x320/121715921_346261310153817_2271889382707398558_n.jpg?_nc_ht=instagram.fabe1-1.fna.fbcdn.net&_nc_cat=109&_nc_ohc=hgMvy0ffxhAAX8mA1cr&tp=16&oh=3cfce8cdce48a2051a210eb37216eafd&oe=5FB4CEBE"
                },
                {
                    "config_height": 480,
                    "config_width": 480,
                    "src": "https://instagram.fabe1-1.fna.fbcdn.net/v/t51.2885-15/e35/c70.0.939.939a/s480x480/121715921_346261310153817_2271889382707398558_n.jpg?_nc_ht=instagram.fabe1-1.fna.fbcdn.net&_nc_cat=109&_nc_ohc=hgMvy0ffxhAAX8mA1cr&tp=16&oh=3e83f483eea4ca8923b1eb7b8994a522&oe=5FB5A7FB"
                },
                {
                    "config_height": 640,
                    "config_width": 640,
                    "src": "https://instagram.fabe1-1.fna.fbcdn.net/v/t51.2885-15/sh0.08/e35/c70.0.939.939a/s640x640/121715921_346261310153817_2271889382707398558_n.jpg?_nc_ht=instagram.fabe1-1.fna.fbcdn.net&_nc_cat=109&_nc_ohc=hgMvy0ffxhAAX8mA1cr&oh=c472164fd048f933f433d44b4ae82a30&oe=5FB557F2"
                }
            ],
            "thumbnail_src": "https://instagram.fabe1-1.fna.fbcdn.net/v/t51.2885-15/sh0.08/e35/c70.0.939.939a/s640x640/121715921_346261310153817_2271889382707398558_n.jpg?_nc_ht=instagram.fabe1-1.fna.fbcdn.net&_nc_cat=109&_nc_ohc=hgMvy0ffxhAAX8mA1cr&oh=c472164fd048f933f433d44b4ae82a30&oe=5FB557F2",
            "urls": [
                "https://instagram.fabe1-1.fna.fbcdn.net/v/t51.2885-15/e35/121715921_346261310153817_2271889382707398558_n.jpg?_nc_ht=instagram.fabe1-1.fna.fbcdn.net&_nc_cat=109&_nc_ohc=hgMvy0ffxhAAX8mA1cr&_nc_tp=18&oh=b148e5341ab060a718f8bf0989beebcf&oe=5FB4311D"
            ]
        },
        {
            "comments_disabled": false,
            "dimensions": {
                "height": 1349,
                "width": 1080
            },
            "display_url": "https://instagram.fabe1-1.fna.fbcdn.net/v/t51.2885-15/e35/p1080x1080/121658916_756993878214348_3070844441260847576_n.jpg?_nc_ht=instagram.fabe1-1.fna.fbcdn.net&_nc_cat=100&_nc_ohc=JdY8xysCneUAX8ZxxSS&tp=19&oh=7f41bc8837d09116d1d910f7fb9c4e97&oe=5FB4F0C9",
            "edge_liked_by": {
                "count": 5
            },
            "edge_media_preview_like": {
                "count": 5
            },
            "edge_media_to_caption": {
                "edges": [
                    {
                        "node": {
                            "text": "🍀🍀🍀\n.⁣\n.⁣\n.⁣\n.⁣\n.⁣\n#tumblr #aesthetic #baddies #beauty #fashion #style #instagrammodel #instabaddie #photography #girls #mua #girl #highlight #model #likeforlike #photooftheday #ootd #sexy #instamodel #makeuplover #viral #cute #baddie #selfie #makeup #love #explore #fashionblogger #beautiful #explorepage"
                        }
                    }
                ]
            },
            "edge_media_to_comment": {
                "count": 1
            },
            "id": "2421578843535709298",
            "is_video": false,
            "owner": {
                "id": "40040875782"
            },
            "shortcode": "CGbLSDMjBRy",
            "tags": [
                "love",
                "fashionblogger",
                "baddie",
                "fashion",
                "girl",
                "baddies",
                "photooftheday",
                "girls",
                "beauty",
                "photography",
                "cute",
                "instagrammodel",
                "instabaddie",
                "viral",
                "makeup",
                "sexy",
                "model",
                "explore",
                "instamodel",
                "ootd",
                "style",
                "aesthetic",
                "highlight",
                "tumblr",
                "mua",
                "selfie",
                "explorepage",
                "makeuplover",
                "likeforlike",
                "beautiful"
            ],
            "taken_at_timestamp": 1602894715,
            "thumbnail_resources": [
                {
                    "config_height": 150,
                    "config_width": 150,
                    "src": "https://instagram.fabe1-1.fna.fbcdn.net/v/t51.2885-15/e35/c0.175.1406.1406a/s150x150/121658916_756993878214348_3070844441260847576_n.jpg?_nc_ht=instagram.fabe1-1.fna.fbcdn.net&_nc_cat=100&_nc_ohc=JdY8xysCneUAX8ZxxSS&tp=16&oh=0398a47917ad9ade8bc87f40c9e66473&oe=5FB3AD18"
                },
                {
                    "config_height": 240,
                    "config_width": 240,
                    "src": "https://instagram.fabe1-1.fna.fbcdn.net/v/t51.2885-15/e35/c0.175.1406.1406a/s240x240/121658916_756993878214348_3070844441260847576_n.jpg?_nc_ht=instagram.fabe1-1.fna.fbcdn.net&_nc_cat=100&_nc_ohc=JdY8xysCneUAX8ZxxSS&tp=16&oh=3376c691d6f543e0c99cf5e89c0b5177&oe=5FB46012"
                },
                {
                    "config_height": 320,
                    "config_width": 320,
                    "src": "https://instagram.fabe1-1.fna.fbcdn.net/v/t51.2885-15/e35/c0.175.1406.1406a/s320x320/121658916_756993878214348_3070844441260847576_n.jpg?_nc_ht=instagram.fabe1-1.fna.fbcdn.net&_nc_cat=100&_nc_ohc=JdY8xysCneUAX8ZxxSS&tp=16&oh=bdb5a22ab92f1be54d4d114e203f87ff&oe=5FB2C870"
                },
                {
                    "config_height": 480,
                    "config_width": 480,
                    "src": "https://instagram.fabe1-1.fna.fbcdn.net/v/t51.2885-15/e35/c0.175.1406.1406a/s480x480/121658916_756993878214348_3070844441260847576_n.jpg?_nc_ht=instagram.fabe1-1.fna.fbcdn.net&_nc_cat=100&_nc_ohc=JdY8xysCneUAX8ZxxSS&tp=16&oh=f823f9b8a8b5c1d5f50e51cd7b789554&oe=5FB52229"
                },
                {
                    "config_height": 640,
                    "config_width": 640,
                    "src": "https://instagram.fabe1-1.fna.fbcdn.net/v/t51.2885-15/sh0.08/e35/c0.175.1406.1406a/s640x640/121658916_756993878214348_3070844441260847576_n.jpg?_nc_ht=instagram.fabe1-1.fna.fbcdn.net&_nc_cat=100&_nc_ohc=JdY8xysCneUAX8ZxxSS&oh=734cfcadaf5cff69144d9bf41fac132e&oe=5FB4B0A8"
                }
            ],
            "thumbnail_src": "https://instagram.fabe1-1.fna.fbcdn.net/v/t51.2885-15/sh0.08/e35/c0.175.1406.1406a/s640x640/121658916_756993878214348_3070844441260847576_n.jpg?_nc_ht=instagram.fabe1-1.fna.fbcdn.net&_nc_cat=100&_nc_ohc=JdY8xysCneUAX8ZxxSS&oh=734cfcadaf5cff69144d9bf41fac132e&oe=5FB4B0A8",
            "urls": [
                "https://instagram.fabe1-1.fna.fbcdn.net/v/t51.2885-15/e35/p1080x1080/121658916_756993878214348_3070844441260847576_n.jpg?_nc_ht=instagram.fabe1-1.fna.fbcdn.net&_nc_cat=100&_nc_ohc=JdY8xysCneUAX8ZxxSS&tp=19&oh=7f41bc8837d09116d1d910f7fb9c4e97&oe=5FB4F0C9"
            ]
        }
    ]
}