{
    "GraphImages": [
        {
            "comments_disabled": false,
            "dimensions": {
                "height": 1080,
                "width": 1080
            },
            "display_url": "https://instagram.fabe1-1.fna.fbcdn.net/v/t51.2885-15/e35/121581893_965138567299569_2176689107743334_n.jpg?_nc_ht=instagram.fabe1-1.fna.fbcdn.net&_nc_cat=109&_nc_ohc=_Z4URG6mLhsAX90wto3&_nc_tp=18&oh=143decd9ecb12897d314fd3d7596f9cd&oe=5FB1EBEA",
            "edge_liked_by": {
                "count": 0
            },
            "edge_media_preview_like": {
                "count": 0
            },
            "edge_media_to_caption": {
                "edges": [
                    {
                        "node": {
                            "text": "🏖 W E E K E N D  V I B E S @solandsorbet ⛱ #weekend #beachvibes #miamivibes #resortwear #funinthesun #summer #sunning #vacationmode #workmode #islandlife #beachlife #swimwear #bikini #instafashion #style #fashion #fashionblogger #beachvibes  #photooftheday #beachbabe #picoftheday#summervibes #miami  #miamidesigners #miamistyle #miamilife #miamibeach #summerstyle #miamilocal #lovesolansorbet 💕☀️🍧"
                        }
                    }
                ]
            },
            "edge_media_to_comment": {
                "count": 0
            },
            "id": "2421391951625760596",
            "is_video": false,
            "owner": {
                "id": "1560641242"
            },
            "shortcode": "CGagyaipK9U",
            "tags": [
                "lovesolansorbet",
                "style",
                "beachbabe",
                "fashionblogger",
                "funinthesun",
                "miami",
                "miamilocal",
                "sunning",
                "beachlife",
                "workmode",
                "photooftheday",
                "weekend",
                "picoftheday",
                "summerstyle",
                "miamistyle",
                "islandlife",
                "instafashion",
                "fashion",
                "miamivibes",
                "miamidesigners",
                "miamilife",
                "resortwear",
                "beachvibes",
                "bikini",
                "summervibes",
                "vacationmode",
                "swimwear",
                "miamibeach",
                "summer"
            ],
            "taken_at_timestamp": 1602872435,
            "thumbnail_resources": [
                {
                    "config_height": 150,
                    "config_width": 150,
                    "src": "https://instagram.fabe1-1.fna.fbcdn.net/v/t51.2885-15/e35/s150x150/121581893_965138567299569_2176689107743334_n.jpg?_nc_ht=instagram.fabe1-1.fna.fbcdn.net&_nc_cat=109&_nc_ohc=_Z4URG6mLhsAX90wto3&_nc_tp=15&oh=bb2024cf24491ef801f40aec7c74c589&oe=5FB2676D"
                },
                {
                    "config_height": 240,
                    "config_width": 240,
                    "src": "https://instagram.fabe1-1.fna.fbcdn.net/v/t51.2885-15/e35/s240x240/121581893_965138567299569_2176689107743334_n.jpg?_nc_ht=instagram.fabe1-1.fna.fbcdn.net&_nc_cat=109&_nc_ohc=_Z4URG6mLhsAX90wto3&_nc_tp=15&oh=958a6a72b2b41a6151bac4e5e4b4e4ae&oe=5FB1EA82"
                },
                {
                    "config_height": 320,
                    "config_width": 320,
                    "src": "https://instagram.fabe1-1.fna.fbcdn.net/v/t51.2885-15/e35/s320x320/121581893_965138567299569_2176689107743334_n.jpg?_nc_ht=instagram.fabe1-1.fna.fbcdn.net&_nc_cat=109&_nc_ohc=_Z4URG6mLhsAX90wto3&_nc_tp=15&oh=e000a75f83c5bf1009fbc24ea75be2fa&oe=5FB3D713"
                },
                {
                    "config_height": 480,
                    "config_width": 480,
                    "src": "https://instagram.fabe1-1.fna.fbcdn.net/v/t51.2885-15/e35/s480x480/121581893_965138567299569_2176689107743334_n.jpg?_nc_ht=instagram.fabe1-1.fna.fbcdn.net&_nc_cat=109&_nc_ohc=_Z4URG6mLhsAX90wto3&_nc_tp=15&oh=c3a5d8a02b9ec77d43ca58811dc0c784&oe=5FB4770F"
                },
                {
                    "config_height": 640,
                    "config_width": 640,
                    "src": "https://instagram.fabe1-1.fna.fbcdn.net/v/t51.2885-15/sh0.08/e35/s640x640/121581893_965138567299569_2176689107743334_n.jpg?_nc_ht=instagram.fabe1-1.fna.fbcdn.net&_nc_cat=109&_nc_ohc=_Z4URG6mLhsAX90wto3&_nc_tp=24&oh=c4644382edb42181822bfee53dcbcfae&oe=5FB50528"
                }
            ],
            "thumbnail_src": "https://instagram.fabe1-1.fna.fbcdn.net/v/t51.2885-15/sh0.08/e35/s640x640/121581893_965138567299569_2176689107743334_n.jpg?_nc_ht=instagram.fabe1-1.fna.fbcdn.net&_nc_cat=109&_nc_ohc=_Z4URG6mLhsAX90wto3&_nc_tp=24&oh=c4644382edb42181822bfee53dcbcfae&oe=5FB50528",
            "urls": [
                "https://instagram.fabe1-1.fna.fbcdn.net/v/t51.2885-15/e35/121581893_965138567299569_2176689107743334_n.jpg?_nc_ht=instagram.fabe1-1.fna.fbcdn.net&_nc_cat=109&_nc_ohc=_Z4URG6mLhsAX90wto3&_nc_tp=18&oh=143decd9ecb12897d314fd3d7596f9cd&oe=5FB1EBEA"
            ]
        },
        {
            "comments_disabled": false,
            "dimensions": {
                "height": 854,
                "width": 1080
            },
            "display_url": "https://instagram.fabe1-1.fna.fbcdn.net/v/t51.2885-15/e35/s1080x1080/121705295_351844252801356_6099992296290774203_n.jpg?_nc_ht=instagram.fabe1-1.fna.fbcdn.net&_nc_cat=100&_nc_ohc=q0nBEEpzAXQAX8oU7s_&_nc_tp=15&oh=2ceea1767ad3f364a68e79b72aaf7977&oe=5FB1EB65",
            "edge_liked_by": {
                "count": 1
            },
            "edge_media_preview_like": {
                "count": 1
            },
            "edge_media_to_caption": {
                "edges": [
                    {
                        "node": {
                            "text": "Beautiful industrial Kitchen that we design for a special client 👨🏼‍🍳\n.\n.\n.\n#industrialdesign #industrialdecor #kitchendesign #kitchenremodel #kitchen #interiordesign #design #l4likes #l4l #architecture"
                        }
                    }
                ]
            },
            "edge_media_to_comment": {
                "count": 0
            },
            "id": "2421391700185125351",
            "is_video": false,
            "owner": {
                "id": "1381773691"
            },
            "shortcode": "CGaguwXnRHn",
            "tags": [
                "kitchenremodel",
                "kitchen",
                "interiordesign",
                "design",
                "kitchendesign",
                "l4likes",
                "architecture",
                "industrialdesign",
                "l4l",
                "industrialdecor"
            ],
            "taken_at_timestamp": 1602872406,
            "thumbnail_resources": [
                {
                    "config_height": 150,
                    "config_width": 150,
                    "src": "https://instagram.fabe1-1.fna.fbcdn.net/v/t51.2885-15/e35/c150.0.1139.1139a/s150x150/121705295_351844252801356_6099992296290774203_n.jpg?_nc_ht=instagram.fabe1-1.fna.fbcdn.net&_nc_cat=100&_nc_ohc=q0nBEEpzAXQAX8oU7s_&tp=16&oh=1ca569015236a8a2cc10e566dbc1154f&oe=5FB47376"
                },
                {
                    "config_height": 240,
                    "config_width": 240,
                    "src": "https://instagram.fabe1-1.fna.fbcdn.net/v/t51.2885-15/e35/c150.0.1139.1139a/s240x240/121705295_351844252801356_6099992296290774203_n.jpg?_nc_ht=instagram.fabe1-1.fna.fbcdn.net&_nc_cat=100&_nc_ohc=q0nBEEpzAXQAX8oU7s_&tp=16&oh=72ee67e931f7f504db845e9fb5a067a2&oe=5FB19AF4"
                },
                {
                    "config_height": 320,
                    "config_width": 320,
                    "src": "https://instagram.fabe1-1.fna.fbcdn.net/v/t51.2885-15/e35/c150.0.1139.1139a/s320x320/121705295_351844252801356_6099992296290774203_n.jpg?_nc_ht=instagram.fabe1-1.fna.fbcdn.net&_nc_cat=100&_nc_ohc=q0nBEEpzAXQAX8oU7s_&tp=16&oh=60a881e0b60c2fd2b286b7918deb1f83&oe=5FB53F0E"
                },
                {
                    "config_height": 480,
                    "config_width": 480,
                    "src": "https://instagram.fabe1-1.fna.fbcdn.net/v/t51.2885-15/e35/c150.0.1139.1139a/s480x480/121705295_351844252801356_6099992296290774203_n.jpg?_nc_ht=instagram.fabe1-1.fna.fbcdn.net&_nc_cat=100&_nc_ohc=q0nBEEpzAXQAX8oU7s_&tp=16&oh=25315e28af1d4024fdb317f38cf17693&oe=5FB2BD4B"
                },
                {
                    "config_height": 640,
                    "config_width": 640,
                    "src": "https://instagram.fabe1-1.fna.fbcdn.net/v/t51.2885-15/sh0.08/e35/c150.0.1139.1139a/s640x640/121705295_351844252801356_6099992296290774203_n.jpg?_nc_ht=instagram.fabe1-1.fna.fbcdn.net&_nc_cat=100&_nc_ohc=q0nBEEpzAXQAX8oU7s_&oh=6a9d9b60a75859a41ee8e2b363e3a79d&oe=5FB38246"
                }
            ],
            "thumbnail_src": "https://instagram.fabe1-1.fna.fbcdn.net/v/t51.2885-15/sh0.08/e35/c150.0.1139.1139a/s640x640/121705295_351844252801356_6099992296290774203_n.jpg?_nc_ht=instagram.fabe1-1.fna.fbcdn.net&_nc_cat=100&_nc_ohc=q0nBEEpzAXQAX8oU7s_&oh=6a9d9b60a75859a41ee8e2b363e3a79d&oe=5FB38246",
            "urls": [
                "https://instagram.fabe1-1.fna.fbcdn.net/v/t51.2885-15/e35/s1080x1080/121705295_351844252801356_6099992296290774203_n.jpg?_nc_ht=instagram.fabe1-1.fna.fbcdn.net&_nc_cat=100&_nc_ohc=q0nBEEpzAXQAX8oU7s_&_nc_tp=15&oh=2ceea1767ad3f364a68e79b72aaf7977&oe=5FB1EB65"
            ]
        },
        {
            "comments_disabled": false,
            "dimensions": {
                "height": 750,
                "width": 750
            },
            "display_url": "https://instagram.fabe1-1.fna.fbcdn.net/v/t51.2885-15/e35/121531725_338161817261447_1345846071169383630_n.jpg?_nc_ht=instagram.fabe1-1.fna.fbcdn.net&_nc_cat=111&_nc_ohc=5n_fSzw_qGkAX_jRvHi&_nc_tp=18&oh=731e893921a1fe230d166011bcb4eb80&oe=5F8C1244",
            "edge_liked_by": {
                "count": 0
            },
            "edge_media_preview_like": {
                "count": 0
            },
            "edge_media_to_caption": {
                "edges": [
                    {
                        "node": {
                            "text": "Yacht parts available. \n#vote #miamibeach #events #miami #miami🌴 #miamiheat #southbeach #yachts #poolparty #entertainment #health #crossfit #fun #beach #LivMiami"
                        }
                    }
                ]
            },
            "edge_media_to_comment": {
                "count": 0
            },
            "id": "2421391241681055235",
            "is_video": true,
            "owner": {
                "id": "41618003241"
            },
            "shortcode": "CGagoFWpC4D",
            "tags": [
                "vote",
                "fun",
                "LivMiami",
                "health",
                "yachts",
                "miamiheat",
                "southbeach",
                "entertainment",
                "crossfit",
                "poolparty",
                "miamibeach",
                "beach",
                "events",
                "miami"
            ],
            "taken_at_timestamp": 1602872383,
            "thumbnail_resources": [
                {
                    "config_height": 150,
                    "config_width": 150,
                    "src": "https://instagram.fabe1-1.fna.fbcdn.net/v/t51.2885-15/e35/s150x150/121531725_338161817261447_1345846071169383630_n.jpg?_nc_ht=instagram.fabe1-1.fna.fbcdn.net&_nc_cat=111&_nc_ohc=5n_fSzw_qGkAX_jRvHi&_nc_tp=15&oh=2a358a77d0a6f460fdb153023a10bbc5&oe=5F8C4A3D"
                },
                {
                    "config_height": 240,
                    "config_width": 240,
                    "src": "https://instagram.fabe1-1.fna.fbcdn.net/v/t51.2885-15/e35/s240x240/121531725_338161817261447_1345846071169383630_n.jpg?_nc_ht=instagram.fabe1-1.fna.fbcdn.net&_nc_cat=111&_nc_ohc=5n_fSzw_qGkAX_jRvHi&_nc_tp=15&oh=2474fc47b9a079cbc2e30cdc9146679a&oe=5F8C48FB"
                },
                {
                    "config_height": 320,
                    "config_width": 320,
                    "src": "https://instagram.fabe1-1.fna.fbcdn.net/v/t51.2885-15/e35/s320x320/121531725_338161817261447_1345846071169383630_n.jpg?_nc_ht=instagram.fabe1-1.fna.fbcdn.net&_nc_cat=111&_nc_ohc=5n_fSzw_qGkAX_jRvHi&_nc_tp=15&oh=ae93e6502f47906e00a66cae04f4e6c2&oe=5F8C6585"
                },
                {
                    "config_height": 480,
                    "config_width": 480,
                    "src": "https://instagram.fabe1-1.fna.fbcdn.net/v/t51.2885-15/e35/s480x480/121531725_338161817261447_1345846071169383630_n.jpg?_nc_ht=instagram.fabe1-1.fna.fbcdn.net&_nc_cat=111&_nc_ohc=5n_fSzw_qGkAX_jRvHi&_nc_tp=15&oh=89854c3e230dae53e28f83eef98ded89&oe=5F8C06C4"
                },
                {
                    "config_height": 640,
                    "config_width": 640,
                    "src": "https://instagram.fabe1-1.fna.fbcdn.net/v/t51.2885-15/sh0.08/e35/s640x640/121531725_338161817261447_1345846071169383630_n.jpg?_nc_ht=instagram.fabe1-1.fna.fbcdn.net&_nc_cat=111&_nc_ohc=5n_fSzw_qGkAX_jRvHi&_nc_tp=24&oh=ae2a518a3df16ace316cf131dbec8ec8&oe=5F8C417A"
                }
            ],
            "thumbnail_src": "https://instagram.fabe1-1.fna.fbcdn.net/v/t51.2885-15/sh0.08/e35/s640x640/121531725_338161817261447_1345846071169383630_n.jpg?_nc_ht=instagram.fabe1-1.fna.fbcdn.net&_nc_cat=111&_nc_ohc=5n_fSzw_qGkAX_jRvHi&_nc_tp=24&oh=ae2a518a3df16ace316cf131dbec8ec8&oe=5F8C417A",
            "urls": [
                "https://instagram.fabe1-1.fna.fbcdn.net/v/t50.2886-16/121641720_968586836964737_2504631831496410569_n.mp4?_nc_ht=instagram.fabe1-1.fna.fbcdn.net&_nc_cat=105&_nc_ohc=44t3ouLUVY8AX9wY08m&oe=5F8C1AD7&oh=a63d824848ba6e00dce47279bad588cc"
            ],
            "video_view_count": 0
        }
    ]
}