{
    "GraphImages": [
        {
            "comments_disabled": false,
            "dimensions": {
                "height": 937,
                "width": 750
            },
            "display_url": "https://instagram.fabe1-1.fna.fbcdn.net/v/t51.2885-15/e35/121582229_932955317193576_3463734686485462936_n.jpg?_nc_ht=instagram.fabe1-1.fna.fbcdn.net&_nc_cat=100&_nc_ohc=0HdXQuwpymIAX__-43m&_nc_tp=18&oh=53dfa51d76c93c60560e3a886a825f11&oe=5F8C9A06",
            "edge_liked_by": {
                "count": 0
            },
            "edge_media_preview_like": {
                "count": 0
            },
            "edge_media_to_caption": {
                "edges": [
                    {
                        "node": {
                            "text": "Las cosas pasan por algo y el tiempo te mostrará porque.🍀"
                        }
                    }
                ]
            },
            "edge_media_to_comment": {
                "count": 0
            },
            "id": "2421625203764619571",
            "is_video": true,
            "owner": {
                "id": "5956766288"
            },
            "shortcode": "CGbV0rhhekz",
            "tags": [],
            "taken_at_timestamp": 1602900290,
            "thumbnail_resources": [
                {
                    "config_height": 150,
                    "config_width": 150,
                    "src": "https://instagram.fabe1-1.fna.fbcdn.net/v/t51.2885-15/e35/c0.90.720.720a/s150x150/121582229_932955317193576_3463734686485462936_n.jpg?_nc_ht=instagram.fabe1-1.fna.fbcdn.net&_nc_cat=100&_nc_ohc=0HdXQuwpymIAX__-43m&tp=16&oh=f6340e59d449223c42767082d1516f09&oe=5F8CD41D"
                },
                {
                    "config_height": 240,
                    "config_width": 240,
                    "src": "https://instagram.fabe1-1.fna.fbcdn.net/v/t51.2885-15/e35/c0.90.720.720a/s240x240/121582229_932955317193576_3463734686485462936_n.jpg?_nc_ht=instagram.fabe1-1.fna.fbcdn.net&_nc_cat=100&_nc_ohc=0HdXQuwpymIAX__-43m&tp=16&oh=5c3c66c43fb4716a263df12674a3775e&oe=5F8CD59B"
                },
                {
                    "config_height": 320,
                    "config_width": 320,
                    "src": "https://instagram.fabe1-1.fna.fbcdn.net/v/t51.2885-15/e35/c0.90.720.720a/s320x320/121582229_932955317193576_3463734686485462936_n.jpg?_nc_ht=instagram.fabe1-1.fna.fbcdn.net&_nc_cat=100&_nc_ohc=0HdXQuwpymIAX__-43m&tp=16&oh=ed9ae67514bf6fb35a654dd4d119e57d&oe=5F8CEA65"
                },
                {
                    "config_height": 480,
                    "config_width": 480,
                    "src": "https://instagram.fabe1-1.fna.fbcdn.net/v/t51.2885-15/e35/c0.90.720.720a/s480x480/121582229_932955317193576_3463734686485462936_n.jpg?_nc_ht=instagram.fabe1-1.fna.fbcdn.net&_nc_cat=100&_nc_ohc=0HdXQuwpymIAX__-43m&tp=16&oh=fb329f5a123aecac5a96b42d4a8ab7fb&oe=5F8CD7E4"
                },
                {
                    "config_height": 640,
                    "config_width": 640,
                    "src": "https://instagram.fabe1-1.fna.fbcdn.net/v/t51.2885-15/sh0.08/e35/c0.90.720.720a/s640x640/121582229_932955317193576_3463734686485462936_n.jpg?_nc_ht=instagram.fabe1-1.fna.fbcdn.net&_nc_cat=100&_nc_ohc=0HdXQuwpymIAX__-43m&oh=697799ddb7c43e9488db3f9948c69a78&oe=5F8C65A9"
                }
            ],
            "thumbnail_src": "https://instagram.fabe1-1.fna.fbcdn.net/v/t51.2885-15/sh0.08/e35/c0.90.720.720a/s640x640/121582229_932955317193576_3463734686485462936_n.jpg?_nc_ht=instagram.fabe1-1.fna.fbcdn.net&_nc_cat=100&_nc_ohc=0HdXQuwpymIAX__-43m&oh=697799ddb7c43e9488db3f9948c69a78&oe=5F8C65A9",
            "urls": [
                "https://instagram.fabe1-1.fna.fbcdn.net/v/t50.2886-16/121724435_662950821325943_3223802517569979265_n.mp4?_nc_ht=instagram.fabe1-1.fna.fbcdn.net&_nc_cat=111&_nc_ohc=kwt5Oc9EK3kAX9kgYB8&oe=5F8C5912&oh=8b0a01653c621f07e5acade7a2cf5ab3"
            ],
            "video_view_count": 0
        },
        {
            "comments_disabled": false,
            "dimensions": {
                "height": 1080,
                "width": 1080
            },
            "display_url": "https://instagram.fabe1-1.fna.fbcdn.net/v/t51.2885-15/e35/s1080x1080/121599501_358793485363480_5257700982389545663_n.jpg?_nc_ht=instagram.fabe1-1.fna.fbcdn.net&_nc_cat=104&_nc_ohc=YqQ4m_X5RvIAX9SOOoO&_nc_tp=15&oh=02895e0639ae026d4f5cbc76b297aab9&oe=5FB46AAC",
            "edge_liked_by": {
                "count": 4
            },
            "edge_media_preview_like": {
                "count": 4
            },
            "edge_media_to_caption": {
                "edges": [
                    {
                        "node": {
                            "text": "Vivimos en un mundo donde todo tiene precio, pero casi nadie tiene valor y las pocas cosas que tienen valor , pocos lo saben apreciar.\n\n#reflection #valor #valorarse #undíaalavez #vive #sueña #disfruta #relax #miamilife #miamibeach #florida"
                        }
                    }
                ]
            },
            "edge_media_to_comment": {
                "count": 1
            },
            "id": "2421624601949713918",
            "is_video": false,
            "owner": {
                "id": "221102735"
            },
            "shortcode": "CGbVr7CjzX-",
            "tags": [
                "miamilife",
                "reflection",
                "undíaalavez",
                "florida",
                "disfruta",
                "miamibeach",
                "valor",
                "sueña",
                "relax",
                "valorarse",
                "vive"
            ],
            "taken_at_timestamp": 1602900170,
            "thumbnail_resources": [
                {
                    "config_height": 150,
                    "config_width": 150,
                    "src": "https://instagram.fabe1-1.fna.fbcdn.net/v/t51.2885-15/e35/s150x150/121599501_358793485363480_5257700982389545663_n.jpg?_nc_ht=instagram.fabe1-1.fna.fbcdn.net&_nc_cat=104&_nc_ohc=YqQ4m_X5RvIAX9SOOoO&_nc_tp=15&oh=a401bfd71a9f9ff1affe071f43570e28&oe=5FB3806B"
                },
                {
                    "config_height": 240,
                    "config_width": 240,
                    "src": "https://instagram.fabe1-1.fna.fbcdn.net/v/t51.2885-15/e35/s240x240/121599501_358793485363480_5257700982389545663_n.jpg?_nc_ht=instagram.fabe1-1.fna.fbcdn.net&_nc_cat=104&_nc_ohc=YqQ4m_X5RvIAX9SOOoO&_nc_tp=15&oh=e5645bbeaf983f7d017dc62f2cee7780&oe=5FB364ED"
                },
                {
                    "config_height": 320,
                    "config_width": 320,
                    "src": "https://instagram.fabe1-1.fna.fbcdn.net/v/t51.2885-15/e35/s320x320/121599501_358793485363480_5257700982389545663_n.jpg?_nc_ht=instagram.fabe1-1.fna.fbcdn.net&_nc_cat=104&_nc_ohc=YqQ4m_X5RvIAX9SOOoO&_nc_tp=15&oh=51f3e9ea3796474639ba40adeabcd3f3&oe=5FB49393"
                },
                {
                    "config_height": 480,
                    "config_width": 480,
                    "src": "https://instagram.fabe1-1.fna.fbcdn.net/v/t51.2885-15/e35/s480x480/121599501_358793485363480_5257700982389545663_n.jpg?_nc_ht=instagram.fabe1-1.fna.fbcdn.net&_nc_cat=104&_nc_ohc=YqQ4m_X5RvIAX9SOOoO&_nc_tp=15&oh=c92fa4e43b52271a0904e5031220126f&oe=5FB53556"
                },
                {
                    "config_height": 640,
                    "config_width": 640,
                    "src": "https://instagram.fabe1-1.fna.fbcdn.net/v/t51.2885-15/sh0.08/e35/s640x640/121599501_358793485363480_5257700982389545663_n.jpg?_nc_ht=instagram.fabe1-1.fna.fbcdn.net&_nc_cat=104&_nc_ohc=YqQ4m_X5RvIAX9SOOoO&_nc_tp=24&oh=56103fd31ae21065ac6eb725fbc39c3e&oe=5FB1E270"
                }
            ],
            "thumbnail_src": "https://instagram.fabe1-1.fna.fbcdn.net/v/t51.2885-15/sh0.08/e35/s640x640/121599501_358793485363480_5257700982389545663_n.jpg?_nc_ht=instagram.fabe1-1.fna.fbcdn.net&_nc_cat=104&_nc_ohc=YqQ4m_X5RvIAX9SOOoO&_nc_tp=24&oh=56103fd31ae21065ac6eb725fbc39c3e&oe=5FB1E270",
            "urls": [
                "https://instagram.fabe1-1.fna.fbcdn.net/v/t51.2885-15/e35/s1080x1080/121599501_358793485363480_5257700982389545663_n.jpg?_nc_ht=instagram.fabe1-1.fna.fbcdn.net&_nc_cat=104&_nc_ohc=YqQ4m_X5RvIAX9SOOoO&_nc_tp=15&oh=02895e0639ae026d4f5cbc76b297aab9&oe=5FB46AAC"
            ]
        }
    ]
}