{
    "GraphImages": [
        {
            "comments_disabled": false,
            "dimensions": {
                "height": 1349,
                "width": 1080
            },
            "display_url": "https://instagram.fabe1-1.fna.fbcdn.net/v/t51.2885-15/e35/p1080x1080/121664005_744062689786448_1081813326532784471_n.jpg?_nc_ht=instagram.fabe1-1.fna.fbcdn.net&_nc_cat=108&_nc_ohc=0PKTiTQN8rgAX9CAO9k&tp=19&oh=01aa324b6d109a057c1e6cf3295399c7&oe=5FB3BAC0",
            "edge_liked_by": {
                "count": 1
            },
            "edge_media_preview_like": {
                "count": 1
            },
            "edge_media_to_caption": {
                "edges": [
                    {
                        "node": {
                            "text": "At It Again 🌴✨"
                        }
                    }
                ]
            },
            "edge_media_to_comment": {
                "count": 1
            },
            "id": "2421614826779555372",
            "is_video": false,
            "owner": {
                "id": "13843675"
            },
            "shortcode": "CGbTdrNA7Ys",
            "tags": [],
            "taken_at_timestamp": 1602899004,
            "thumbnail_resources": [
                {
                    "config_height": 150,
                    "config_width": 150,
                    "src": "https://instagram.fabe1-1.fna.fbcdn.net/v/t51.2885-15/e35/c0.179.1440.1440a/s150x150/121664005_744062689786448_1081813326532784471_n.jpg?_nc_ht=instagram.fabe1-1.fna.fbcdn.net&_nc_cat=108&_nc_ohc=0PKTiTQN8rgAX9CAO9k&tp=16&oh=d74dba651e287faa6f101864dbcb6be8&oe=5FB205D0"
                },
                {
                    "config_height": 240,
                    "config_width": 240,
                    "src": "https://instagram.fabe1-1.fna.fbcdn.net/v/t51.2885-15/e35/c0.179.1440.1440a/s240x240/121664005_744062689786448_1081813326532784471_n.jpg?_nc_ht=instagram.fabe1-1.fna.fbcdn.net&_nc_cat=108&_nc_ohc=0PKTiTQN8rgAX9CAO9k&tp=16&oh=ed5c213561f8a0bbd5b141a7b39b07c0&oe=5FB593CA"
                },
                {
                    "config_height": 320,
                    "config_width": 320,
                    "src": "https://instagram.fabe1-1.fna.fbcdn.net/v/t51.2885-15/e35/c0.179.1440.1440a/s320x320/121664005_744062689786448_1081813326532784471_n.jpg?_nc_ht=instagram.fabe1-1.fna.fbcdn.net&_nc_cat=108&_nc_ohc=0PKTiTQN8rgAX9CAO9k&tp=16&oh=24dbfaf7455bf2a46f5b980cb78fa54e&oe=5FB4FDB8"
                },
                {
                    "config_height": 480,
                    "config_width": 480,
                    "src": "https://instagram.fabe1-1.fna.fbcdn.net/v/t51.2885-15/e35/c0.179.1440.1440a/s480x480/121664005_744062689786448_1081813326532784471_n.jpg?_nc_ht=instagram.fabe1-1.fna.fbcdn.net&_nc_cat=108&_nc_ohc=0PKTiTQN8rgAX9CAO9k&tp=16&oh=035aa925a05e24b3ea67267c7c0a4211&oe=5FB32BF1"
                },
                {
                    "config_height": 640,
                    "config_width": 640,
                    "src": "https://instagram.fabe1-1.fna.fbcdn.net/v/t51.2885-15/sh0.08/e35/c0.179.1440.1440a/s640x640/121664005_744062689786448_1081813326532784471_n.jpg?_nc_ht=instagram.fabe1-1.fna.fbcdn.net&_nc_cat=108&_nc_ohc=0PKTiTQN8rgAX9CAO9k&oh=cdb80f7fcf5ac02356048ef7eb95ff98&oe=5FB25A80"
                }
            ],
            "thumbnail_src": "https://instagram.fabe1-1.fna.fbcdn.net/v/t51.2885-15/sh0.08/e35/c0.179.1440.1440a/s640x640/121664005_744062689786448_1081813326532784471_n.jpg?_nc_ht=instagram.fabe1-1.fna.fbcdn.net&_nc_cat=108&_nc_ohc=0PKTiTQN8rgAX9CAO9k&oh=cdb80f7fcf5ac02356048ef7eb95ff98&oe=5FB25A80",
            "urls": [
                "https://instagram.fabe1-1.fna.fbcdn.net/v/t51.2885-15/e35/p1080x1080/121664005_744062689786448_1081813326532784471_n.jpg?_nc_ht=instagram.fabe1-1.fna.fbcdn.net&_nc_cat=108&_nc_ohc=0PKTiTQN8rgAX9CAO9k&tp=19&oh=01aa324b6d109a057c1e6cf3295399c7&oe=5FB3BAC0"
            ]
        },
        {
            "comments_disabled": false,
            "dimensions": {
                "height": 1080,
                "width": 1080
            },
            "display_url": "https://instagram.fabe1-1.fna.fbcdn.net/v/t51.2885-15/e35/s1080x1080/121653089_533231610876359_1611995913509868138_n.jpg?_nc_ht=instagram.fabe1-1.fna.fbcdn.net&_nc_cat=111&_nc_ohc=bkPe8bux-4sAX9CyuJY&_nc_tp=15&oh=b642bdf7bfdfa0cf21f83ca54cd658b4&oe=5FB1EF1B",
            "edge_liked_by": {
                "count": 0
            },
            "edge_media_preview_like": {
                "count": 0
            },
            "edge_media_to_caption": {
                "edges": [
                    {
                        "node": {
                            "text": "Grow baby, grow. \n\nIt is so important that we find a way to grow even in the most difficult situations.  Do not let difficult circumstances change who you are.  Learn from each experience, become stronger and better, and grow. \n\nAlways here backing you up and cheering you on. \n\nFor positive vibes and empowering & inspiring children’s books .... follow @thebebooks \n\nAll books Available on Amazon (worldwide) by searching Lauren Grabois Fischer and in the USA - www.thebebooks.com\n\n#thebebooks #bethelightbethechange #laurengraboisfischer #picturebooks #childrensbooks #bestkidsbooks \n#grow #moms #teachers #socialemotionallearning"
                        }
                    }
                ]
            },
            "edge_media_to_comment": {
                "count": 0
            },
            "id": "2421614334443541751",
            "is_video": false,
            "owner": {
                "id": "2533923532"
            },
            "shortcode": "CGbTWgrgFT3",
            "tags": [
                "laurengraboisfischer",
                "childrensbooks",
                "bestkidsbooks",
                "picturebooks",
                "socialemotionallearning",
                "grow",
                "bethelightbethechange",
                "thebebooks",
                "moms",
                "teachers"
            ],
            "taken_at_timestamp": 1602898946,
            "thumbnail_resources": [
                {
                    "config_height": 150,
                    "config_width": 150,
                    "src": "https://instagram.fabe1-1.fna.fbcdn.net/v/t51.2885-15/e35/s150x150/121653089_533231610876359_1611995913509868138_n.jpg?_nc_ht=instagram.fabe1-1.fna.fbcdn.net&_nc_cat=111&_nc_ohc=bkPe8bux-4sAX9CyuJY&_nc_tp=15&oh=b72e4c54008eef07f9d075ab1340b36c&oe=5FB33B5C"
                },
                {
                    "config_height": 240,
                    "config_width": 240,
                    "src": "https://instagram.fabe1-1.fna.fbcdn.net/v/t51.2885-15/e35/s240x240/121653089_533231610876359_1611995913509868138_n.jpg?_nc_ht=instagram.fabe1-1.fna.fbcdn.net&_nc_cat=111&_nc_ohc=bkPe8bux-4sAX9CyuJY&_nc_tp=15&oh=8c042785330c9129cd6c39447a215dfc&oe=5FB4D15E"
                },
                {
                    "config_height": 320,
                    "config_width": 320,
                    "src": "https://instagram.fabe1-1.fna.fbcdn.net/v/t51.2885-15/e35/s320x320/121653089_533231610876359_1611995913509868138_n.jpg?_nc_ht=instagram.fabe1-1.fna.fbcdn.net&_nc_cat=111&_nc_ohc=bkPe8bux-4sAX9CyuJY&_nc_tp=15&oh=a933aa46d840f9df36f2e1fae751b42f&oe=5FB3C824"
                },
                {
                    "config_height": 480,
                    "config_width": 480,
                    "src": "https://instagram.fabe1-1.fna.fbcdn.net/v/t51.2885-15/e35/s480x480/121653089_533231610876359_1611995913509868138_n.jpg?_nc_ht=instagram.fabe1-1.fna.fbcdn.net&_nc_cat=111&_nc_ohc=bkPe8bux-4sAX9CyuJY&_nc_tp=15&oh=0221ced9c2cd8e462ee5ec7a2f75e4f5&oe=5FB3D365"
                },
                {
                    "config_height": 640,
                    "config_width": 640,
                    "src": "https://instagram.fabe1-1.fna.fbcdn.net/v/t51.2885-15/sh0.08/e35/s640x640/121653089_533231610876359_1611995913509868138_n.jpg?_nc_ht=instagram.fabe1-1.fna.fbcdn.net&_nc_cat=111&_nc_ohc=bkPe8bux-4sAX9CyuJY&_nc_tp=24&oh=3e46fb4c27b5dbe2a2d1149ffdd5f9c2&oe=5FB4CCDF"
                }
            ],
            "thumbnail_src": "https://instagram.fabe1-1.fna.fbcdn.net/v/t51.2885-15/sh0.08/e35/s640x640/121653089_533231610876359_1611995913509868138_n.jpg?_nc_ht=instagram.fabe1-1.fna.fbcdn.net&_nc_cat=111&_nc_ohc=bkPe8bux-4sAX9CyuJY&_nc_tp=24&oh=3e46fb4c27b5dbe2a2d1149ffdd5f9c2&oe=5FB4CCDF",
            "urls": [
                "https://instagram.fabe1-1.fna.fbcdn.net/v/t51.2885-15/e35/s1080x1080/121653089_533231610876359_1611995913509868138_n.jpg?_nc_ht=instagram.fabe1-1.fna.fbcdn.net&_nc_cat=111&_nc_ohc=bkPe8bux-4sAX9CyuJY&_nc_tp=15&oh=b642bdf7bfdfa0cf21f83ca54cd658b4&oe=5FB1EF1B",
                "https://instagram.fabe1-1.fna.fbcdn.net/v/t51.2885-15/e35/s1080x1080/121961093_706574860257721_5300674829900675963_n.jpg?_nc_ht=instagram.fabe1-1.fna.fbcdn.net&_nc_cat=101&_nc_ohc=KO4TgmZ9gJcAX_hnsmk&_nc_tp=15&oh=e647514883e327dab21d8ede67022aa6&oe=5FB4B544"
            ]
        }
    ]
}