{
    "GraphImages": [
        {
            "comments_disabled": false,
            "dimensions": {
                "height": 1080,
                "width": 1080
            },
            "display_url": "https://instagram.fabe1-1.fna.fbcdn.net/v/t51.2885-15/e35/s1080x1080/121823891_351312092648129_5520923881862000630_n.jpg?_nc_ht=instagram.fabe1-1.fna.fbcdn.net&_nc_cat=105&_nc_ohc=GLYlNQGhr3EAX-gQfmj&_nc_tp=15&oh=24517b5f9f51d4de411f460a62e50322&oe=5FB260C2",
            "edge_liked_by": {
                "count": 0
            },
            "edge_media_preview_like": {
                "count": 0
            },
            "edge_media_to_caption": {
                "edges": []
            },
            "edge_media_to_comment": {
                "count": 0
            },
            "id": "2421584594370764719",
            "is_video": false,
            "owner": {
                "id": "248183451"
            },
            "shortcode": "CGbMlvFBx-v",
            "taken_at_timestamp": 1602895400,
            "thumbnail_resources": [
                {
                    "config_height": 150,
                    "config_width": 150,
                    "src": "https://instagram.fabe1-1.fna.fbcdn.net/v/t51.2885-15/e35/s150x150/121823891_351312092648129_5520923881862000630_n.jpg?_nc_ht=instagram.fabe1-1.fna.fbcdn.net&_nc_cat=105&_nc_ohc=GLYlNQGhr3EAX-gQfmj&_nc_tp=15&oh=e6525d1f4ce4978bd43ed95f02bf3c24&oe=5FB4D081"
                },
                {
                    "config_height": 240,
                    "config_width": 240,
                    "src": "https://instagram.fabe1-1.fna.fbcdn.net/v/t51.2885-15/e35/s240x240/121823891_351312092648129_5520923881862000630_n.jpg?_nc_ht=instagram.fabe1-1.fna.fbcdn.net&_nc_cat=105&_nc_ohc=GLYlNQGhr3EAX-gQfmj&_nc_tp=15&oh=ce61300c89af9ec62342308ce8f222c9&oe=5FB42907"
                },
                {
                    "config_height": 320,
                    "config_width": 320,
                    "src": "https://instagram.fabe1-1.fna.fbcdn.net/v/t51.2885-15/e35/s320x320/121823891_351312092648129_5520923881862000630_n.jpg?_nc_ht=instagram.fabe1-1.fna.fbcdn.net&_nc_cat=105&_nc_ohc=GLYlNQGhr3EAX-gQfmj&_nc_tp=15&oh=60d66323abf6525f755454086424445f&oe=5FB23DF9"
                },
                {
                    "config_height": 480,
                    "config_width": 480,
                    "src": "https://instagram.fabe1-1.fna.fbcdn.net/v/t51.2885-15/e35/s480x480/121823891_351312092648129_5520923881862000630_n.jpg?_nc_ht=instagram.fabe1-1.fna.fbcdn.net&_nc_cat=105&_nc_ohc=GLYlNQGhr3EAX-gQfmj&_nc_tp=15&oh=94194a695fbdf97ada9d6f76f677879f&oe=5FB228C0"
                },
                {
                    "config_height": 640,
                    "config_width": 640,
                    "src": "https://instagram.fabe1-1.fna.fbcdn.net/v/t51.2885-15/sh0.08/e35/s640x640/121823891_351312092648129_5520923881862000630_n.jpg?_nc_ht=instagram.fabe1-1.fna.fbcdn.net&_nc_cat=105&_nc_ohc=GLYlNQGhr3EAX-gQfmj&_nc_tp=24&oh=8783b7b2dc11519587fffe23ad885d1a&oe=5FB4F486"
                }
            ],
            "thumbnail_src": "https://instagram.fabe1-1.fna.fbcdn.net/v/t51.2885-15/sh0.08/e35/s640x640/121823891_351312092648129_5520923881862000630_n.jpg?_nc_ht=instagram.fabe1-1.fna.fbcdn.net&_nc_cat=105&_nc_ohc=GLYlNQGhr3EAX-gQfmj&_nc_tp=24&oh=8783b7b2dc11519587fffe23ad885d1a&oe=5FB4F486",
            "urls": [
                "https://instagram.fabe1-1.fna.fbcdn.net/v/t51.2885-15/e35/s1080x1080/121823891_351312092648129_5520923881862000630_n.jpg?_nc_ht=instagram.fabe1-1.fna.fbcdn.net&_nc_cat=105&_nc_ohc=GLYlNQGhr3EAX-gQfmj&_nc_tp=15&oh=24517b5f9f51d4de411f460a62e50322&oe=5FB260C2"
            ]
        },
        {
            "comments_disabled": false,
            "dimensions": {
                "height": 1080,
                "width": 1080
            },
            "display_url": "https://instagram.fabe1-1.fna.fbcdn.net/v/t51.2885-15/e35/s1080x1080/121251866_383176812705928_2346576685226813974_n.jpg?_nc_ht=instagram.fabe1-1.fna.fbcdn.net&_nc_cat=104&_nc_ohc=kzxxHF3UvvEAX9KViyN&_nc_tp=15&oh=fada25611b8515bb25888a9f114ea202&oe=5FB35B97",
            "edge_liked_by": {
                "count": 0
            },
            "edge_media_preview_like": {
                "count": 0
            },
            "edge_media_to_caption": {
                "edges": []
            },
            "edge_media_to_comment": {
                "count": 0
            },
            "id": "2421584233350019295",
            "is_video": false,
            "owner": {
                "id": "1014119199"
            },
            "shortcode": "CGbMge2g7jf",
            "taken_at_timestamp": 1602895357,
            "thumbnail_resources": [
                {
                    "config_height": 150,
                    "config_width": 150,
                    "src": "https://instagram.fabe1-1.fna.fbcdn.net/v/t51.2885-15/e35/s150x150/121251866_383176812705928_2346576685226813974_n.jpg?_nc_ht=instagram.fabe1-1.fna.fbcdn.net&_nc_cat=104&_nc_ohc=kzxxHF3UvvEAX9KViyN&_nc_tp=15&oh=4854359655961830cc80c171db360127&oe=5FB2F1D8"
                },
                {
                    "config_height": 240,
                    "config_width": 240,
                    "src": "https://instagram.fabe1-1.fna.fbcdn.net/v/t51.2885-15/e35/s240x240/121251866_383176812705928_2346576685226813974_n.jpg?_nc_ht=instagram.fabe1-1.fna.fbcdn.net&_nc_cat=104&_nc_ohc=kzxxHF3UvvEAX9KViyN&_nc_tp=15&oh=5403f5b3d948a28472868a0135b9bdd9&oe=5FB31E52"
                },
                {
                    "config_height": 320,
                    "config_width": 320,
                    "src": "https://instagram.fabe1-1.fna.fbcdn.net/v/t51.2885-15/e35/s320x320/121251866_383176812705928_2346576685226813974_n.jpg?_nc_ht=instagram.fabe1-1.fna.fbcdn.net&_nc_cat=104&_nc_ohc=kzxxHF3UvvEAX9KViyN&_nc_tp=15&oh=b505e168f9a1fc448369d9972f7933e4&oe=5FB334B0"
                },
                {
                    "config_height": 480,
                    "config_width": 480,
                    "src": "https://instagram.fabe1-1.fna.fbcdn.net/v/t51.2885-15/e35/s480x480/121251866_383176812705928_2346576685226813974_n.jpg?_nc_ht=instagram.fabe1-1.fna.fbcdn.net&_nc_cat=104&_nc_ohc=kzxxHF3UvvEAX9KViyN&_nc_tp=15&oh=c7fc29079aa1bc1a4bd7f14c7fec7f12&oe=5FB50A69"
                },
                {
                    "config_height": 640,
                    "config_width": 640,
                    "src": "https://instagram.fabe1-1.fna.fbcdn.net/v/t51.2885-15/sh0.08/e35/s640x640/121251866_383176812705928_2346576685226813974_n.jpg?_nc_ht=instagram.fabe1-1.fna.fbcdn.net&_nc_cat=104&_nc_ohc=kzxxHF3UvvEAX9KViyN&_nc_tp=24&oh=60d4d43bae7f6701d52450148951692a&oe=5FB27B53"
                }
            ],
            "thumbnail_src": "https://instagram.fabe1-1.fna.fbcdn.net/v/t51.2885-15/sh0.08/e35/s640x640/121251866_383176812705928_2346576685226813974_n.jpg?_nc_ht=instagram.fabe1-1.fna.fbcdn.net&_nc_cat=104&_nc_ohc=kzxxHF3UvvEAX9KViyN&_nc_tp=24&oh=60d4d43bae7f6701d52450148951692a&oe=5FB27B53",
            "urls": [
                "https://instagram.fabe1-1.fna.fbcdn.net/v/t51.2885-15/e35/s1080x1080/121251866_383176812705928_2346576685226813974_n.jpg?_nc_ht=instagram.fabe1-1.fna.fbcdn.net&_nc_cat=104&_nc_ohc=kzxxHF3UvvEAX9KViyN&_nc_tp=15&oh=fada25611b8515bb25888a9f114ea202&oe=5FB35B97"
            ]
        },
        {
            "comments_disabled": false,
            "dimensions": {
                "height": 1080,
                "width": 1080
            },
            "display_url": "https://instagram.fabe1-1.fna.fbcdn.net/v/t51.2885-15/e35/121540836_337207720838574_7945380077449274908_n.jpg?_nc_ht=instagram.fabe1-1.fna.fbcdn.net&_nc_cat=106&_nc_ohc=64bIC8BlF78AX_s5lEV&_nc_tp=18&oh=775b96ebcf1318d95c38ed1ab90a45c1&oe=5FB42498",
            "edge_liked_by": {
                "count": 2
            },
            "edge_media_preview_like": {
                "count": 2
            },
            "edge_media_to_caption": {
                "edges": [
                    {
                        "node": {
                            "text": "SKIRTTTTTT"
                        }
                    }
                ]
            },
            "edge_media_to_comment": {
                "count": 0
            },
            "id": "2421584056225824857",
            "is_video": false,
            "owner": {
                "id": "145199071"
            },
            "shortcode": "CGbMd55FwBZ",
            "tags": [],
            "taken_at_timestamp": 1602895336,
            "thumbnail_resources": [
                {
                    "config_height": 150,
                    "config_width": 150,
                    "src": "https://instagram.fabe1-1.fna.fbcdn.net/v/t51.2885-15/e35/s150x150/121540836_337207720838574_7945380077449274908_n.jpg?_nc_ht=instagram.fabe1-1.fna.fbcdn.net&_nc_cat=106&_nc_ohc=64bIC8BlF78AX_s5lEV&_nc_tp=15&oh=fc810fbf92b7537f92f4bfcbe74c8036&oe=5FB5BA29"
                },
                {
                    "config_height": 240,
                    "config_width": 240,
                    "src": "https://instagram.fabe1-1.fna.fbcdn.net/v/t51.2885-15/e35/s240x240/121540836_337207720838574_7945380077449274908_n.jpg?_nc_ht=instagram.fabe1-1.fna.fbcdn.net&_nc_cat=106&_nc_ohc=64bIC8BlF78AX_s5lEV&_nc_tp=15&oh=9a3f609784beefa0f59cf8a10adce8b0&oe=5FB3C3AF"
                },
                {
                    "config_height": 320,
                    "config_width": 320,
                    "src": "https://instagram.fabe1-1.fna.fbcdn.net/v/t51.2885-15/e35/s320x320/121540836_337207720838574_7945380077449274908_n.jpg?_nc_ht=instagram.fabe1-1.fna.fbcdn.net&_nc_cat=106&_nc_ohc=64bIC8BlF78AX_s5lEV&_nc_tp=15&oh=d084e8a3d0a604f8b9ca1355779c0188&oe=5FB1ED51"
                },
                {
                    "config_height": 480,
                    "config_width": 480,
                    "src": "https://instagram.fabe1-1.fna.fbcdn.net/v/t51.2885-15/e35/s480x480/121540836_337207720838574_7945380077449274908_n.jpg?_nc_ht=instagram.fabe1-1.fna.fbcdn.net&_nc_cat=106&_nc_ohc=64bIC8BlF78AX_s5lEV&_nc_tp=15&oh=cab58748f60acc2712c225ad8e0433cf&oe=5FB4CA98"
                },
                {
                    "config_height": 640,
                    "config_width": 640,
                    "src": "https://instagram.fabe1-1.fna.fbcdn.net/v/t51.2885-15/sh0.08/e35/s640x640/121540836_337207720838574_7945380077449274908_n.jpg?_nc_ht=instagram.fabe1-1.fna.fbcdn.net&_nc_cat=106&_nc_ohc=64bIC8BlF78AX_s5lEV&_nc_tp=24&oh=9012652f7849c7d34248e41ea9dd5309&oe=5FB2BEAE"
                }
            ],
            "thumbnail_src": "https://instagram.fabe1-1.fna.fbcdn.net/v/t51.2885-15/sh0.08/e35/s640x640/121540836_337207720838574_7945380077449274908_n.jpg?_nc_ht=instagram.fabe1-1.fna.fbcdn.net&_nc_cat=106&_nc_ohc=64bIC8BlF78AX_s5lEV&_nc_tp=24&oh=9012652f7849c7d34248e41ea9dd5309&oe=5FB2BEAE",
            "urls": [
                "https://instagram.fabe1-1.fna.fbcdn.net/v/t51.2885-15/e35/121540836_337207720838574_7945380077449274908_n.jpg?_nc_ht=instagram.fabe1-1.fna.fbcdn.net&_nc_cat=106&_nc_ohc=64bIC8BlF78AX_s5lEV&_nc_tp=18&oh=775b96ebcf1318d95c38ed1ab90a45c1&oe=5FB42498"
            ]
        }
    ]
}