{
    "GraphImages": [
        {
            "comments_disabled": false,
            "dimensions": {
                "height": 1110,
                "width": 1080
            },
            "display_url": "https://instagram.fabe1-1.fna.fbcdn.net/v/t51.2885-15/e35/121637236_355713745745105_8169556398841456567_n.jpg?_nc_ht=instagram.fabe1-1.fna.fbcdn.net&_nc_cat=105&_nc_ohc=qw6gY_7iylgAX8MQNgR&_nc_tp=18&oh=2595c4a22d327bbedf4fcfa92f457430&oe=5FB20A2B",
            "edge_liked_by": {
                "count": 0
            },
            "edge_media_preview_like": {
                "count": 0
            },
            "edge_media_to_caption": {
                "edges": [
                    {
                        "node": {
                            "text": "#berkocal #berköcal"
                        }
                    }
                ]
            },
            "edge_media_to_comment": {
                "count": 0
            },
            "id": "2421395481122651173",
            "is_video": false,
            "owner": {
                "id": "297530053"
            },
            "shortcode": "CGahlxpDTwl",
            "tags": [
                "berköcal",
                "berkocal"
            ],
            "taken_at_timestamp": 1602872856,
            "thumbnail_resources": [
                {
                    "config_height": 150,
                    "config_width": 150,
                    "src": "https://instagram.fabe1-1.fna.fbcdn.net/v/t51.2885-15/e35/c0.14.1042.1042a/s150x150/121637236_355713745745105_8169556398841456567_n.jpg?_nc_ht=instagram.fabe1-1.fna.fbcdn.net&_nc_cat=105&_nc_ohc=qw6gY_7iylgAX8MQNgR&tp=16&oh=9e893098e0bafba073f96df95129f145&oe=5FB279A2"
                },
                {
                    "config_height": 240,
                    "config_width": 240,
                    "src": "https://instagram.fabe1-1.fna.fbcdn.net/v/t51.2885-15/e35/c0.14.1042.1042a/s240x240/121637236_355713745745105_8169556398841456567_n.jpg?_nc_ht=instagram.fabe1-1.fna.fbcdn.net&_nc_cat=105&_nc_ohc=qw6gY_7iylgAX8MQNgR&tp=16&oh=3d642d2edb290b123e48da9c631fac5e&oe=5FB2EF28"
                },
                {
                    "config_height": 320,
                    "config_width": 320,
                    "src": "https://instagram.fabe1-1.fna.fbcdn.net/v/t51.2885-15/e35/c0.14.1042.1042a/s320x320/121637236_355713745745105_8169556398841456567_n.jpg?_nc_ht=instagram.fabe1-1.fna.fbcdn.net&_nc_cat=105&_nc_ohc=qw6gY_7iylgAX8MQNgR&tp=16&oh=4d7f9c8d9ccdd4d7b58f09151cce7895&oe=5FB431DA"
                },
                {
                    "config_height": 480,
                    "config_width": 480,
                    "src": "https://instagram.fabe1-1.fna.fbcdn.net/v/t51.2885-15/e35/c0.14.1042.1042a/s480x480/121637236_355713745745105_8169556398841456567_n.jpg?_nc_ht=instagram.fabe1-1.fna.fbcdn.net&_nc_cat=105&_nc_ohc=qw6gY_7iylgAX8MQNgR&tp=16&oh=bbe6cf768c9fd465fbd9795cefa388de&oe=5FB2241F"
                },
                {
                    "config_height": 640,
                    "config_width": 640,
                    "src": "https://instagram.fabe1-1.fna.fbcdn.net/v/t51.2885-15/sh0.08/e35/c0.14.1042.1042a/s640x640/121637236_355713745745105_8169556398841456567_n.jpg?_nc_ht=instagram.fabe1-1.fna.fbcdn.net&_nc_cat=105&_nc_ohc=qw6gY_7iylgAX8MQNgR&oh=4e808841cb65ae74ed6c284d4ee0b545&oe=5FB474B7"
                }
            ],
            "thumbnail_src": "https://instagram.fabe1-1.fna.fbcdn.net/v/t51.2885-15/sh0.08/e35/c0.14.1042.1042a/s640x640/121637236_355713745745105_8169556398841456567_n.jpg?_nc_ht=instagram.fabe1-1.fna.fbcdn.net&_nc_cat=105&_nc_ohc=qw6gY_7iylgAX8MQNgR&oh=4e808841cb65ae74ed6c284d4ee0b545&oe=5FB474B7",
            "urls": [
                "https://instagram.fabe1-1.fna.fbcdn.net/v/t51.2885-15/e35/121637236_355713745745105_8169556398841456567_n.jpg?_nc_ht=instagram.fabe1-1.fna.fbcdn.net&_nc_cat=105&_nc_ohc=qw6gY_7iylgAX8MQNgR&_nc_tp=18&oh=2595c4a22d327bbedf4fcfa92f457430&oe=5FB20A2B"
            ]
        },
        {
            "comments_disabled": false,
            "dimensions": {
                "height": 1080,
                "width": 1080
            },
            "display_url": "https://instagram.fabe1-1.fna.fbcdn.net/v/t51.2885-15/e35/121598319_346437703087356_2210957132179604876_n.jpg?_nc_ht=instagram.fabe1-1.fna.fbcdn.net&_nc_cat=100&_nc_ohc=DyWmLz-2ZTYAX9Q6rzP&_nc_tp=18&oh=8daba326a69159c6660e49c230f78ab6&oe=5FB3925F",
            "edge_liked_by": {
                "count": 0
            },
            "edge_media_preview_like": {
                "count": 0
            },
            "edge_media_to_caption": {
                "edges": [
                    {
                        "node": {
                            "text": "Go vote in my stories 👆👆👆"
                        }
                    }
                ]
            },
            "edge_media_to_comment": {
                "count": 0
            },
            "id": "2421395470149708909",
            "is_video": false,
            "owner": {
                "id": "253869067"
            },
            "shortcode": "CGahlnbA2xt",
            "tags": [],
            "taken_at_timestamp": 1602872855,
            "thumbnail_resources": [
                {
                    "config_height": 150,
                    "config_width": 150,
                    "src": "https://instagram.fabe1-1.fna.fbcdn.net/v/t51.2885-15/e35/s150x150/121598319_346437703087356_2210957132179604876_n.jpg?_nc_ht=instagram.fabe1-1.fna.fbcdn.net&_nc_cat=100&_nc_ohc=DyWmLz-2ZTYAX9Q6rzP&_nc_tp=15&oh=fbeaa276af2a636f11624d01c69f9fcd&oe=5FB270E2"
                },
                {
                    "config_height": 240,
                    "config_width": 240,
                    "src": "https://instagram.fabe1-1.fna.fbcdn.net/v/t51.2885-15/e35/s240x240/121598319_346437703087356_2210957132179604876_n.jpg?_nc_ht=instagram.fabe1-1.fna.fbcdn.net&_nc_cat=100&_nc_ohc=DyWmLz-2ZTYAX9Q6rzP&_nc_tp=15&oh=b8676323b60208eb80abddaba191fddf&oe=5FB37168"
                },
                {
                    "config_height": 320,
                    "config_width": 320,
                    "src": "https://instagram.fabe1-1.fna.fbcdn.net/v/t51.2885-15/e35/s320x320/121598319_346437703087356_2210957132179604876_n.jpg?_nc_ht=instagram.fabe1-1.fna.fbcdn.net&_nc_cat=100&_nc_ohc=DyWmLz-2ZTYAX9Q6rzP&_nc_tp=15&oh=7c36b65a8034b161c988a7ba00df44db&oe=5FB48A9A"
                },
                {
                    "config_height": 480,
                    "config_width": 480,
                    "src": "https://instagram.fabe1-1.fna.fbcdn.net/v/t51.2885-15/e35/s480x480/121598319_346437703087356_2210957132179604876_n.jpg?_nc_ht=instagram.fabe1-1.fna.fbcdn.net&_nc_cat=100&_nc_ohc=DyWmLz-2ZTYAX9Q6rzP&_nc_tp=15&oh=41fa0bedaaaa9915db17cadc351d9d1e&oe=5FB54BDF"
                },
                {
                    "config_height": 640,
                    "config_width": 640,
                    "src": "https://instagram.fabe1-1.fna.fbcdn.net/v/t51.2885-15/sh0.08/e35/s640x640/121598319_346437703087356_2210957132179604876_n.jpg?_nc_ht=instagram.fabe1-1.fna.fbcdn.net&_nc_cat=100&_nc_ohc=DyWmLz-2ZTYAX9Q6rzP&_nc_tp=24&oh=0b4dbf7b41cdc63673c75f84a83369e2&oe=5FB1D5E5"
                }
            ],
            "thumbnail_src": "https://instagram.fabe1-1.fna.fbcdn.net/v/t51.2885-15/sh0.08/e35/s640x640/121598319_346437703087356_2210957132179604876_n.jpg?_nc_ht=instagram.fabe1-1.fna.fbcdn.net&_nc_cat=100&_nc_ohc=DyWmLz-2ZTYAX9Q6rzP&_nc_tp=24&oh=0b4dbf7b41cdc63673c75f84a83369e2&oe=5FB1D5E5",
            "urls": [
                "https://instagram.fabe1-1.fna.fbcdn.net/v/t51.2885-15/e35/121598319_346437703087356_2210957132179604876_n.jpg?_nc_ht=instagram.fabe1-1.fna.fbcdn.net&_nc_cat=100&_nc_ohc=DyWmLz-2ZTYAX9Q6rzP&_nc_tp=18&oh=8daba326a69159c6660e49c230f78ab6&oe=5FB3925F"
            ]
        },
        {
            "comments_disabled": false,
            "dimensions": {
                "height": 1080,
                "width": 1080
            },
            "display_url": "https://instagram.fabe1-1.fna.fbcdn.net/v/t51.2885-15/e35/s1080x1080/121560717_665410707725510_6624904165466319334_n.jpg?_nc_ht=instagram.fabe1-1.fna.fbcdn.net&_nc_cat=102&_nc_ohc=mdJ-lh7LrkgAX_a1d_T&_nc_tp=15&oh=62b5264f921386584157330b42d2bcb4&oe=5FB46FE6",
            "edge_liked_by": {
                "count": 4
            },
            "edge_media_preview_like": {
                "count": 4
            },
            "edge_media_to_caption": {
                "edges": [
                    {
                        "node": {
                            "text": "#instagram #instagood #love #like #follow #photography #photooftheday #instadaily #likeforlikes #picoftheday #fashion #instalike #beautiful #bhfyp #followforfollowback #likes #me #art #photo #smile #followme #myself #happy #life #style #insta #nature #likeforfollow #l #bhfyp #fashionbyanima😍😍😍😘😘💥💥💥💥"
                        }
                    }
                ]
            },
            "edge_media_to_comment": {
                "count": 0
            },
            "id": "2421395322008072825",
            "is_video": false,
            "owner": {
                "id": "1709984383"
            },
            "shortcode": "CGahjddFXJ5",
            "tags": [
                "like",
                "style",
                "art",
                "beautiful",
                "nature",
                "instadaily",
                "smile",
                "me",
                "happy",
                "life",
                "fashionbyanima",
                "picoftheday",
                "likeforlikes",
                "photooftheday",
                "photography",
                "bhfyp",
                "fashion",
                "love",
                "insta",
                "follow",
                "followme",
                "l",
                "likes",
                "instagood",
                "myself",
                "followforfollowback",
                "photo",
                "instagram",
                "likeforfollow",
                "instalike"
            ],
            "taken_at_timestamp": 1602872837,
            "thumbnail_resources": [
                {
                    "config_height": 150,
                    "config_width": 150,
                    "src": "https://instagram.fabe1-1.fna.fbcdn.net/v/t51.2885-15/e35/s150x150/121560717_665410707725510_6624904165466319334_n.jpg?_nc_ht=instagram.fabe1-1.fna.fbcdn.net&_nc_cat=102&_nc_ohc=mdJ-lh7LrkgAX_a1d_T&_nc_tp=15&oh=d2a048fa79c1bd7811f4a6584fc256bf&oe=5FB228A5"
                },
                {
                    "config_height": 240,
                    "config_width": 240,
                    "src": "https://instagram.fabe1-1.fna.fbcdn.net/v/t51.2885-15/e35/s240x240/121560717_665410707725510_6624904165466319334_n.jpg?_nc_ht=instagram.fabe1-1.fna.fbcdn.net&_nc_cat=102&_nc_ohc=mdJ-lh7LrkgAX_a1d_T&_nc_tp=15&oh=8398f4465b9c3343c6bf89e1fb223082&oe=5FB4E9A3"
                },
                {
                    "config_height": 320,
                    "config_width": 320,
                    "src": "https://instagram.fabe1-1.fna.fbcdn.net/v/t51.2885-15/e35/s320x320/121560717_665410707725510_6624904165466319334_n.jpg?_nc_ht=instagram.fabe1-1.fna.fbcdn.net&_nc_cat=102&_nc_ohc=mdJ-lh7LrkgAX_a1d_T&_nc_tp=15&oh=139e86dca0bc8dc7b289cedbcefe9c8d&oe=5FB3EDDD"
                },
                {
                    "config_height": 480,
                    "config_width": 480,
                    "src": "https://instagram.fabe1-1.fna.fbcdn.net/v/t51.2885-15/e35/s480x480/121560717_665410707725510_6624904165466319334_n.jpg?_nc_ht=instagram.fabe1-1.fna.fbcdn.net&_nc_cat=102&_nc_ohc=mdJ-lh7LrkgAX_a1d_T&_nc_tp=15&oh=e805b3ecbe70e73fc7a63ac53decf807&oe=5FB35B1C"
                },
                {
                    "config_height": 640,
                    "config_width": 640,
                    "src": "https://instagram.fabe1-1.fna.fbcdn.net/v/t51.2885-15/sh0.08/e35/s640x640/121560717_665410707725510_6624904165466319334_n.jpg?_nc_ht=instagram.fabe1-1.fna.fbcdn.net&_nc_cat=102&_nc_ohc=mdJ-lh7LrkgAX_a1d_T&_nc_tp=24&oh=52f8f04b3394dad86893452e2aaf07dd&oe=5FB2D8A2"
                }
            ],
            "thumbnail_src": "https://instagram.fabe1-1.fna.fbcdn.net/v/t51.2885-15/sh0.08/e35/s640x640/121560717_665410707725510_6624904165466319334_n.jpg?_nc_ht=instagram.fabe1-1.fna.fbcdn.net&_nc_cat=102&_nc_ohc=mdJ-lh7LrkgAX_a1d_T&_nc_tp=24&oh=52f8f04b3394dad86893452e2aaf07dd&oe=5FB2D8A2",
            "urls": [
                "https://instagram.fabe1-1.fna.fbcdn.net/v/t51.2885-15/e35/s1080x1080/121560717_665410707725510_6624904165466319334_n.jpg?_nc_ht=instagram.fabe1-1.fna.fbcdn.net&_nc_cat=102&_nc_ohc=mdJ-lh7LrkgAX_a1d_T&_nc_tp=15&oh=62b5264f921386584157330b42d2bcb4&oe=5FB46FE6"
            ]
        },
        {
            "comments_disabled": false,
            "dimensions": {
                "height": 1296,
                "width": 1080
            },
            "display_url": "https://instagram.fabe1-1.fna.fbcdn.net/v/t51.2885-15/e35/p1080x1080/121703048_690736991545033_8174278558118197738_n.jpg?_nc_ht=instagram.fabe1-1.fna.fbcdn.net&_nc_cat=101&_nc_ohc=_QKcVp-OIs8AX9IYmX2&tp=19&oh=d7420846b32d20dc4dc40923a6f09004&oe=5FB3A505",
            "edge_liked_by": {
                "count": 19
            },
            "edge_media_preview_like": {
                "count": 19
            },
            "edge_media_to_caption": {
                "edges": [
                    {
                        "node": {
                            "text": "What Eva 💁"
                        }
                    }
                ]
            },
            "edge_media_to_comment": {
                "count": 0
            },
            "id": "2421395290651910652",
            "is_video": false,
            "owner": {
                "id": "1539665712"
            },
            "shortcode": "CGahjAQHGH8",
            "tags": [],
            "taken_at_timestamp": 1602872834,
            "thumbnail_resources": [
                {
                    "config_height": 150,
                    "config_width": 150,
                    "src": "https://instagram.fabe1-1.fna.fbcdn.net/v/t51.2885-15/e35/c0.144.1440.1440a/s150x150/121703048_690736991545033_8174278558118197738_n.jpg?_nc_ht=instagram.fabe1-1.fna.fbcdn.net&_nc_cat=101&_nc_ohc=_QKcVp-OIs8AX9IYmX2&tp=16&oh=c7ada7238ec0138098a014f2bfd93c36&oe=5FB21719"
                },
                {
                    "config_height": 240,
                    "config_width": 240,
                    "src": "https://instagram.fabe1-1.fna.fbcdn.net/v/t51.2885-15/e35/c0.144.1440.1440a/s240x240/121703048_690736991545033_8174278558118197738_n.jpg?_nc_ht=instagram.fabe1-1.fna.fbcdn.net&_nc_cat=101&_nc_ohc=_QKcVp-OIs8AX9IYmX2&tp=16&oh=ebd27fd23d2d5773bbbaf2d72fe3a260&oe=5FB4B61F"
                },
                {
                    "config_height": 320,
                    "config_width": 320,
                    "src": "https://instagram.fabe1-1.fna.fbcdn.net/v/t51.2885-15/e35/c0.144.1440.1440a/s320x320/121703048_690736991545033_8174278558118197738_n.jpg?_nc_ht=instagram.fabe1-1.fna.fbcdn.net&_nc_cat=101&_nc_ohc=_QKcVp-OIs8AX9IYmX2&tp=16&oh=64142b60a901e0379cf9f7242549d49f&oe=5FB408E1"
                },
                {
                    "config_height": 480,
                    "config_width": 480,
                    "src": "https://instagram.fabe1-1.fna.fbcdn.net/v/t51.2885-15/e35/c0.144.1440.1440a/s480x480/121703048_690736991545033_8174278558118197738_n.jpg?_nc_ht=instagram.fabe1-1.fna.fbcdn.net&_nc_cat=101&_nc_ohc=_QKcVp-OIs8AX9IYmX2&tp=16&oh=e7462c1254ddf2b9188d238c17bb543b&oe=5FB51128"
                },
                {
                    "config_height": 640,
                    "config_width": 640,
                    "src": "https://instagram.fabe1-1.fna.fbcdn.net/v/t51.2885-15/sh0.08/e35/c0.144.1440.1440a/s640x640/121703048_690736991545033_8174278558118197738_n.jpg?_nc_ht=instagram.fabe1-1.fna.fbcdn.net&_nc_cat=101&_nc_ohc=_QKcVp-OIs8AX9IYmX2&oh=1fcb040c92f1a281c89566767315bbf8&oe=5FB40829"
                }
            ],
            "thumbnail_src": "https://instagram.fabe1-1.fna.fbcdn.net/v/t51.2885-15/sh0.08/e35/c0.144.1440.1440a/s640x640/121703048_690736991545033_8174278558118197738_n.jpg?_nc_ht=instagram.fabe1-1.fna.fbcdn.net&_nc_cat=101&_nc_ohc=_QKcVp-OIs8AX9IYmX2&oh=1fcb040c92f1a281c89566767315bbf8&oe=5FB40829",
            "urls": []
        },
        {
            "comments_disabled": false,
            "dimensions": {
                "height": 600,
                "width": 480
            },
            "display_url": "https://instagram.fabe1-1.fna.fbcdn.net/v/t51.2885-15/e35/121613082_960822544410623_5524817116858022183_n.jpg?_nc_ht=instagram.fabe1-1.fna.fbcdn.net&_nc_cat=111&_nc_ohc=n8YWFOdR6z8AX_vGOfX&_nc_tp=18&oh=cacd343a78c58f529544ff776f01e109&oe=5F8C1916",
            "edge_liked_by": {
                "count": 3
            },
            "edge_media_preview_like": {
                "count": 3
            },
            "edge_media_to_caption": {
                "edges": [
                    {
                        "node": {
                            "text": "When he said, “I Am Joseph!” His brothers were shocked. May God repackage and reintroduce you. \n\nDo It Scared, Do It when they don’t understand, Do it in imperfection, Do It anyway. Do It Now.\n\n#rebranding #photoshoot2020 #fitness #faith #exercisingyourfaith #author #bestseller #certifiedpersonaltrainer #certifiedhealthcoach #transformationalspeaker"
                        }
                    }
                ]
            },
            "edge_media_to_comment": {
                "count": 1
            },
            "id": "2421395047457367435",
            "is_video": false,
            "owner": {
                "id": "1910519988"
            },
            "shortcode": "CGahfdwliWL",
            "tags": [
                "rebranding",
                "author",
                "certifiedhealthcoach",
                "bestseller",
                "fitness",
                "exercisingyourfaith",
                "faith",
                "photoshoot2020",
                "transformationalspeaker",
                "certifiedpersonaltrainer"
            ],
            "taken_at_timestamp": 1602872805,
            "thumbnail_resources": [
                {
                    "config_height": 150,
                    "config_width": 150,
                    "src": "https://instagram.fabe1-1.fna.fbcdn.net/v/t51.2885-15/e35/c0.60.480.480a/s150x150/121613082_960822544410623_5524817116858022183_n.jpg?_nc_ht=instagram.fabe1-1.fna.fbcdn.net&_nc_cat=111&_nc_ohc=n8YWFOdR6z8AX_vGOfX&tp=16&oh=95fa0d04e792037281e0651c8cff868d&oe=5F8C6939"
                },
                {
                    "config_height": 240,
                    "config_width": 240,
                    "src": "https://instagram.fabe1-1.fna.fbcdn.net/v/t51.2885-15/e35/c0.60.480.480a/s240x240/121613082_960822544410623_5524817116858022183_n.jpg?_nc_ht=instagram.fabe1-1.fna.fbcdn.net&_nc_cat=111&_nc_ohc=n8YWFOdR6z8AX_vGOfX&tp=16&oh=b5893ab9a1bd76f6cf11a8e46b33bdf1&oe=5F8C82FF"
                },
                {
                    "config_height": 320,
                    "config_width": 320,
                    "src": "https://instagram.fabe1-1.fna.fbcdn.net/v/t51.2885-15/e35/c0.60.480.480a/s320x320/121613082_960822544410623_5524817116858022183_n.jpg?_nc_ht=instagram.fabe1-1.fna.fbcdn.net&_nc_cat=111&_nc_ohc=n8YWFOdR6z8AX_vGOfX&tp=16&oh=26d135d7d12c0d440894d668ec548fc9&oe=5F8C2AC1"
                },
                {
                    "config_height": 480,
                    "config_width": 480,
                    "src": "https://instagram.fabe1-1.fna.fbcdn.net/v/t51.2885-15/e35/c0.60.480.480a/121613082_960822544410623_5524817116858022183_n.jpg?_nc_ht=instagram.fabe1-1.fna.fbcdn.net&_nc_cat=111&_nc_ohc=n8YWFOdR6z8AX_vGOfX&oh=85ce65b3fe5483bd48f663d2b12fd662&oe=5F8C183C"
                },
                {
                    "config_height": 640,
                    "config_width": 640,
                    "src": "https://instagram.fabe1-1.fna.fbcdn.net/v/t51.2885-15/e35/c0.60.480.480a/121613082_960822544410623_5524817116858022183_n.jpg?_nc_ht=instagram.fabe1-1.fna.fbcdn.net&_nc_cat=111&_nc_ohc=n8YWFOdR6z8AX_vGOfX&oh=85ce65b3fe5483bd48f663d2b12fd662&oe=5F8C183C"
                }
            ],
            "thumbnail_src": "https://instagram.fabe1-1.fna.fbcdn.net/v/t51.2885-15/e35/c0.60.480.480a/121613082_960822544410623_5524817116858022183_n.jpg?_nc_ht=instagram.fabe1-1.fna.fbcdn.net&_nc_cat=111&_nc_ohc=n8YWFOdR6z8AX_vGOfX&oh=85ce65b3fe5483bd48f663d2b12fd662&oe=5F8C183C",
            "urls": [
                "https://instagram.fabe1-1.fna.fbcdn.net/v/t50.2886-16/121496159_375950277099113_8792843484293687854_n.mp4?_nc_ht=instagram.fabe1-1.fna.fbcdn.net&_nc_cat=105&_nc_ohc=IdPJeowrnS8AX_rqGCA&oe=5F8C431D&oh=fa0baba0cb50e3d4f52c0b0b991c6272",
                "https://instagram.fabe1-1.fna.fbcdn.net/v/t51.2885-15/e35/p1080x1080/121962888_679794716246433_3397310074306444852_n.jpg?_nc_ht=instagram.fabe1-1.fna.fbcdn.net&_nc_cat=109&_nc_ohc=LxXZxHcEEE4AX_X8-mu&tp=19&oh=f38ac12961f7df7c519945d569ebb3ae&oe=5FB4AB31",
                "https://instagram.fabe1-1.fna.fbcdn.net/v/t51.2885-15/e35/p1080x1080/121548138_114715963612739_2049306379918154788_n.jpg?_nc_ht=instagram.fabe1-1.fna.fbcdn.net&_nc_cat=111&_nc_ohc=N_HolBNBNvgAX-WhHLq&tp=19&oh=42432a9963a55d2dc7a50361c51142b5&oe=5FB49EC5"
            ]
        }
    ]
}