{
    "GraphImages": [
        {
            "comments_disabled": false,
            "dimensions": {
                "height": 900,
                "width": 750
            },
            "display_url": "https://instagram.fabe1-1.fna.fbcdn.net/v/t51.2885-15/e35/121598320_336437334327633_5648778147186699238_n.jpg?_nc_ht=instagram.fabe1-1.fna.fbcdn.net&_nc_cat=109&_nc_ohc=G7laMjzYnX0AX-X2pxR&_nc_tp=18&oh=915cfa923c2507c9943a294888b58d47&oe=5F8C2955",
            "edge_liked_by": {
                "count": 0
            },
            "edge_media_preview_like": {
                "count": 0
            },
            "edge_media_to_caption": {
                "edges": [
                    {
                        "node": {
                            "text": "Come hang out with me as I celebrate Hip Hop Culture, LIVE!\n\n@mitdrinks presents;\n\n\"I ❤ HIP HOP\" \n\nDJ Willie Dynamite \n\nStarting October 17th, Every Saturday at 6pm on INSTAGRAM @ILOVEHIPHOPSATURDAYS Click the link in my bio!\n\nSponsored by @mitdrinks"
                        }
                    }
                ]
            },
            "edge_media_to_comment": {
                "count": 0
            },
            "id": "2421472924239648702",
            "is_video": true,
            "owner": {
                "id": "41244153092"
            },
            "shortcode": "CGazMuKh9e-",
            "tags": [],
            "taken_at_timestamp": 1602882107,
            "thumbnail_resources": [
                {
                    "config_height": 150,
                    "config_width": 150,
                    "src": "https://instagram.fabe1-1.fna.fbcdn.net/v/t51.2885-15/e35/c0.72.720.720a/s150x150/121598320_336437334327633_5648778147186699238_n.jpg?_nc_ht=instagram.fabe1-1.fna.fbcdn.net&_nc_cat=109&_nc_ohc=G7laMjzYnX0AX-X2pxR&tp=16&oh=e1a8f9bf67fea337f54e986a7cd8e891&oe=5F8C7142"
                },
                {
                    "config_height": 240,
                    "config_width": 240,
                    "src": "https://instagram.fabe1-1.fna.fbcdn.net/v/t51.2885-15/e35/c0.72.720.720a/s240x240/121598320_336437334327633_5648778147186699238_n.jpg?_nc_ht=instagram.fabe1-1.fna.fbcdn.net&_nc_cat=109&_nc_ohc=G7laMjzYnX0AX-X2pxR&tp=16&oh=e112156577301216955e981eaa73e9ca&oe=5F8C5048"
                },
                {
                    "config_height": 320,
                    "config_width": 320,
                    "src": "https://instagram.fabe1-1.fna.fbcdn.net/v/t51.2885-15/e35/c0.72.720.720a/s320x320/121598320_336437334327633_5648778147186699238_n.jpg?_nc_ht=instagram.fabe1-1.fna.fbcdn.net&_nc_cat=109&_nc_ohc=G7laMjzYnX0AX-X2pxR&tp=16&oh=06bb22dc9b1cf795a628ebcdfd340c12&oe=5F8C42BA"
                },
                {
                    "config_height": 480,
                    "config_width": 480,
                    "src": "https://instagram.fabe1-1.fna.fbcdn.net/v/t51.2885-15/e35/c0.72.720.720a/s480x480/121598320_336437334327633_5648778147186699238_n.jpg?_nc_ht=instagram.fabe1-1.fna.fbcdn.net&_nc_cat=109&_nc_ohc=G7laMjzYnX0AX-X2pxR&tp=16&oh=622306936af644f5c8344fde3c7c0985&oe=5F8C69BF"
                },
                {
                    "config_height": 640,
                    "config_width": 640,
                    "src": "https://instagram.fabe1-1.fna.fbcdn.net/v/t51.2885-15/sh0.08/e35/c0.72.720.720a/s640x640/121598320_336437334327633_5648778147186699238_n.jpg?_nc_ht=instagram.fabe1-1.fna.fbcdn.net&_nc_cat=109&_nc_ohc=G7laMjzYnX0AX-X2pxR&oh=923c0f740a4893b179721b03890e7db6&oe=5F8C13F6"
                }
            ],
            "thumbnail_src": "https://instagram.fabe1-1.fna.fbcdn.net/v/t51.2885-15/sh0.08/e35/c0.72.720.720a/s640x640/121598320_336437334327633_5648778147186699238_n.jpg?_nc_ht=instagram.fabe1-1.fna.fbcdn.net&_nc_cat=109&_nc_ohc=G7laMjzYnX0AX-X2pxR&oh=923c0f740a4893b179721b03890e7db6&oe=5F8C13F6",
            "urls": [
                "https://instagram.fabe1-1.fna.fbcdn.net/v/t50.2886-16/121814132_638555333477108_6647759553343967388_n.mp4?_nc_ht=instagram.fabe1-1.fna.fbcdn.net&_nc_cat=108&_nc_ohc=0k9fBlvkYEQAX-gG1V8&oe=5F8C8A78&oh=aef7699714b820069e9048e116e21dc1"
            ],
            "video_view_count": 0
        },
        {
            "comments_disabled": false,
            "dimensions": {
                "height": 711,
                "width": 1080
            },
            "display_url": "https://instagram.fabe1-1.fna.fbcdn.net/v/t51.2885-15/e35/121713838_1076012622857188_247004547538177983_n.jpg?_nc_ht=instagram.fabe1-1.fna.fbcdn.net&_nc_cat=104&_nc_ohc=RBkSKSaEG2YAX_tp1nG&_nc_tp=18&oh=9bac6ca9c0aaf1abbac904eaf7f57725&oe=5FB2AE2A",
            "edge_liked_by": {
                "count": 0
            },
            "edge_media_preview_like": {
                "count": 0
            },
            "edge_media_to_caption": {
                "edges": [
                    {
                        "node": {
                            "text": "Do you like Speed and Luxury?\nThen you will love our \n2017 74' Pershing!\nLoaded with all the toys, space, and speed you need for an epic time on the water.\nThis is one of the newest yachts to hit the charter market!\nDon't hesitate to contact us for your next aquatic adventure.\nCall/text 📲 786-489-0790 \n.\n.\n.\n#yachtcharter #yacht #yachtlife #yachting #yachts #luxuryyacht #superyacht #yachtdesign #boat #yachtworld #yachtlifestyle #yachtclub #boatlife #sailing #yachtparty #travel #luxurylifestyle #megayacht #luxury #charteryacht #yachtinglifestyle #yachtbroker #boats #yachtlover #boating #yachtporn #superyachts #yachtcrew #megayachts #bhfyp"
                        }
                    }
                ]
            },
            "edge_media_to_comment": {
                "count": 0
            },
            "id": "2421472888881995872",
            "is_video": false,
            "owner": {
                "id": "43469435942"
            },
            "shortcode": "CGazMNPDOBg",
            "tags": [
                "boat",
                "yachtworld",
                "luxuryyacht",
                "yachtporn",
                "yachtbroker",
                "yachtcrew",
                "boatlife",
                "luxury",
                "charteryacht",
                "travel",
                "yachtparty",
                "bhfyp",
                "megayachts",
                "sailing",
                "yachtinglifestyle",
                "yachtlifestyle",
                "yachtclub",
                "superyachts",
                "megayacht",
                "boating",
                "boats",
                "yachtlife",
                "yachting",
                "luxurylifestyle",
                "yachtdesign",
                "yacht",
                "yachts",
                "yachtlover",
                "yachtcharter",
                "superyacht"
            ],
            "taken_at_timestamp": 1602882084,
            "thumbnail_resources": [
                {
                    "config_height": 150,
                    "config_width": 150,
                    "src": "https://instagram.fabe1-1.fna.fbcdn.net/v/t51.2885-15/e35/c164.0.632.632a/s150x150/121713838_1076012622857188_247004547538177983_n.jpg?_nc_ht=instagram.fabe1-1.fna.fbcdn.net&_nc_cat=104&_nc_ohc=RBkSKSaEG2YAX_tp1nG&tp=16&oh=0c06a41644e82ede3e969e438083e70e&oe=5FB1F330"
                },
                {
                    "config_height": 240,
                    "config_width": 240,
                    "src": "https://instagram.fabe1-1.fna.fbcdn.net/v/t51.2885-15/e35/c164.0.632.632a/s240x240/121713838_1076012622857188_247004547538177983_n.jpg?_nc_ht=instagram.fabe1-1.fna.fbcdn.net&_nc_cat=104&_nc_ohc=RBkSKSaEG2YAX_tp1nG&tp=16&oh=9666fa9371c6dd30141f667f486fbb87&oe=5FB573AA"
                },
                {
                    "config_height": 320,
                    "config_width": 320,
                    "src": "https://instagram.fabe1-1.fna.fbcdn.net/v/t51.2885-15/e35/c164.0.632.632a/s320x320/121713838_1076012622857188_247004547538177983_n.jpg?_nc_ht=instagram.fabe1-1.fna.fbcdn.net&_nc_cat=104&_nc_ohc=RBkSKSaEG2YAX_tp1nG&tp=16&oh=b2f5b25d0fff1d4c51240c44770384b5&oe=5FB52558"
                },
                {
                    "config_height": 480,
                    "config_width": 480,
                    "src": "https://instagram.fabe1-1.fna.fbcdn.net/v/t51.2885-15/e35/c164.0.632.632a/s480x480/121713838_1076012622857188_247004547538177983_n.jpg?_nc_ht=instagram.fabe1-1.fna.fbcdn.net&_nc_cat=104&_nc_ohc=RBkSKSaEG2YAX_tp1nG&tp=16&oh=8cbcec25133f94e15d87a2db8640ce6c&oe=5FB4A311"
                },
                {
                    "config_height": 640,
                    "config_width": 640,
                    "src": "https://instagram.fabe1-1.fna.fbcdn.net/v/t51.2885-15/e35/c164.0.632.632a/121713838_1076012622857188_247004547538177983_n.jpg?_nc_ht=instagram.fabe1-1.fna.fbcdn.net&_nc_cat=104&_nc_ohc=RBkSKSaEG2YAX_tp1nG&oh=d1cf70c04b6edd9171b360d932e795be&oe=5FB4F070"
                }
            ],
            "thumbnail_src": "https://instagram.fabe1-1.fna.fbcdn.net/v/t51.2885-15/e35/c164.0.632.632a/121713838_1076012622857188_247004547538177983_n.jpg?_nc_ht=instagram.fabe1-1.fna.fbcdn.net&_nc_cat=104&_nc_ohc=RBkSKSaEG2YAX_tp1nG&oh=d1cf70c04b6edd9171b360d932e795be&oe=5FB4F070",
            "urls": [
                "https://instagram.fabe1-1.fna.fbcdn.net/v/t51.2885-15/e35/121713838_1076012622857188_247004547538177983_n.jpg?_nc_ht=instagram.fabe1-1.fna.fbcdn.net&_nc_cat=104&_nc_ohc=RBkSKSaEG2YAX_tp1nG&_nc_tp=18&oh=9bac6ca9c0aaf1abbac904eaf7f57725&oe=5FB2AE2A",
                "https://instagram.fabe1-1.fna.fbcdn.net/v/t51.2885-15/e35/121676640_658871345023045_3441661640336843279_n.jpg?_nc_ht=instagram.fabe1-1.fna.fbcdn.net&_nc_cat=101&_nc_ohc=FxhjWC_vgmoAX8AImU1&_nc_tp=18&oh=9dc5a49cb0a6d5917eccdddf9e0f914a&oe=5FB5626F",
                "https://instagram.fabe1-1.fna.fbcdn.net/v/t51.2885-15/e35/121777631_792660184845229_1429467314994763783_n.jpg?_nc_ht=instagram.fabe1-1.fna.fbcdn.net&_nc_cat=101&_nc_ohc=fxJDVVLZb_0AX9GmB6S&_nc_tp=18&oh=6f03a70e99c9d95dc1604df8a1c9d802&oe=5FB23541",
                "https://instagram.fabe1-1.fna.fbcdn.net/v/t51.2885-15/e35/121486694_265552961421102_3495711037355408924_n.jpg?_nc_ht=instagram.fabe1-1.fna.fbcdn.net&_nc_cat=106&_nc_ohc=sYlEmfXUmPMAX9mP32M&_nc_tp=18&oh=13297a49184c1d70199137b2d7b5e0b8&oe=5FB2245E",
                "https://instagram.fabe1-1.fna.fbcdn.net/v/t51.2885-15/e35/121695815_349352576284760_4726057150556901688_n.jpg?_nc_ht=instagram.fabe1-1.fna.fbcdn.net&_nc_cat=108&_nc_ohc=pwnWEheofNIAX-biip3&_nc_tp=18&oh=791e3bedb346f7582b42526be1ce3ab7&oe=5FB2D25D",
                "https://instagram.fabe1-1.fna.fbcdn.net/v/t51.2885-15/e35/121825218_441668690148336_4130685847719451519_n.jpg?_nc_ht=instagram.fabe1-1.fna.fbcdn.net&_nc_cat=100&_nc_ohc=jbjJWt3yGSEAX9BUaBx&_nc_tp=18&oh=9a0786cbbefa320b0a4c51c98b01b0f7&oe=5FB3F878",
                "https://instagram.fabe1-1.fna.fbcdn.net/v/t51.2885-15/e35/121702817_837791813631608_7157600239289541064_n.jpg?_nc_ht=instagram.fabe1-1.fna.fbcdn.net&_nc_cat=108&_nc_ohc=kSMdLq0ElMIAX_mJkMB&_nc_tp=18&oh=4303ed115515aecf7fc7bc4a9675be40&oe=5FB21A3E",
                "https://instagram.fabe1-1.fna.fbcdn.net/v/t51.2885-15/e35/121062507_203471214495994_3220419727561915361_n.jpg?_nc_ht=instagram.fabe1-1.fna.fbcdn.net&_nc_cat=110&_nc_ohc=g-0lv4dA6TcAX-Q8p18&_nc_tp=18&oh=98297ee5b37d5ff1147f0339b0603bcc&oe=5FB1D7B9"
            ]
        },
        {
            "comments_disabled": false,
            "dimensions": {
                "height": 819,
                "width": 1080
            },
            "display_url": "https://instagram.fabe1-1.fna.fbcdn.net/v/t51.2885-15/e35/s1080x1080/121602187_699910610607751_7197295025779039599_n.jpg?_nc_ht=instagram.fabe1-1.fna.fbcdn.net&_nc_cat=107&_nc_ohc=GsSGPpudXiAAX9b0nwS&_nc_tp=15&oh=b5ce891c546303f246eb00aa4dff9537&oe=5FB427A7",
            "edge_liked_by": {
                "count": 1
            },
            "edge_media_preview_like": {
                "count": 1
            },
            "edge_media_to_caption": {
                "edges": [
                    {
                        "node": {
                            "text": "Calvin Klein \n✅Talla M \n✅Polera 💲27.990\n✅Shorts 💲44.990 \n✅💯%Original\n✅!DISPONIBLE EN 🇨🇱 !!!PARA ENTREGA INMEDIATA🔥"
                        }
                    }
                ]
            },
            "edge_media_to_comment": {
                "count": 0
            },
            "id": "2421472855304039945",
            "is_video": false,
            "owner": {
                "id": "8715108426"
            },
            "shortcode": "CGazLt9pe4J",
            "tags": [],
            "taken_at_timestamp": 1602882080,
            "thumbnail_resources": [
                {
                    "config_height": 150,
                    "config_width": 150,
                    "src": "https://instagram.fabe1-1.fna.fbcdn.net/v/t51.2885-15/e35/c173.0.1093.1093a/s150x150/121602187_699910610607751_7197295025779039599_n.jpg?_nc_ht=instagram.fabe1-1.fna.fbcdn.net&_nc_cat=107&_nc_ohc=GsSGPpudXiAAX9b0nwS&tp=16&oh=f0f30e3f1456a8c73a402133c34cd95f&oe=5FB223F6"
                },
                {
                    "config_height": 240,
                    "config_width": 240,
                    "src": "https://instagram.fabe1-1.fna.fbcdn.net/v/t51.2885-15/e35/c173.0.1093.1093a/s240x240/121602187_699910610607751_7197295025779039599_n.jpg?_nc_ht=instagram.fabe1-1.fna.fbcdn.net&_nc_cat=107&_nc_ohc=GsSGPpudXiAAX9b0nwS&tp=16&oh=03ceb105536a433866747dbe0fd4d638&oe=5FB4BD74"
                },
                {
                    "config_height": 320,
                    "config_width": 320,
                    "src": "https://instagram.fabe1-1.fna.fbcdn.net/v/t51.2885-15/e35/c173.0.1093.1093a/s320x320/121602187_699910610607751_7197295025779039599_n.jpg?_nc_ht=instagram.fabe1-1.fna.fbcdn.net&_nc_cat=107&_nc_ohc=GsSGPpudXiAAX9b0nwS&tp=16&oh=0ef786a5332b394b7f717d152a08ab72&oe=5FB2728E"
                },
                {
                    "config_height": 480,
                    "config_width": 480,
                    "src": "https://instagram.fabe1-1.fna.fbcdn.net/v/t51.2885-15/e35/c173.0.1093.1093a/s480x480/121602187_699910610607751_7197295025779039599_n.jpg?_nc_ht=instagram.fabe1-1.fna.fbcdn.net&_nc_cat=107&_nc_ohc=GsSGPpudXiAAX9b0nwS&tp=16&oh=d38d00ded73c9d018c1ef7c23a71db23&oe=5FB36ECB"
                },
                {
                    "config_height": 640,
                    "config_width": 640,
                    "src": "https://instagram.fabe1-1.fna.fbcdn.net/v/t51.2885-15/sh0.08/e35/c173.0.1093.1093a/s640x640/121602187_699910610607751_7197295025779039599_n.jpg?_nc_ht=instagram.fabe1-1.fna.fbcdn.net&_nc_cat=107&_nc_ohc=GsSGPpudXiAAX9b0nwS&oh=ad4e81a8099176eaf31d61bda826b049&oe=5FB1AB46"
                }
            ],
            "thumbnail_src": "https://instagram.fabe1-1.fna.fbcdn.net/v/t51.2885-15/sh0.08/e35/c173.0.1093.1093a/s640x640/121602187_699910610607751_7197295025779039599_n.jpg?_nc_ht=instagram.fabe1-1.fna.fbcdn.net&_nc_cat=107&_nc_ohc=GsSGPpudXiAAX9b0nwS&oh=ad4e81a8099176eaf31d61bda826b049&oe=5FB1AB46",
            "urls": [
                "https://instagram.fabe1-1.fna.fbcdn.net/v/t51.2885-15/e35/s1080x1080/121602187_699910610607751_7197295025779039599_n.jpg?_nc_ht=instagram.fabe1-1.fna.fbcdn.net&_nc_cat=107&_nc_ohc=GsSGPpudXiAAX9b0nwS&_nc_tp=15&oh=b5ce891c546303f246eb00aa4dff9537&oe=5FB427A7"
            ]
        },
        {
            "comments_disabled": false,
            "dimensions": {
                "height": 900,
                "width": 750
            },
            "display_url": "https://instagram.fabe1-1.fna.fbcdn.net/v/t51.2885-15/e35/121639454_2741597092821212_3407737449478679218_n.jpg?_nc_ht=instagram.fabe1-1.fna.fbcdn.net&_nc_cat=108&_nc_ohc=BxPIDsS2zeIAX-0zsAI&_nc_tp=18&oh=b12eebb70ba269572ba54e59c30d7f4e&oe=5F8C6F48",
            "edge_liked_by": {
                "count": 0
            },
            "edge_media_preview_like": {
                "count": 0
            },
            "edge_media_to_caption": {
                "edges": [
                    {
                        "node": {
                            "text": "Come hang out with me as I celebrate Hip Hop Culture, LIVE!\n\n@mitdrinks presents;\n\n\"I ❤ HIP HOP\" \n\nDJ Willie Dynamite \n\nStarting October 17th, Every Saturday at 6pm on INSTAGRAM @ILOVEHIPHOPSATURDAYS Click the link in my bio!\n\nSponsored by @mitdrinks"
                        }
                    }
                ]
            },
            "edge_media_to_comment": {
                "count": 0
            },
            "id": "2421472571070622607",
            "is_video": true,
            "owner": {
                "id": "41244153092"
            },
            "shortcode": "CGazHlQBCuP",
            "tags": [],
            "taken_at_timestamp": 1602882067,
            "thumbnail_resources": [
                {
                    "config_height": 150,
                    "config_width": 150,
                    "src": "https://instagram.fabe1-1.fna.fbcdn.net/v/t51.2885-15/e35/c0.72.720.720a/s150x150/121639454_2741597092821212_3407737449478679218_n.jpg?_nc_ht=instagram.fabe1-1.fna.fbcdn.net&_nc_cat=108&_nc_ohc=BxPIDsS2zeIAX-0zsAI&tp=16&oh=364d9c2fc4e64e2373576e5cdfe467a9&oe=5F8C453D"
                },
                {
                    "config_height": 240,
                    "config_width": 240,
                    "src": "https://instagram.fabe1-1.fna.fbcdn.net/v/t51.2885-15/e35/c0.72.720.720a/s240x240/121639454_2741597092821212_3407737449478679218_n.jpg?_nc_ht=instagram.fabe1-1.fna.fbcdn.net&_nc_cat=108&_nc_ohc=BxPIDsS2zeIAX-0zsAI&tp=16&oh=fcffee9bd5a03853ce8fb96d45124897&oe=5F8C2D35"
                },
                {
                    "config_height": 320,
                    "config_width": 320,
                    "src": "https://instagram.fabe1-1.fna.fbcdn.net/v/t51.2885-15/e35/c0.72.720.720a/s320x320/121639454_2741597092821212_3407737449478679218_n.jpg?_nc_ht=instagram.fabe1-1.fna.fbcdn.net&_nc_cat=108&_nc_ohc=BxPIDsS2zeIAX-0zsAI&tp=16&oh=862d572458ac59e9f9ab0f0f92d33ee8&oe=5F8C1E6C"
                },
                {
                    "config_height": 480,
                    "config_width": 480,
                    "src": "https://instagram.fabe1-1.fna.fbcdn.net/v/t51.2885-15/e35/c0.72.720.720a/s480x480/121639454_2741597092821212_3407737449478679218_n.jpg?_nc_ht=instagram.fabe1-1.fna.fbcdn.net&_nc_cat=108&_nc_ohc=BxPIDsS2zeIAX-0zsAI&tp=16&oh=7da6690a6cb505c6aad750e57cac7043&oe=5F8C062A"
                },
                {
                    "config_height": 640,
                    "config_width": 640,
                    "src": "https://instagram.fabe1-1.fna.fbcdn.net/v/t51.2885-15/sh0.08/e35/c0.72.720.720a/s640x640/121639454_2741597092821212_3407737449478679218_n.jpg?_nc_ht=instagram.fabe1-1.fna.fbcdn.net&_nc_cat=108&_nc_ohc=BxPIDsS2zeIAX-0zsAI&oh=18707c4fe6a56d99d6973cac94ecd0da&oe=5F8C9A93"
                }
            ],
            "thumbnail_src": "https://instagram.fabe1-1.fna.fbcdn.net/v/t51.2885-15/sh0.08/e35/c0.72.720.720a/s640x640/121639454_2741597092821212_3407737449478679218_n.jpg?_nc_ht=instagram.fabe1-1.fna.fbcdn.net&_nc_cat=108&_nc_ohc=BxPIDsS2zeIAX-0zsAI&oh=18707c4fe6a56d99d6973cac94ecd0da&oe=5F8C9A93",
            "urls": [
                "https://instagram.fabe1-1.fna.fbcdn.net/v/t50.2886-16/121733722_804734173674654_284968324990325606_n.mp4?_nc_ht=instagram.fabe1-1.fna.fbcdn.net&_nc_cat=106&_nc_ohc=ScRhNTjxcS4AX8zeRIm&oe=5F8CA1E1&oh=4b8647c1f5d482794059428b9eb143e5"
            ],
            "video_view_count": 0
        },
        {
            "comments_disabled": false,
            "dimensions": {
                "height": 1350,
                "width": 1080
            },
            "display_url": "https://instagram.fabe1-1.fna.fbcdn.net/v/t51.2885-15/e35/p1080x1080/121673362_910364259371158_4476632799842712669_n.jpg?_nc_ht=instagram.fabe1-1.fna.fbcdn.net&_nc_cat=110&_nc_ohc=2vw4FuF_mdsAX-7cTaH&tp=19&oh=d19b06d0b54da0381a381212a18f513e&oe=5FB275DE",
            "edge_liked_by": {
                "count": 18
            },
            "edge_media_preview_like": {
                "count": 18
            },
            "edge_media_to_caption": {
                "edges": [
                    {
                        "node": {
                            "text": "Stop and smell the flowers 🌸 \n👗 @bobbysixtythree @b63studio"
                        }
                    }
                ]
            },
            "edge_media_to_comment": {
                "count": 1
            },
            "id": "2421472604356347168",
            "is_video": false,
            "owner": {
                "id": "3884540"
            },
            "shortcode": "CGazIEQAAUg",
            "tags": [],
            "taken_at_timestamp": 1602882050,
            "thumbnail_resources": [
                {
                    "config_height": 150,
                    "config_width": 150,
                    "src": "https://instagram.fabe1-1.fna.fbcdn.net/v/t51.2885-15/e35/c0.180.1440.1440a/s150x150/121673362_910364259371158_4476632799842712669_n.jpg?_nc_ht=instagram.fabe1-1.fna.fbcdn.net&_nc_cat=110&_nc_ohc=2vw4FuF_mdsAX-7cTaH&tp=16&oh=5ca92317360f4ede0277ca3223acd64f&oe=5FB3D8CA"
                },
                {
                    "config_height": 240,
                    "config_width": 240,
                    "src": "https://instagram.fabe1-1.fna.fbcdn.net/v/t51.2885-15/e35/c0.180.1440.1440a/s240x240/121673362_910364259371158_4476632799842712669_n.jpg?_nc_ht=instagram.fabe1-1.fna.fbcdn.net&_nc_cat=110&_nc_ohc=2vw4FuF_mdsAX-7cTaH&tp=16&oh=427fb09e8542ec73507476389e88acd4&oe=5FB36850"
                },
                {
                    "config_height": 320,
                    "config_width": 320,
                    "src": "https://instagram.fabe1-1.fna.fbcdn.net/v/t51.2885-15/e35/c0.180.1440.1440a/s320x320/121673362_910364259371158_4476632799842712669_n.jpg?_nc_ht=instagram.fabe1-1.fna.fbcdn.net&_nc_cat=110&_nc_ohc=2vw4FuF_mdsAX-7cTaH&tp=16&oh=11f7fe01176c92070d5b6b9dd033e31e&oe=5FB2F932"
                },
                {
                    "config_height": 480,
                    "config_width": 480,
                    "src": "https://instagram.fabe1-1.fna.fbcdn.net/v/t51.2885-15/e35/c0.180.1440.1440a/s480x480/121673362_910364259371158_4476632799842712669_n.jpg?_nc_ht=instagram.fabe1-1.fna.fbcdn.net&_nc_cat=110&_nc_ohc=2vw4FuF_mdsAX-7cTaH&tp=16&oh=45674fc3b35b0a2606c36e4840280eca&oe=5FB36877"
                },
                {
                    "config_height": 640,
                    "config_width": 640,
                    "src": "https://instagram.fabe1-1.fna.fbcdn.net/v/t51.2885-15/sh0.08/e35/c0.180.1440.1440a/s640x640/121673362_910364259371158_4476632799842712669_n.jpg?_nc_ht=instagram.fabe1-1.fna.fbcdn.net&_nc_cat=110&_nc_ohc=2vw4FuF_mdsAX-7cTaH&oh=8cf7e38dc129b731a9e799b78bac988e&oe=5FB3237A"
                }
            ],
            "thumbnail_src": "https://instagram.fabe1-1.fna.fbcdn.net/v/t51.2885-15/sh0.08/e35/c0.180.1440.1440a/s640x640/121673362_910364259371158_4476632799842712669_n.jpg?_nc_ht=instagram.fabe1-1.fna.fbcdn.net&_nc_cat=110&_nc_ohc=2vw4FuF_mdsAX-7cTaH&oh=8cf7e38dc129b731a9e799b78bac988e&oe=5FB3237A",
            "urls": [
                "https://instagram.fabe1-1.fna.fbcdn.net/v/t51.2885-15/e35/p1080x1080/121673362_910364259371158_4476632799842712669_n.jpg?_nc_ht=instagram.fabe1-1.fna.fbcdn.net&_nc_cat=110&_nc_ohc=2vw4FuF_mdsAX-7cTaH&tp=19&oh=d19b06d0b54da0381a381212a18f513e&oe=5FB275DE"
            ]
        }
    ]
}