{
    "GraphImages": [
        {
            "comments_disabled": false,
            "dimensions": {
                "height": 1350,
                "width": 1080
            },
            "display_url": "https://instagram.fabe1-1.fna.fbcdn.net/v/t51.2885-15/e35/p1080x1080/121529810_337650330869829_3211639139235114704_n.jpg?_nc_ht=instagram.fabe1-1.fna.fbcdn.net&_nc_cat=109&_nc_ohc=CoXquVdWaAIAX-T-Xyb&tp=19&oh=2553b923561f192f33f01f601be3444d&oe=5FB18ABA",
            "edge_liked_by": {
                "count": 2
            },
            "edge_media_preview_like": {
                "count": 2
            },
            "edge_media_to_caption": {
                "edges": [
                    {
                        "node": {
                            "text": "The city that made me 💚🌴 I was raised in Miami, but born in Costa Rica by Cuban parents ✨ #miamibeach #tranquilaytropical #miyayo #305"
                        }
                    }
                ]
            },
            "edge_media_to_comment": {
                "count": 0
            },
            "id": "2421393125962311848",
            "is_video": false,
            "owner": {
                "id": "394122989"
            },
            "shortcode": "CGahDgOjmio",
            "tags": [
                "miamibeach",
                "tranquilaytropical",
                "miyayo",
                "305"
            ],
            "taken_at_timestamp": 1602872575,
            "thumbnail_resources": [
                {
                    "config_height": 150,
                    "config_width": 150,
                    "src": "https://instagram.fabe1-1.fna.fbcdn.net/v/t51.2885-15/e35/c0.180.1440.1440a/s150x150/121529810_337650330869829_3211639139235114704_n.jpg?_nc_ht=instagram.fabe1-1.fna.fbcdn.net&_nc_cat=109&_nc_ohc=CoXquVdWaAIAX-T-Xyb&tp=16&oh=4fbc8d2171ec918b175c09cd4ad1758c&oe=5FB3B3AE"
                },
                {
                    "config_height": 240,
                    "config_width": 240,
                    "src": "https://instagram.fabe1-1.fna.fbcdn.net/v/t51.2885-15/e35/c0.180.1440.1440a/s240x240/121529810_337650330869829_3211639139235114704_n.jpg?_nc_ht=instagram.fabe1-1.fna.fbcdn.net&_nc_cat=109&_nc_ohc=CoXquVdWaAIAX-T-Xyb&tp=16&oh=4b14d1e44a4faf79a6ed38e0e3f94bfb&oe=5FB2892C"
                },
                {
                    "config_height": 320,
                    "config_width": 320,
                    "src": "https://instagram.fabe1-1.fna.fbcdn.net/v/t51.2885-15/e35/c0.180.1440.1440a/s320x320/121529810_337650330869829_3211639139235114704_n.jpg?_nc_ht=instagram.fabe1-1.fna.fbcdn.net&_nc_cat=109&_nc_ohc=CoXquVdWaAIAX-T-Xyb&tp=16&oh=0b1066fa7609c27e19fd7db38b0c3585&oe=5FB2E256"
                },
                {
                    "config_height": 480,
                    "config_width": 480,
                    "src": "https://instagram.fabe1-1.fna.fbcdn.net/v/t51.2885-15/e35/c0.180.1440.1440a/s480x480/121529810_337650330869829_3211639139235114704_n.jpg?_nc_ht=instagram.fabe1-1.fna.fbcdn.net&_nc_cat=109&_nc_ohc=CoXquVdWaAIAX-T-Xyb&tp=16&oh=33588949c78543a43ff0541e442d5c07&oe=5FB29313"
                },
                {
                    "config_height": 640,
                    "config_width": 640,
                    "src": "https://instagram.fabe1-1.fna.fbcdn.net/v/t51.2885-15/sh0.08/e35/c0.180.1440.1440a/s640x640/121529810_337650330869829_3211639139235114704_n.jpg?_nc_ht=instagram.fabe1-1.fna.fbcdn.net&_nc_cat=109&_nc_ohc=CoXquVdWaAIAX-T-Xyb&oh=5a81fc7406f74cf767ae1a6bca78c403&oe=5FB3801E"
                }
            ],
            "thumbnail_src": "https://instagram.fabe1-1.fna.fbcdn.net/v/t51.2885-15/sh0.08/e35/c0.180.1440.1440a/s640x640/121529810_337650330869829_3211639139235114704_n.jpg?_nc_ht=instagram.fabe1-1.fna.fbcdn.net&_nc_cat=109&_nc_ohc=CoXquVdWaAIAX-T-Xyb&oh=5a81fc7406f74cf767ae1a6bca78c403&oe=5FB3801E",
            "urls": [
                "https://instagram.fabe1-1.fna.fbcdn.net/v/t51.2885-15/e35/p1080x1080/121529810_337650330869829_3211639139235114704_n.jpg?_nc_ht=instagram.fabe1-1.fna.fbcdn.net&_nc_cat=109&_nc_ohc=CoXquVdWaAIAX-T-Xyb&tp=19&oh=2553b923561f192f33f01f601be3444d&oe=5FB18ABA"
            ]
        }
    ]
}