{
    "GraphImages": [
        {
            "comments_disabled": false,
            "dimensions": {
                "height": 1349,
                "width": 1080
            },
            "display_url": "https://instagram.fabe1-1.fna.fbcdn.net/v/t51.2885-15/e35/121642337_680360206227026_6780633141608771975_n.jpg?_nc_ht=instagram.fabe1-1.fna.fbcdn.net&_nc_cat=102&_nc_ohc=SMKNpTvklxMAX9GFU0W&_nc_tp=18&oh=18716290b25f522394f6398cfbe00b5d&oe=5FB1E3E1",
            "edge_liked_by": {
                "count": 0
            },
            "edge_media_preview_like": {
                "count": 0
            },
            "edge_media_to_caption": {
                "edges": [
                    {
                        "node": {
                            "text": "GRANFESTIVAL ELECTRÓNICO ✏️ Se abre la LISTA📋reserva tu palco...que no te lo cuenten"
                        }
                    }
                ]
            },
            "edge_media_to_comment": {
                "count": 0
            },
            "id": "2421456100785995671",
            "is_video": false,
            "owner": {
                "id": "5719827884"
            },
            "shortcode": "CGavX6GjT-X",
            "tags": [],
            "taken_at_timestamp": 1602880083,
            "thumbnail_resources": [
                {
                    "config_height": 150,
                    "config_width": 150,
                    "src": "https://instagram.fabe1-1.fna.fbcdn.net/v/t51.2885-15/e35/c0.122.977.977a/s150x150/121642337_680360206227026_6780633141608771975_n.jpg?_nc_ht=instagram.fabe1-1.fna.fbcdn.net&_nc_cat=102&_nc_ohc=SMKNpTvklxMAX9GFU0W&tp=16&oh=aa607ad7bd5e0beb379d157c4a9d20ca&oe=5FB301DD"
                },
                {
                    "config_height": 240,
                    "config_width": 240,
                    "src": "https://instagram.fabe1-1.fna.fbcdn.net/v/t51.2885-15/e35/c0.122.977.977a/s240x240/121642337_680360206227026_6780633141608771975_n.jpg?_nc_ht=instagram.fabe1-1.fna.fbcdn.net&_nc_cat=102&_nc_ohc=SMKNpTvklxMAX9GFU0W&tp=16&oh=4851c5872e2dfda89540b59a1369affb&oe=5FB2B1DB"
                },
                {
                    "config_height": 320,
                    "config_width": 320,
                    "src": "https://instagram.fabe1-1.fna.fbcdn.net/v/t51.2885-15/e35/c0.122.977.977a/s320x320/121642337_680360206227026_6780633141608771975_n.jpg?_nc_ht=instagram.fabe1-1.fna.fbcdn.net&_nc_cat=102&_nc_ohc=SMKNpTvklxMAX9GFU0W&tp=16&oh=46fde89a40c1853cbe4eb5a495aa6f26&oe=5FB40325"
                },
                {
                    "config_height": 480,
                    "config_width": 480,
                    "src": "https://instagram.fabe1-1.fna.fbcdn.net/v/t51.2885-15/e35/c0.122.977.977a/s480x480/121642337_680360206227026_6780633141608771975_n.jpg?_nc_ht=instagram.fabe1-1.fna.fbcdn.net&_nc_cat=102&_nc_ohc=SMKNpTvklxMAX9GFU0W&tp=16&oh=4a7ff37ce2a162f97737e5e510a1e277&oe=5FB4A464"
                },
                {
                    "config_height": 640,
                    "config_width": 640,
                    "src": "https://instagram.fabe1-1.fna.fbcdn.net/v/t51.2885-15/sh0.08/e35/c0.122.977.977a/s640x640/121642337_680360206227026_6780633141608771975_n.jpg?_nc_ht=instagram.fabe1-1.fna.fbcdn.net&_nc_cat=102&_nc_ohc=SMKNpTvklxMAX9GFU0W&oh=40c6c8386ac18183d59aed7a5810b4ab&oe=5FB4B19C"
                }
            ],
            "thumbnail_src": "https://instagram.fabe1-1.fna.fbcdn.net/v/t51.2885-15/sh0.08/e35/c0.122.977.977a/s640x640/121642337_680360206227026_6780633141608771975_n.jpg?_nc_ht=instagram.fabe1-1.fna.fbcdn.net&_nc_cat=102&_nc_ohc=SMKNpTvklxMAX9GFU0W&oh=40c6c8386ac18183d59aed7a5810b4ab&oe=5FB4B19C",
            "urls": [
                "https://instagram.fabe1-1.fna.fbcdn.net/v/t51.2885-15/e35/121642337_680360206227026_6780633141608771975_n.jpg?_nc_ht=instagram.fabe1-1.fna.fbcdn.net&_nc_cat=102&_nc_ohc=SMKNpTvklxMAX9GFU0W&_nc_tp=18&oh=18716290b25f522394f6398cfbe00b5d&oe=5FB1E3E1"
            ]
        },
        {
            "comments_disabled": false,
            "dimensions": {
                "height": 810,
                "width": 1080
            },
            "display_url": "https://instagram.fabe1-1.fna.fbcdn.net/v/t51.2885-15/e35/s1080x1080/121613993_193824848859044_2691733171030027929_n.jpg?_nc_ht=instagram.fabe1-1.fna.fbcdn.net&_nc_cat=108&_nc_ohc=n6_aDOu5sVcAX-k7NMX&_nc_tp=15&oh=ec54eb4fa8c58349219f3a785e3255f5&oe=5FB56043",
            "edge_liked_by": {
                "count": 0
            },
            "edge_media_preview_like": {
                "count": 0
            },
            "edge_media_to_caption": {
                "edges": [
                    {
                        "node": {
                            "text": "Vida buena, buena vida, todos los días viviendo como mi despedida🧿\n•\n•\n• \n\n#FBF #MIA 🏖 \n\nPD: Tus cejas favoritas😎🤣"
                        }
                    }
                ]
            },
            "edge_media_to_comment": {
                "count": 0
            },
            "id": "2421455961769955328",
            "is_video": false,
            "owner": {
                "id": "260630776"
            },
            "shortcode": "CGavV4ojNAA",
            "tags": [
                "MIA",
                "FBF"
            ],
            "taken_at_timestamp": 1602880066,
            "thumbnail_resources": [
                {
                    "config_height": 150,
                    "config_width": 150,
                    "src": "https://instagram.fabe1-1.fna.fbcdn.net/v/t51.2885-15/e35/c179.0.1081.1081a/s150x150/121613993_193824848859044_2691733171030027929_n.jpg?_nc_ht=instagram.fabe1-1.fna.fbcdn.net&_nc_cat=108&_nc_ohc=n6_aDOu5sVcAX-k7NMX&tp=16&oh=24145f77ce06bc20387d1aae6c0ea3a4&oe=5FB35594"
                },
                {
                    "config_height": 240,
                    "config_width": 240,
                    "src": "https://instagram.fabe1-1.fna.fbcdn.net/v/t51.2885-15/e35/c179.0.1081.1081a/s240x240/121613993_193824848859044_2691733171030027929_n.jpg?_nc_ht=instagram.fabe1-1.fna.fbcdn.net&_nc_cat=108&_nc_ohc=n6_aDOu5sVcAX-k7NMX&tp=16&oh=733faafecbac8d011f69e67c1e6440f0&oe=5FB3D716"
                },
                {
                    "config_height": 320,
                    "config_width": 320,
                    "src": "https://instagram.fabe1-1.fna.fbcdn.net/v/t51.2885-15/e35/c179.0.1081.1081a/s320x320/121613993_193824848859044_2691733171030027929_n.jpg?_nc_ht=instagram.fabe1-1.fna.fbcdn.net&_nc_cat=108&_nc_ohc=n6_aDOu5sVcAX-k7NMX&tp=16&oh=2b5301f523be6409f20f84f96504f5a6&oe=5FB299EC"
                },
                {
                    "config_height": 480,
                    "config_width": 480,
                    "src": "https://instagram.fabe1-1.fna.fbcdn.net/v/t51.2885-15/e35/c179.0.1081.1081a/s480x480/121613993_193824848859044_2691733171030027929_n.jpg?_nc_ht=instagram.fabe1-1.fna.fbcdn.net&_nc_cat=108&_nc_ohc=n6_aDOu5sVcAX-k7NMX&tp=16&oh=39094fd4109728d5b62a5c52a99b8253&oe=5FB204AD"
                },
                {
                    "config_height": 640,
                    "config_width": 640,
                    "src": "https://instagram.fabe1-1.fna.fbcdn.net/v/t51.2885-15/sh0.08/e35/c179.0.1081.1081a/s640x640/121613993_193824848859044_2691733171030027929_n.jpg?_nc_ht=instagram.fabe1-1.fna.fbcdn.net&_nc_cat=108&_nc_ohc=n6_aDOu5sVcAX-k7NMX&oh=2bd72549468c1aa625a5b90cbe2068fe&oe=5FB1CE24"
                }
            ],
            "thumbnail_src": "https://instagram.fabe1-1.fna.fbcdn.net/v/t51.2885-15/sh0.08/e35/c179.0.1081.1081a/s640x640/121613993_193824848859044_2691733171030027929_n.jpg?_nc_ht=instagram.fabe1-1.fna.fbcdn.net&_nc_cat=108&_nc_ohc=n6_aDOu5sVcAX-k7NMX&oh=2bd72549468c1aa625a5b90cbe2068fe&oe=5FB1CE24",
            "urls": [
                "https://instagram.fabe1-1.fna.fbcdn.net/v/t51.2885-15/e35/s1080x1080/121613993_193824848859044_2691733171030027929_n.jpg?_nc_ht=instagram.fabe1-1.fna.fbcdn.net&_nc_cat=108&_nc_ohc=n6_aDOu5sVcAX-k7NMX&_nc_tp=15&oh=ec54eb4fa8c58349219f3a785e3255f5&oe=5FB56043"
            ]
        },
        {
            "comments_disabled": false,
            "dimensions": {
                "height": 1350,
                "width": 1080
            },
            "display_url": "https://instagram.fabe1-1.fna.fbcdn.net/v/t51.2885-15/e35/p1080x1080/121592750_350200126309270_4286829703315239576_n.jpg?_nc_ht=instagram.fabe1-1.fna.fbcdn.net&_nc_cat=110&_nc_ohc=Zp3MF_aAcJ0AX-hw8YS&tp=19&oh=327d2da3fcf58e362ef2916c13f57263&oe=5FB37A85",
            "edge_liked_by": {
                "count": 0
            },
            "edge_media_preview_like": {
                "count": 0
            },
            "edge_media_to_caption": {
                "edges": [
                    {
                        "node": {
                            "text": "Throw back to quando ero al mare🌴🔙"
                        }
                    }
                ]
            },
            "edge_media_to_comment": {
                "count": 0
            },
            "id": "2421455942922474101",
            "is_video": false,
            "owner": {
                "id": "1475089705"
            },
            "shortcode": "CGavVnFJxJ1",
            "tags": [],
            "taken_at_timestamp": 1602880064,
            "thumbnail_resources": [
                {
                    "config_height": 150,
                    "config_width": 150,
                    "src": "https://instagram.fabe1-1.fna.fbcdn.net/v/t51.2885-15/e35/c0.180.1440.1440a/s150x150/121592750_350200126309270_4286829703315239576_n.jpg?_nc_ht=instagram.fabe1-1.fna.fbcdn.net&_nc_cat=110&_nc_ohc=Zp3MF_aAcJ0AX-hw8YS&tp=16&oh=2c0f8aa16ebebc06cc379a2ee4cb2e39&oe=5FB21591"
                },
                {
                    "config_height": 240,
                    "config_width": 240,
                    "src": "https://instagram.fabe1-1.fna.fbcdn.net/v/t51.2885-15/e35/c0.180.1440.1440a/s240x240/121592750_350200126309270_4286829703315239576_n.jpg?_nc_ht=instagram.fabe1-1.fna.fbcdn.net&_nc_cat=110&_nc_ohc=Zp3MF_aAcJ0AX-hw8YS&tp=16&oh=b9f30ed5e474a4954151b26dcd3b14a3&oe=5FB51397"
                },
                {
                    "config_height": 320,
                    "config_width": 320,
                    "src": "https://instagram.fabe1-1.fna.fbcdn.net/v/t51.2885-15/e35/c0.180.1440.1440a/s320x320/121592750_350200126309270_4286829703315239576_n.jpg?_nc_ht=instagram.fabe1-1.fna.fbcdn.net&_nc_cat=110&_nc_ohc=Zp3MF_aAcJ0AX-hw8YS&tp=16&oh=4765dd02b854ca7fb0e84af60b5c4706&oe=5FB27469"
                },
                {
                    "config_height": 480,
                    "config_width": 480,
                    "src": "https://instagram.fabe1-1.fna.fbcdn.net/v/t51.2885-15/e35/c0.180.1440.1440a/s480x480/121592750_350200126309270_4286829703315239576_n.jpg?_nc_ht=instagram.fabe1-1.fna.fbcdn.net&_nc_cat=110&_nc_ohc=Zp3MF_aAcJ0AX-hw8YS&tp=16&oh=a3a96ad325252473b5144cca9ea7b095&oe=5FB3E230"
                },
                {
                    "config_height": 640,
                    "config_width": 640,
                    "src": "https://instagram.fabe1-1.fna.fbcdn.net/v/t51.2885-15/sh0.08/e35/c0.180.1440.1440a/s640x640/121592750_350200126309270_4286829703315239576_n.jpg?_nc_ht=instagram.fabe1-1.fna.fbcdn.net&_nc_cat=110&_nc_ohc=Zp3MF_aAcJ0AX-hw8YS&oh=06d228c90c5e95b8a1033bb9977fc88e&oe=5FB478A1"
                }
            ],
            "thumbnail_src": "https://instagram.fabe1-1.fna.fbcdn.net/v/t51.2885-15/sh0.08/e35/c0.180.1440.1440a/s640x640/121592750_350200126309270_4286829703315239576_n.jpg?_nc_ht=instagram.fabe1-1.fna.fbcdn.net&_nc_cat=110&_nc_ohc=Zp3MF_aAcJ0AX-hw8YS&oh=06d228c90c5e95b8a1033bb9977fc88e&oe=5FB478A1",
            "urls": [
                "https://instagram.fabe1-1.fna.fbcdn.net/v/t51.2885-15/e35/p1080x1080/121592750_350200126309270_4286829703315239576_n.jpg?_nc_ht=instagram.fabe1-1.fna.fbcdn.net&_nc_cat=110&_nc_ohc=Zp3MF_aAcJ0AX-hw8YS&tp=19&oh=327d2da3fcf58e362ef2916c13f57263&oe=5FB37A85"
            ]
        },
        {
            "comments_disabled": false,
            "dimensions": {
                "height": 1080,
                "width": 1080
            },
            "display_url": "https://instagram.fabe1-1.fna.fbcdn.net/v/t51.2885-15/e35/s1080x1080/121676480_1080337929089314_6971319679554346276_n.jpg?_nc_ht=instagram.fabe1-1.fna.fbcdn.net&_nc_cat=110&_nc_ohc=H-GE99sW87EAX-ZfbgJ&_nc_tp=15&oh=4d484de80fef5da5401e4801465501ef&oe=5FB3A024",
            "edge_liked_by": {
                "count": 0
            },
            "edge_media_preview_like": {
                "count": 0
            },
            "edge_media_to_caption": {
                "edges": [
                    {
                        "node": {
                            "text": "@mikecfp is ready for the derby tomorrow, are you? We still have space available for the 8am and 2pm boat! Give us a call or text to reserve your space today! 786-232-3816\n\n#saltyspines #savethereefslaythemall #miamilionfishderby2020series #lionfishderby #invasivespecies #invasivelionfish #miamibeachmarina #lobster #tarpoonlagoon #decodivers"
                        }
                    }
                ]
            },
            "edge_media_to_comment": {
                "count": 0
            },
            "id": "2421455775106235303",
            "is_video": false,
            "owner": {
                "id": "40444727139"
            },
            "shortcode": "CGavTKyhnun",
            "tags": [
                "tarpoonlagoon",
                "decodivers",
                "saltyspines",
                "lobster",
                "lionfishderby",
                "miamilionfishderby2020series",
                "invasivelionfish",
                "miamibeachmarina",
                "savethereefslaythemall",
                "invasivespecies"
            ],
            "taken_at_timestamp": 1602880044,
            "thumbnail_resources": [
                {
                    "config_height": 150,
                    "config_width": 150,
                    "src": "https://instagram.fabe1-1.fna.fbcdn.net/v/t51.2885-15/e35/s150x150/121676480_1080337929089314_6971319679554346276_n.jpg?_nc_ht=instagram.fabe1-1.fna.fbcdn.net&_nc_cat=110&_nc_ohc=H-GE99sW87EAX-ZfbgJ&_nc_tp=15&oh=ce4f0190e74727c8e9abf90201ec1410&oe=5FB569C0"
                },
                {
                    "config_height": 240,
                    "config_width": 240,
                    "src": "https://instagram.fabe1-1.fna.fbcdn.net/v/t51.2885-15/e35/s240x240/121676480_1080337929089314_6971319679554346276_n.jpg?_nc_ht=instagram.fabe1-1.fna.fbcdn.net&_nc_cat=110&_nc_ohc=H-GE99sW87EAX-ZfbgJ&_nc_tp=15&oh=1bae6c539743b29f2d7a2b1908323395&oe=5FB35078"
                },
                {
                    "config_height": 320,
                    "config_width": 320,
                    "src": "https://instagram.fabe1-1.fna.fbcdn.net/v/t51.2885-15/e35/s320x320/121676480_1080337929089314_6971319679554346276_n.jpg?_nc_ht=instagram.fabe1-1.fna.fbcdn.net&_nc_cat=110&_nc_ohc=H-GE99sW87EAX-ZfbgJ&_nc_tp=15&oh=dcbea3076861e6edf64ce3a45344bd23&oe=5FB1BEA9"
                },
                {
                    "config_height": 480,
                    "config_width": 480,
                    "src": "https://instagram.fabe1-1.fna.fbcdn.net/v/t51.2885-15/e35/s480x480/121676480_1080337929089314_6971319679554346276_n.jpg?_nc_ht=instagram.fabe1-1.fna.fbcdn.net&_nc_cat=110&_nc_ohc=H-GE99sW87EAX-ZfbgJ&_nc_tp=15&oh=aa19b576e7ae074ba41618ece03da64e&oe=5FB3D2EB"
                },
                {
                    "config_height": 640,
                    "config_width": 640,
                    "src": "https://instagram.fabe1-1.fna.fbcdn.net/v/t51.2885-15/sh0.08/e35/s640x640/121676480_1080337929089314_6971319679554346276_n.jpg?_nc_ht=instagram.fabe1-1.fna.fbcdn.net&_nc_cat=110&_nc_ohc=H-GE99sW87EAX-ZfbgJ&_nc_tp=24&oh=c7bb2c2fe9cdfc11fb3272d34a36914c&oe=5FB2B3CB"
                }
            ],
            "thumbnail_src": "https://instagram.fabe1-1.fna.fbcdn.net/v/t51.2885-15/sh0.08/e35/s640x640/121676480_1080337929089314_6971319679554346276_n.jpg?_nc_ht=instagram.fabe1-1.fna.fbcdn.net&_nc_cat=110&_nc_ohc=H-GE99sW87EAX-ZfbgJ&_nc_tp=24&oh=c7bb2c2fe9cdfc11fb3272d34a36914c&oe=5FB2B3CB",
            "urls": [
                "https://instagram.fabe1-1.fna.fbcdn.net/v/t51.2885-15/e35/s1080x1080/121676480_1080337929089314_6971319679554346276_n.jpg?_nc_ht=instagram.fabe1-1.fna.fbcdn.net&_nc_cat=110&_nc_ohc=H-GE99sW87EAX-ZfbgJ&_nc_tp=15&oh=4d484de80fef5da5401e4801465501ef&oe=5FB3A024"
            ]
        },
        {
            "comments_disabled": false,
            "dimensions": {
                "height": 1350,
                "width": 1080
            },
            "display_url": "https://instagram.fabe1-1.fna.fbcdn.net/v/t51.2885-15/e35/p1080x1080/121600408_338808517187003_6418849588711342871_n.jpg?_nc_ht=instagram.fabe1-1.fna.fbcdn.net&_nc_cat=111&_nc_ohc=mKdBnu8a8n8AX8NGJJF&tp=19&oh=7ee3fbfc77451a588085418bb4a3e3f3&oe=5FB2630A",
            "edge_liked_by": {
                "count": 0
            },
            "edge_media_preview_like": {
                "count": 0
            },
            "edge_media_to_caption": {
                "edges": [
                    {
                        "node": {
                            "text": "The entire pool to myself 🌧"
                        }
                    }
                ]
            },
            "edge_media_to_comment": {
                "count": 0
            },
            "id": "2421455359871281578",
            "is_video": false,
            "owner": {
                "id": "31440355"
            },
            "shortcode": "CGavNIEl-mq",
            "tags": [],
            "taken_at_timestamp": 1602879994,
            "thumbnail_resources": [
                {
                    "config_height": 150,
                    "config_width": 150,
                    "src": "https://instagram.fabe1-1.fna.fbcdn.net/v/t51.2885-15/e35/c0.180.1440.1440a/s150x150/121600408_338808517187003_6418849588711342871_n.jpg?_nc_ht=instagram.fabe1-1.fna.fbcdn.net&_nc_cat=111&_nc_ohc=mKdBnu8a8n8AX8NGJJF&tp=16&oh=e98c2e2bdb5b6914b6d25ead32c64337&oe=5FB3A39E"
                },
                {
                    "config_height": 240,
                    "config_width": 240,
                    "src": "https://instagram.fabe1-1.fna.fbcdn.net/v/t51.2885-15/e35/c0.180.1440.1440a/s240x240/121600408_338808517187003_6418849588711342871_n.jpg?_nc_ht=instagram.fabe1-1.fna.fbcdn.net&_nc_cat=111&_nc_ohc=mKdBnu8a8n8AX8NGJJF&tp=16&oh=4ad83758e3e5d5d3e9279ffd9a626d1c&oe=5FB4411C"
                },
                {
                    "config_height": 320,
                    "config_width": 320,
                    "src": "https://instagram.fabe1-1.fna.fbcdn.net/v/t51.2885-15/e35/c0.180.1440.1440a/s320x320/121600408_338808517187003_6418849588711342871_n.jpg?_nc_ht=instagram.fabe1-1.fna.fbcdn.net&_nc_cat=111&_nc_ohc=mKdBnu8a8n8AX8NGJJF&tp=16&oh=3eda46eca02f0d201c14115106225ede&oe=5FB30066"
                },
                {
                    "config_height": 480,
                    "config_width": 480,
                    "src": "https://instagram.fabe1-1.fna.fbcdn.net/v/t51.2885-15/e35/c0.180.1440.1440a/s480x480/121600408_338808517187003_6418849588711342871_n.jpg?_nc_ht=instagram.fabe1-1.fna.fbcdn.net&_nc_cat=111&_nc_ohc=mKdBnu8a8n8AX8NGJJF&tp=16&oh=45c927a7bde7ac65a2a34d1c0697e774&oe=5FB381A3"
                },
                {
                    "config_height": 640,
                    "config_width": 640,
                    "src": "https://instagram.fabe1-1.fna.fbcdn.net/v/t51.2885-15/sh0.08/e35/c0.180.1440.1440a/s640x640/121600408_338808517187003_6418849588711342871_n.jpg?_nc_ht=instagram.fabe1-1.fna.fbcdn.net&_nc_cat=111&_nc_ohc=mKdBnu8a8n8AX8NGJJF&oh=415d87a5230fdf3c63304556f3a11e7d&oe=5FB21C2E"
                }
            ],
            "thumbnail_src": "https://instagram.fabe1-1.fna.fbcdn.net/v/t51.2885-15/sh0.08/e35/c0.180.1440.1440a/s640x640/121600408_338808517187003_6418849588711342871_n.jpg?_nc_ht=instagram.fabe1-1.fna.fbcdn.net&_nc_cat=111&_nc_ohc=mKdBnu8a8n8AX8NGJJF&oh=415d87a5230fdf3c63304556f3a11e7d&oe=5FB21C2E",
            "urls": [
                "https://instagram.fabe1-1.fna.fbcdn.net/v/t51.2885-15/e35/p1080x1080/121600408_338808517187003_6418849588711342871_n.jpg?_nc_ht=instagram.fabe1-1.fna.fbcdn.net&_nc_cat=111&_nc_ohc=mKdBnu8a8n8AX8NGJJF&tp=19&oh=7ee3fbfc77451a588085418bb4a3e3f3&oe=5FB2630A"
            ]
        }
    ]
}