{
    "GraphImages": [
        {
            "comments_disabled": false,
            "dimensions": {
                "height": 1080,
                "width": 1080
            },
            "display_url": "https://instagram.fabe1-1.fna.fbcdn.net/v/t51.2885-15/e35/121733677_177815007298971_5322434294492658712_n.jpg?_nc_ht=instagram.fabe1-1.fna.fbcdn.net&_nc_cat=103&_nc_ohc=t9meWFABf6wAX_TXy1v&_nc_tp=18&oh=447dce84692d8f1a4c550d521353d79b&oe=5FB370CF",
            "edge_liked_by": {
                "count": 0
            },
            "edge_media_preview_like": {
                "count": 0
            },
            "edge_media_to_caption": {
                "edges": [
                    {
                        "node": {
                            "text": "🎁"
                        }
                    }
                ]
            },
            "edge_media_to_comment": {
                "count": 0
            },
            "id": "2421521248755282295",
            "is_video": false,
            "owner": {
                "id": "21541640515"
            },
            "shortcode": "CGa-L74HnF3",
            "tags": [],
            "taken_at_timestamp": 1602887849,
            "thumbnail_resources": [
                {
                    "config_height": 150,
                    "config_width": 150,
                    "src": "https://instagram.fabe1-1.fna.fbcdn.net/v/t51.2885-15/e35/s150x150/121733677_177815007298971_5322434294492658712_n.jpg?_nc_ht=instagram.fabe1-1.fna.fbcdn.net&_nc_cat=103&_nc_ohc=t9meWFABf6wAX_TXy1v&_nc_tp=15&oh=f12afbd0adebc0fa9fd7c0e944dfe9a3&oe=5FB30FF2"
                },
                {
                    "config_height": 240,
                    "config_width": 240,
                    "src": "https://instagram.fabe1-1.fna.fbcdn.net/v/t51.2885-15/e35/s240x240/121733677_177815007298971_5322434294492658712_n.jpg?_nc_ht=instagram.fabe1-1.fna.fbcdn.net&_nc_cat=103&_nc_ohc=t9meWFABf6wAX_TXy1v&_nc_tp=15&oh=67ba356686ac7fd2eed237e248a3eba8&oe=5FB38DF8"
                },
                {
                    "config_height": 320,
                    "config_width": 320,
                    "src": "https://instagram.fabe1-1.fna.fbcdn.net/v/t51.2885-15/e35/s320x320/121733677_177815007298971_5322434294492658712_n.jpg?_nc_ht=instagram.fabe1-1.fna.fbcdn.net&_nc_cat=103&_nc_ohc=t9meWFABf6wAX_TXy1v&_nc_tp=15&oh=daa989373f6d6a48c087db710e5e8731&oe=5FB3A70A"
                },
                {
                    "config_height": 480,
                    "config_width": 480,
                    "src": "https://instagram.fabe1-1.fna.fbcdn.net/v/t51.2885-15/e35/s480x480/121733677_177815007298971_5322434294492658712_n.jpg?_nc_ht=instagram.fabe1-1.fna.fbcdn.net&_nc_cat=103&_nc_ohc=t9meWFABf6wAX_TXy1v&_nc_tp=15&oh=be8558ae3f30422b82399b7ada67f21c&oe=5FB596CF"
                },
                {
                    "config_height": 640,
                    "config_width": 640,
                    "src": "https://instagram.fabe1-1.fna.fbcdn.net/v/t51.2885-15/sh0.08/e35/s640x640/121733677_177815007298971_5322434294492658712_n.jpg?_nc_ht=instagram.fabe1-1.fna.fbcdn.net&_nc_cat=103&_nc_ohc=t9meWFABf6wAX_TXy1v&_nc_tp=24&oh=5c722594e3c97242195e6e469251338c&oe=5FB23375"
                }
            ],
            "thumbnail_src": "https://instagram.fabe1-1.fna.fbcdn.net/v/t51.2885-15/sh0.08/e35/s640x640/121733677_177815007298971_5322434294492658712_n.jpg?_nc_ht=instagram.fabe1-1.fna.fbcdn.net&_nc_cat=103&_nc_ohc=t9meWFABf6wAX_TXy1v&_nc_tp=24&oh=5c722594e3c97242195e6e469251338c&oe=5FB23375",
            "urls": [
                "https://instagram.fabe1-1.fna.fbcdn.net/v/t51.2885-15/e35/121733677_177815007298971_5322434294492658712_n.jpg?_nc_ht=instagram.fabe1-1.fna.fbcdn.net&_nc_cat=103&_nc_ohc=t9meWFABf6wAX_TXy1v&_nc_tp=18&oh=447dce84692d8f1a4c550d521353d79b&oe=5FB370CF"
            ]
        },
        {
            "comments_disabled": false,
            "dimensions": {
                "height": 1080,
                "width": 1080
            },
            "display_url": "https://instagram.fabe1-1.fna.fbcdn.net/v/t51.2885-15/e35/s1080x1080/121274570_132327614912997_1022933802800682574_n.jpg?_nc_ht=instagram.fabe1-1.fna.fbcdn.net&_nc_cat=109&_nc_ohc=gPAkoOr9ZysAX__f1T3&_nc_tp=15&oh=bb64f56fdd0c5bc85c71474b45bdbc7f&oe=5FB33B0A",
            "edge_liked_by": {
                "count": 0
            },
            "edge_media_preview_like": {
                "count": 0
            },
            "edge_media_to_caption": {
                "edges": [
                    {
                        "node": {
                            "text": "Tress for all seasons!!🌳🌞❄️🍂🌸\n#kidslearnjng#homeschooling#homeschoollife📚#learningathome"
                        }
                    }
                ]
            },
            "edge_media_to_comment": {
                "count": 0
            },
            "id": "2421520823066995052",
            "is_video": false,
            "owner": {
                "id": "29668439763"
            },
            "shortcode": "CGa-FvbHqls",
            "tags": [
                "homeschoollife",
                "homeschooling",
                "learningathome",
                "kidslearnjng"
            ],
            "taken_at_timestamp": 1602887798,
            "thumbnail_resources": [
                {
                    "config_height": 150,
                    "config_width": 150,
                    "src": "https://instagram.fabe1-1.fna.fbcdn.net/v/t51.2885-15/e35/s150x150/121274570_132327614912997_1022933802800682574_n.jpg?_nc_ht=instagram.fabe1-1.fna.fbcdn.net&_nc_cat=109&_nc_ohc=gPAkoOr9ZysAX__f1T3&_nc_tp=15&oh=8619467045d1f30d305227be629e8cbb&oe=5FB4DDC9"
                },
                {
                    "config_height": 240,
                    "config_width": 240,
                    "src": "https://instagram.fabe1-1.fna.fbcdn.net/v/t51.2885-15/e35/s240x240/121274570_132327614912997_1022933802800682574_n.jpg?_nc_ht=instagram.fabe1-1.fna.fbcdn.net&_nc_cat=109&_nc_ohc=gPAkoOr9ZysAX__f1T3&_nc_tp=15&oh=1ede13512ac3d6fbe168c53ab03b7d35&oe=5FB38A4F"
                },
                {
                    "config_height": 320,
                    "config_width": 320,
                    "src": "https://instagram.fabe1-1.fna.fbcdn.net/v/t51.2885-15/e35/s320x320/121274570_132327614912997_1022933802800682574_n.jpg?_nc_ht=instagram.fabe1-1.fna.fbcdn.net&_nc_cat=109&_nc_ohc=gPAkoOr9ZysAX__f1T3&_nc_tp=15&oh=0c0ba48d58a81974a177f6e197230f05&oe=5FB36F31"
                },
                {
                    "config_height": 480,
                    "config_width": 480,
                    "src": "https://instagram.fabe1-1.fna.fbcdn.net/v/t51.2885-15/e35/s480x480/121274570_132327614912997_1022933802800682574_n.jpg?_nc_ht=instagram.fabe1-1.fna.fbcdn.net&_nc_cat=109&_nc_ohc=gPAkoOr9ZysAX__f1T3&_nc_tp=15&oh=1f567f19e562784bfb970fdcf9d1616f&oe=5FB2B5F8"
                },
                {
                    "config_height": 640,
                    "config_width": 640,
                    "src": "https://instagram.fabe1-1.fna.fbcdn.net/v/t51.2885-15/sh0.08/e35/s640x640/121274570_132327614912997_1022933802800682574_n.jpg?_nc_ht=instagram.fabe1-1.fna.fbcdn.net&_nc_cat=109&_nc_ohc=gPAkoOr9ZysAX__f1T3&_nc_tp=24&oh=d109549c838d5d5e0d31806cc50c4bb0&oe=5FB4DBCE"
                }
            ],
            "thumbnail_src": "https://instagram.fabe1-1.fna.fbcdn.net/v/t51.2885-15/sh0.08/e35/s640x640/121274570_132327614912997_1022933802800682574_n.jpg?_nc_ht=instagram.fabe1-1.fna.fbcdn.net&_nc_cat=109&_nc_ohc=gPAkoOr9ZysAX__f1T3&_nc_tp=24&oh=d109549c838d5d5e0d31806cc50c4bb0&oe=5FB4DBCE",
            "urls": [
                "https://instagram.fabe1-1.fna.fbcdn.net/v/t51.2885-15/e35/s1080x1080/121274570_132327614912997_1022933802800682574_n.jpg?_nc_ht=instagram.fabe1-1.fna.fbcdn.net&_nc_cat=109&_nc_ohc=gPAkoOr9ZysAX__f1T3&_nc_tp=15&oh=bb64f56fdd0c5bc85c71474b45bdbc7f&oe=5FB33B0A",
                "https://instagram.fabe1-1.fna.fbcdn.net/v/t51.2885-15/e35/s1080x1080/121624760_714307235838941_3242134064691417746_n.jpg?_nc_ht=instagram.fabe1-1.fna.fbcdn.net&_nc_cat=105&_nc_ohc=5LTvFesp0F0AX8BlNFR&_nc_tp=15&oh=0de479037eab1131f958ddeea0ede146&oe=5FB3EB46",
                "https://instagram.fabe1-1.fna.fbcdn.net/v/t51.2885-15/e35/s1080x1080/121670932_341002717189537_8742832895534732542_n.jpg?_nc_ht=instagram.fabe1-1.fna.fbcdn.net&_nc_cat=101&_nc_ohc=qAhSH3KcEIIAX-pPMbz&_nc_tp=15&oh=0eb241a1fc007f7b247526d4ef0c4c12&oe=5FB2EC6B",
                "https://instagram.fabe1-1.fna.fbcdn.net/v/t51.2885-15/e35/s1080x1080/121638287_212572746946783_3323694271968890820_n.jpg?_nc_ht=instagram.fabe1-1.fna.fbcdn.net&_nc_cat=107&_nc_ohc=CN7HAkb7IXcAX9Q2FfZ&_nc_tp=15&oh=0e5c6e47acea47fe5c62aa42f96b90a8&oe=5FB4CABE",
                "https://instagram.fabe1-1.fna.fbcdn.net/v/t51.2885-15/e35/s1080x1080/121697860_732955153971003_1249680969717826579_n.jpg?_nc_ht=instagram.fabe1-1.fna.fbcdn.net&_nc_cat=103&_nc_ohc=ryhgdS1EuO8AX8RgQDp&_nc_tp=15&oh=f8506a357a57057597c410233c3c88c1&oe=5FB33EDF",
                "https://instagram.fabe1-1.fna.fbcdn.net/v/t51.2885-15/e35/s1080x1080/121529190_200336474859487_5512934211038220875_n.jpg?_nc_ht=instagram.fabe1-1.fna.fbcdn.net&_nc_cat=107&_nc_ohc=3HeOgaRJL44AX8dxc4n&_nc_tp=15&oh=d0ee441bc35cdbea5e13f9b8655ee4c1&oe=5FB410B3",
                "https://instagram.fabe1-1.fna.fbcdn.net/v/t51.2885-15/e35/s1080x1080/121653301_157208819401380_5785539727146008775_n.jpg?_nc_ht=instagram.fabe1-1.fna.fbcdn.net&_nc_cat=100&_nc_ohc=DNH7jTM43wUAX-cmZim&_nc_tp=15&oh=645a574a135e3511b3ffcfa19bc50204&oe=5FB1FFFB",
                "https://instagram.fabe1-1.fna.fbcdn.net/v/t51.2885-15/e35/s1080x1080/121600189_353204782575772_8918099445896235821_n.jpg?_nc_ht=instagram.fabe1-1.fna.fbcdn.net&_nc_cat=104&_nc_ohc=WdDm3mIwJZcAX8AF5qI&_nc_tp=15&oh=35b79e9f54ea47d6569d7bbb5ed29e92&oe=5FB38E64"
            ]
        }
    ]
}