{
    "GraphImages": [
        {
            "comments_disabled": false,
            "dimensions": {
                "height": 750,
                "width": 750
            },
            "display_url": "https://instagram.fabe1-1.fna.fbcdn.net/v/t51.2885-15/e35/122037254_760746887817143_8510166213254814626_n.jpg?_nc_ht=instagram.fabe1-1.fna.fbcdn.net&_nc_cat=111&_nc_ohc=DPYbPprCI_cAX9IZYae&_nc_tp=18&oh=db264223af46a1dd4ed8b5ec631fe852&oe=5F8C36CF",
            "edge_liked_by": {
                "count": 0
            },
            "edge_media_preview_like": {
                "count": 0
            },
            "edge_media_to_caption": {
                "edges": [
                    {
                        "node": {
                            "text": "Miami Beach.\nCondominiums for sale!🇺🇸🇺🇸\nCall now☎️786.236.25.80.\nAmarilis Vazquez!\nElevate Real Estate Brokers.\n\n#miamirealestate #miami #realestate #realtor #brickell #miamirealtor #miamibeach #realestateagent #miamirealestateagent #miamirealestatephotography #miamirealestateshow #miamirealestatelawyer #realestatemiami #miamirealestates #realtormiami #miamirealestateclosings #miamirealestatesymposium #miamirealestatebroker #downtownmiami #miamihomes #milliondollarlisting #forsale #realtoramarilisvazquez #wynwood #miamirealestateoffers #florida #miamirealestatenews #doralrealestate #realestateinvesting #luxuryrealestate"
                        }
                    }
                ]
            },
            "edge_media_to_comment": {
                "count": 0
            },
            "id": "2421573887881042181",
            "is_video": true,
            "owner": {
                "id": "3273538480"
            },
            "shortcode": "CGbKJ74gtkF",
            "tags": [
                "miamirealestates",
                "miamirealestateshow",
                "miamihomes",
                "downtownmiami",
                "miamirealestatesymposium",
                "miamibeach",
                "milliondollarlisting",
                "florida",
                "wynwood",
                "miamirealestateoffers",
                "realtormiami",
                "miamirealestatephotography",
                "realtor",
                "realestateagent",
                "doralrealestate",
                "brickell",
                "realtoramarilisvazquez",
                "miamirealestatebroker",
                "miamirealtor",
                "miami",
                "miamirealestateagent",
                "miamirealestatelawyer",
                "forsale",
                "realestate",
                "miamirealestate",
                "miamirealestateclosings",
                "luxuryrealestate",
                "realestatemiami",
                "miamirealestatenews",
                "realestateinvesting"
            ],
            "taken_at_timestamp": 1602894357,
            "thumbnail_resources": [
                {
                    "config_height": 150,
                    "config_width": 150,
                    "src": "https://instagram.fabe1-1.fna.fbcdn.net/v/t51.2885-15/e35/s150x150/122037254_760746887817143_8510166213254814626_n.jpg?_nc_ht=instagram.fabe1-1.fna.fbcdn.net&_nc_cat=111&_nc_ohc=DPYbPprCI_cAX9IZYae&_nc_tp=15&oh=6a4648d5181388aa9fea1e07b0042996&oe=5F8CB732"
                },
                {
                    "config_height": 240,
                    "config_width": 240,
                    "src": "https://instagram.fabe1-1.fna.fbcdn.net/v/t51.2885-15/e35/s240x240/122037254_760746887817143_8510166213254814626_n.jpg?_nc_ht=instagram.fabe1-1.fna.fbcdn.net&_nc_cat=111&_nc_ohc=DPYbPprCI_cAX9IZYae&_nc_tp=15&oh=6ba252819fd85d7d8ef817261ccec094&oe=5F8C4478"
                },
                {
                    "config_height": 320,
                    "config_width": 320,
                    "src": "https://instagram.fabe1-1.fna.fbcdn.net/v/t51.2885-15/e35/s320x320/122037254_760746887817143_8510166213254814626_n.jpg?_nc_ht=instagram.fabe1-1.fna.fbcdn.net&_nc_cat=111&_nc_ohc=DPYbPprCI_cAX9IZYae&_nc_tp=15&oh=66c7f1bae28411db7d05ec486ef5c7bc&oe=5F8C634A"
                },
                {
                    "config_height": 480,
                    "config_width": 480,
                    "src": "https://instagram.fabe1-1.fna.fbcdn.net/v/t51.2885-15/e35/s480x480/122037254_760746887817143_8510166213254814626_n.jpg?_nc_ht=instagram.fabe1-1.fna.fbcdn.net&_nc_cat=111&_nc_ohc=DPYbPprCI_cAX9IZYae&_nc_tp=15&oh=297b3926dd898594e1a552428cafeeb5&oe=5F8CCD0F"
                },
                {
                    "config_height": 640,
                    "config_width": 640,
                    "src": "https://instagram.fabe1-1.fna.fbcdn.net/v/t51.2885-15/sh0.08/e35/s640x640/122037254_760746887817143_8510166213254814626_n.jpg?_nc_ht=instagram.fabe1-1.fna.fbcdn.net&_nc_cat=111&_nc_ohc=DPYbPprCI_cAX9IZYae&_nc_tp=24&oh=0b39a0f938249d221d6e243c3cb2e6ff&oe=5F8C40B5"
                }
            ],
            "thumbnail_src": "https://instagram.fabe1-1.fna.fbcdn.net/v/t51.2885-15/sh0.08/e35/s640x640/122037254_760746887817143_8510166213254814626_n.jpg?_nc_ht=instagram.fabe1-1.fna.fbcdn.net&_nc_cat=111&_nc_ohc=DPYbPprCI_cAX9IZYae&_nc_tp=24&oh=0b39a0f938249d221d6e243c3cb2e6ff&oe=5F8C40B5",
            "urls": [
                "https://instagram.fabe1-1.fna.fbcdn.net/v/t50.2886-16/121535213_143652110784700_6903206415633968584_n.mp4?_nc_ht=instagram.fabe1-1.fna.fbcdn.net&_nc_cat=104&_nc_ohc=MJgANl-PKnwAX8LBDbW&oe=5F8C767C&oh=5feee360b1e9e7176724eefb7db87f7f"
            ],
            "video_view_count": 0
        },
        {
            "comments_disabled": false,
            "dimensions": {
                "height": 750,
                "width": 750
            },
            "display_url": "https://instagram.fabe1-1.fna.fbcdn.net/v/t51.2885-15/e35/121600192_1759127860908313_4219243710450722959_n.jpg?_nc_ht=instagram.fabe1-1.fna.fbcdn.net&_nc_cat=101&_nc_ohc=0sGUOJilmGAAX8GYzCd&_nc_tp=18&oh=0c2ffab808beb584a5ce9de67674014a&oe=5FB214F6",
            "edge_liked_by": {
                "count": 1
            },
            "edge_media_preview_like": {
                "count": 1
            },
            "edge_media_to_caption": {
                "edges": [
                    {
                        "node": {
                            "text": "Como me veo mejor con gafas o sin gafas?"
                        }
                    }
                ]
            },
            "edge_media_to_comment": {
                "count": 0
            },
            "id": "2421575705382746686",
            "is_video": false,
            "owner": {
                "id": "37352142384"
            },
            "shortcode": "CGbKkYkDfo-",
            "tags": [],
            "taken_at_timestamp": 1602894341,
            "thumbnail_resources": [
                {
                    "config_height": 150,
                    "config_width": 150,
                    "src": "https://instagram.fabe1-1.fna.fbcdn.net/v/t51.2885-15/e35/s150x150/121600192_1759127860908313_4219243710450722959_n.jpg?_nc_ht=instagram.fabe1-1.fna.fbcdn.net&_nc_cat=101&_nc_ohc=0sGUOJilmGAAX8GYzCd&_nc_tp=15&oh=15ae9d95ab67e592b2b23017d1227242&oe=5FB1CE1A"
                },
                {
                    "config_height": 240,
                    "config_width": 240,
                    "src": "https://instagram.fabe1-1.fna.fbcdn.net/v/t51.2885-15/e35/s240x240/121600192_1759127860908313_4219243710450722959_n.jpg?_nc_ht=instagram.fabe1-1.fna.fbcdn.net&_nc_cat=101&_nc_ohc=0sGUOJilmGAAX8GYzCd&_nc_tp=15&oh=1080de2c996e2bf64eb8d5692501d972&oe=5FB39F52"
                },
                {
                    "config_height": 320,
                    "config_width": 320,
                    "src": "https://instagram.fabe1-1.fna.fbcdn.net/v/t51.2885-15/e35/s320x320/121600192_1759127860908313_4219243710450722959_n.jpg?_nc_ht=instagram.fabe1-1.fna.fbcdn.net&_nc_cat=101&_nc_ohc=0sGUOJilmGAAX8GYzCd&_nc_tp=15&oh=91dbec4cfc096079648941662d50ceac&oe=5FB4928F"
                },
                {
                    "config_height": 480,
                    "config_width": 480,
                    "src": "https://instagram.fabe1-1.fna.fbcdn.net/v/t51.2885-15/e35/s480x480/121600192_1759127860908313_4219243710450722959_n.jpg?_nc_ht=instagram.fabe1-1.fna.fbcdn.net&_nc_cat=101&_nc_ohc=0sGUOJilmGAAX8GYzCd&_nc_tp=15&oh=25c60179e2549f6f4547213ce826bf7b&oe=5FB3594D"
                },
                {
                    "config_height": 640,
                    "config_width": 640,
                    "src": "https://instagram.fabe1-1.fna.fbcdn.net/v/t51.2885-15/sh0.08/e35/s640x640/121600192_1759127860908313_4219243710450722959_n.jpg?_nc_ht=instagram.fabe1-1.fna.fbcdn.net&_nc_cat=101&_nc_ohc=0sGUOJilmGAAX8GYzCd&_nc_tp=24&oh=86a7e6b2833c2160071028d8af287c04&oe=5FB51FED"
                }
            ],
            "thumbnail_src": "https://instagram.fabe1-1.fna.fbcdn.net/v/t51.2885-15/sh0.08/e35/s640x640/121600192_1759127860908313_4219243710450722959_n.jpg?_nc_ht=instagram.fabe1-1.fna.fbcdn.net&_nc_cat=101&_nc_ohc=0sGUOJilmGAAX8GYzCd&_nc_tp=24&oh=86a7e6b2833c2160071028d8af287c04&oe=5FB51FED",
            "urls": [
                "https://instagram.fabe1-1.fna.fbcdn.net/v/t51.2885-15/e35/121600192_1759127860908313_4219243710450722959_n.jpg?_nc_ht=instagram.fabe1-1.fna.fbcdn.net&_nc_cat=101&_nc_ohc=0sGUOJilmGAAX8GYzCd&_nc_tp=18&oh=0c2ffab808beb584a5ce9de67674014a&oe=5FB214F6",
                "https://instagram.fabe1-1.fna.fbcdn.net/v/t51.2885-15/e35/121723531_433894040909009_3263580358272175202_n.jpg?_nc_ht=instagram.fabe1-1.fna.fbcdn.net&_nc_cat=105&_nc_ohc=nVBxqlLOT4kAX__QYR7&_nc_tp=18&oh=cf450559809328d79bf1bf3f637f49ca&oe=5FB2560D"
            ]
        },
        {
            "comments_disabled": false,
            "dimensions": {
                "height": 1080,
                "width": 1080
            },
            "display_url": "https://instagram.fabe1-1.fna.fbcdn.net/v/t51.2885-15/e35/s1080x1080/121630392_271850434038557_5430504668135067752_n.jpg?_nc_ht=instagram.fabe1-1.fna.fbcdn.net&_nc_cat=105&_nc_ohc=0QpvwBj0hvEAX9u6uiY&_nc_tp=15&oh=1dcf44259e143aa1e864aa2e756cab2b&oe=5FB582EC",
            "edge_liked_by": {
                "count": 0
            },
            "edge_media_preview_like": {
                "count": 0
            },
            "edge_media_to_caption": {
                "edges": [
                    {
                        "node": {
                            "text": "TOTALLY CONVINCED THAT MIAMI IS THE BEST PLACE TO LIVE .. WHAT DO YOU THINK ? #miamithebestplacetolive #miamilifestyle #inlovewithmiami #lookingforthebestplacetowork #freestessplace #myownlifestyle #miamiforever #bethechange ##choseyourlifestyle"
                        }
                    }
                ]
            },
            "edge_media_to_comment": {
                "count": 0
            },
            "id": "2421575675459858505",
            "is_video": false,
            "owner": {
                "id": "6953000957"
            },
            "shortcode": "CGbKj8sgvBJ",
            "tags": [
                "inlovewithmiami",
                "miamithebestplacetolive",
                "bethechange",
                "freestessplace",
                "lookingforthebestplacetowork",
                "miamiforever",
                "myownlifestyle",
                "miamilifestyle",
                "choseyourlifestyle"
            ],
            "taken_at_timestamp": 1602894337,
            "thumbnail_resources": [
                {
                    "config_height": 150,
                    "config_width": 150,
                    "src": "https://instagram.fabe1-1.fna.fbcdn.net/v/t51.2885-15/e35/s150x150/121630392_271850434038557_5430504668135067752_n.jpg?_nc_ht=instagram.fabe1-1.fna.fbcdn.net&_nc_cat=105&_nc_ohc=0QpvwBj0hvEAX9u6uiY&_nc_tp=15&oh=2aa235490b94f26d2f48f8e46fe9484f&oe=5FB2662B"
                },
                {
                    "config_height": 240,
                    "config_width": 240,
                    "src": "https://instagram.fabe1-1.fna.fbcdn.net/v/t51.2885-15/e35/s240x240/121630392_271850434038557_5430504668135067752_n.jpg?_nc_ht=instagram.fabe1-1.fna.fbcdn.net&_nc_cat=105&_nc_ohc=0QpvwBj0hvEAX9u6uiY&_nc_tp=15&oh=a7608046ff03738b14ec3a7266ede626&oe=5FB2982D"
                },
                {
                    "config_height": 320,
                    "config_width": 320,
                    "src": "https://instagram.fabe1-1.fna.fbcdn.net/v/t51.2885-15/e35/s320x320/121630392_271850434038557_5430504668135067752_n.jpg?_nc_ht=instagram.fabe1-1.fna.fbcdn.net&_nc_cat=105&_nc_ohc=0QpvwBj0hvEAX9u6uiY&_nc_tp=15&oh=e43327a8be7b23286182e8f0a5becf42&oe=5FB500D3"
                },
                {
                    "config_height": 480,
                    "config_width": 480,
                    "src": "https://instagram.fabe1-1.fna.fbcdn.net/v/t51.2885-15/e35/s480x480/121630392_271850434038557_5430504668135067752_n.jpg?_nc_ht=instagram.fabe1-1.fna.fbcdn.net&_nc_cat=105&_nc_ohc=0QpvwBj0hvEAX9u6uiY&_nc_tp=15&oh=74bd360b3a7526d2c6d1ffd28e13ced3&oe=5FB3F796"
                },
                {
                    "config_height": 640,
                    "config_width": 640,
                    "src": "https://instagram.fabe1-1.fna.fbcdn.net/v/t51.2885-15/sh0.08/e35/s640x640/121630392_271850434038557_5430504668135067752_n.jpg?_nc_ht=instagram.fabe1-1.fna.fbcdn.net&_nc_cat=105&_nc_ohc=0QpvwBj0hvEAX9u6uiY&_nc_tp=24&oh=565bd1e3648fa91852e71c3b8e5faa51&oe=5FB49C30"
                }
            ],
            "thumbnail_src": "https://instagram.fabe1-1.fna.fbcdn.net/v/t51.2885-15/sh0.08/e35/s640x640/121630392_271850434038557_5430504668135067752_n.jpg?_nc_ht=instagram.fabe1-1.fna.fbcdn.net&_nc_cat=105&_nc_ohc=0QpvwBj0hvEAX9u6uiY&_nc_tp=24&oh=565bd1e3648fa91852e71c3b8e5faa51&oe=5FB49C30",
            "urls": [
                "https://instagram.fabe1-1.fna.fbcdn.net/v/t51.2885-15/e35/s1080x1080/121630392_271850434038557_5430504668135067752_n.jpg?_nc_ht=instagram.fabe1-1.fna.fbcdn.net&_nc_cat=105&_nc_ohc=0QpvwBj0hvEAX9u6uiY&_nc_tp=15&oh=1dcf44259e143aa1e864aa2e756cab2b&oe=5FB582EC"
            ]
        }
    ]
}