{
    "GraphImages": [
        {
            "comments_disabled": false,
            "dimensions": {
                "height": 1140,
                "width": 1080
            },
            "display_url": "https://instagram.fabe1-1.fna.fbcdn.net/v/t51.2885-15/e35/121728531_681121512802567_3591817626302006360_n.jpg?_nc_ht=instagram.fabe1-1.fna.fbcdn.net&_nc_cat=107&_nc_ohc=PIh_It6vJEQAX_YFx4F&_nc_tp=18&oh=3826b2c78aed192ef4cd5a74d8ff6d9c&oe=5FB290F5",
            "edge_liked_by": {
                "count": 0
            },
            "edge_media_preview_like": {
                "count": 0
            },
            "edge_media_to_caption": {
                "edges": [
                    {
                        "node": {
                            "text": "Cu valoare frumos"
                        }
                    }
                ]
            },
            "edge_media_to_comment": {
                "count": 0
            },
            "id": "2421392048739721578",
            "is_video": false,
            "owner": {
                "id": "1473484952"
            },
            "shortcode": "CGagz0_FiFq",
            "tags": [],
            "taken_at_timestamp": 1602872447,
            "thumbnail_resources": [
                {
                    "config_height": 150,
                    "config_width": 150,
                    "src": "https://instagram.fabe1-1.fna.fbcdn.net/v/t51.2885-15/e35/c0.30.1080.1080a/s150x150/121728531_681121512802567_3591817626302006360_n.jpg?_nc_ht=instagram.fabe1-1.fna.fbcdn.net&_nc_cat=107&_nc_ohc=PIh_It6vJEQAX_YFx4F&tp=16&oh=492fa058ef0f1776e08d0e51584aa1be&oe=5FB24FA1"
                },
                {
                    "config_height": 240,
                    "config_width": 240,
                    "src": "https://instagram.fabe1-1.fna.fbcdn.net/v/t51.2885-15/e35/c0.30.1080.1080a/s240x240/121728531_681121512802567_3591817626302006360_n.jpg?_nc_ht=instagram.fabe1-1.fna.fbcdn.net&_nc_cat=107&_nc_ohc=PIh_It6vJEQAX_YFx4F&tp=16&oh=4f04c3c3d0eb3a9a9e1b540fc5b839a0&oe=5FB18427"
                },
                {
                    "config_height": 320,
                    "config_width": 320,
                    "src": "https://instagram.fabe1-1.fna.fbcdn.net/v/t51.2885-15/e35/c0.30.1080.1080a/s320x320/121728531_681121512802567_3591817626302006360_n.jpg?_nc_ht=instagram.fabe1-1.fna.fbcdn.net&_nc_cat=107&_nc_ohc=PIh_It6vJEQAX_YFx4F&tp=16&oh=c1c3889ac6f5a4d2fa06158bee02f8ac&oe=5FB399D9"
                },
                {
                    "config_height": 480,
                    "config_width": 480,
                    "src": "https://instagram.fabe1-1.fna.fbcdn.net/v/t51.2885-15/e35/c0.30.1080.1080a/s480x480/121728531_681121512802567_3591817626302006360_n.jpg?_nc_ht=instagram.fabe1-1.fna.fbcdn.net&_nc_cat=107&_nc_ohc=PIh_It6vJEQAX_YFx4F&tp=16&oh=10242b939326aa7172cb641760c13347&oe=5FB19A20"
                },
                {
                    "config_height": 640,
                    "config_width": 640,
                    "src": "https://instagram.fabe1-1.fna.fbcdn.net/v/t51.2885-15/sh0.08/e35/c0.30.1080.1080a/s640x640/121728531_681121512802567_3591817626302006360_n.jpg?_nc_ht=instagram.fabe1-1.fna.fbcdn.net&_nc_cat=107&_nc_ohc=PIh_It6vJEQAX_YFx4F&oh=5d939f333718bc1705443024c23daa5a&oe=5FB247B8"
                }
            ],
            "thumbnail_src": "https://instagram.fabe1-1.fna.fbcdn.net/v/t51.2885-15/sh0.08/e35/c0.30.1080.1080a/s640x640/121728531_681121512802567_3591817626302006360_n.jpg?_nc_ht=instagram.fabe1-1.fna.fbcdn.net&_nc_cat=107&_nc_ohc=PIh_It6vJEQAX_YFx4F&oh=5d939f333718bc1705443024c23daa5a&oe=5FB247B8",
            "urls": [
                "https://instagram.fabe1-1.fna.fbcdn.net/v/t51.2885-15/e35/121728531_681121512802567_3591817626302006360_n.jpg?_nc_ht=instagram.fabe1-1.fna.fbcdn.net&_nc_cat=107&_nc_ohc=PIh_It6vJEQAX_YFx4F&_nc_tp=18&oh=3826b2c78aed192ef4cd5a74d8ff6d9c&oe=5FB290F5",
                "https://instagram.fabe1-1.fna.fbcdn.net/v/t51.2885-15/e35/121402057_176468490627740_2658955734160313354_n.jpg?_nc_ht=instagram.fabe1-1.fna.fbcdn.net&_nc_cat=108&_nc_ohc=Uu4SOrYzFr4AX8LCsah&_nc_tp=18&oh=725ddfd424ae337f67e7b5b91ceceebd&oe=5FB1AFF8"
            ]
        },
        {
            "comments_disabled": false,
            "dimensions": {
                "height": 750,
                "width": 750
            },
            "display_url": "https://instagram.fabe1-1.fna.fbcdn.net/v/t51.2885-15/e35/121607508_1204178823291071_1685653387544236421_n.jpg?_nc_ht=instagram.fabe1-1.fna.fbcdn.net&_nc_cat=111&_nc_ohc=dIU0KKfhhiYAX88Aewn&_nc_tp=18&oh=591322db6e7e5847d60d124463afd920&oe=5F8C2C36",
            "edge_liked_by": {
                "count": 3
            },
            "edge_media_preview_like": {
                "count": 3
            },
            "edge_media_to_caption": {
                "edges": [
                    {
                        "node": {
                            "text": "Repostem e me marca\n\n-\n- \n-\n-\n-\n-\n-\n\n#loudgg #playstation #bbb20 #pubgmobile #codmobile #fortnite #freefirebrasil #freefire #freefiremeninasbrasil #freefiregame #freefiregame #freefireclips #instaplayer #fé #paingaming #goloud #losgrandes #lgd #golgd #lgdmenota #loudbak #loudthurzin #melhordogame #melhordomundo #freefireemulador #freefiremoment #freefirekocak #freefireshare #freefirebattlegrounds  #freefirebug #frefiregarena"
                        }
                    }
                ]
            },
            "edge_media_to_comment": {
                "count": 1
            },
            "id": "2421391044622379595",
            "is_video": true,
            "owner": {
                "id": "40948774340"
            },
            "shortcode": "CGaglN1B2pL",
            "tags": [
                "codmobile",
                "loudthurzin",
                "freefireemulador",
                "freefiremeninasbrasil",
                "loudbak",
                "lgdmenota",
                "frefiregarena",
                "fe",
                "goloud",
                "freefirekocak",
                "melhordogame",
                "freefireclips",
                "fortnite",
                "freefirebrasil",
                "pubgmobile",
                "losgrandes",
                "bbb20",
                "freefirebattlegrounds",
                "freefireshare",
                "freefirebug",
                "freefire",
                "instaplayer",
                "paingaming",
                "melhordomundo",
                "freefiremoment",
                "freefiregame",
                "playstation",
                "lgd",
                "golgd",
                "loudgg"
            ],
            "taken_at_timestamp": 1602872442,
            "thumbnail_resources": [
                {
                    "config_height": 150,
                    "config_width": 150,
                    "src": "https://instagram.fabe1-1.fna.fbcdn.net/v/t51.2885-15/e35/s150x150/121607508_1204178823291071_1685653387544236421_n.jpg?_nc_ht=instagram.fabe1-1.fna.fbcdn.net&_nc_cat=111&_nc_ohc=dIU0KKfhhiYAX88Aewn&_nc_tp=15&oh=98d0f2a53ebb3a4da5ab75df96bba8db&oe=5F8C7E5A"
                },
                {
                    "config_height": 240,
                    "config_width": 240,
                    "src": "https://instagram.fabe1-1.fna.fbcdn.net/v/t51.2885-15/e35/s240x240/121607508_1204178823291071_1685653387544236421_n.jpg?_nc_ht=instagram.fabe1-1.fna.fbcdn.net&_nc_cat=111&_nc_ohc=dIU0KKfhhiYAX88Aewn&_nc_tp=15&oh=89728681cc826800034a1e959cf68730&oe=5F8C09D2"
                },
                {
                    "config_height": 320,
                    "config_width": 320,
                    "src": "https://instagram.fabe1-1.fna.fbcdn.net/v/t51.2885-15/e35/s320x320/121607508_1204178823291071_1685653387544236421_n.jpg?_nc_ht=instagram.fabe1-1.fna.fbcdn.net&_nc_cat=111&_nc_ohc=dIU0KKfhhiYAX88Aewn&_nc_tp=15&oh=502af2afe3a82e23e1d667f740dbe21a&oe=5F8C2D0F"
                },
                {
                    "config_height": 480,
                    "config_width": 480,
                    "src": "https://instagram.fabe1-1.fna.fbcdn.net/v/t51.2885-15/e35/s480x480/121607508_1204178823291071_1685653387544236421_n.jpg?_nc_ht=instagram.fabe1-1.fna.fbcdn.net&_nc_cat=111&_nc_ohc=dIU0KKfhhiYAX88Aewn&_nc_tp=15&oh=89b06abda2527699b95c559031381b5d&oe=5F8C050D"
                },
                {
                    "config_height": 640,
                    "config_width": 640,
                    "src": "https://instagram.fabe1-1.fna.fbcdn.net/v/t51.2885-15/sh0.08/e35/s640x640/121607508_1204178823291071_1685653387544236421_n.jpg?_nc_ht=instagram.fabe1-1.fna.fbcdn.net&_nc_cat=111&_nc_ohc=dIU0KKfhhiYAX88Aewn&_nc_tp=24&oh=14b53158549bdd6bc6977a2019ed4d36&oe=5F8BFAAD"
                }
            ],
            "thumbnail_src": "https://instagram.fabe1-1.fna.fbcdn.net/v/t51.2885-15/sh0.08/e35/s640x640/121607508_1204178823291071_1685653387544236421_n.jpg?_nc_ht=instagram.fabe1-1.fna.fbcdn.net&_nc_cat=111&_nc_ohc=dIU0KKfhhiYAX88Aewn&_nc_tp=24&oh=14b53158549bdd6bc6977a2019ed4d36&oe=5F8BFAAD",
            "urls": [
                "https://instagram.fabe1-1.fna.fbcdn.net/v/t50.2886-16/121980128_3451198298296151_2874937584095037495_n.mp4?_nc_ht=instagram.fabe1-1.fna.fbcdn.net&_nc_cat=111&_nc_ohc=_mo9J8BdV88AX-h55f-&oe=5F8C5FFA&oh=7da39910daf69946ff41d88dfd6bf68e"
            ],
            "video_view_count": 0
        },
        {
            "comments_disabled": false,
            "dimensions": {
                "height": 1080,
                "width": 1080
            },
            "display_url": "https://instagram.fabe1-1.fna.fbcdn.net/v/t51.2885-15/e35/121581893_965138567299569_2176689107743334_n.jpg?_nc_ht=instagram.fabe1-1.fna.fbcdn.net&_nc_cat=109&_nc_ohc=_Z4URG6mLhsAX90wto3&_nc_tp=18&oh=143decd9ecb12897d314fd3d7596f9cd&oe=5FB1EBEA",
            "edge_liked_by": {
                "count": 1
            },
            "edge_media_preview_like": {
                "count": 1
            },
            "edge_media_to_caption": {
                "edges": [
                    {
                        "node": {
                            "text": "🏖 W E E K E N D  V I B E S @solandsorbet ⛱ #weekend #beachvibes #miamivibes #resortwear #funinthesun #summer #sunning #vacationmode #workmode #islandlife #beachlife #swimwear #bikini #instafashion #style #fashion #fashionblogger #beachvibes  #photooftheday #beachbabe #picoftheday#summervibes #miami  #miamidesigners #miamistyle #miamilife #miamibeach #summerstyle #miamilocal #lovesolansorbet 💕☀️🍧"
                        }
                    }
                ]
            },
            "edge_media_to_comment": {
                "count": 0
            },
            "id": "2421391951625760596",
            "is_video": false,
            "owner": {
                "id": "1560641242"
            },
            "shortcode": "CGagyaipK9U",
            "tags": [
                "fashionblogger",
                "swimwear",
                "picoftheday",
                "bikini",
                "miamibeach",
                "photooftheday",
                "sunning",
                "funinthesun",
                "beachlife",
                "resortwear",
                "fashion",
                "vacationmode",
                "workmode",
                "miamilocal",
                "islandlife",
                "miamivibes",
                "miamilife",
                "style",
                "weekend",
                "lovesolansorbet",
                "miamidesigners",
                "miamistyle",
                "beachvibes",
                "beachbabe",
                "summer",
                "summerstyle",
                "summervibes",
                "miami",
                "instafashion"
            ],
            "taken_at_timestamp": 1602872435,
            "thumbnail_resources": [
                {
                    "config_height": 150,
                    "config_width": 150,
                    "src": "https://instagram.fabe1-1.fna.fbcdn.net/v/t51.2885-15/e35/s150x150/121581893_965138567299569_2176689107743334_n.jpg?_nc_ht=instagram.fabe1-1.fna.fbcdn.net&_nc_cat=109&_nc_ohc=_Z4URG6mLhsAX90wto3&_nc_tp=15&oh=bb2024cf24491ef801f40aec7c74c589&oe=5FB2676D"
                },
                {
                    "config_height": 240,
                    "config_width": 240,
                    "src": "https://instagram.fabe1-1.fna.fbcdn.net/v/t51.2885-15/e35/s240x240/121581893_965138567299569_2176689107743334_n.jpg?_nc_ht=instagram.fabe1-1.fna.fbcdn.net&_nc_cat=109&_nc_ohc=_Z4URG6mLhsAX90wto3&_nc_tp=15&oh=958a6a72b2b41a6151bac4e5e4b4e4ae&oe=5FB1EA82"
                },
                {
                    "config_height": 320,
                    "config_width": 320,
                    "src": "https://instagram.fabe1-1.fna.fbcdn.net/v/t51.2885-15/e35/s320x320/121581893_965138567299569_2176689107743334_n.jpg?_nc_ht=instagram.fabe1-1.fna.fbcdn.net&_nc_cat=109&_nc_ohc=_Z4URG6mLhsAX90wto3&_nc_tp=15&oh=e000a75f83c5bf1009fbc24ea75be2fa&oe=5FB3D713"
                },
                {
                    "config_height": 480,
                    "config_width": 480,
                    "src": "https://instagram.fabe1-1.fna.fbcdn.net/v/t51.2885-15/e35/s480x480/121581893_965138567299569_2176689107743334_n.jpg?_nc_ht=instagram.fabe1-1.fna.fbcdn.net&_nc_cat=109&_nc_ohc=_Z4URG6mLhsAX90wto3&_nc_tp=15&oh=c3a5d8a02b9ec77d43ca58811dc0c784&oe=5FB4770F"
                },
                {
                    "config_height": 640,
                    "config_width": 640,
                    "src": "https://instagram.fabe1-1.fna.fbcdn.net/v/t51.2885-15/sh0.08/e35/s640x640/121581893_965138567299569_2176689107743334_n.jpg?_nc_ht=instagram.fabe1-1.fna.fbcdn.net&_nc_cat=109&_nc_ohc=_Z4URG6mLhsAX90wto3&_nc_tp=24&oh=c4644382edb42181822bfee53dcbcfae&oe=5FB50528"
                }
            ],
            "thumbnail_src": "https://instagram.fabe1-1.fna.fbcdn.net/v/t51.2885-15/sh0.08/e35/s640x640/121581893_965138567299569_2176689107743334_n.jpg?_nc_ht=instagram.fabe1-1.fna.fbcdn.net&_nc_cat=109&_nc_ohc=_Z4URG6mLhsAX90wto3&_nc_tp=24&oh=c4644382edb42181822bfee53dcbcfae&oe=5FB50528",
            "urls": [
                "https://instagram.fabe1-1.fna.fbcdn.net/v/t51.2885-15/e35/121581893_965138567299569_2176689107743334_n.jpg?_nc_ht=instagram.fabe1-1.fna.fbcdn.net&_nc_cat=109&_nc_ohc=_Z4URG6mLhsAX90wto3&_nc_tp=18&oh=143decd9ecb12897d314fd3d7596f9cd&oe=5FB1EBEA"
            ]
        }
    ]
}