{
    "GraphImages": [
        {
            "comments_disabled": false,
            "dimensions": {
                "height": 640,
                "width": 640
            },
            "display_url": "https://instagram.fabe1-1.fna.fbcdn.net/v/t51.2885-15/e35/121571518_756303201891111_5818842364036537556_n.jpg?_nc_ht=instagram.fabe1-1.fna.fbcdn.net&_nc_cat=103&_nc_ohc=Z6zt9mTt1o4AX9xRsHW&_nc_tp=18&oh=da9cfc54b52638cc646567b165741014&oe=5FB25125",
            "edge_liked_by": {
                "count": 7
            },
            "edge_media_preview_like": {
                "count": 7
            },
            "edge_media_to_caption": {
                "edges": [
                    {
                        "node": {
                            "text": "Buenas noches ❤\n\n#instagram #love #lifestyle #moda #buenasnoches #followforfollowback #brasil #memesespañol #españa #picoftheday #fashionstyle #wanderlust #travelphotography #loveyourself #likeforlikes #instagood"
                        }
                    }
                ]
            },
            "edge_media_to_comment": {
                "count": 0
            },
            "id": "2421576036154580744",
            "is_video": false,
            "owner": {
                "id": "34001556421"
            },
            "shortcode": "CGbKpMnl58I",
            "tags": [
                "memesespañol",
                "instagood",
                "followforfollowback",
                "loveyourself",
                "moda",
                "instagram",
                "lifestyle",
                "fashionstyle",
                "wanderlust",
                "buenasnoches",
                "picoftheday",
                "travelphotography",
                "likeforlikes",
                "españa",
                "brasil",
                "love"
            ],
            "taken_at_timestamp": 1602894380,
            "thumbnail_resources": [
                {
                    "config_height": 150,
                    "config_width": 150,
                    "src": "https://instagram.fabe1-1.fna.fbcdn.net/v/t51.2885-15/e35/s150x150/121571518_756303201891111_5818842364036537556_n.jpg?_nc_ht=instagram.fabe1-1.fna.fbcdn.net&_nc_cat=103&_nc_ohc=Z6zt9mTt1o4AX9xRsHW&_nc_tp=15&oh=224047decae0462954738b483396b742&oe=5FB1D21C"
                },
                {
                    "config_height": 240,
                    "config_width": 240,
                    "src": "https://instagram.fabe1-1.fna.fbcdn.net/v/t51.2885-15/e35/s240x240/121571518_756303201891111_5818842364036537556_n.jpg?_nc_ht=instagram.fabe1-1.fna.fbcdn.net&_nc_cat=103&_nc_ohc=Z6zt9mTt1o4AX9xRsHW&_nc_tp=15&oh=8d0697f768cfdfa38c203f0b8966e1a7&oe=5FB5AE9E"
                },
                {
                    "config_height": 320,
                    "config_width": 320,
                    "src": "https://instagram.fabe1-1.fna.fbcdn.net/v/t51.2885-15/e35/s320x320/121571518_756303201891111_5818842364036537556_n.jpg?_nc_ht=instagram.fabe1-1.fna.fbcdn.net&_nc_cat=103&_nc_ohc=Z6zt9mTt1o4AX9xRsHW&_nc_tp=15&oh=6e5e5cee3abb78c27eb30d4a5c4a28a5&oe=5FB488E4"
                },
                {
                    "config_height": 480,
                    "config_width": 480,
                    "src": "https://instagram.fabe1-1.fna.fbcdn.net/v/t51.2885-15/e35/s480x480/121571518_756303201891111_5818842364036537556_n.jpg?_nc_ht=instagram.fabe1-1.fna.fbcdn.net&_nc_cat=103&_nc_ohc=Z6zt9mTt1o4AX9xRsHW&_nc_tp=15&oh=0e7231e37ad3a23eb1b977cd10fb8d12&oe=5FB281A5"
                },
                {
                    "config_height": 640,
                    "config_width": 640,
                    "src": "https://instagram.fabe1-1.fna.fbcdn.net/v/t51.2885-15/e35/121571518_756303201891111_5818842364036537556_n.jpg?_nc_ht=instagram.fabe1-1.fna.fbcdn.net&_nc_cat=103&_nc_ohc=Z6zt9mTt1o4AX9xRsHW&_nc_tp=18&oh=da9cfc54b52638cc646567b165741014&oe=5FB25125"
                }
            ],
            "thumbnail_src": "https://instagram.fabe1-1.fna.fbcdn.net/v/t51.2885-15/e35/121571518_756303201891111_5818842364036537556_n.jpg?_nc_ht=instagram.fabe1-1.fna.fbcdn.net&_nc_cat=103&_nc_ohc=Z6zt9mTt1o4AX9xRsHW&_nc_tp=18&oh=da9cfc54b52638cc646567b165741014&oe=5FB25125",
            "urls": [
                "https://instagram.fabe1-1.fna.fbcdn.net/v/t51.2885-15/e35/121571518_756303201891111_5818842364036537556_n.jpg?_nc_ht=instagram.fabe1-1.fna.fbcdn.net&_nc_cat=103&_nc_ohc=Z6zt9mTt1o4AX9xRsHW&_nc_tp=18&oh=da9cfc54b52638cc646567b165741014&oe=5FB25125"
            ]
        }
    ]
}