{
    "GraphImages": [
        {
            "comments_disabled": false,
            "dimensions": {
                "height": 750,
                "width": 750
            },
            "display_url": "https://instagram.fabe1-1.fna.fbcdn.net/v/t51.2885-15/e35/121739428_805110653605461_6169791263489768086_n.jpg?_nc_ht=instagram.fabe1-1.fna.fbcdn.net&_nc_cat=109&_nc_ohc=IIiefRtboRYAX9JFigK&_nc_tp=18&oh=de384b13eda6288e546f5de94792cbaf&oe=5F8C59E8",
            "edge_liked_by": {
                "count": 1
            },
            "edge_media_preview_like": {
                "count": 1
            },
            "edge_media_to_caption": {
                "edges": [
                    {
                        "node": {
                            "text": "APPOINTMENTS AVAILABLE in the link of my profile!! -\n📲(786)6036984\n-\n#gelmanicure #manicure💅 #miami #miamibeach #brazilianails #northbayvillage #like #like4like #instalike #loveit #opinails #opi #dnd #masglo #masglolovers #pedicuregel #pedicure #nails💅 #nailart #venezolanosenmiami #manicurist #followme #follow4follow #instagood #normandybeach  #n #likeforfollow #nailsmiami #makeuptutorial #acrilicnails"
                        }
                    }
                ]
            },
            "edge_media_to_comment": {
                "count": 0
            },
            "id": "2421595198546501990",
            "is_video": true,
            "owner": {
                "id": "7518487500"
            },
            "shortcode": "CGbPAC_J-Fm",
            "tags": [
                "gelmanicure",
                "opinails",
                "like4like",
                "masglolovers",
                "nailart",
                "pedicuregel",
                "loveit",
                "brazilianails",
                "dnd",
                "miamibeach",
                "manicure",
                "follow4follow",
                "acrilicnails",
                "pedicure",
                "normandybeach",
                "nailsmiami",
                "manicurist",
                "masglo",
                "followme",
                "venezolanosenmiami",
                "miami",
                "likeforfollow",
                "opi",
                "northbayvillage",
                "nails",
                "like",
                "instalike",
                "instagood",
                "makeuptutorial",
                "n"
            ],
            "taken_at_timestamp": 1602896673,
            "thumbnail_resources": [
                {
                    "config_height": 150,
                    "config_width": 150,
                    "src": "https://instagram.fabe1-1.fna.fbcdn.net/v/t51.2885-15/e35/s150x150/121739428_805110653605461_6169791263489768086_n.jpg?_nc_ht=instagram.fabe1-1.fna.fbcdn.net&_nc_cat=109&_nc_ohc=IIiefRtboRYAX9JFigK&_nc_tp=15&oh=c4af77c544c8f8ed291dcd482847aabb&oe=5F8C5ED9"
                },
                {
                    "config_height": 240,
                    "config_width": 240,
                    "src": "https://instagram.fabe1-1.fna.fbcdn.net/v/t51.2885-15/e35/s240x240/121739428_805110653605461_6169791263489768086_n.jpg?_nc_ht=instagram.fabe1-1.fna.fbcdn.net&_nc_cat=109&_nc_ohc=IIiefRtboRYAX9JFigK&_nc_tp=15&oh=b3936100ad46be5e9232a025f901ba81&oe=5F8C7C5F"
                },
                {
                    "config_height": 320,
                    "config_width": 320,
                    "src": "https://instagram.fabe1-1.fna.fbcdn.net/v/t51.2885-15/e35/s320x320/121739428_805110653605461_6169791263489768086_n.jpg?_nc_ht=instagram.fabe1-1.fna.fbcdn.net&_nc_cat=109&_nc_ohc=IIiefRtboRYAX9JFigK&_nc_tp=15&oh=27859a42aff7798d8ffcfed365a383f6&oe=5F8CA821"
                },
                {
                    "config_height": 480,
                    "config_width": 480,
                    "src": "https://instagram.fabe1-1.fna.fbcdn.net/v/t51.2885-15/e35/s480x480/121739428_805110653605461_6169791263489768086_n.jpg?_nc_ht=instagram.fabe1-1.fna.fbcdn.net&_nc_cat=109&_nc_ohc=IIiefRtboRYAX9JFigK&_nc_tp=15&oh=4c54134c0749e09c12e309c9aafd1cdb&oe=5F8C7468"
                },
                {
                    "config_height": 640,
                    "config_width": 640,
                    "src": "https://instagram.fabe1-1.fna.fbcdn.net/v/t51.2885-15/sh0.08/e35/s640x640/121739428_805110653605461_6169791263489768086_n.jpg?_nc_ht=instagram.fabe1-1.fna.fbcdn.net&_nc_cat=109&_nc_ohc=IIiefRtboRYAX9JFigK&_nc_tp=24&oh=a2443498e996cdd766893598f4c51a93&oe=5F8CD51E"
                }
            ],
            "thumbnail_src": "https://instagram.fabe1-1.fna.fbcdn.net/v/t51.2885-15/sh0.08/e35/s640x640/121739428_805110653605461_6169791263489768086_n.jpg?_nc_ht=instagram.fabe1-1.fna.fbcdn.net&_nc_cat=109&_nc_ohc=IIiefRtboRYAX9JFigK&_nc_tp=24&oh=a2443498e996cdd766893598f4c51a93&oe=5F8CD51E",
            "urls": [
                "https://instagram.fabe1-1.fna.fbcdn.net/v/t50.2886-16/121713469_849502249167852_1541216252974260649_n.mp4?_nc_ht=instagram.fabe1-1.fna.fbcdn.net&_nc_cat=100&_nc_ohc=lr6q5vTdaTgAX8jf7Qa&oe=5F8C8D96&oh=601643b6bb3139712c9c7f7f3282aa12"
            ],
            "video_view_count": 0
        },
        {
            "comments_disabled": false,
            "dimensions": {
                "height": 1170,
                "width": 1080
            },
            "display_url": "https://instagram.fabe1-1.fna.fbcdn.net/v/t51.2885-15/e35/p1080x1080/121486694_261174431939195_4399933056447639518_n.jpg?_nc_ht=instagram.fabe1-1.fna.fbcdn.net&_nc_cat=111&_nc_ohc=WU28JgBOgpUAX9zCBMt&tp=19&oh=8bf14085736938f5867993c4bfe01f49&oe=5FB1FAA7",
            "edge_liked_by": {
                "count": 1
            },
            "edge_media_preview_like": {
                "count": 1
            },
            "edge_media_to_caption": {
                "edges": [
                    {
                        "node": {
                            "text": "Autumn, please. I’m done with summer. 🍁 🏖"
                        }
                    }
                ]
            },
            "edge_media_to_comment": {
                "count": 2
            },
            "id": "2421595204676408963",
            "is_video": false,
            "owner": {
                "id": "39906823"
            },
            "shortcode": "CGbPAIshtaD",
            "tags": [],
            "taken_at_timestamp": 1602896665,
            "thumbnail_resources": [
                {
                    "config_height": 150,
                    "config_width": 150,
                    "src": "https://instagram.fabe1-1.fna.fbcdn.net/v/t51.2885-15/e35/c0.60.1440.1440a/s150x150/121486694_261174431939195_4399933056447639518_n.jpg?_nc_ht=instagram.fabe1-1.fna.fbcdn.net&_nc_cat=111&_nc_ohc=WU28JgBOgpUAX9zCBMt&tp=16&oh=a67058a9808801b703b0997fe51edee7&oe=5FB1F0B1"
                },
                {
                    "config_height": 240,
                    "config_width": 240,
                    "src": "https://instagram.fabe1-1.fna.fbcdn.net/v/t51.2885-15/e35/c0.60.1440.1440a/s240x240/121486694_261174431939195_4399933056447639518_n.jpg?_nc_ht=instagram.fabe1-1.fna.fbcdn.net&_nc_cat=111&_nc_ohc=WU28JgBOgpUAX9zCBMt&tp=16&oh=125a3637c4d67b9ae6e89038ed67ac60&oe=5FB38F37"
                },
                {
                    "config_height": 320,
                    "config_width": 320,
                    "src": "https://instagram.fabe1-1.fna.fbcdn.net/v/t51.2885-15/e35/c0.60.1440.1440a/s320x320/121486694_261174431939195_4399933056447639518_n.jpg?_nc_ht=instagram.fabe1-1.fna.fbcdn.net&_nc_cat=111&_nc_ohc=WU28JgBOgpUAX9zCBMt&tp=16&oh=f891f3f912caefddbbad916e47f28cef&oe=5FB451C9"
                },
                {
                    "config_height": 480,
                    "config_width": 480,
                    "src": "https://instagram.fabe1-1.fna.fbcdn.net/v/t51.2885-15/e35/c0.60.1440.1440a/s480x480/121486694_261174431939195_4399933056447639518_n.jpg?_nc_ht=instagram.fabe1-1.fna.fbcdn.net&_nc_cat=111&_nc_ohc=WU28JgBOgpUAX9zCBMt&tp=16&oh=1edf3597c921ff1d0b0c6ce6aeef0491&oe=5FB2CF10"
                },
                {
                    "config_height": 640,
                    "config_width": 640,
                    "src": "https://instagram.fabe1-1.fna.fbcdn.net/v/t51.2885-15/sh0.08/e35/c0.60.1440.1440a/s640x640/121486694_261174431939195_4399933056447639518_n.jpg?_nc_ht=instagram.fabe1-1.fna.fbcdn.net&_nc_cat=111&_nc_ohc=WU28JgBOgpUAX9zCBMt&oh=2b256c621f2207d01f432ce878dd909d&oe=5FB3DBA8"
                }
            ],
            "thumbnail_src": "https://instagram.fabe1-1.fna.fbcdn.net/v/t51.2885-15/sh0.08/e35/c0.60.1440.1440a/s640x640/121486694_261174431939195_4399933056447639518_n.jpg?_nc_ht=instagram.fabe1-1.fna.fbcdn.net&_nc_cat=111&_nc_ohc=WU28JgBOgpUAX9zCBMt&oh=2b256c621f2207d01f432ce878dd909d&oe=5FB3DBA8",
            "urls": [
                "https://instagram.fabe1-1.fna.fbcdn.net/v/t51.2885-15/e35/p1080x1080/121486694_261174431939195_4399933056447639518_n.jpg?_nc_ht=instagram.fabe1-1.fna.fbcdn.net&_nc_cat=111&_nc_ohc=WU28JgBOgpUAX9zCBMt&tp=19&oh=8bf14085736938f5867993c4bfe01f49&oe=5FB1FAA7"
            ]
        }
    ]
}