{
    "GraphImages": [
        {
            "comments_disabled": false,
            "dimensions": {
                "height": 1080,
                "width": 1080
            },
            "display_url": "https://instagram.fabe1-1.fna.fbcdn.net/v/t51.2885-15/e35/s1080x1080/121635968_832869433919465_6628045804348544549_n.jpg?_nc_ht=instagram.fabe1-1.fna.fbcdn.net&_nc_cat=105&_nc_ohc=ZkI-GzQbyX4AX-7jX1c&_nc_tp=15&oh=442a2b70f2a7e0995824da65783b1e91&oe=5FB2A220",
            "edge_liked_by": {
                "count": 0
            },
            "edge_media_preview_like": {
                "count": 0
            },
            "edge_media_to_caption": {
                "edges": [
                    {
                        "node": {
                            "text": "Little attitude problem ; it’ll make shit last ❤️"
                        }
                    }
                ]
            },
            "edge_media_to_comment": {
                "count": 0
            },
            "id": "2421461445066946581",
            "is_video": false,
            "owner": {
                "id": "1360073882"
            },
            "shortcode": "CGawlrWhPgV",
            "tags": [],
            "taken_at_timestamp": 1602880720,
            "thumbnail_resources": [
                {
                    "config_height": 150,
                    "config_width": 150,
                    "src": "https://instagram.fabe1-1.fna.fbcdn.net/v/t51.2885-15/e35/s150x150/121635968_832869433919465_6628045804348544549_n.jpg?_nc_ht=instagram.fabe1-1.fna.fbcdn.net&_nc_cat=105&_nc_ohc=ZkI-GzQbyX4AX-7jX1c&_nc_tp=15&oh=8142b0ff1d4481cba9d6f77d8e11dd32&oe=5FB393DF"
                },
                {
                    "config_height": 240,
                    "config_width": 240,
                    "src": "https://instagram.fabe1-1.fna.fbcdn.net/v/t51.2885-15/e35/s240x240/121635968_832869433919465_6628045804348544549_n.jpg?_nc_ht=instagram.fabe1-1.fna.fbcdn.net&_nc_cat=105&_nc_ohc=ZkI-GzQbyX4AX-7jX1c&_nc_tp=15&oh=ff0ed8142253ba74dd20d2a59f2572c1&oe=5FB2D9D9"
                },
                {
                    "config_height": 320,
                    "config_width": 320,
                    "src": "https://instagram.fabe1-1.fna.fbcdn.net/v/t51.2885-15/e35/s320x320/121635968_832869433919465_6628045804348544549_n.jpg?_nc_ht=instagram.fabe1-1.fna.fbcdn.net&_nc_cat=105&_nc_ohc=ZkI-GzQbyX4AX-7jX1c&_nc_tp=15&oh=8cd0d288496c2759b8179d7efa3de5cc&oe=5FB4D627"
                },
                {
                    "config_height": 480,
                    "config_width": 480,
                    "src": "https://instagram.fabe1-1.fna.fbcdn.net/v/t51.2885-15/e35/s480x480/121635968_832869433919465_6628045804348544549_n.jpg?_nc_ht=instagram.fabe1-1.fna.fbcdn.net&_nc_cat=105&_nc_ohc=ZkI-GzQbyX4AX-7jX1c&_nc_tp=15&oh=86e1d941c8cb5e8628d8d0592dbcd3ca&oe=5FB31EE2"
                },
                {
                    "config_height": 640,
                    "config_width": 640,
                    "src": "https://instagram.fabe1-1.fna.fbcdn.net/v/t51.2885-15/sh0.08/e35/s640x640/121635968_832869433919465_6628045804348544549_n.jpg?_nc_ht=instagram.fabe1-1.fna.fbcdn.net&_nc_cat=105&_nc_ohc=ZkI-GzQbyX4AX-7jX1c&_nc_tp=24&oh=2b01526413e00c6cf87907a0b1a6caf4&oe=5FB54E5C"
                }
            ],
            "thumbnail_src": "https://instagram.fabe1-1.fna.fbcdn.net/v/t51.2885-15/sh0.08/e35/s640x640/121635968_832869433919465_6628045804348544549_n.jpg?_nc_ht=instagram.fabe1-1.fna.fbcdn.net&_nc_cat=105&_nc_ohc=ZkI-GzQbyX4AX-7jX1c&_nc_tp=24&oh=2b01526413e00c6cf87907a0b1a6caf4&oe=5FB54E5C",
            "urls": [
                "https://instagram.fabe1-1.fna.fbcdn.net/v/t51.2885-15/e35/s1080x1080/121635968_832869433919465_6628045804348544549_n.jpg?_nc_ht=instagram.fabe1-1.fna.fbcdn.net&_nc_cat=105&_nc_ohc=ZkI-GzQbyX4AX-7jX1c&_nc_tp=15&oh=442a2b70f2a7e0995824da65783b1e91&oe=5FB2A220",
                "https://instagram.fabe1-1.fna.fbcdn.net/v/t51.2885-15/e35/s1080x1080/121589766_808178806663200_8828311282559650724_n.jpg?_nc_ht=instagram.fabe1-1.fna.fbcdn.net&_nc_cat=100&_nc_ohc=AWTgMenmbsIAX8kl0Xv&_nc_tp=15&oh=966bfccea19414ac22b1b85eb14496b4&oe=5FB28CE4"
            ]
        },
        {
            "comments_disabled": false,
            "dimensions": {
                "height": 1080,
                "width": 1080
            },
            "display_url": "https://instagram.fabe1-1.fna.fbcdn.net/v/t51.2885-15/e35/s1080x1080/121677934_132782891915664_8400488607566599084_n.jpg?_nc_ht=instagram.fabe1-1.fna.fbcdn.net&_nc_cat=100&_nc_ohc=priLfxyCCtAAX_qfOaa&_nc_tp=15&oh=e7cf391f8ae074ab462ab82397decc92&oe=5FB55EC7",
            "edge_liked_by": {
                "count": 0
            },
            "edge_media_preview_like": {
                "count": 0
            },
            "edge_media_to_caption": {
                "edges": [
                    {
                        "node": {
                            "text": "ocean-born.com for helping the ocean #oceanhelp #saveocean #oceanlove"
                        }
                    }
                ]
            },
            "edge_media_to_comment": {
                "count": 0
            },
            "id": "2421461205347311757",
            "is_video": false,
            "owner": {
                "id": "7294856717"
            },
            "shortcode": "CGawiMGHaCN",
            "tags": [
                "oceanhelp",
                "saveocean",
                "oceanlove"
            ],
            "taken_at_timestamp": 1602880691,
            "thumbnail_resources": [
                {
                    "config_height": 150,
                    "config_width": 150,
                    "src": "https://instagram.fabe1-1.fna.fbcdn.net/v/t51.2885-15/e35/s150x150/121677934_132782891915664_8400488607566599084_n.jpg?_nc_ht=instagram.fabe1-1.fna.fbcdn.net&_nc_cat=100&_nc_ohc=priLfxyCCtAAX_qfOaa&_nc_tp=15&oh=31e502750734aa5207d3afe7676df179&oe=5FB23E88"
                },
                {
                    "config_height": 240,
                    "config_width": 240,
                    "src": "https://instagram.fabe1-1.fna.fbcdn.net/v/t51.2885-15/e35/s240x240/121677934_132782891915664_8400488607566599084_n.jpg?_nc_ht=instagram.fabe1-1.fna.fbcdn.net&_nc_cat=100&_nc_ohc=priLfxyCCtAAX_qfOaa&_nc_tp=15&oh=ca27af0f60570826c98e3ea5941bb5bd&oe=5FB27F02"
                },
                {
                    "config_height": 320,
                    "config_width": 320,
                    "src": "https://instagram.fabe1-1.fna.fbcdn.net/v/t51.2885-15/e35/s320x320/121677934_132782891915664_8400488607566599084_n.jpg?_nc_ht=instagram.fabe1-1.fna.fbcdn.net&_nc_cat=100&_nc_ohc=priLfxyCCtAAX_qfOaa&_nc_tp=15&oh=5a23ff1f3e85cf2cff4ddf6e1f4b7d71&oe=5FB4DB00"
                },
                {
                    "config_height": 480,
                    "config_width": 480,
                    "src": "https://instagram.fabe1-1.fna.fbcdn.net/v/t51.2885-15/e35/s480x480/121677934_132782891915664_8400488607566599084_n.jpg?_nc_ht=instagram.fabe1-1.fna.fbcdn.net&_nc_cat=100&_nc_ohc=priLfxyCCtAAX_qfOaa&_nc_tp=15&oh=364fa106ad790869542e1e76a54cd4e1&oe=5FB39BB9"
                },
                {
                    "config_height": 640,
                    "config_width": 640,
                    "src": "https://instagram.fabe1-1.fna.fbcdn.net/v/t51.2885-15/sh0.08/e35/s640x640/121677934_132782891915664_8400488607566599084_n.jpg?_nc_ht=instagram.fabe1-1.fna.fbcdn.net&_nc_cat=100&_nc_ohc=priLfxyCCtAAX_qfOaa&_nc_tp=24&oh=26f28caac9ba6020751cf19c9b28ea09&oe=5FB33A03"
                }
            ],
            "thumbnail_src": "https://instagram.fabe1-1.fna.fbcdn.net/v/t51.2885-15/sh0.08/e35/s640x640/121677934_132782891915664_8400488607566599084_n.jpg?_nc_ht=instagram.fabe1-1.fna.fbcdn.net&_nc_cat=100&_nc_ohc=priLfxyCCtAAX_qfOaa&_nc_tp=24&oh=26f28caac9ba6020751cf19c9b28ea09&oe=5FB33A03",
            "urls": [
                "https://instagram.fabe1-1.fna.fbcdn.net/v/t51.2885-15/e35/s1080x1080/121677934_132782891915664_8400488607566599084_n.jpg?_nc_ht=instagram.fabe1-1.fna.fbcdn.net&_nc_cat=100&_nc_ohc=priLfxyCCtAAX_qfOaa&_nc_tp=15&oh=e7cf391f8ae074ab462ab82397decc92&oe=5FB55EC7"
            ]
        },
        {
            "comments_disabled": false,
            "dimensions": {
                "height": 1080,
                "width": 1080
            },
            "display_url": "https://instagram.fabe1-1.fna.fbcdn.net/v/t51.2885-15/e35/s1080x1080/121715914_643829302987083_4243771942502230833_n.jpg?_nc_ht=instagram.fabe1-1.fna.fbcdn.net&_nc_cat=103&_nc_ohc=leS38MhqZX8AX98E01u&_nc_tp=15&oh=ea733deb180125dbfab0de42986b96e3&oe=5FB368A9",
            "edge_liked_by": {
                "count": 0
            },
            "edge_media_preview_like": {
                "count": 0
            },
            "edge_media_to_caption": {
                "edges": [
                    {
                        "node": {
                            "text": "It's been a long day; been up since 4:00 am. The birthday man is catching a nap.  We are both grateful for God's Grace and Mercy for allowing us to celebrate another born day for my husband Ron! #miami #firstclass  Happy Birthday honey!"
                        }
                    }
                ]
            },
            "edge_media_to_comment": {
                "count": 0
            },
            "id": "2421460723992111311",
            "is_video": false,
            "owner": {
                "id": "233363787"
            },
            "shortcode": "CGawbLzHCjP",
            "tags": [
                "miami",
                "firstclass"
            ],
            "taken_at_timestamp": 1602880634,
            "thumbnail_resources": [
                {
                    "config_height": 150,
                    "config_width": 150,
                    "src": "https://instagram.fabe1-1.fna.fbcdn.net/v/t51.2885-15/e35/s150x150/121715914_643829302987083_4243771942502230833_n.jpg?_nc_ht=instagram.fabe1-1.fna.fbcdn.net&_nc_cat=103&_nc_ohc=leS38MhqZX8AX98E01u&_nc_tp=15&oh=f2a5d33bbf840dddcf55d99bde33d9fe&oe=5FB56B6A"
                },
                {
                    "config_height": 240,
                    "config_width": 240,
                    "src": "https://instagram.fabe1-1.fna.fbcdn.net/v/t51.2885-15/e35/s240x240/121715914_643829302987083_4243771942502230833_n.jpg?_nc_ht=instagram.fabe1-1.fna.fbcdn.net&_nc_cat=103&_nc_ohc=leS38MhqZX8AX98E01u&_nc_tp=15&oh=8275db508177ec6eb75147e14e0a8145&oe=5FB3DE70"
                },
                {
                    "config_height": 320,
                    "config_width": 320,
                    "src": "https://instagram.fabe1-1.fna.fbcdn.net/v/t51.2885-15/e35/s320x320/121715914_643829302987083_4243771942502230833_n.jpg?_nc_ht=instagram.fabe1-1.fna.fbcdn.net&_nc_cat=103&_nc_ohc=leS38MhqZX8AX98E01u&_nc_tp=15&oh=5ead97d36b8ed64fd255d2c65ce14c8d&oe=5FB4E892"
                },
                {
                    "config_height": 480,
                    "config_width": 480,
                    "src": "https://instagram.fabe1-1.fna.fbcdn.net/v/t51.2885-15/e35/s480x480/121715914_643829302987083_4243771942502230833_n.jpg?_nc_ht=instagram.fabe1-1.fna.fbcdn.net&_nc_cat=103&_nc_ohc=leS38MhqZX8AX98E01u&_nc_tp=15&oh=31b369dfe06054c948b0021221b4a926&oe=5FB468D7"
                },
                {
                    "config_height": 640,
                    "config_width": 640,
                    "src": "https://instagram.fabe1-1.fna.fbcdn.net/v/t51.2885-15/sh0.08/e35/s640x640/121715914_643829302987083_4243771942502230833_n.jpg?_nc_ht=instagram.fabe1-1.fna.fbcdn.net&_nc_cat=103&_nc_ohc=leS38MhqZX8AX98E01u&_nc_tp=24&oh=1eda12faf4fa0a92a2ba40a578820a20&oe=5FB19D6D"
                }
            ],
            "thumbnail_src": "https://instagram.fabe1-1.fna.fbcdn.net/v/t51.2885-15/sh0.08/e35/s640x640/121715914_643829302987083_4243771942502230833_n.jpg?_nc_ht=instagram.fabe1-1.fna.fbcdn.net&_nc_cat=103&_nc_ohc=leS38MhqZX8AX98E01u&_nc_tp=24&oh=1eda12faf4fa0a92a2ba40a578820a20&oe=5FB19D6D",
            "urls": [
                "https://instagram.fabe1-1.fna.fbcdn.net/v/t51.2885-15/e35/s1080x1080/121715914_643829302987083_4243771942502230833_n.jpg?_nc_ht=instagram.fabe1-1.fna.fbcdn.net&_nc_cat=103&_nc_ohc=leS38MhqZX8AX98E01u&_nc_tp=15&oh=ea733deb180125dbfab0de42986b96e3&oe=5FB368A9",
                "https://instagram.fabe1-1.fna.fbcdn.net/v/t51.2885-15/e35/s1080x1080/121637482_2917567878464536_5232509775164199060_n.jpg?_nc_ht=instagram.fabe1-1.fna.fbcdn.net&_nc_cat=104&_nc_ohc=a1THcHGRMHMAX9oiwO9&_nc_tp=15&oh=0d78ba390682649a43c8dad999223990&oe=5FB556CE",
                "https://instagram.fabe1-1.fna.fbcdn.net/v/t51.2885-15/e35/s1080x1080/121776192_383859912743886_7911313486993298631_n.jpg?_nc_ht=instagram.fabe1-1.fna.fbcdn.net&_nc_cat=106&_nc_ohc=fs8nwftax84AX_i1NgA&_nc_tp=15&oh=1f9c0e423fa438ddbf269c461e316714&oe=5FB39E7F",
                "https://instagram.fabe1-1.fna.fbcdn.net/v/t51.2885-15/e35/121656400_698819160984826_1862222469699709278_n.jpg?_nc_ht=instagram.fabe1-1.fna.fbcdn.net&_nc_cat=110&_nc_ohc=QdSMDlb01VsAX8raAmZ&_nc_tp=18&oh=5d23758e0b1bc6bc4942f5a39f851370&oe=5FB2C796",
                "https://instagram.fabe1-1.fna.fbcdn.net/v/t50.2886-16/121653261_838639620298333_4292228209254010754_n.mp4?_nc_ht=instagram.fabe1-1.fna.fbcdn.net&_nc_cat=101&_nc_ohc=0n2UANlx9KoAX_Frco5&oe=5F8C325D&oh=aad9e7efcaa74389c3808e5be2cc11cf",
                "https://instagram.fabe1-1.fna.fbcdn.net/v/t51.2885-15/e35/s1080x1080/121608819_758274258059405_4642082879828494963_n.jpg?_nc_ht=instagram.fabe1-1.fna.fbcdn.net&_nc_cat=105&_nc_ohc=_Y4ILP7LgrIAX-x1Q6i&_nc_tp=15&oh=b365d9a576b3ce3b2bb7552f5cac5051&oe=5FB22502",
                "https://instagram.fabe1-1.fna.fbcdn.net/v/t51.2885-15/e35/s1080x1080/121579324_863719997496988_7703763470207796883_n.jpg?_nc_ht=instagram.fabe1-1.fna.fbcdn.net&_nc_cat=104&_nc_ohc=GPdpJGJTFtkAX_HUzxj&_nc_tp=15&oh=4f532b203789c6d46f88f78e7f5897d4&oe=5FB197BE"
            ]
        }
    ]
}