{
    "GraphImages": [
        {
            "comments_disabled": false,
            "dimensions": {
                "height": 937,
                "width": 750
            },
            "display_url": "https://instagram.fabe1-1.fna.fbcdn.net/v/t51.2885-15/e35/121662047_111723477274687_6586115221820536617_n.jpg?_nc_ht=instagram.fabe1-1.fna.fbcdn.net&_nc_cat=107&_nc_ohc=FMpaNzGrYfYAX9ArlsE&_nc_tp=18&oh=fa93a55c5d2eed92fbd43436363e6534&oe=5F8C5568",
            "edge_liked_by": {
                "count": 0
            },
            "edge_media_preview_like": {
                "count": 0
            },
            "edge_media_to_caption": {
                "edges": [
                    {
                        "node": {
                            "text": "#CouplesFeetChallenge #WeBetYallWont  #WeTheFranklins #WTF"
                        }
                    }
                ]
            },
            "edge_media_to_comment": {
                "count": 0
            },
            "id": "2421535962944652944",
            "is_video": true,
            "owner": {
                "id": "31357370260"
            },
            "shortcode": "CGbBiDiJkaQ",
            "tags": [
                "CouplesFeetChallenge",
                "WeBetYallWont",
                "WTF",
                "WeTheFranklins"
            ],
            "taken_at_timestamp": 1602889603,
            "thumbnail_resources": [
                {
                    "config_height": 150,
                    "config_width": 150,
                    "src": "https://instagram.fabe1-1.fna.fbcdn.net/v/t51.2885-15/e35/c0.82.656.656a/s150x150/121662047_111723477274687_6586115221820536617_n.jpg?_nc_ht=instagram.fabe1-1.fna.fbcdn.net&_nc_cat=107&_nc_ohc=FMpaNzGrYfYAX9ArlsE&tp=16&oh=743ea8a6f62f21954ce953c16eb11be4&oe=5F8C84FD"
                },
                {
                    "config_height": 240,
                    "config_width": 240,
                    "src": "https://instagram.fabe1-1.fna.fbcdn.net/v/t51.2885-15/e35/c0.82.656.656a/s240x240/121662047_111723477274687_6586115221820536617_n.jpg?_nc_ht=instagram.fabe1-1.fna.fbcdn.net&_nc_cat=107&_nc_ohc=FMpaNzGrYfYAX9ArlsE&tp=16&oh=9e3449e0dfad068365f01029e5ae3bf2&oe=5F8C643B"
                },
                {
                    "config_height": 320,
                    "config_width": 320,
                    "src": "https://instagram.fabe1-1.fna.fbcdn.net/v/t51.2885-15/e35/c0.82.656.656a/s320x320/121662047_111723477274687_6586115221820536617_n.jpg?_nc_ht=instagram.fabe1-1.fna.fbcdn.net&_nc_cat=107&_nc_ohc=FMpaNzGrYfYAX9ArlsE&tp=16&oh=c17fb2186032f5ec8de2ee59e7bb5aa8&oe=5F8C8BC5"
                },
                {
                    "config_height": 480,
                    "config_width": 480,
                    "src": "https://instagram.fabe1-1.fna.fbcdn.net/v/t51.2885-15/e35/c0.82.656.656a/s480x480/121662047_111723477274687_6586115221820536617_n.jpg?_nc_ht=instagram.fabe1-1.fna.fbcdn.net&_nc_cat=107&_nc_ohc=FMpaNzGrYfYAX9ArlsE&tp=16&oh=0ef25b8d5de141b670267bb15399087d&oe=5F8CC6C4"
                },
                {
                    "config_height": 640,
                    "config_width": 640,
                    "src": "https://instagram.fabe1-1.fna.fbcdn.net/v/t51.2885-15/sh0.08/e35/c0.82.656.656a/s640x640/121662047_111723477274687_6586115221820536617_n.jpg?_nc_ht=instagram.fabe1-1.fna.fbcdn.net&_nc_cat=107&_nc_ohc=FMpaNzGrYfYAX9ArlsE&oh=8794ce94486c4d01a7f57d3fc1474ca8&oe=5F8C2D09"
                }
            ],
            "thumbnail_src": "https://instagram.fabe1-1.fna.fbcdn.net/v/t51.2885-15/sh0.08/e35/c0.82.656.656a/s640x640/121662047_111723477274687_6586115221820536617_n.jpg?_nc_ht=instagram.fabe1-1.fna.fbcdn.net&_nc_cat=107&_nc_ohc=FMpaNzGrYfYAX9ArlsE&oh=8794ce94486c4d01a7f57d3fc1474ca8&oe=5F8C2D09",
            "urls": [
                "https://instagram.fabe1-1.fna.fbcdn.net/v/t50.2886-16/121775875_340204830598307_5906935583890756184_n.mp4?_nc_ht=instagram.fabe1-1.fna.fbcdn.net&_nc_cat=111&_nc_ohc=e8NI04kOY24AX8sHarb&oe=5F8C553F&oh=ec38d52efbbec3d44713bd837d0e39c5"
            ],
            "video_view_count": 0
        },
        {
            "comments_disabled": false,
            "dimensions": {
                "height": 1080,
                "width": 1080
            },
            "display_url": "https://instagram.fabe1-1.fna.fbcdn.net/v/t51.2885-15/e35/s1080x1080/121617000_2660884884175816_6639216985313810542_n.jpg?_nc_ht=instagram.fabe1-1.fna.fbcdn.net&_nc_cat=104&_nc_ohc=_j7nya7NXnAAX-HzaU7&_nc_tp=15&oh=84e79a482d25ff268bc5601573134f9e&oe=5FB2D29C",
            "edge_liked_by": {
                "count": 0
            },
            "edge_media_preview_like": {
                "count": 0
            },
            "edge_media_to_caption": {
                "edges": [
                    {
                        "node": {
                            "text": "The trip was unreal. Unfortunately andaba bien pedo to even take pictures so we will just settle with these. Til next summer or another bachelors party. I just need an excuse to wild’n out. #miami #miamibeach #cabronyvago #lajeepeta take me back"
                        }
                    }
                ]
            },
            "edge_media_to_comment": {
                "count": 0
            },
            "id": "2421535902326175984",
            "is_video": false,
            "owner": {
                "id": "1566617569"
            },
            "shortcode": "CGbBhLFAbjw",
            "tags": [
                "miamibeach",
                "cabronyvago",
                "lajeepeta",
                "miami"
            ],
            "taken_at_timestamp": 1602889596,
            "thumbnail_resources": [
                {
                    "config_height": 150,
                    "config_width": 150,
                    "src": "https://instagram.fabe1-1.fna.fbcdn.net/v/t51.2885-15/e35/s150x150/121617000_2660884884175816_6639216985313810542_n.jpg?_nc_ht=instagram.fabe1-1.fna.fbcdn.net&_nc_cat=104&_nc_ohc=_j7nya7NXnAAX-HzaU7&_nc_tp=15&oh=0889d58ee401d088b3ff4df48f35a6c8&oe=5FB38788"
                },
                {
                    "config_height": 240,
                    "config_width": 240,
                    "src": "https://instagram.fabe1-1.fna.fbcdn.net/v/t51.2885-15/e35/s240x240/121617000_2660884884175816_6639216985313810542_n.jpg?_nc_ht=instagram.fabe1-1.fna.fbcdn.net&_nc_cat=104&_nc_ohc=_j7nya7NXnAAX-HzaU7&_nc_tp=15&oh=27b7e77d839b23c645dddadadf36c7a3&oe=5FB553D0"
                },
                {
                    "config_height": 320,
                    "config_width": 320,
                    "src": "https://instagram.fabe1-1.fna.fbcdn.net/v/t51.2885-15/e35/s320x320/121617000_2660884884175816_6639216985313810542_n.jpg?_nc_ht=instagram.fabe1-1.fna.fbcdn.net&_nc_cat=104&_nc_ohc=_j7nya7NXnAAX-HzaU7&_nc_tp=15&oh=543ecfcce61343e966f40451ba3218cd&oe=5FB25C11"
                },
                {
                    "config_height": 480,
                    "config_width": 480,
                    "src": "https://instagram.fabe1-1.fna.fbcdn.net/v/t51.2885-15/e35/s480x480/121617000_2660884884175816_6639216985313810542_n.jpg?_nc_ht=instagram.fabe1-1.fna.fbcdn.net&_nc_cat=104&_nc_ohc=_j7nya7NXnAAX-HzaU7&_nc_tp=15&oh=a44dab6432a94d9fc1056ca7c082237b&oe=5FB30553"
                },
                {
                    "config_height": 640,
                    "config_width": 640,
                    "src": "https://instagram.fabe1-1.fna.fbcdn.net/v/t51.2885-15/sh0.08/e35/s640x640/121617000_2660884884175816_6639216985313810542_n.jpg?_nc_ht=instagram.fabe1-1.fna.fbcdn.net&_nc_cat=104&_nc_ohc=_j7nya7NXnAAX-HzaU7&_nc_tp=24&oh=3b52336397baa7af613d4b0f0dcff31c&oe=5FB29D73"
                }
            ],
            "thumbnail_src": "https://instagram.fabe1-1.fna.fbcdn.net/v/t51.2885-15/sh0.08/e35/s640x640/121617000_2660884884175816_6639216985313810542_n.jpg?_nc_ht=instagram.fabe1-1.fna.fbcdn.net&_nc_cat=104&_nc_ohc=_j7nya7NXnAAX-HzaU7&_nc_tp=24&oh=3b52336397baa7af613d4b0f0dcff31c&oe=5FB29D73",
            "urls": [
                "https://instagram.fabe1-1.fna.fbcdn.net/v/t51.2885-15/e35/s1080x1080/121617000_2660884884175816_6639216985313810542_n.jpg?_nc_ht=instagram.fabe1-1.fna.fbcdn.net&_nc_cat=104&_nc_ohc=_j7nya7NXnAAX-HzaU7&_nc_tp=15&oh=84e79a482d25ff268bc5601573134f9e&oe=5FB2D29C",
                "https://instagram.fabe1-1.fna.fbcdn.net/v/t50.2886-16/121957871_1046316279216117_1269039825395935892_n.mp4?_nc_ht=instagram.fabe1-1.fna.fbcdn.net&_nc_cat=109&_nc_ohc=2bl-4NmbEpsAX-ZMrWd&oe=5F8C884A&oh=4cd51d6e2fb47775994f8c7336567c33",
                "https://instagram.fabe1-1.fna.fbcdn.net/v/t50.2886-16/122007622_176466737355659_1052511694343741544_n.mp4?_nc_ht=instagram.fabe1-1.fna.fbcdn.net&_nc_cat=111&_nc_ohc=lKUtl3Br2yMAX9Ktozn&oe=5F8C6174&oh=11a96fba15214860ff8a19796788cca4",
                "https://instagram.fabe1-1.fna.fbcdn.net/v/t51.2885-15/e35/s1080x1080/121502000_381027626599579_7957472777806957032_n.jpg?_nc_ht=instagram.fabe1-1.fna.fbcdn.net&_nc_cat=107&_nc_ohc=7CiFiz4PWVwAX8yt7DM&_nc_tp=15&oh=37041feb66e7d947d16b05b76ad42b89&oe=5FB27EA9",
                "https://instagram.fabe1-1.fna.fbcdn.net/v/t51.2885-15/e35/s1080x1080/121596061_1481734548693160_3115776678157638096_n.jpg?_nc_ht=instagram.fabe1-1.fna.fbcdn.net&_nc_cat=104&_nc_ohc=2QVfnAFg_kkAX_S1CST&_nc_tp=15&oh=448dbee5eba95af150dbf71c6213b70e&oe=5FB2B6BF"
            ]
        },
        {
            "comments_disabled": false,
            "dimensions": {
                "height": 640,
                "width": 640
            },
            "display_url": "https://instagram.fabe1-1.fna.fbcdn.net/v/t51.2885-15/e35/121573173_3532051436889712_5150442914803959873_n.jpg?_nc_ht=instagram.fabe1-1.fna.fbcdn.net&_nc_cat=104&_nc_ohc=KBDeRxktPeIAX-tlQcA&_nc_tp=18&oh=230f084e01c32ddec513a6f8e1cbcf31&oe=5F8CB14C",
            "edge_liked_by": {
                "count": 0
            },
            "edge_media_preview_like": {
                "count": 0
            },
            "edge_media_to_caption": {
                "edges": [
                    {
                        "node": {
                            "text": "Обнимешь  человека, и тебе больше некуда спешить, потому что все, что ты искал, прямо в твоих объятиях."
                        }
                    }
                ]
            },
            "edge_media_to_comment": {
                "count": 0
            },
            "id": "2421535749989975989",
            "is_video": true,
            "owner": {
                "id": "267103450"
            },
            "shortcode": "CGbBe9ND8e1",
            "tags": [],
            "taken_at_timestamp": 1602889594,
            "thumbnail_resources": [
                {
                    "config_height": 150,
                    "config_width": 150,
                    "src": "https://instagram.fabe1-1.fna.fbcdn.net/v/t51.2885-15/e35/s150x150/121573173_3532051436889712_5150442914803959873_n.jpg?_nc_ht=instagram.fabe1-1.fna.fbcdn.net&_nc_cat=104&_nc_ohc=KBDeRxktPeIAX-tlQcA&_nc_tp=15&oh=1e6aa26db673d69d6451847ba1e752f6&oe=5F8C8EA8"
                },
                {
                    "config_height": 240,
                    "config_width": 240,
                    "src": "https://instagram.fabe1-1.fna.fbcdn.net/v/t51.2885-15/e35/s240x240/121573173_3532051436889712_5150442914803959873_n.jpg?_nc_ht=instagram.fabe1-1.fna.fbcdn.net&_nc_cat=104&_nc_ohc=KBDeRxktPeIAX-tlQcA&_nc_tp=15&oh=8c0c6c1ea16c184b0ad2f47212c14eda&oe=5F8C9970"
                },
                {
                    "config_height": 320,
                    "config_width": 320,
                    "src": "https://instagram.fabe1-1.fna.fbcdn.net/v/t51.2885-15/e35/s320x320/121573173_3532051436889712_5150442914803959873_n.jpg?_nc_ht=instagram.fabe1-1.fna.fbcdn.net&_nc_cat=104&_nc_ohc=KBDeRxktPeIAX-tlQcA&_nc_tp=15&oh=e27b290701e25ff3e9ad220b6484d390&oe=5F8C2671"
                },
                {
                    "config_height": 480,
                    "config_width": 480,
                    "src": "https://instagram.fabe1-1.fna.fbcdn.net/v/t51.2885-15/e35/s480x480/121573173_3532051436889712_5150442914803959873_n.jpg?_nc_ht=instagram.fabe1-1.fna.fbcdn.net&_nc_cat=104&_nc_ohc=KBDeRxktPeIAX-tlQcA&_nc_tp=15&oh=be2069942eb4a167ca21d19d1faa92fe&oe=5F8C38F3"
                },
                {
                    "config_height": 640,
                    "config_width": 640,
                    "src": "https://instagram.fabe1-1.fna.fbcdn.net/v/t51.2885-15/e35/121573173_3532051436889712_5150442914803959873_n.jpg?_nc_ht=instagram.fabe1-1.fna.fbcdn.net&_nc_cat=104&_nc_ohc=KBDeRxktPeIAX-tlQcA&_nc_tp=18&oh=230f084e01c32ddec513a6f8e1cbcf31&oe=5F8CB14C"
                }
            ],
            "thumbnail_src": "https://instagram.fabe1-1.fna.fbcdn.net/v/t51.2885-15/e35/121573173_3532051436889712_5150442914803959873_n.jpg?_nc_ht=instagram.fabe1-1.fna.fbcdn.net&_nc_cat=104&_nc_ohc=KBDeRxktPeIAX-tlQcA&_nc_tp=18&oh=230f084e01c32ddec513a6f8e1cbcf31&oe=5F8CB14C",
            "urls": [
                "https://instagram.fabe1-1.fna.fbcdn.net/v/t50.2886-16/121711821_263894978292587_5311784966650743781_n.mp4?_nc_ht=instagram.fabe1-1.fna.fbcdn.net&_nc_cat=111&_nc_ohc=gKXU5g36HtoAX_5L9lm&oe=5F8C9F7F&oh=bdb6cd75a37eda422505b2e4f9d40a4a"
            ],
            "video_view_count": 0
        },
        {
            "comments_disabled": false,
            "dimensions": {
                "height": 1080,
                "width": 1080
            },
            "display_url": "https://instagram.fabe1-1.fna.fbcdn.net/v/t51.2885-15/e35/s1080x1080/121962888_454294332215147_3696290098712901098_n.jpg?_nc_ht=instagram.fabe1-1.fna.fbcdn.net&_nc_cat=111&_nc_ohc=zr3GE1u5VwkAX_8jLcS&_nc_tp=15&oh=7b17235e32eb965cae121c7f80170a15&oe=5FB26158",
            "edge_liked_by": {
                "count": 3
            },
            "edge_media_preview_like": {
                "count": 3
            },
            "edge_media_to_caption": {
                "edges": [
                    {
                        "node": {
                            "text": "Aquí en el mar la vida es más sabrosa"
                        }
                    }
                ]
            },
            "edge_media_to_comment": {
                "count": 1
            },
            "id": "2421535653470039186",
            "is_video": false,
            "owner": {
                "id": "5473095850"
            },
            "shortcode": "CGbBdjUBmyS",
            "tags": [],
            "taken_at_timestamp": 1602889566,
            "thumbnail_resources": [
                {
                    "config_height": 150,
                    "config_width": 150,
                    "src": "https://instagram.fabe1-1.fna.fbcdn.net/v/t51.2885-15/e35/s150x150/121962888_454294332215147_3696290098712901098_n.jpg?_nc_ht=instagram.fabe1-1.fna.fbcdn.net&_nc_cat=111&_nc_ohc=zr3GE1u5VwkAX_8jLcS&_nc_tp=15&oh=03f3fb8c1fb91fb1c728ba6930559e9e&oe=5FB40A97"
                },
                {
                    "config_height": 240,
                    "config_width": 240,
                    "src": "https://instagram.fabe1-1.fna.fbcdn.net/v/t51.2885-15/e35/s240x240/121962888_454294332215147_3696290098712901098_n.jpg?_nc_ht=instagram.fabe1-1.fna.fbcdn.net&_nc_cat=111&_nc_ohc=zr3GE1u5VwkAX_8jLcS&_nc_tp=15&oh=5d7684cf70e1568b8c46c2d6194af719&oe=5FB5A511"
                },
                {
                    "config_height": 320,
                    "config_width": 320,
                    "src": "https://instagram.fabe1-1.fna.fbcdn.net/v/t51.2885-15/e35/s320x320/121962888_454294332215147_3696290098712901098_n.jpg?_nc_ht=instagram.fabe1-1.fna.fbcdn.net&_nc_cat=111&_nc_ohc=zr3GE1u5VwkAX_8jLcS&_nc_tp=15&oh=b7372ff032c30990b9b1c5a664e3e83b&oe=5FB2386F"
                },
                {
                    "config_height": 480,
                    "config_width": 480,
                    "src": "https://instagram.fabe1-1.fna.fbcdn.net/v/t51.2885-15/e35/s480x480/121962888_454294332215147_3696290098712901098_n.jpg?_nc_ht=instagram.fabe1-1.fna.fbcdn.net&_nc_cat=111&_nc_ohc=zr3GE1u5VwkAX_8jLcS&_nc_tp=15&oh=ef3289455e9b916e07b527344fd936ce&oe=5FB2CF2A"
                },
                {
                    "config_height": 640,
                    "config_width": 640,
                    "src": "https://instagram.fabe1-1.fna.fbcdn.net/v/t51.2885-15/sh0.08/e35/s640x640/121962888_454294332215147_3696290098712901098_n.jpg?_nc_ht=instagram.fabe1-1.fna.fbcdn.net&_nc_cat=111&_nc_ohc=zr3GE1u5VwkAX_8jLcS&_nc_tp=24&oh=3c4c1eafc25f4208fb04c0b07d02dca5&oe=5FB3BA94"
                }
            ],
            "thumbnail_src": "https://instagram.fabe1-1.fna.fbcdn.net/v/t51.2885-15/sh0.08/e35/s640x640/121962888_454294332215147_3696290098712901098_n.jpg?_nc_ht=instagram.fabe1-1.fna.fbcdn.net&_nc_cat=111&_nc_ohc=zr3GE1u5VwkAX_8jLcS&_nc_tp=24&oh=3c4c1eafc25f4208fb04c0b07d02dca5&oe=5FB3BA94",
            "urls": [
                "https://instagram.fabe1-1.fna.fbcdn.net/v/t51.2885-15/e35/s1080x1080/121962888_454294332215147_3696290098712901098_n.jpg?_nc_ht=instagram.fabe1-1.fna.fbcdn.net&_nc_cat=111&_nc_ohc=zr3GE1u5VwkAX_8jLcS&_nc_tp=15&oh=7b17235e32eb965cae121c7f80170a15&oe=5FB26158"
            ]
        }
    ]
}