{
    "GraphImages": [
        {
            "comments_disabled": false,
            "dimensions": {
                "height": 565,
                "width": 1080
            },
            "display_url": "https://instagram.fabe1-1.fna.fbcdn.net/v/t51.2885-15/e35/s1080x1080/121984642_677704676482934_2076911252076237506_n.jpg?_nc_ht=instagram.fabe1-1.fna.fbcdn.net&_nc_cat=102&_nc_ohc=yAGoN1u1ieYAX8coIN2&_nc_tp=15&oh=1653d05fe82c0c69c80b58efaed7f969&oe=5FB32BD6",
            "edge_liked_by": {
                "count": 1
            },
            "edge_media_preview_like": {
                "count": 1
            },
            "edge_media_to_caption": {
                "edges": [
                    {
                        "node": {
                            "text": "Another exciting early evening lightning show over South Beach\n.\n.\n.\n.\n.\n.\n.\n.\n.\n.\n.\n.\n.\n.\n.\n.\n.\n@myradar \n#djispark #droneoftheday #djiglobal #dronestagram #powerofnature #naturephotos #dronephotography #stormchaser #fantastic_earth #lightning #electric #artofvisuals #skysupply #visualsoflife #miamiflorida #miamibeach #southbeach #graphikvik"
                        }
                    }
                ]
            },
            "edge_media_to_comment": {
                "count": 0
            },
            "id": "2421577695765019656",
            "is_video": false,
            "owner": {
                "id": "225782779"
            },
            "shortcode": "CGbLBWQFTwI",
            "tags": [
                "miamibeach",
                "miamiflorida",
                "southbeach",
                "djiglobal",
                "stormchaser",
                "fantastic_earth",
                "artofvisuals",
                "visualsoflife",
                "skysupply",
                "lightning",
                "dronestagram",
                "djispark",
                "powerofnature",
                "electric",
                "droneoftheday",
                "dronephotography",
                "naturephotos",
                "graphikvik"
            ],
            "taken_at_timestamp": 1602894578,
            "thumbnail_resources": [
                {
                    "config_height": 150,
                    "config_width": 150,
                    "src": "https://instagram.fabe1-1.fna.fbcdn.net/v/t51.2885-15/e35/c343.0.754.754a/s150x150/121984642_677704676482934_2076911252076237506_n.jpg?_nc_ht=instagram.fabe1-1.fna.fbcdn.net&_nc_cat=102&_nc_ohc=yAGoN1u1ieYAX8coIN2&tp=16&oh=bc3590e778196626acfbcba1459e2bbc&oe=5FB38D79"
                },
                {
                    "config_height": 240,
                    "config_width": 240,
                    "src": "https://instagram.fabe1-1.fna.fbcdn.net/v/t51.2885-15/e35/c343.0.754.754a/s240x240/121984642_677704676482934_2076911252076237506_n.jpg?_nc_ht=instagram.fabe1-1.fna.fbcdn.net&_nc_cat=102&_nc_ohc=yAGoN1u1ieYAX8coIN2&tp=16&oh=bc45e208a40514a22bc0da1b62758aed&oe=5FB2A4FF"
                },
                {
                    "config_height": 320,
                    "config_width": 320,
                    "src": "https://instagram.fabe1-1.fna.fbcdn.net/v/t51.2885-15/e35/c343.0.754.754a/s320x320/121984642_677704676482934_2076911252076237506_n.jpg?_nc_ht=instagram.fabe1-1.fna.fbcdn.net&_nc_cat=102&_nc_ohc=yAGoN1u1ieYAX8coIN2&tp=16&oh=7f0eb0b2aa2d4c8bf799c3b894088b11&oe=5FB44181"
                },
                {
                    "config_height": 480,
                    "config_width": 480,
                    "src": "https://instagram.fabe1-1.fna.fbcdn.net/v/t51.2885-15/e35/c343.0.754.754a/s480x480/121984642_677704676482934_2076911252076237506_n.jpg?_nc_ht=instagram.fabe1-1.fna.fbcdn.net&_nc_cat=102&_nc_ohc=yAGoN1u1ieYAX8coIN2&tp=16&oh=46c6131e564270c6ba3697aa5f6fa883&oe=5FB5A3C8"
                },
                {
                    "config_height": 640,
                    "config_width": 640,
                    "src": "https://instagram.fabe1-1.fna.fbcdn.net/v/t51.2885-15/sh0.08/e35/c343.0.754.754a/s640x640/121984642_677704676482934_2076911252076237506_n.jpg?_nc_ht=instagram.fabe1-1.fna.fbcdn.net&_nc_cat=102&_nc_ohc=yAGoN1u1ieYAX8coIN2&oh=4a6f6a13ed5a6f74a12bf1b14e0e24e6&oe=5FB521C0"
                }
            ],
            "thumbnail_src": "https://instagram.fabe1-1.fna.fbcdn.net/v/t51.2885-15/sh0.08/e35/c343.0.754.754a/s640x640/121984642_677704676482934_2076911252076237506_n.jpg?_nc_ht=instagram.fabe1-1.fna.fbcdn.net&_nc_cat=102&_nc_ohc=yAGoN1u1ieYAX8coIN2&oh=4a6f6a13ed5a6f74a12bf1b14e0e24e6&oe=5FB521C0",
            "urls": [
                "https://instagram.fabe1-1.fna.fbcdn.net/v/t51.2885-15/e35/s1080x1080/121984642_677704676482934_2076911252076237506_n.jpg?_nc_ht=instagram.fabe1-1.fna.fbcdn.net&_nc_cat=102&_nc_ohc=yAGoN1u1ieYAX8coIN2&_nc_tp=15&oh=1653d05fe82c0c69c80b58efaed7f969&oe=5FB32BD6"
            ]
        },
        {
            "comments_disabled": false,
            "dimensions": {
                "height": 1080,
                "width": 1080
            },
            "display_url": "https://instagram.fabe1-1.fna.fbcdn.net/v/t51.2885-15/e35/s1080x1080/121622259_1628953490613845_5984855264959963510_n.jpg?_nc_ht=instagram.fabe1-1.fna.fbcdn.net&_nc_cat=105&_nc_ohc=SiQa8zYzjfUAX9Xl7fz&_nc_tp=15&oh=a83dce5cce860dfb005a239eb284ea9d&oe=5FB3ACFA",
            "edge_liked_by": {
                "count": 1
            },
            "edge_media_preview_like": {
                "count": 1
            },
            "edge_media_to_caption": {
                "edges": [
                    {
                        "node": {
                            "text": "practice loving kindness ; embrace yourself and others with love & compassion.\nfaceted angel aura rose quartz 💗healing energies : unconditional & universal love, protection from your angels."
                        }
                    }
                ]
            },
            "edge_media_to_comment": {
                "count": 0
            },
            "id": "2421577410720790725",
            "is_video": false,
            "owner": {
                "id": "2100145647"
            },
            "shortcode": "CGbK9MyH3jF",
            "tags": [],
            "taken_at_timestamp": 1602894544,
            "thumbnail_resources": [
                {
                    "config_height": 150,
                    "config_width": 150,
                    "src": "https://instagram.fabe1-1.fna.fbcdn.net/v/t51.2885-15/e35/s150x150/121622259_1628953490613845_5984855264959963510_n.jpg?_nc_ht=instagram.fabe1-1.fna.fbcdn.net&_nc_cat=105&_nc_ohc=SiQa8zYzjfUAX9Xl7fz&_nc_tp=15&oh=181990e3fe5df69cefac4cfccd9e28af&oe=5FB447E6"
                },
                {
                    "config_height": 240,
                    "config_width": 240,
                    "src": "https://instagram.fabe1-1.fna.fbcdn.net/v/t51.2885-15/e35/s240x240/121622259_1628953490613845_5984855264959963510_n.jpg?_nc_ht=instagram.fabe1-1.fna.fbcdn.net&_nc_cat=105&_nc_ohc=SiQa8zYzjfUAX9Xl7fz&_nc_tp=15&oh=0676e83dc27909fba9889031aa92c3c0&oe=5FB53FAE"
                },
                {
                    "config_height": 320,
                    "config_width": 320,
                    "src": "https://instagram.fabe1-1.fna.fbcdn.net/v/t51.2885-15/e35/s320x320/121622259_1628953490613845_5984855264959963510_n.jpg?_nc_ht=instagram.fabe1-1.fna.fbcdn.net&_nc_cat=105&_nc_ohc=SiQa8zYzjfUAX9Xl7fz&_nc_tp=15&oh=33f41aa156a74495a19788120538e1db&oe=5FB3D5F3"
                },
                {
                    "config_height": 480,
                    "config_width": 480,
                    "src": "https://instagram.fabe1-1.fna.fbcdn.net/v/t51.2885-15/e35/s480x480/121622259_1628953490613845_5984855264959963510_n.jpg?_nc_ht=instagram.fabe1-1.fna.fbcdn.net&_nc_cat=105&_nc_ohc=SiQa8zYzjfUAX9Xl7fz&_nc_tp=15&oh=ffb92aa3f95f652ea95af3218b624b65&oe=5FB4DC31"
                },
                {
                    "config_height": 640,
                    "config_width": 640,
                    "src": "https://instagram.fabe1-1.fna.fbcdn.net/v/t51.2885-15/sh0.08/e35/s640x640/121622259_1628953490613845_5984855264959963510_n.jpg?_nc_ht=instagram.fabe1-1.fna.fbcdn.net&_nc_cat=105&_nc_ohc=SiQa8zYzjfUAX9Xl7fz&_nc_tp=24&oh=8c36b79164d0dc4a20287f40b82cc8dc&oe=5FB3D911"
                }
            ],
            "thumbnail_src": "https://instagram.fabe1-1.fna.fbcdn.net/v/t51.2885-15/sh0.08/e35/s640x640/121622259_1628953490613845_5984855264959963510_n.jpg?_nc_ht=instagram.fabe1-1.fna.fbcdn.net&_nc_cat=105&_nc_ohc=SiQa8zYzjfUAX9Xl7fz&_nc_tp=24&oh=8c36b79164d0dc4a20287f40b82cc8dc&oe=5FB3D911",
            "urls": [
                "https://instagram.fabe1-1.fna.fbcdn.net/v/t51.2885-15/e35/s1080x1080/121622259_1628953490613845_5984855264959963510_n.jpg?_nc_ht=instagram.fabe1-1.fna.fbcdn.net&_nc_cat=105&_nc_ohc=SiQa8zYzjfUAX9Xl7fz&_nc_tp=15&oh=a83dce5cce860dfb005a239eb284ea9d&oe=5FB3ACFA"
            ]
        }
    ]
}