{
    "GraphImages": [
        {
            "comments_disabled": false,
            "dimensions": {
                "height": 1349,
                "width": 1080
            },
            "display_url": "https://instagram.fabe1-1.fna.fbcdn.net/v/t51.2885-15/e35/p1080x1080/121610032_1441888949344151_4823177818958792586_n.jpg?_nc_ht=instagram.fabe1-1.fna.fbcdn.net&_nc_cat=111&_nc_ohc=yPhPitHduG4AX_9MzM-&tp=19&oh=d2d7da9e3865ed0add70655561a35bdd&oe=5FB39972",
            "edge_liked_by": {
                "count": 0
            },
            "edge_media_preview_like": {
                "count": 0
            },
            "edge_media_to_caption": {
                "edges": [
                    {
                        "node": {
                            "text": "If you ain’t applying pressure, what are you applying? 🙏🏾💪🏾"
                        }
                    }
                ]
            },
            "edge_media_to_comment": {
                "count": 0
            },
            "id": "2421473476883125715",
            "is_video": false,
            "owner": {
                "id": "259911052"
            },
            "shortcode": "CGazUw2phXT",
            "tags": [],
            "taken_at_timestamp": 1602882154,
            "thumbnail_resources": [
                {
                    "config_height": 150,
                    "config_width": 150,
                    "src": "https://instagram.fabe1-1.fna.fbcdn.net/v/t51.2885-15/e35/c0.179.1440.1440a/s150x150/121610032_1441888949344151_4823177818958792586_n.jpg?_nc_ht=instagram.fabe1-1.fna.fbcdn.net&_nc_cat=111&_nc_ohc=yPhPitHduG4AX_9MzM-&tp=16&oh=0cb3a1d72b3a270bddfe5857f716c657&oe=5FB486A1"
                },
                {
                    "config_height": 240,
                    "config_width": 240,
                    "src": "https://instagram.fabe1-1.fna.fbcdn.net/v/t51.2885-15/e35/c0.179.1440.1440a/s240x240/121610032_1441888949344151_4823177818958792586_n.jpg?_nc_ht=instagram.fabe1-1.fna.fbcdn.net&_nc_cat=111&_nc_ohc=yPhPitHduG4AX_9MzM-&tp=16&oh=76fe9fdb3cbf374540634e2a9da81861&oe=5FB4EBE9"
                },
                {
                    "config_height": 320,
                    "config_width": 320,
                    "src": "https://instagram.fabe1-1.fna.fbcdn.net/v/t51.2885-15/e35/c0.179.1440.1440a/s320x320/121610032_1441888949344151_4823177818958792586_n.jpg?_nc_ht=instagram.fabe1-1.fna.fbcdn.net&_nc_cat=111&_nc_ohc=yPhPitHduG4AX_9MzM-&tp=16&oh=8f5e58d93b65455bf8e9458ca52eb1ee&oe=5FB54FB8"
                },
                {
                    "config_height": 480,
                    "config_width": 480,
                    "src": "https://instagram.fabe1-1.fna.fbcdn.net/v/t51.2885-15/e35/c0.179.1440.1440a/s480x480/121610032_1441888949344151_4823177818958792586_n.jpg?_nc_ht=instagram.fabe1-1.fna.fbcdn.net&_nc_cat=111&_nc_ohc=yPhPitHduG4AX_9MzM-&tp=16&oh=549f36b3efa56631fffef87d8dcd6f8e&oe=5FB4B1F6"
                },
                {
                    "config_height": 640,
                    "config_width": 640,
                    "src": "https://instagram.fabe1-1.fna.fbcdn.net/v/t51.2885-15/sh0.08/e35/c0.179.1440.1440a/s640x640/121610032_1441888949344151_4823177818958792586_n.jpg?_nc_ht=instagram.fabe1-1.fna.fbcdn.net&_nc_cat=111&_nc_ohc=yPhPitHduG4AX_9MzM-&oh=956815e4df1dd05816418db55aedbae7&oe=5FB48D50"
                }
            ],
            "thumbnail_src": "https://instagram.fabe1-1.fna.fbcdn.net/v/t51.2885-15/sh0.08/e35/c0.179.1440.1440a/s640x640/121610032_1441888949344151_4823177818958792586_n.jpg?_nc_ht=instagram.fabe1-1.fna.fbcdn.net&_nc_cat=111&_nc_ohc=yPhPitHduG4AX_9MzM-&oh=956815e4df1dd05816418db55aedbae7&oe=5FB48D50",
            "urls": [
                "https://instagram.fabe1-1.fna.fbcdn.net/v/t51.2885-15/e35/p1080x1080/121610032_1441888949344151_4823177818958792586_n.jpg?_nc_ht=instagram.fabe1-1.fna.fbcdn.net&_nc_cat=111&_nc_ohc=yPhPitHduG4AX_9MzM-&tp=19&oh=d2d7da9e3865ed0add70655561a35bdd&oe=5FB39972"
            ]
        },
        {
            "comments_disabled": false,
            "dimensions": {
                "height": 719,
                "width": 1080
            },
            "display_url": "https://instagram.fabe1-1.fna.fbcdn.net/v/t51.2885-15/e35/s1080x1080/121973629_155146816278392_4554069469090647899_n.jpg?_nc_ht=instagram.fabe1-1.fna.fbcdn.net&_nc_cat=108&_nc_ohc=_4VS3ALFWR0AX_Aa98r&_nc_tp=15&oh=78f1b8ac765d8817d53504a633c374e4&oe=5FB3472A",
            "edge_liked_by": {
                "count": 0
            },
            "edge_media_preview_like": {
                "count": 0
            },
            "edge_media_to_caption": {
                "edges": [
                    {
                        "node": {
                            "text": "Another casual beach day in Miami🌞"
                        }
                    }
                ]
            },
            "edge_media_to_comment": {
                "count": 0
            },
            "id": "2421473475589247308",
            "is_video": false,
            "owner": {
                "id": "229433678"
            },
            "shortcode": "CGazUvphxFM",
            "tags": [],
            "taken_at_timestamp": 1602882154,
            "thumbnail_resources": [
                {
                    "config_height": 150,
                    "config_width": 150,
                    "src": "https://instagram.fabe1-1.fna.fbcdn.net/v/t51.2885-15/e35/c240.0.959.959a/s150x150/121973629_155146816278392_4554069469090647899_n.jpg?_nc_ht=instagram.fabe1-1.fna.fbcdn.net&_nc_cat=108&_nc_ohc=_4VS3ALFWR0AX_Aa98r&tp=16&oh=c99d6caa5091cd22071062d3ce89932d&oe=5FB3FB38"
                },
                {
                    "config_height": 240,
                    "config_width": 240,
                    "src": "https://instagram.fabe1-1.fna.fbcdn.net/v/t51.2885-15/e35/c240.0.959.959a/s240x240/121973629_155146816278392_4554069469090647899_n.jpg?_nc_ht=instagram.fabe1-1.fna.fbcdn.net&_nc_cat=108&_nc_ohc=_4VS3ALFWR0AX_Aa98r&tp=16&oh=ce561089b2ae9f8e6d9f8b29ecdc570e&oe=5FB1F0B2"
                },
                {
                    "config_height": 320,
                    "config_width": 320,
                    "src": "https://instagram.fabe1-1.fna.fbcdn.net/v/t51.2885-15/e35/c240.0.959.959a/s320x320/121973629_155146816278392_4554069469090647899_n.jpg?_nc_ht=instagram.fabe1-1.fna.fbcdn.net&_nc_cat=108&_nc_ohc=_4VS3ALFWR0AX_Aa98r&tp=16&oh=8ffc1739776b5e4b0a6fbf1cdd35bde3&oe=5FB1BF50"
                },
                {
                    "config_height": 480,
                    "config_width": 480,
                    "src": "https://instagram.fabe1-1.fna.fbcdn.net/v/t51.2885-15/e35/c240.0.959.959a/s480x480/121973629_155146816278392_4554069469090647899_n.jpg?_nc_ht=instagram.fabe1-1.fna.fbcdn.net&_nc_cat=108&_nc_ohc=_4VS3ALFWR0AX_Aa98r&tp=16&oh=78883a4256b92d6d25bcc2802f455d61&oe=5FB2C809"
                },
                {
                    "config_height": 640,
                    "config_width": 640,
                    "src": "https://instagram.fabe1-1.fna.fbcdn.net/v/t51.2885-15/sh0.08/e35/c240.0.959.959a/s640x640/121973629_155146816278392_4554069469090647899_n.jpg?_nc_ht=instagram.fabe1-1.fna.fbcdn.net&_nc_cat=108&_nc_ohc=_4VS3ALFWR0AX_Aa98r&oh=195fb52f6b13ab699fc918833053e260&oe=5FB29C71"
                }
            ],
            "thumbnail_src": "https://instagram.fabe1-1.fna.fbcdn.net/v/t51.2885-15/sh0.08/e35/c240.0.959.959a/s640x640/121973629_155146816278392_4554069469090647899_n.jpg?_nc_ht=instagram.fabe1-1.fna.fbcdn.net&_nc_cat=108&_nc_ohc=_4VS3ALFWR0AX_Aa98r&oh=195fb52f6b13ab699fc918833053e260&oe=5FB29C71",
            "urls": [
                "https://instagram.fabe1-1.fna.fbcdn.net/v/t51.2885-15/e35/s1080x1080/121973629_155146816278392_4554069469090647899_n.jpg?_nc_ht=instagram.fabe1-1.fna.fbcdn.net&_nc_cat=108&_nc_ohc=_4VS3ALFWR0AX_Aa98r&_nc_tp=15&oh=78f1b8ac765d8817d53504a633c374e4&oe=5FB3472A",
                "https://instagram.fabe1-1.fna.fbcdn.net/v/t51.2885-15/e35/s1080x1080/121575125_778042702991191_4273682712626825599_n.jpg?_nc_ht=instagram.fabe1-1.fna.fbcdn.net&_nc_cat=107&_nc_ohc=glzvhE8wijUAX8kEto7&_nc_tp=15&oh=2cfdacf18664ff6cadb6171bf2a469be&oe=5FB1F08B"
            ]
        },
        {
            "comments_disabled": false,
            "dimensions": {
                "height": 810,
                "width": 1080
            },
            "display_url": "https://instagram.fabe1-1.fna.fbcdn.net/v/t51.2885-15/e35/s1080x1080/121669679_147686637050354_9180933004032869184_n.jpg?_nc_ht=instagram.fabe1-1.fna.fbcdn.net&_nc_cat=102&_nc_ohc=iZsWm1zCjOEAX-Oe3By&_nc_tp=15&oh=d5453ebe2ac42b7e2c62084445516e29&oe=5FB253C3",
            "edge_liked_by": {
                "count": 0
            },
            "edge_media_preview_like": {
                "count": 0
            },
            "edge_media_to_caption": {
                "edges": [
                    {
                        "node": {
                            "text": "#FBF behind the scenes last Sunday setting up the Nutripro banner pic. \n@clairesigmon 💚 \n#NEVERSETTLE #np #water"
                        }
                    }
                ]
            },
            "edge_media_to_comment": {
                "count": 0
            },
            "id": "2421473460683274384",
            "is_video": false,
            "owner": {
                "id": "1146202483"
            },
            "shortcode": "CGazUhxD_iQ",
            "tags": [
                "FBF",
                "np",
                "NEVERSETTLE",
                "water"
            ],
            "taken_at_timestamp": 1602882152,
            "thumbnail_resources": [
                {
                    "config_height": 150,
                    "config_width": 150,
                    "src": "https://instagram.fabe1-1.fna.fbcdn.net/v/t51.2885-15/e35/c180.0.1080.1080a/s150x150/121669679_147686637050354_9180933004032869184_n.jpg?_nc_ht=instagram.fabe1-1.fna.fbcdn.net&_nc_cat=102&_nc_ohc=iZsWm1zCjOEAX-Oe3By&tp=16&oh=a8a4fab0667f0f2c63cffcefc9ceb5c0&oe=5FB282D3"
                },
                {
                    "config_height": 240,
                    "config_width": 240,
                    "src": "https://instagram.fabe1-1.fna.fbcdn.net/v/t51.2885-15/e35/c180.0.1080.1080a/s240x240/121669679_147686637050354_9180933004032869184_n.jpg?_nc_ht=instagram.fabe1-1.fna.fbcdn.net&_nc_cat=102&_nc_ohc=iZsWm1zCjOEAX-Oe3By&tp=16&oh=2be68a3ccf80eec90ca67d7fb339ceaf&oe=5FB3D555"
                },
                {
                    "config_height": 320,
                    "config_width": 320,
                    "src": "https://instagram.fabe1-1.fna.fbcdn.net/v/t51.2885-15/e35/c180.0.1080.1080a/s320x320/121669679_147686637050354_9180933004032869184_n.jpg?_nc_ht=instagram.fabe1-1.fna.fbcdn.net&_nc_cat=102&_nc_ohc=iZsWm1zCjOEAX-Oe3By&tp=16&oh=6b96163d8153d87601816aca737daa19&oe=5FB4F42B"
                },
                {
                    "config_height": 480,
                    "config_width": 480,
                    "src": "https://instagram.fabe1-1.fna.fbcdn.net/v/t51.2885-15/e35/c180.0.1080.1080a/s480x480/121669679_147686637050354_9180933004032869184_n.jpg?_nc_ht=instagram.fabe1-1.fna.fbcdn.net&_nc_cat=102&_nc_ohc=iZsWm1zCjOEAX-Oe3By&tp=16&oh=a3f69af513cc0f45aa72ea3e4af980f9&oe=5FB3216E"
                },
                {
                    "config_height": 640,
                    "config_width": 640,
                    "src": "https://instagram.fabe1-1.fna.fbcdn.net/v/t51.2885-15/sh0.08/e35/c180.0.1080.1080a/s640x640/121669679_147686637050354_9180933004032869184_n.jpg?_nc_ht=instagram.fabe1-1.fna.fbcdn.net&_nc_cat=102&_nc_ohc=iZsWm1zCjOEAX-Oe3By&oh=69f7f27306622772f674cda6d7ea5629&oe=5FB23A63"
                }
            ],
            "thumbnail_src": "https://instagram.fabe1-1.fna.fbcdn.net/v/t51.2885-15/sh0.08/e35/c180.0.1080.1080a/s640x640/121669679_147686637050354_9180933004032869184_n.jpg?_nc_ht=instagram.fabe1-1.fna.fbcdn.net&_nc_cat=102&_nc_ohc=iZsWm1zCjOEAX-Oe3By&oh=69f7f27306622772f674cda6d7ea5629&oe=5FB23A63",
            "urls": [
                "https://instagram.fabe1-1.fna.fbcdn.net/v/t51.2885-15/e35/s1080x1080/121669679_147686637050354_9180933004032869184_n.jpg?_nc_ht=instagram.fabe1-1.fna.fbcdn.net&_nc_cat=102&_nc_ohc=iZsWm1zCjOEAX-Oe3By&_nc_tp=15&oh=d5453ebe2ac42b7e2c62084445516e29&oe=5FB253C3"
            ]
        },
        {
            "comments_disabled": false,
            "dimensions": {
                "height": 1080,
                "width": 1080
            },
            "display_url": "https://instagram.fabe1-1.fna.fbcdn.net/v/t51.2885-15/e35/121695106_106650211224625_8785093753650973344_n.jpg?_nc_ht=instagram.fabe1-1.fna.fbcdn.net&_nc_cat=101&_nc_ohc=m1mvkH2giO8AX-6rmwg&_nc_tp=18&oh=57ecc1e88a263eebc0b693e8a9b8b002&oe=5FB1C629",
            "edge_liked_by": {
                "count": 6
            },
            "edge_media_preview_like": {
                "count": 6
            },
            "edge_media_to_caption": {
                "edges": [
                    {
                        "node": {
                            "text": "Suas dores te fortalecem!💢✔️\n\nSiga:@Bemsucedidooficial\n\nReserve seu boné Premium BS pelo link na Bio.📲\n.\n.\n.\n.\n\n#mentormilionário #empreendedorismo #empreender #marketingdigital  #foco #força #reflexão #motivação #dinheiro #sucesso #empreendedor #empreendertransforma #empreendedordigital #realizacao  #geracaodevalor #mktdigital  #marketingmultinivel #humildade  #sucessoepoder #fabricadementes #menteempreendedora\n#vencer."
                        }
                    }
                ]
            },
            "edge_media_to_comment": {
                "count": 0
            },
            "id": "2421473379322536549",
            "is_video": false,
            "owner": {
                "id": "7880713991"
            },
            "shortcode": "CGazTV_laJl",
            "tags": [
                "sucessoepoder",
                "foco",
                "forc",
                "empreendedorismo",
                "reflexa",
                "fabricadementes",
                "vencer",
                "empreendedordigital",
                "marketingdigital",
                "humildade",
                "empreender",
                "menteempreendedora",
                "empreendertransforma",
                "sucesso",
                "motivac",
                "realizacao",
                "marketingmultinivel",
                "mentormiliona",
                "empreendedor",
                "geracaodevalor",
                "mktdigital",
                "dinheiro"
            ],
            "taken_at_timestamp": 1602882142,
            "thumbnail_resources": [
                {
                    "config_height": 150,
                    "config_width": 150,
                    "src": "https://instagram.fabe1-1.fna.fbcdn.net/v/t51.2885-15/e35/s150x150/121695106_106650211224625_8785093753650973344_n.jpg?_nc_ht=instagram.fabe1-1.fna.fbcdn.net&_nc_cat=101&_nc_ohc=m1mvkH2giO8AX-6rmwg&_nc_tp=15&oh=0ad57f37da14b3957856da475c63758b&oe=5FB20318"
                },
                {
                    "config_height": 240,
                    "config_width": 240,
                    "src": "https://instagram.fabe1-1.fna.fbcdn.net/v/t51.2885-15/e35/s240x240/121695106_106650211224625_8785093753650973344_n.jpg?_nc_ht=instagram.fabe1-1.fna.fbcdn.net&_nc_cat=101&_nc_ohc=m1mvkH2giO8AX-6rmwg&_nc_tp=15&oh=8df33648c6618c3d7e9d104073aecc1f&oe=5FB4AA92"
                },
                {
                    "config_height": 320,
                    "config_width": 320,
                    "src": "https://instagram.fabe1-1.fna.fbcdn.net/v/t51.2885-15/e35/s320x320/121695106_106650211224625_8785093753650973344_n.jpg?_nc_ht=instagram.fabe1-1.fna.fbcdn.net&_nc_cat=101&_nc_ohc=m1mvkH2giO8AX-6rmwg&_nc_tp=15&oh=933b3d3d02af050dd9aecd2f8a5679d0&oe=5FB255F0"
                },
                {
                    "config_height": 480,
                    "config_width": 480,
                    "src": "https://instagram.fabe1-1.fna.fbcdn.net/v/t51.2885-15/e35/s480x480/121695106_106650211224625_8785093753650973344_n.jpg?_nc_ht=instagram.fabe1-1.fna.fbcdn.net&_nc_cat=101&_nc_ohc=m1mvkH2giO8AX-6rmwg&_nc_tp=15&oh=fac22bb1f077ee984f5a4ebc297920d0&oe=5FB3D129"
                },
                {
                    "config_height": 640,
                    "config_width": 640,
                    "src": "https://instagram.fabe1-1.fna.fbcdn.net/v/t51.2885-15/sh0.08/e35/s640x640/121695106_106650211224625_8785093753650973344_n.jpg?_nc_ht=instagram.fabe1-1.fna.fbcdn.net&_nc_cat=101&_nc_ohc=m1mvkH2giO8AX-6rmwg&_nc_tp=24&oh=b67a23d31492acd82a4091ebf2f9702b&oe=5FB3E293"
                }
            ],
            "thumbnail_src": "https://instagram.fabe1-1.fna.fbcdn.net/v/t51.2885-15/sh0.08/e35/s640x640/121695106_106650211224625_8785093753650973344_n.jpg?_nc_ht=instagram.fabe1-1.fna.fbcdn.net&_nc_cat=101&_nc_ohc=m1mvkH2giO8AX-6rmwg&_nc_tp=24&oh=b67a23d31492acd82a4091ebf2f9702b&oe=5FB3E293",
            "urls": [
                "https://instagram.fabe1-1.fna.fbcdn.net/v/t51.2885-15/e35/121695106_106650211224625_8785093753650973344_n.jpg?_nc_ht=instagram.fabe1-1.fna.fbcdn.net&_nc_cat=101&_nc_ohc=m1mvkH2giO8AX-6rmwg&_nc_tp=18&oh=57ecc1e88a263eebc0b693e8a9b8b002&oe=5FB1C629"
            ]
        },
        {
            "comments_disabled": false,
            "dimensions": {
                "height": 890,
                "width": 750
            },
            "display_url": "https://instagram.fabe1-1.fna.fbcdn.net/v/t51.2885-15/e35/121610344_346843593071468_5576006353266562348_n.jpg?_nc_ht=instagram.fabe1-1.fna.fbcdn.net&_nc_cat=108&_nc_ohc=Bjbih58tL-sAX_A6vR3&_nc_tp=18&oh=46bf7ae9a677992d38ffd9ef2b0df1c0&oe=5FB2E1CC",
            "edge_liked_by": {
                "count": 0
            },
            "edge_media_preview_like": {
                "count": 0
            },
            "edge_media_to_caption": {
                "edges": [
                    {
                        "node": {
                            "text": "Llegando a todas partes del mundo 🌍 \npara cubrir sus necesidades 💪🎉 \nBLUE💙 el preferido por todos.."
                        }
                    }
                ]
            },
            "edge_media_to_comment": {
                "count": 0
            },
            "id": "2421473354533730507",
            "is_video": false,
            "owner": {
                "id": "30548943342"
            },
            "shortcode": "CGazS-6DnjL",
            "tags": [],
            "taken_at_timestamp": 1602882139,
            "thumbnail_resources": [
                {
                    "config_height": 150,
                    "config_width": 150,
                    "src": "https://instagram.fabe1-1.fna.fbcdn.net/v/t51.2885-15/e35/c0.67.720.720a/s150x150/121610344_346843593071468_5576006353266562348_n.jpg?_nc_ht=instagram.fabe1-1.fna.fbcdn.net&_nc_cat=108&_nc_ohc=Bjbih58tL-sAX_A6vR3&tp=16&oh=82f70bb959a248d2cfe3362c3a81c144&oe=5FB33841"
                },
                {
                    "config_height": 240,
                    "config_width": 240,
                    "src": "https://instagram.fabe1-1.fna.fbcdn.net/v/t51.2885-15/e35/c0.67.720.720a/s240x240/121610344_346843593071468_5576006353266562348_n.jpg?_nc_ht=instagram.fabe1-1.fna.fbcdn.net&_nc_cat=108&_nc_ohc=Bjbih58tL-sAX_A6vR3&tp=16&oh=b1891474c524a5330c633d933bb06289&oe=5FB297C7"
                },
                {
                    "config_height": 320,
                    "config_width": 320,
                    "src": "https://instagram.fabe1-1.fna.fbcdn.net/v/t51.2885-15/e35/c0.67.720.720a/s320x320/121610344_346843593071468_5576006353266562348_n.jpg?_nc_ht=instagram.fabe1-1.fna.fbcdn.net&_nc_cat=108&_nc_ohc=Bjbih58tL-sAX_A6vR3&tp=16&oh=637e7312060ddf0cf59a52d0d73e8db1&oe=5FB3FA39"
                },
                {
                    "config_height": 480,
                    "config_width": 480,
                    "src": "https://instagram.fabe1-1.fna.fbcdn.net/v/t51.2885-15/e35/c0.67.720.720a/s480x480/121610344_346843593071468_5576006353266562348_n.jpg?_nc_ht=instagram.fabe1-1.fna.fbcdn.net&_nc_cat=108&_nc_ohc=Bjbih58tL-sAX_A6vR3&tp=16&oh=53c0dc20f116aef662f6212d10c4daa6&oe=5FB53500"
                },
                {
                    "config_height": 640,
                    "config_width": 640,
                    "src": "https://instagram.fabe1-1.fna.fbcdn.net/v/t51.2885-15/sh0.08/e35/c0.67.720.720a/s640x640/121610344_346843593071468_5576006353266562348_n.jpg?_nc_ht=instagram.fabe1-1.fna.fbcdn.net&_nc_cat=108&_nc_ohc=Bjbih58tL-sAX_A6vR3&oh=b0650bc629449022f9c907a8477168af&oe=5FB19B75"
                }
            ],
            "thumbnail_src": "https://instagram.fabe1-1.fna.fbcdn.net/v/t51.2885-15/sh0.08/e35/c0.67.720.720a/s640x640/121610344_346843593071468_5576006353266562348_n.jpg?_nc_ht=instagram.fabe1-1.fna.fbcdn.net&_nc_cat=108&_nc_ohc=Bjbih58tL-sAX_A6vR3&oh=b0650bc629449022f9c907a8477168af&oe=5FB19B75",
            "urls": [
                "https://instagram.fabe1-1.fna.fbcdn.net/v/t51.2885-15/e35/121610344_346843593071468_5576006353266562348_n.jpg?_nc_ht=instagram.fabe1-1.fna.fbcdn.net&_nc_cat=108&_nc_ohc=Bjbih58tL-sAX_A6vR3&_nc_tp=18&oh=46bf7ae9a677992d38ffd9ef2b0df1c0&oe=5FB2E1CC"
            ]
        },
        {
            "comments_disabled": false,
            "dimensions": {
                "height": 720,
                "width": 1080
            },
            "display_url": "https://instagram.fabe1-1.fna.fbcdn.net/v/t51.2885-15/e35/s1080x1080/121611794_3578140295569705_1767513638262116079_n.jpg?_nc_ht=instagram.fabe1-1.fna.fbcdn.net&_nc_cat=101&_nc_ohc=3K9Cs4EUxnoAX-5mGu5&_nc_tp=15&oh=bed0e31446641b52a9aa08e0ddd061a8&oe=5FB3CC5C",
            "edge_liked_by": {
                "count": 1
            },
            "edge_media_preview_like": {
                "count": 1
            },
            "edge_media_to_caption": {
                "edges": [
                    {
                        "node": {
                            "text": "@valdesarthouse #miamiphotographers #swimwear #miamilifestyle #lookbook #hotstyle #marketing #onepiece #mesh #valdesarthouse"
                        }
                    }
                ]
            },
            "edge_media_to_comment": {
                "count": 0
            },
            "id": "2421473347579673515",
            "is_video": false,
            "owner": {
                "id": "186217033"
            },
            "shortcode": "CGazS4bj_ur",
            "tags": [
                "mesh",
                "onepiece",
                "miamilifestyle",
                "swimwear",
                "lookbook",
                "hotstyle",
                "valdesarthouse",
                "miamiphotographers",
                "marketing"
            ],
            "taken_at_timestamp": 1602882139,
            "thumbnail_resources": [
                {
                    "config_height": 150,
                    "config_width": 150,
                    "src": "https://instagram.fabe1-1.fna.fbcdn.net/v/t51.2885-15/e35/c240.0.960.960a/s150x150/121611794_3578140295569705_1767513638262116079_n.jpg?_nc_ht=instagram.fabe1-1.fna.fbcdn.net&_nc_cat=101&_nc_ohc=3K9Cs4EUxnoAX-5mGu5&tp=16&oh=ff1396cc81dc35361b299704776aac4c&oe=5FB494E6"
                },
                {
                    "config_height": 240,
                    "config_width": 240,
                    "src": "https://instagram.fabe1-1.fna.fbcdn.net/v/t51.2885-15/e35/c240.0.960.960a/s240x240/121611794_3578140295569705_1767513638262116079_n.jpg?_nc_ht=instagram.fabe1-1.fna.fbcdn.net&_nc_cat=101&_nc_ohc=3K9Cs4EUxnoAX-5mGu5&tp=16&oh=fedbe125704c3d1eb13dc5850422028b&oe=5FB53EAE"
                },
                {
                    "config_height": 320,
                    "config_width": 320,
                    "src": "https://instagram.fabe1-1.fna.fbcdn.net/v/t51.2885-15/e35/c240.0.960.960a/s320x320/121611794_3578140295569705_1767513638262116079_n.jpg?_nc_ht=instagram.fabe1-1.fna.fbcdn.net&_nc_cat=101&_nc_ohc=3K9Cs4EUxnoAX-5mGu5&tp=16&oh=013d73ff94cbd1c6be58da4d5b144151&oe=5FB54FF3"
                },
                {
                    "config_height": 480,
                    "config_width": 480,
                    "src": "https://instagram.fabe1-1.fna.fbcdn.net/v/t51.2885-15/e35/c240.0.960.960a/s480x480/121611794_3578140295569705_1767513638262116079_n.jpg?_nc_ht=instagram.fabe1-1.fna.fbcdn.net&_nc_cat=101&_nc_ohc=3K9Cs4EUxnoAX-5mGu5&tp=16&oh=15ed5df78af586e60448003e69b052db&oe=5FB1DC31"
                },
                {
                    "config_height": 640,
                    "config_width": 640,
                    "src": "https://instagram.fabe1-1.fna.fbcdn.net/v/t51.2885-15/sh0.08/e35/c240.0.960.960a/s640x640/121611794_3578140295569705_1767513638262116079_n.jpg?_nc_ht=instagram.fabe1-1.fna.fbcdn.net&_nc_cat=101&_nc_ohc=3K9Cs4EUxnoAX-5mGu5&oh=4506725113214003c3557b4973285d4b&oe=5FB4E89C"
                }
            ],
            "thumbnail_src": "https://instagram.fabe1-1.fna.fbcdn.net/v/t51.2885-15/sh0.08/e35/c240.0.960.960a/s640x640/121611794_3578140295569705_1767513638262116079_n.jpg?_nc_ht=instagram.fabe1-1.fna.fbcdn.net&_nc_cat=101&_nc_ohc=3K9Cs4EUxnoAX-5mGu5&oh=4506725113214003c3557b4973285d4b&oe=5FB4E89C",
            "urls": [
                "https://instagram.fabe1-1.fna.fbcdn.net/v/t51.2885-15/e35/s1080x1080/121611794_3578140295569705_1767513638262116079_n.jpg?_nc_ht=instagram.fabe1-1.fna.fbcdn.net&_nc_cat=101&_nc_ohc=3K9Cs4EUxnoAX-5mGu5&_nc_tp=15&oh=bed0e31446641b52a9aa08e0ddd061a8&oe=5FB3CC5C"
            ]
        },
        {
            "comments_disabled": false,
            "dimensions": {
                "height": 900,
                "width": 750
            },
            "display_url": "https://instagram.fabe1-1.fna.fbcdn.net/v/t51.2885-15/e35/121598320_336437334327633_5648778147186699238_n.jpg?_nc_ht=instagram.fabe1-1.fna.fbcdn.net&_nc_cat=109&_nc_ohc=G7laMjzYnX0AX-X2pxR&_nc_tp=18&oh=915cfa923c2507c9943a294888b58d47&oe=5F8C2955",
            "edge_liked_by": {
                "count": 0
            },
            "edge_media_preview_like": {
                "count": 0
            },
            "edge_media_to_caption": {
                "edges": [
                    {
                        "node": {
                            "text": "Come hang out with me as I celebrate Hip Hop Culture, LIVE!\n\n@mitdrinks presents;\n\n\"I ❤ HIP HOP\" \n\nDJ Willie Dynamite \n\nStarting October 17th, Every Saturday at 6pm on INSTAGRAM @ILOVEHIPHOPSATURDAYS Click the link in my bio!\n\nSponsored by @mitdrinks"
                        }
                    }
                ]
            },
            "edge_media_to_comment": {
                "count": 0
            },
            "id": "2421472924239648702",
            "is_video": true,
            "owner": {
                "id": "41244153092"
            },
            "shortcode": "CGazMuKh9e-",
            "tags": [],
            "taken_at_timestamp": 1602882107,
            "thumbnail_resources": [
                {
                    "config_height": 150,
                    "config_width": 150,
                    "src": "https://instagram.fabe1-1.fna.fbcdn.net/v/t51.2885-15/e35/c0.72.720.720a/s150x150/121598320_336437334327633_5648778147186699238_n.jpg?_nc_ht=instagram.fabe1-1.fna.fbcdn.net&_nc_cat=109&_nc_ohc=G7laMjzYnX0AX-X2pxR&tp=16&oh=e1a8f9bf67fea337f54e986a7cd8e891&oe=5F8C7142"
                },
                {
                    "config_height": 240,
                    "config_width": 240,
                    "src": "https://instagram.fabe1-1.fna.fbcdn.net/v/t51.2885-15/e35/c0.72.720.720a/s240x240/121598320_336437334327633_5648778147186699238_n.jpg?_nc_ht=instagram.fabe1-1.fna.fbcdn.net&_nc_cat=109&_nc_ohc=G7laMjzYnX0AX-X2pxR&tp=16&oh=e112156577301216955e981eaa73e9ca&oe=5F8C5048"
                },
                {
                    "config_height": 320,
                    "config_width": 320,
                    "src": "https://instagram.fabe1-1.fna.fbcdn.net/v/t51.2885-15/e35/c0.72.720.720a/s320x320/121598320_336437334327633_5648778147186699238_n.jpg?_nc_ht=instagram.fabe1-1.fna.fbcdn.net&_nc_cat=109&_nc_ohc=G7laMjzYnX0AX-X2pxR&tp=16&oh=06bb22dc9b1cf795a628ebcdfd340c12&oe=5F8C42BA"
                },
                {
                    "config_height": 480,
                    "config_width": 480,
                    "src": "https://instagram.fabe1-1.fna.fbcdn.net/v/t51.2885-15/e35/c0.72.720.720a/s480x480/121598320_336437334327633_5648778147186699238_n.jpg?_nc_ht=instagram.fabe1-1.fna.fbcdn.net&_nc_cat=109&_nc_ohc=G7laMjzYnX0AX-X2pxR&tp=16&oh=622306936af644f5c8344fde3c7c0985&oe=5F8C69BF"
                },
                {
                    "config_height": 640,
                    "config_width": 640,
                    "src": "https://instagram.fabe1-1.fna.fbcdn.net/v/t51.2885-15/sh0.08/e35/c0.72.720.720a/s640x640/121598320_336437334327633_5648778147186699238_n.jpg?_nc_ht=instagram.fabe1-1.fna.fbcdn.net&_nc_cat=109&_nc_ohc=G7laMjzYnX0AX-X2pxR&oh=923c0f740a4893b179721b03890e7db6&oe=5F8C13F6"
                }
            ],
            "thumbnail_src": "https://instagram.fabe1-1.fna.fbcdn.net/v/t51.2885-15/sh0.08/e35/c0.72.720.720a/s640x640/121598320_336437334327633_5648778147186699238_n.jpg?_nc_ht=instagram.fabe1-1.fna.fbcdn.net&_nc_cat=109&_nc_ohc=G7laMjzYnX0AX-X2pxR&oh=923c0f740a4893b179721b03890e7db6&oe=5F8C13F6",
            "urls": [
                "https://instagram.fabe1-1.fna.fbcdn.net/v/t50.2886-16/121814132_638555333477108_6647759553343967388_n.mp4?_nc_ht=instagram.fabe1-1.fna.fbcdn.net&_nc_cat=108&_nc_ohc=0k9fBlvkYEQAX-gG1V8&oe=5F8C8A78&oh=aef7699714b820069e9048e116e21dc1"
            ],
            "video_view_count": 0
        }
    ]
}