{
    "GraphImages": [
        {
            "comments_disabled": false,
            "dimensions": {
                "height": 607,
                "width": 1080
            },
            "display_url": "https://instagram.fabe1-1.fna.fbcdn.net/v/t51.2885-15/fr/e15/s1080x1080/122045212_139007141273854_2582655347038716367_n.jpg?_nc_ht=instagram.fabe1-1.fna.fbcdn.net&_nc_cat=110&_nc_ohc=nFVEG6nKdLgAX89rAth&oh=9ef6ef38645c76b85beee9ba63f8f887&oe=5F8C9AC8",
            "edge_liked_by": {
                "count": 0
            },
            "edge_media_preview_like": {
                "count": 0
            },
            "edge_media_to_caption": {
                "edges": [
                    {
                        "node": {
                            "text": "when you miss the high note at the end of a solo"
                        }
                    }
                ]
            },
            "edge_media_to_comment": {
                "count": 0
            },
            "id": "2421573973689388636",
            "is_video": true,
            "owner": {
                "id": "10082856656"
            },
            "shortcode": "CGbKLLzFk5c",
            "tags": [],
            "taken_at_timestamp": 1602894147,
            "thumbnail_resources": [
                {
                    "config_height": 150,
                    "config_width": 150,
                    "src": "https://instagram.fabe1-1.fna.fbcdn.net/v/t51.2885-15/e15/c236.0.607.607a/s150x150/122045212_139007141273854_2582655347038716367_n.jpg?_nc_ht=instagram.fabe1-1.fna.fbcdn.net&_nc_cat=110&_nc_ohc=nFVEG6nKdLgAX89rAth&tp=16&oh=68f848b511c0f099355cffbffdb04e3e&oe=5F8CA2D1"
                },
                {
                    "config_height": 240,
                    "config_width": 240,
                    "src": "https://instagram.fabe1-1.fna.fbcdn.net/v/t51.2885-15/e15/c236.0.607.607a/s240x240/122045212_139007141273854_2582655347038716367_n.jpg?_nc_ht=instagram.fabe1-1.fna.fbcdn.net&_nc_cat=110&_nc_ohc=nFVEG6nKdLgAX89rAth&tp=16&oh=4869b839fa9f1c3b80098aa14036fe80&oe=5F8C46D7"
                },
                {
                    "config_height": 320,
                    "config_width": 320,
                    "src": "https://instagram.fabe1-1.fna.fbcdn.net/v/t51.2885-15/e15/c236.0.607.607a/s320x320/122045212_139007141273854_2582655347038716367_n.jpg?_nc_ht=instagram.fabe1-1.fna.fbcdn.net&_nc_cat=110&_nc_ohc=nFVEG6nKdLgAX89rAth&tp=16&oh=29e6645a596ba54e637ce64d3281718e&oe=5F8C51E9"
                },
                {
                    "config_height": 480,
                    "config_width": 480,
                    "src": "https://instagram.fabe1-1.fna.fbcdn.net/v/t51.2885-15/e15/c236.0.607.607a/s480x480/122045212_139007141273854_2582655347038716367_n.jpg?_nc_ht=instagram.fabe1-1.fna.fbcdn.net&_nc_cat=110&_nc_ohc=nFVEG6nKdLgAX89rAth&tp=16&oh=a0aa7741c097916f3ab91496dbd3ab8b&oe=5F8CA2B0"
                },
                {
                    "config_height": 640,
                    "config_width": 640,
                    "src": "https://instagram.fabe1-1.fna.fbcdn.net/v/t51.2885-15/e15/c236.0.607.607a/122045212_139007141273854_2582655347038716367_n.jpg?_nc_ht=instagram.fabe1-1.fna.fbcdn.net&_nc_cat=110&_nc_ohc=nFVEG6nKdLgAX89rAth&oh=9b4feb6cf16a68c45badd62cc4c4dcc2&oe=5F8CD441"
                }
            ],
            "thumbnail_src": "https://instagram.fabe1-1.fna.fbcdn.net/v/t51.2885-15/e15/c236.0.607.607a/122045212_139007141273854_2582655347038716367_n.jpg?_nc_ht=instagram.fabe1-1.fna.fbcdn.net&_nc_cat=110&_nc_ohc=nFVEG6nKdLgAX89rAth&oh=9b4feb6cf16a68c45badd62cc4c4dcc2&oe=5F8CD441",
            "urls": [
                "https://instagram.fabe1-1.fna.fbcdn.net/v/t50.2886-16/121994330_622892285071489_9080521988250313232_n.mp4?_nc_ht=instagram.fabe1-1.fna.fbcdn.net&_nc_cat=101&_nc_ohc=V5rQVn3erDAAX86-A9-&oe=5F8CC5D0&oh=c9fcc19fe6cb64d9c28d2fc5f0643047"
            ],
            "video_view_count": 1
        }
    ]
}