{
    "GraphImages": [
        {
            "comments_disabled": false,
            "dimensions": {
                "height": 1080,
                "width": 1080
            },
            "display_url": "https://instagram.fabe1-1.fna.fbcdn.net/v/t51.2885-15/e35/s1080x1080/121618457_121707382831147_1962722041613374491_n.jpg?_nc_ht=instagram.fabe1-1.fna.fbcdn.net&_nc_cat=107&_nc_ohc=Hyfj5HsILkMAX_2K3BF&_nc_tp=15&oh=5c305e656dbca6f4b6ddf35d0ccc43df&oe=5FB41C7B",
            "edge_liked_by": {
                "count": 0
            },
            "edge_media_preview_like": {
                "count": 0
            },
            "edge_media_to_caption": {
                "edges": []
            },
            "edge_media_to_comment": {
                "count": 0
            },
            "id": "2421496249795888945",
            "is_video": false,
            "owner": {
                "id": "13056551213"
            },
            "shortcode": "CGa4gJyBkcx",
            "taken_at_timestamp": 1602884869,
            "thumbnail_resources": [
                {
                    "config_height": 150,
                    "config_width": 150,
                    "src": "https://instagram.fabe1-1.fna.fbcdn.net/v/t51.2885-15/e35/s150x150/121618457_121707382831147_1962722041613374491_n.jpg?_nc_ht=instagram.fabe1-1.fna.fbcdn.net&_nc_cat=107&_nc_ohc=Hyfj5HsILkMAX_2K3BF&_nc_tp=15&oh=1d69acd928468eface97a137fc3bd158&oe=5FB1C23C"
                },
                {
                    "config_height": 240,
                    "config_width": 240,
                    "src": "https://instagram.fabe1-1.fna.fbcdn.net/v/t51.2885-15/e35/s240x240/121618457_121707382831147_1962722041613374491_n.jpg?_nc_ht=instagram.fabe1-1.fna.fbcdn.net&_nc_cat=107&_nc_ohc=Hyfj5HsILkMAX_2K3BF&_nc_tp=15&oh=49a91e8b79b03a9f6780b2b2a02e839a&oe=5FB1F3BE"
                },
                {
                    "config_height": 320,
                    "config_width": 320,
                    "src": "https://instagram.fabe1-1.fna.fbcdn.net/v/t51.2885-15/e35/s320x320/121618457_121707382831147_1962722041613374491_n.jpg?_nc_ht=instagram.fabe1-1.fna.fbcdn.net&_nc_cat=107&_nc_ohc=Hyfj5HsILkMAX_2K3BF&_nc_tp=15&oh=46c8be4bc22ad37323459ce30a5b53c0&oe=5FB4A044"
                },
                {
                    "config_height": 480,
                    "config_width": 480,
                    "src": "https://instagram.fabe1-1.fna.fbcdn.net/v/t51.2885-15/e35/s480x480/121618457_121707382831147_1962722041613374491_n.jpg?_nc_ht=instagram.fabe1-1.fna.fbcdn.net&_nc_cat=107&_nc_ohc=Hyfj5HsILkMAX_2K3BF&_nc_tp=15&oh=59150c912b60642ae26ce9f487e9e08c&oe=5FB39105"
                },
                {
                    "config_height": 640,
                    "config_width": 640,
                    "src": "https://instagram.fabe1-1.fna.fbcdn.net/v/t51.2885-15/sh0.08/e35/s640x640/121618457_121707382831147_1962722041613374491_n.jpg?_nc_ht=instagram.fabe1-1.fna.fbcdn.net&_nc_cat=107&_nc_ohc=Hyfj5HsILkMAX_2K3BF&_nc_tp=24&oh=1d08180a56f6a61ecb83d4b5a30f404f&oe=5FB50EBF"
                }
            ],
            "thumbnail_src": "https://instagram.fabe1-1.fna.fbcdn.net/v/t51.2885-15/sh0.08/e35/s640x640/121618457_121707382831147_1962722041613374491_n.jpg?_nc_ht=instagram.fabe1-1.fna.fbcdn.net&_nc_cat=107&_nc_ohc=Hyfj5HsILkMAX_2K3BF&_nc_tp=24&oh=1d08180a56f6a61ecb83d4b5a30f404f&oe=5FB50EBF",
            "urls": [
                "https://instagram.fabe1-1.fna.fbcdn.net/v/t51.2885-15/e35/s1080x1080/121618457_121707382831147_1962722041613374491_n.jpg?_nc_ht=instagram.fabe1-1.fna.fbcdn.net&_nc_cat=107&_nc_ohc=Hyfj5HsILkMAX_2K3BF&_nc_tp=15&oh=5c305e656dbca6f4b6ddf35d0ccc43df&oe=5FB41C7B",
                "https://instagram.fabe1-1.fna.fbcdn.net/v/t51.2885-15/e35/s1080x1080/121682408_125475752660230_4359178120887893301_n.jpg?_nc_ht=instagram.fabe1-1.fna.fbcdn.net&_nc_cat=110&_nc_ohc=iZ8iwlnFZ0MAX9uks04&_nc_tp=15&oh=d91903dc63761c29df7cb0213448bb65&oe=5FB3A741",
                "https://instagram.fabe1-1.fna.fbcdn.net/v/t51.2885-15/e35/s1080x1080/121558559_826479108160486_5544589626604395164_n.jpg?_nc_ht=instagram.fabe1-1.fna.fbcdn.net&_nc_cat=110&_nc_ohc=LFHwCd-ktNIAX-iP0fo&_nc_tp=15&oh=89c2fee1a4eada2c2b4e0e7f1610cb2b&oe=5FB1ADFD",
                "https://instagram.fabe1-1.fna.fbcdn.net/v/t51.2885-15/e35/s1080x1080/121586066_334255910973818_5139841166013930628_n.jpg?_nc_ht=instagram.fabe1-1.fna.fbcdn.net&_nc_cat=102&_nc_ohc=sHvBm9GbOdcAX8bS2Ht&_nc_tp=15&oh=5cdafc8b17abac75d56083396034f80b&oe=5FB41468",
                "https://instagram.fabe1-1.fna.fbcdn.net/v/t51.2885-15/e35/s1080x1080/121739377_716351409227298_978462364523209110_n.jpg?_nc_ht=instagram.fabe1-1.fna.fbcdn.net&_nc_cat=106&_nc_ohc=Hdc2HkxPRYEAX_cVOaY&_nc_tp=15&oh=3b45244a20537cde8309e3fdadce278a&oe=5FB47168",
                "https://instagram.fabe1-1.fna.fbcdn.net/v/t51.2885-15/e35/121505384_206123460945269_4561085541408158207_n.jpg?_nc_ht=instagram.fabe1-1.fna.fbcdn.net&_nc_cat=105&_nc_ohc=UsN6PjZm8RIAX_RAsUH&_nc_tp=18&oh=8e42ef4b9c7de494186839817b1bcc77&oe=5FB1E82C",
                "https://instagram.fabe1-1.fna.fbcdn.net/v/t51.2885-15/e35/s1080x1080/121634959_785776728876803_5287311565988611538_n.jpg?_nc_ht=instagram.fabe1-1.fna.fbcdn.net&_nc_cat=111&_nc_ohc=5OcbDDcieAQAX8BM9QK&_nc_tp=15&oh=2199e919be8b3656424f3336e76d52a9&oe=5FB32812",
                "https://instagram.fabe1-1.fna.fbcdn.net/v/t51.2885-15/e35/122013843_150268076775145_8893237634013968116_n.jpg?_nc_ht=instagram.fabe1-1.fna.fbcdn.net&_nc_cat=101&_nc_ohc=58Gj_gWvSEUAX-HDwq9&_nc_tp=18&oh=45dae33267f902ea372021c85a14eb5c&oe=5FB4A6A4"
            ]
        },
        {
            "comments_disabled": false,
            "dimensions": {
                "height": 1080,
                "width": 1080
            },
            "display_url": "https://instagram.fabe1-1.fna.fbcdn.net/v/t51.2885-15/e35/s1080x1080/121324251_176492490747785_7823461754366813515_n.jpg?_nc_ht=instagram.fabe1-1.fna.fbcdn.net&_nc_cat=105&_nc_ohc=iGYQz4Xttz0AX8yaJTf&_nc_tp=15&oh=427ca303983a523a7dc94b00f9d004ae&oe=5FB3DFCF",
            "edge_liked_by": {
                "count": 2
            },
            "edge_media_preview_like": {
                "count": 2
            },
            "edge_media_to_caption": {
                "edges": [
                    {
                        "node": {
                            "text": "Barely flex, but don’t play with me!!"
                        }
                    }
                ]
            },
            "edge_media_to_comment": {
                "count": 2
            },
            "id": "2421496007599889976",
            "is_video": false,
            "owner": {
                "id": "25735011"
            },
            "shortcode": "CGa4coOBJ44",
            "tags": [],
            "taken_at_timestamp": 1602884840,
            "thumbnail_resources": [
                {
                    "config_height": 150,
                    "config_width": 150,
                    "src": "https://instagram.fabe1-1.fna.fbcdn.net/v/t51.2885-15/e35/s150x150/121324251_176492490747785_7823461754366813515_n.jpg?_nc_ht=instagram.fabe1-1.fna.fbcdn.net&_nc_cat=105&_nc_ohc=iGYQz4Xttz0AX8yaJTf&_nc_tp=15&oh=710fc6a8790517b2a1c0299029fde1f0&oe=5FB2E490"
                },
                {
                    "config_height": 240,
                    "config_width": 240,
                    "src": "https://instagram.fabe1-1.fna.fbcdn.net/v/t51.2885-15/e35/s240x240/121324251_176492490747785_7823461754366813515_n.jpg?_nc_ht=instagram.fabe1-1.fna.fbcdn.net&_nc_cat=105&_nc_ohc=iGYQz4Xttz0AX8yaJTf&_nc_tp=15&oh=fa372417e606c3b08f42c07b03d3bcda&oe=5FB2E68A"
                },
                {
                    "config_height": 320,
                    "config_width": 320,
                    "src": "https://instagram.fabe1-1.fna.fbcdn.net/v/t51.2885-15/e35/s320x320/121324251_176492490747785_7823461754366813515_n.jpg?_nc_ht=instagram.fabe1-1.fna.fbcdn.net&_nc_cat=105&_nc_ohc=iGYQz4Xttz0AX8yaJTf&_nc_tp=15&oh=f3329f217999f86e7b0398c5e7400b19&oe=5FB3A5F8"
                },
                {
                    "config_height": 480,
                    "config_width": 480,
                    "src": "https://instagram.fabe1-1.fna.fbcdn.net/v/t51.2885-15/e35/s480x480/121324251_176492490747785_7823461754366813515_n.jpg?_nc_ht=instagram.fabe1-1.fna.fbcdn.net&_nc_cat=105&_nc_ohc=iGYQz4Xttz0AX8yaJTf&_nc_tp=15&oh=ceb951a4d6b6151abd3f2bd08053dd1a&oe=5FB4ABB1"
                },
                {
                    "config_height": 640,
                    "config_width": 640,
                    "src": "https://instagram.fabe1-1.fna.fbcdn.net/v/t51.2885-15/sh0.08/e35/s640x640/121324251_176492490747785_7823461754366813515_n.jpg?_nc_ht=instagram.fabe1-1.fna.fbcdn.net&_nc_cat=105&_nc_ohc=iGYQz4Xttz0AX8yaJTf&_nc_tp=24&oh=ee1b3d615888659e1c1d887e018cf40d&oe=5FB3280B"
                }
            ],
            "thumbnail_src": "https://instagram.fabe1-1.fna.fbcdn.net/v/t51.2885-15/sh0.08/e35/s640x640/121324251_176492490747785_7823461754366813515_n.jpg?_nc_ht=instagram.fabe1-1.fna.fbcdn.net&_nc_cat=105&_nc_ohc=iGYQz4Xttz0AX8yaJTf&_nc_tp=24&oh=ee1b3d615888659e1c1d887e018cf40d&oe=5FB3280B",
            "urls": [
                "https://instagram.fabe1-1.fna.fbcdn.net/v/t51.2885-15/e35/s1080x1080/121324251_176492490747785_7823461754366813515_n.jpg?_nc_ht=instagram.fabe1-1.fna.fbcdn.net&_nc_cat=105&_nc_ohc=iGYQz4Xttz0AX8yaJTf&_nc_tp=15&oh=427ca303983a523a7dc94b00f9d004ae&oe=5FB3DFCF",
                "https://instagram.fabe1-1.fna.fbcdn.net/v/t51.2885-15/e35/s1080x1080/121596064_3634568239936394_2637095573915852926_n.jpg?_nc_ht=instagram.fabe1-1.fna.fbcdn.net&_nc_cat=102&_nc_ohc=-c9TnHpB1BoAX-5SUlP&_nc_tp=15&oh=04303e2e44493c5d486e824ec3b1435c&oe=5FB1B946"
            ]
        },
        {
            "comments_disabled": false,
            "dimensions": {
                "height": 937,
                "width": 750
            },
            "display_url": "https://instagram.fabe1-1.fna.fbcdn.net/v/t51.2885-15/e35/121714644_683690992560705_8526620403629830813_n.jpg?_nc_ht=instagram.fabe1-1.fna.fbcdn.net&_nc_cat=109&_nc_ohc=bYcuqWwws1AAX-DUwlC&_nc_tp=18&oh=661a55360ad5ab21c887fa43fcec370e&oe=5FB2371D",
            "edge_liked_by": {
                "count": 0
            },
            "edge_media_preview_like": {
                "count": 0
            },
            "edge_media_to_caption": {
                "edges": [
                    {
                        "node": {
                            "text": "Happy New Moon in Libra, moon rose at 6:59 am. Today is a good day to let go of what doesn't benefit you and balance it out in that Libra energy. Give a shout out to our beautiful balance goddess Ma'at! \n#emrysmagickandcraft #gardnerianthelemite #thelema #OTO #ordotempliorientis #witchcraft #witchforlife #miamiwitch #wicca #gardnerianwicca #miamibeachwitch #witchesofinstagram #witchmom #magickalparenting #sacredpathofnuit #floridagardnerians #reikihealer #reikihealermiami #thelemicgardnerian #newmooninlibra"
                        }
                    }
                ]
            },
            "edge_media_to_comment": {
                "count": 0
            },
            "id": "2421495852043222477",
            "is_video": false,
            "owner": {
                "id": "39028504507"
            },
            "shortcode": "CGa4aXWHj3N",
            "tags": [
                "magickalparenting",
                "witchforlife",
                "emrysmagickandcraft",
                "thelema",
                "newmooninlibra",
                "floridagardnerians",
                "miamiwitch",
                "wicca",
                "witchesofinstagram",
                "reikihealermiami",
                "witchmom",
                "gardnerianwicca",
                "ordotempliorientis",
                "witchcraft",
                "gardnerianthelemite",
                "thelemicgardnerian",
                "sacredpathofnuit",
                "reikihealer",
                "OTO",
                "miamibeachwitch"
            ],
            "taken_at_timestamp": 1602884821,
            "thumbnail_resources": [
                {
                    "config_height": 150,
                    "config_width": 150,
                    "src": "https://instagram.fabe1-1.fna.fbcdn.net/v/t51.2885-15/e35/c0.90.720.720a/s150x150/121714644_683690992560705_8526620403629830813_n.jpg?_nc_ht=instagram.fabe1-1.fna.fbcdn.net&_nc_cat=109&_nc_ohc=bYcuqWwws1AAX-DUwlC&tp=16&oh=a6d307d1d72edf28c66f64d9c0eecc55&oe=5FB49246"
                },
                {
                    "config_height": 240,
                    "config_width": 240,
                    "src": "https://instagram.fabe1-1.fna.fbcdn.net/v/t51.2885-15/e35/c0.90.720.720a/s240x240/121714644_683690992560705_8526620403629830813_n.jpg?_nc_ht=instagram.fabe1-1.fna.fbcdn.net&_nc_cat=109&_nc_ohc=bYcuqWwws1AAX-DUwlC&tp=16&oh=2b7e0304f4a1ded83e305ea57df289df&oe=5FB460C4"
                },
                {
                    "config_height": 320,
                    "config_width": 320,
                    "src": "https://instagram.fabe1-1.fna.fbcdn.net/v/t51.2885-15/e35/c0.90.720.720a/s320x320/121714644_683690992560705_8526620403629830813_n.jpg?_nc_ht=instagram.fabe1-1.fna.fbcdn.net&_nc_cat=109&_nc_ohc=bYcuqWwws1AAX-DUwlC&tp=16&oh=31bfa1388babb6b6a00f243aa54a7bc8&oe=5FB26A3E"
                },
                {
                    "config_height": 480,
                    "config_width": 480,
                    "src": "https://instagram.fabe1-1.fna.fbcdn.net/v/t51.2885-15/e35/c0.90.720.720a/s480x480/121714644_683690992560705_8526620403629830813_n.jpg?_nc_ht=instagram.fabe1-1.fna.fbcdn.net&_nc_cat=109&_nc_ohc=bYcuqWwws1AAX-DUwlC&tp=16&oh=819b2ef82f88097106c249ad278b2cbe&oe=5FB29D7B"
                },
                {
                    "config_height": 640,
                    "config_width": 640,
                    "src": "https://instagram.fabe1-1.fna.fbcdn.net/v/t51.2885-15/sh0.08/e35/c0.90.720.720a/s640x640/121714644_683690992560705_8526620403629830813_n.jpg?_nc_ht=instagram.fabe1-1.fna.fbcdn.net&_nc_cat=109&_nc_ohc=bYcuqWwws1AAX-DUwlC&oh=7f18e9c654d384752835371968bde3a9&oe=5FB2BCF2"
                }
            ],
            "thumbnail_src": "https://instagram.fabe1-1.fna.fbcdn.net/v/t51.2885-15/sh0.08/e35/c0.90.720.720a/s640x640/121714644_683690992560705_8526620403629830813_n.jpg?_nc_ht=instagram.fabe1-1.fna.fbcdn.net&_nc_cat=109&_nc_ohc=bYcuqWwws1AAX-DUwlC&oh=7f18e9c654d384752835371968bde3a9&oe=5FB2BCF2",
            "urls": [
                "https://instagram.fabe1-1.fna.fbcdn.net/v/t51.2885-15/e35/121714644_683690992560705_8526620403629830813_n.jpg?_nc_ht=instagram.fabe1-1.fna.fbcdn.net&_nc_cat=109&_nc_ohc=bYcuqWwws1AAX-DUwlC&_nc_tp=18&oh=661a55360ad5ab21c887fa43fcec370e&oe=5FB2371D"
            ]
        }
    ]
}