{
    "GraphImages": [
        {
            "comments_disabled": false,
            "dimensions": {
                "height": 750,
                "width": 750
            },
            "display_url": "https://instagram.fabe1-1.fna.fbcdn.net/v/t51.2885-15/e35/121720899_3768718613138265_152566772174127877_n.jpg?_nc_ht=instagram.fabe1-1.fna.fbcdn.net&_nc_cat=109&_nc_ohc=_irflYI3NmAAX_janC5&_nc_tp=18&oh=17c9c55459195f6d44b18f1545eb393e&oe=5F8CAA35",
            "edge_liked_by": {
                "count": 0
            },
            "edge_media_preview_like": {
                "count": 0
            },
            "edge_media_to_caption": {
                "edges": [
                    {
                        "node": {
                            "text": "No jogo da vida poucos se diferencia.🙇🏽‍♂️🇬🇧\n.\n.\n.\n.\n.\n.\n.\n.\n.\n.\n.\n.\n.\n.\n.\n.\n.\n.\n.\n.\n.\n.\n{TAGS IGNOREM}\n#freefirebrasil #freefirekills #freefiregame #freefireclips #highlights #jogadordex1 #godwins #nativaff #nobrutv #levelup #loud #loudcoringa #aulas #gamer #loudbak #loudthurzin #loudlzinn #mobilefalido #bemlindo"
                        }
                    }
                ]
            },
            "edge_media_to_comment": {
                "count": 1
            },
            "id": "2421588315665969849",
            "is_video": true,
            "owner": {
                "id": "33668160686"
            },
            "shortcode": "CGbNb4zgbK5",
            "tags": [
                "aulas",
                "gamer",
                "highlights",
                "godwins",
                "jogadordex1",
                "levelup",
                "loud",
                "freefirekills",
                "nobrutv",
                "freefireclips",
                "loudbak",
                "loudlzinn",
                "freefiregame",
                "nativaff",
                "loudcoringa",
                "freefirebrasil",
                "mobilefalido",
                "bemlindo",
                "loudthurzin"
            ],
            "taken_at_timestamp": 1602895884,
            "thumbnail_resources": [
                {
                    "config_height": 150,
                    "config_width": 150,
                    "src": "https://instagram.fabe1-1.fna.fbcdn.net/v/t51.2885-15/e35/s150x150/121720899_3768718613138265_152566772174127877_n.jpg?_nc_ht=instagram.fabe1-1.fna.fbcdn.net&_nc_cat=109&_nc_ohc=_irflYI3NmAAX_janC5&_nc_tp=15&oh=5af75a0c054d3a3d7594bd255b3aacba&oe=5F8C9A8C"
                },
                {
                    "config_height": 240,
                    "config_width": 240,
                    "src": "https://instagram.fabe1-1.fna.fbcdn.net/v/t51.2885-15/e35/s240x240/121720899_3768718613138265_152566772174127877_n.jpg?_nc_ht=instagram.fabe1-1.fna.fbcdn.net&_nc_cat=109&_nc_ohc=_irflYI3NmAAX_janC5&_nc_tp=15&oh=215a0a55ce7d3ba28f4bd578537f688d&oe=5F8C420E"
                },
                {
                    "config_height": 320,
                    "config_width": 320,
                    "src": "https://instagram.fabe1-1.fna.fbcdn.net/v/t51.2885-15/e35/s320x320/121720899_3768718613138265_152566772174127877_n.jpg?_nc_ht=instagram.fabe1-1.fna.fbcdn.net&_nc_cat=109&_nc_ohc=_irflYI3NmAAX_janC5&_nc_tp=15&oh=a8118cfb11be3e1035302916c09cdbca&oe=5F8CB3B4"
                },
                {
                    "config_height": 480,
                    "config_width": 480,
                    "src": "https://instagram.fabe1-1.fna.fbcdn.net/v/t51.2885-15/e35/s480x480/121720899_3768718613138265_152566772174127877_n.jpg?_nc_ht=instagram.fabe1-1.fna.fbcdn.net&_nc_cat=109&_nc_ohc=_irflYI3NmAAX_janC5&_nc_tp=15&oh=af61aa21be5ce8d18839e8fd3c45eab6&oe=5F8C9F35"
                },
                {
                    "config_height": 640,
                    "config_width": 640,
                    "src": "https://instagram.fabe1-1.fna.fbcdn.net/v/t51.2885-15/sh0.08/e35/s640x640/121720899_3768718613138265_152566772174127877_n.jpg?_nc_ht=instagram.fabe1-1.fna.fbcdn.net&_nc_cat=109&_nc_ohc=_irflYI3NmAAX_janC5&_nc_tp=24&oh=3c6fb1cd4115a3155a05918ae0f41f43&oe=5F8C684F"
                }
            ],
            "thumbnail_src": "https://instagram.fabe1-1.fna.fbcdn.net/v/t51.2885-15/sh0.08/e35/s640x640/121720899_3768718613138265_152566772174127877_n.jpg?_nc_ht=instagram.fabe1-1.fna.fbcdn.net&_nc_cat=109&_nc_ohc=_irflYI3NmAAX_janC5&_nc_tp=24&oh=3c6fb1cd4115a3155a05918ae0f41f43&oe=5F8C684F",
            "urls": [
                "https://instagram.fabe1-1.fna.fbcdn.net/v/t50.2886-16/121818067_3277589752338852_2623260021382669553_n.mp4?_nc_ht=instagram.fabe1-1.fna.fbcdn.net&_nc_cat=100&_nc_ohc=JQo-SbA0TKgAX-iSXnh&oe=5F8CC1E7&oh=9fe805b2d280f5cf055fb97fa6a0b3d3"
            ],
            "video_view_count": 0
        },
        {
            "comments_disabled": false,
            "dimensions": {
                "height": 1080,
                "width": 1080
            },
            "display_url": "https://instagram.fabe1-1.fna.fbcdn.net/v/t51.2885-15/e35/s1080x1080/121625132_199503028249189_6066834196694980013_n.jpg?_nc_ht=instagram.fabe1-1.fna.fbcdn.net&_nc_cat=101&_nc_ohc=rqK5zNROOpMAX9Nrstu&_nc_tp=15&oh=4aa15c0d87c409844e98b263ca202106&oe=5FB43A69",
            "edge_liked_by": {
                "count": 0
            },
            "edge_media_preview_like": {
                "count": 0
            },
            "edge_media_to_caption": {
                "edges": [
                    {
                        "node": {
                            "text": "My 🍑 is numb from sitting in this chair all day. \n\nWhat are you best techniques to stay balanced when you work on the computer/phone a lot?"
                        }
                    }
                ]
            },
            "edge_media_to_comment": {
                "count": 0
            },
            "id": "2421588625005706897",
            "is_video": false,
            "owner": {
                "id": "2013634483"
            },
            "shortcode": "CGbNgY5l36R",
            "tags": [],
            "taken_at_timestamp": 1602895881,
            "thumbnail_resources": [
                {
                    "config_height": 150,
                    "config_width": 150,
                    "src": "https://instagram.fabe1-1.fna.fbcdn.net/v/t51.2885-15/e35/s150x150/121625132_199503028249189_6066834196694980013_n.jpg?_nc_ht=instagram.fabe1-1.fna.fbcdn.net&_nc_cat=101&_nc_ohc=rqK5zNROOpMAX9Nrstu&_nc_tp=15&oh=3d60de7958c82b1d5843aa5f9992ab7e&oe=5FB52E2A"
                },
                {
                    "config_height": 240,
                    "config_width": 240,
                    "src": "https://instagram.fabe1-1.fna.fbcdn.net/v/t51.2885-15/e35/s240x240/121625132_199503028249189_6066834196694980013_n.jpg?_nc_ht=instagram.fabe1-1.fna.fbcdn.net&_nc_cat=101&_nc_ohc=rqK5zNROOpMAX9Nrstu&_nc_tp=15&oh=1d096ef3acbc790ca5bf2ec82c1214a1&oe=5FB1F3B0"
                },
                {
                    "config_height": 320,
                    "config_width": 320,
                    "src": "https://instagram.fabe1-1.fna.fbcdn.net/v/t51.2885-15/e35/s320x320/121625132_199503028249189_6066834196694980013_n.jpg?_nc_ht=instagram.fabe1-1.fna.fbcdn.net&_nc_cat=101&_nc_ohc=rqK5zNROOpMAX9Nrstu&_nc_tp=15&oh=92d3f312b285f17f4c927a541e48e7f8&oe=5FB5B852"
                },
                {
                    "config_height": 480,
                    "config_width": 480,
                    "src": "https://instagram.fabe1-1.fna.fbcdn.net/v/t51.2885-15/e35/s480x480/121625132_199503028249189_6066834196694980013_n.jpg?_nc_ht=instagram.fabe1-1.fna.fbcdn.net&_nc_cat=101&_nc_ohc=rqK5zNROOpMAX9Nrstu&_nc_tp=15&oh=eb548d48f642e5c1633f66d134b06309&oe=5FB25D17"
                },
                {
                    "config_height": 640,
                    "config_width": 640,
                    "src": "https://instagram.fabe1-1.fna.fbcdn.net/v/t51.2885-15/sh0.08/e35/s640x640/121625132_199503028249189_6066834196694980013_n.jpg?_nc_ht=instagram.fabe1-1.fna.fbcdn.net&_nc_cat=101&_nc_ohc=rqK5zNROOpMAX9Nrstu&_nc_tp=24&oh=f1a8656ca76d2ea6f0f5b8a34380e718&oe=5FB55EAD"
                }
            ],
            "thumbnail_src": "https://instagram.fabe1-1.fna.fbcdn.net/v/t51.2885-15/sh0.08/e35/s640x640/121625132_199503028249189_6066834196694980013_n.jpg?_nc_ht=instagram.fabe1-1.fna.fbcdn.net&_nc_cat=101&_nc_ohc=rqK5zNROOpMAX9Nrstu&_nc_tp=24&oh=f1a8656ca76d2ea6f0f5b8a34380e718&oe=5FB55EAD",
            "urls": [
                "https://instagram.fabe1-1.fna.fbcdn.net/v/t51.2885-15/e35/s1080x1080/121625132_199503028249189_6066834196694980013_n.jpg?_nc_ht=instagram.fabe1-1.fna.fbcdn.net&_nc_cat=101&_nc_ohc=rqK5zNROOpMAX9Nrstu&_nc_tp=15&oh=4aa15c0d87c409844e98b263ca202106&oe=5FB43A69"
            ]
        },
        {
            "comments_disabled": false,
            "dimensions": {
                "height": 937,
                "width": 750
            },
            "display_url": "https://instagram.fabe1-1.fna.fbcdn.net/v/t51.2885-15/e35/121603473_261543848578519_5853149834931372113_n.jpg?_nc_ht=instagram.fabe1-1.fna.fbcdn.net&_nc_cat=107&_nc_ohc=tcha79NVJ7gAX-xzr1S&_nc_tp=18&oh=48d9d963389a15f208d20bf3e5be1c54&oe=5F8C7FF2",
            "edge_liked_by": {
                "count": 0
            },
            "edge_media_preview_like": {
                "count": 0
            },
            "edge_media_to_caption": {
                "edges": [
                    {
                        "node": {
                            "text": "COMO LA VEN MIS AMIGOS,AHORA NO TRAIGO DINERO 💰 \n\nMi mama: PERO AQUÍ ESTÁ SU MAMÁ \n\nJajajaaajaaja Y SI ELLA PAGO EL VIAJECITO \n.\n.\n.\n.\n.\n.\n.\n.\n.\n.\n.\n#yatch #fun#donperignon #lakers4life #miamibeach #corridos#mexico#elbaleado# @larryhernandez \n#elcostalllenodepiedras \n#losalegresdelbarranco #"
                        }
                    }
                ]
            },
            "edge_media_to_comment": {
                "count": 0
            },
            "id": "2421588508428163954",
            "is_video": false,
            "owner": {
                "id": "614005423"
            },
            "shortcode": "CGbNesVB1ty",
            "tags": [
                "losalegresdelbarranco",
                "fun",
                "corridos",
                "yatch",
                "miamibeach",
                "elbaleado",
                "mexico",
                "lakers4life",
                "donperignon",
                "elcostalllenodepiedras"
            ],
            "taken_at_timestamp": 1602895867,
            "thumbnail_resources": [
                {
                    "config_height": 150,
                    "config_width": 150,
                    "src": "https://instagram.fabe1-1.fna.fbcdn.net/v/t51.2885-15/e35/c0.90.720.720a/s150x150/121603473_261543848578519_5853149834931372113_n.jpg?_nc_ht=instagram.fabe1-1.fna.fbcdn.net&_nc_cat=107&_nc_ohc=tcha79NVJ7gAX-xzr1S&tp=16&oh=6e6f571a1669f89ee3021c886dbfd43a&oe=5F8CBCA9"
                },
                {
                    "config_height": 240,
                    "config_width": 240,
                    "src": "https://instagram.fabe1-1.fna.fbcdn.net/v/t51.2885-15/e35/c0.90.720.720a/s240x240/121603473_261543848578519_5853149834931372113_n.jpg?_nc_ht=instagram.fabe1-1.fna.fbcdn.net&_nc_cat=107&_nc_ohc=tcha79NVJ7gAX-xzr1S&tp=16&oh=3949ec14dd5336731f2ccb63b24815a5&oe=5F8C816F"
                },
                {
                    "config_height": 320,
                    "config_width": 320,
                    "src": "https://instagram.fabe1-1.fna.fbcdn.net/v/t51.2885-15/e35/c0.90.720.720a/s320x320/121603473_261543848578519_5853149834931372113_n.jpg?_nc_ht=instagram.fabe1-1.fna.fbcdn.net&_nc_cat=107&_nc_ohc=tcha79NVJ7gAX-xzr1S&tp=16&oh=6645218cd0c9025c5fb74ac31e3f8a27&oe=5F8C8711"
                },
                {
                    "config_height": 480,
                    "config_width": 480,
                    "src": "https://instagram.fabe1-1.fna.fbcdn.net/v/t51.2885-15/e35/c0.90.720.720a/s480x480/121603473_261543848578519_5853149834931372113_n.jpg?_nc_ht=instagram.fabe1-1.fna.fbcdn.net&_nc_cat=107&_nc_ohc=tcha79NVJ7gAX-xzr1S&tp=16&oh=0c936cf076142f9b0112e5dc22d3c128&oe=5F8C8498"
                },
                {
                    "config_height": 640,
                    "config_width": 640,
                    "src": "https://instagram.fabe1-1.fna.fbcdn.net/v/t51.2885-15/sh0.08/e35/c0.90.720.720a/s640x640/121603473_261543848578519_5853149834931372113_n.jpg?_nc_ht=instagram.fabe1-1.fna.fbcdn.net&_nc_cat=107&_nc_ohc=tcha79NVJ7gAX-xzr1S&oh=aa4a416c784cde20f4c316cba623b493&oe=5F8CBDDD"
                }
            ],
            "thumbnail_src": "https://instagram.fabe1-1.fna.fbcdn.net/v/t51.2885-15/sh0.08/e35/c0.90.720.720a/s640x640/121603473_261543848578519_5853149834931372113_n.jpg?_nc_ht=instagram.fabe1-1.fna.fbcdn.net&_nc_cat=107&_nc_ohc=tcha79NVJ7gAX-xzr1S&oh=aa4a416c784cde20f4c316cba623b493&oe=5F8CBDDD",
            "urls": [
                "https://instagram.fabe1-1.fna.fbcdn.net/v/t50.2886-16/121574868_205873274256849_2473462702942979204_n.mp4?_nc_ht=instagram.fabe1-1.fna.fbcdn.net&_nc_cat=109&_nc_ohc=7CgXwZFjvZQAX_EU6hx&oe=5F8C43A4&oh=96acf9cbc066a43abc5c8c4878c22e08",
                "https://instagram.fabe1-1.fna.fbcdn.net/v/t50.2886-16/122011502_733686497186213_3983893416085939026_n.mp4?_nc_ht=instagram.fabe1-1.fna.fbcdn.net&_nc_cat=105&_nc_ohc=md2Phb0uKHQAX8ghHYI&oe=5F8C7333&oh=c441158b4bba5ca8d9cc8f35e8ba2f0b",
                "https://instagram.fabe1-1.fna.fbcdn.net/v/t50.2886-16/121844285_862762570925947_3177933621265677464_n.mp4?_nc_ht=instagram.fabe1-1.fna.fbcdn.net&_nc_cat=107&_nc_ohc=5WfgqqW0mlAAX98qom8&oe=5F8C8FB7&oh=4876174e92a87804c352e803c8bee484",
                "https://instagram.fabe1-1.fna.fbcdn.net/v/t50.2886-16/121825772_854475258692292_6313997976535956727_n.mp4?_nc_ht=instagram.fabe1-1.fna.fbcdn.net&_nc_cat=100&_nc_ohc=f5UCTIRIPHYAX9OXIVU&oe=5F8CDC66&oh=fe1ca8c32dc952898d0cf25ec21660ed",
                "https://instagram.fabe1-1.fna.fbcdn.net/v/t50.2886-16/121802160_372262240850395_8897142048853491695_n.mp4?_nc_ht=instagram.fabe1-1.fna.fbcdn.net&_nc_cat=107&_nc_ohc=P3WYAvDAPQIAX_FmDmx&oe=5F8CB5B5&oh=d1d6e93b6527382fbd1ad196c85abdc5",
                "https://instagram.fabe1-1.fna.fbcdn.net/v/t50.2886-16/121568931_2509237889367817_7619528347526845764_n.mp4?_nc_ht=instagram.fabe1-1.fna.fbcdn.net&_nc_cat=101&_nc_ohc=J3_zINxHEWQAX9vZqIy&oe=5F8CDD7E&oh=57f9377cc0243d3a494373e3ed5508ca"
            ]
        },
        {
            "comments_disabled": false,
            "dimensions": {
                "height": 1080,
                "width": 1080
            },
            "display_url": "https://instagram.fabe1-1.fna.fbcdn.net/v/t51.2885-15/e35/s1080x1080/121399932_3095950730617442_8344904651489839742_n.jpg?_nc_ht=instagram.fabe1-1.fna.fbcdn.net&_nc_cat=102&_nc_ohc=ZCWiEFIHgbcAX8HaK-5&_nc_tp=15&oh=9ea15414251992a966be1fb9ac018f0b&oe=5FB4BCA4",
            "edge_liked_by": {
                "count": 2
            },
            "edge_media_preview_like": {
                "count": 2
            },
            "edge_media_to_caption": {
                "edges": [
                    {
                        "node": {
                            "text": "Let’s see what I can get Into💨💨"
                        }
                    }
                ]
            },
            "edge_media_to_comment": {
                "count": 0
            },
            "id": "2421587877723279163",
            "is_video": false,
            "owner": {
                "id": "1518425102"
            },
            "shortcode": "CGbNVg8Fo87",
            "tags": [],
            "taken_at_timestamp": 1602895792,
            "thumbnail_resources": [
                {
                    "config_height": 150,
                    "config_width": 150,
                    "src": "https://instagram.fabe1-1.fna.fbcdn.net/v/t51.2885-15/e35/s150x150/121399932_3095950730617442_8344904651489839742_n.jpg?_nc_ht=instagram.fabe1-1.fna.fbcdn.net&_nc_cat=102&_nc_ohc=ZCWiEFIHgbcAX8HaK-5&_nc_tp=15&oh=5e6432289df35e3165e32a1cbe74bea7&oe=5FB58340"
                },
                {
                    "config_height": 240,
                    "config_width": 240,
                    "src": "https://instagram.fabe1-1.fna.fbcdn.net/v/t51.2885-15/e35/s240x240/121399932_3095950730617442_8344904651489839742_n.jpg?_nc_ht=instagram.fabe1-1.fna.fbcdn.net&_nc_cat=102&_nc_ohc=ZCWiEFIHgbcAX8HaK-5&_nc_tp=15&oh=6a0ed8e5b0038fd84b6931f43c20caf8&oe=5FB43378"
                },
                {
                    "config_height": 320,
                    "config_width": 320,
                    "src": "https://instagram.fabe1-1.fna.fbcdn.net/v/t51.2885-15/e35/s320x320/121399932_3095950730617442_8344904651489839742_n.jpg?_nc_ht=instagram.fabe1-1.fna.fbcdn.net&_nc_cat=102&_nc_ohc=ZCWiEFIHgbcAX8HaK-5&_nc_tp=15&oh=b1014639b590fe00734bf0a0a91aac94&oe=5FB4EF29"
                },
                {
                    "config_height": 480,
                    "config_width": 480,
                    "src": "https://instagram.fabe1-1.fna.fbcdn.net/v/t51.2885-15/e35/s480x480/121399932_3095950730617442_8344904651489839742_n.jpg?_nc_ht=instagram.fabe1-1.fna.fbcdn.net&_nc_cat=102&_nc_ohc=ZCWiEFIHgbcAX8HaK-5&_nc_tp=15&oh=a48f2ef5767da14fcb8295efeffe8aef&oe=5FB3D96B"
                },
                {
                    "config_height": 640,
                    "config_width": 640,
                    "src": "https://instagram.fabe1-1.fna.fbcdn.net/v/t51.2885-15/sh0.08/e35/s640x640/121399932_3095950730617442_8344904651489839742_n.jpg?_nc_ht=instagram.fabe1-1.fna.fbcdn.net&_nc_cat=102&_nc_ohc=ZCWiEFIHgbcAX8HaK-5&_nc_tp=24&oh=66d4729b5e77650c4cb7b45cb24ea291&oe=5FB484CB"
                }
            ],
            "thumbnail_src": "https://instagram.fabe1-1.fna.fbcdn.net/v/t51.2885-15/sh0.08/e35/s640x640/121399932_3095950730617442_8344904651489839742_n.jpg?_nc_ht=instagram.fabe1-1.fna.fbcdn.net&_nc_cat=102&_nc_ohc=ZCWiEFIHgbcAX8HaK-5&_nc_tp=24&oh=66d4729b5e77650c4cb7b45cb24ea291&oe=5FB484CB",
            "urls": [
                "https://instagram.fabe1-1.fna.fbcdn.net/v/t51.2885-15/e35/s1080x1080/121399932_3095950730617442_8344904651489839742_n.jpg?_nc_ht=instagram.fabe1-1.fna.fbcdn.net&_nc_cat=102&_nc_ohc=ZCWiEFIHgbcAX8HaK-5&_nc_tp=15&oh=9ea15414251992a966be1fb9ac018f0b&oe=5FB4BCA4",
                "https://instagram.fabe1-1.fna.fbcdn.net/v/t51.2885-15/e35/s1080x1080/121419111_178401540538617_6912343508393109990_n.jpg?_nc_ht=instagram.fabe1-1.fna.fbcdn.net&_nc_cat=109&_nc_ohc=C9Te1H1kk5EAX_NGpdr&_nc_tp=15&oh=1476ea24730e3c5d6951e1e268fd7967&oe=5FB2A59E"
            ]
        }
    ]
}