{
    "GraphImages": [
        {
            "comments_disabled": false,
            "dimensions": {
                "height": 1080,
                "width": 1080
            },
            "display_url": "https://instagram.fabe1-1.fna.fbcdn.net/v/t51.2885-15/e35/121827602_257269622389484_1256419089269037060_n.jpg?_nc_ht=instagram.fabe1-1.fna.fbcdn.net&_nc_cat=108&_nc_ohc=_MNq2oHGFvcAX_oebAW&_nc_tp=18&oh=58693689255a583a61fdb25144d1d4de&oe=5FB47E61",
            "edge_liked_by": {
                "count": 0
            },
            "edge_media_preview_like": {
                "count": 0
            },
            "edge_media_to_caption": {
                "edges": [
                    {
                        "node": {
                            "text": "You have to believe in yourself when no one else does🤩that makes you a winner right there💪🏻"
                        }
                    }
                ]
            },
            "edge_media_to_comment": {
                "count": 0
            },
            "id": "2421492116494404285",
            "is_video": false,
            "owner": {
                "id": "8601339038"
            },
            "shortcode": "CGa3kAWDsq9",
            "tags": [],
            "taken_at_timestamp": 1602884376,
            "thumbnail_resources": [
                {
                    "config_height": 150,
                    "config_width": 150,
                    "src": "https://instagram.fabe1-1.fna.fbcdn.net/v/t51.2885-15/e35/s150x150/121827602_257269622389484_1256419089269037060_n.jpg?_nc_ht=instagram.fabe1-1.fna.fbcdn.net&_nc_cat=108&_nc_ohc=_MNq2oHGFvcAX_oebAW&_nc_tp=15&oh=8ba5ff1b3a08d2016ff544afaab2938e&oe=5FB52FE0"
                },
                {
                    "config_height": 240,
                    "config_width": 240,
                    "src": "https://instagram.fabe1-1.fna.fbcdn.net/v/t51.2885-15/e35/s240x240/121827602_257269622389484_1256419089269037060_n.jpg?_nc_ht=instagram.fabe1-1.fna.fbcdn.net&_nc_cat=108&_nc_ohc=_MNq2oHGFvcAX_oebAW&_nc_tp=15&oh=e8bb618639c631a4c42746dfe18873e1&oe=5FB4765A"
                },
                {
                    "config_height": 320,
                    "config_width": 320,
                    "src": "https://instagram.fabe1-1.fna.fbcdn.net/v/t51.2885-15/e35/s320x320/121827602_257269622389484_1256419089269037060_n.jpg?_nc_ht=instagram.fabe1-1.fna.fbcdn.net&_nc_cat=108&_nc_ohc=_MNq2oHGFvcAX_oebAW&_nc_tp=15&oh=4c195c6139b9fa032805c6a960c0640a&oe=5FB1DEA8"
                },
                {
                    "config_height": 480,
                    "config_width": 480,
                    "src": "https://instagram.fabe1-1.fna.fbcdn.net/v/t51.2885-15/e35/s480x480/121827602_257269622389484_1256419089269037060_n.jpg?_nc_ht=instagram.fabe1-1.fna.fbcdn.net&_nc_cat=108&_nc_ohc=_MNq2oHGFvcAX_oebAW&_nc_tp=15&oh=1837d7cc649348a5c588e8a266f1553d&oe=5FB507E1"
                },
                {
                    "config_height": 640,
                    "config_width": 640,
                    "src": "https://instagram.fabe1-1.fna.fbcdn.net/v/t51.2885-15/sh0.08/e35/s640x640/121827602_257269622389484_1256419089269037060_n.jpg?_nc_ht=instagram.fabe1-1.fna.fbcdn.net&_nc_cat=108&_nc_ohc=_MNq2oHGFvcAX_oebAW&_nc_tp=24&oh=e62d3c3782c9c36ea9f9311a90feec73&oe=5FB47FDB"
                }
            ],
            "thumbnail_src": "https://instagram.fabe1-1.fna.fbcdn.net/v/t51.2885-15/sh0.08/e35/s640x640/121827602_257269622389484_1256419089269037060_n.jpg?_nc_ht=instagram.fabe1-1.fna.fbcdn.net&_nc_cat=108&_nc_ohc=_MNq2oHGFvcAX_oebAW&_nc_tp=24&oh=e62d3c3782c9c36ea9f9311a90feec73&oe=5FB47FDB",
            "urls": [
                "https://instagram.fabe1-1.fna.fbcdn.net/v/t51.2885-15/e35/121827602_257269622389484_1256419089269037060_n.jpg?_nc_ht=instagram.fabe1-1.fna.fbcdn.net&_nc_cat=108&_nc_ohc=_MNq2oHGFvcAX_oebAW&_nc_tp=18&oh=58693689255a583a61fdb25144d1d4de&oe=5FB47E61"
            ]
        },
        {
            "comments_disabled": false,
            "dimensions": {
                "height": 480,
                "width": 480
            },
            "display_url": "https://instagram.fabe1-1.fna.fbcdn.net/v/t51.2885-15/e35/121554972_340972090659130_4632309687312561680_n.jpg?_nc_ht=instagram.fabe1-1.fna.fbcdn.net&_nc_cat=110&_nc_ohc=JGOCJyZdfkcAX9I61bw&_nc_tp=18&oh=ca7473dd4154e81fd12e5f2ce88612fe&oe=5F8C9BD2",
            "edge_liked_by": {
                "count": 0
            },
            "edge_media_preview_like": {
                "count": 0
            },
            "edge_media_to_caption": {
                "edges": [
                    {
                        "node": {
                            "text": "Most Wanted Beatz  Move Move 💃🏻——————————————————\nMove Move\n——————-\nModel  unknown 🙉\n—————————————————\nFollowe @mickel35 For More beatz ————————————-\n#cooperation #producer #hobby #girl #dance #worldwide #fire #hiphop #america #model #cut #move  #just  #break  #russia #dip #autumn #twerk #hiphop #boot #ink #turnup"
                        }
                    }
                ]
            },
            "edge_media_to_comment": {
                "count": 0
            },
            "id": "2421490830293923620",
            "is_video": true,
            "owner": {
                "id": "4573770484"
            },
            "shortcode": "CGa3RSeiPck",
            "tags": [
                "girl",
                "just",
                "turnup",
                "cut",
                "ink",
                "hobby",
                "fire",
                "break",
                "hiphop",
                "move",
                "model",
                "worldwide",
                "boot",
                "dance",
                "dip",
                "russia",
                "autumn",
                "america",
                "producer",
                "twerk",
                "cooperation"
            ],
            "taken_at_timestamp": 1602884368,
            "thumbnail_resources": [
                {
                    "config_height": 150,
                    "config_width": 150,
                    "src": "https://instagram.fabe1-1.fna.fbcdn.net/v/t51.2885-15/e35/s150x150/121554972_340972090659130_4632309687312561680_n.jpg?_nc_ht=instagram.fabe1-1.fna.fbcdn.net&_nc_cat=110&_nc_ohc=JGOCJyZdfkcAX9I61bw&_nc_tp=15&oh=a6846ac8955634ce1d3d52c5cacf9403&oe=5F8C166F"
                },
                {
                    "config_height": 240,
                    "config_width": 240,
                    "src": "https://instagram.fabe1-1.fna.fbcdn.net/v/t51.2885-15/e35/s240x240/121554972_340972090659130_4632309687312561680_n.jpg?_nc_ht=instagram.fabe1-1.fna.fbcdn.net&_nc_cat=110&_nc_ohc=JGOCJyZdfkcAX9I61bw&_nc_tp=15&oh=653fecfe8ec7cf51c060459afa4d471e&oe=5F8C9E69"
                },
                {
                    "config_height": 320,
                    "config_width": 320,
                    "src": "https://instagram.fabe1-1.fna.fbcdn.net/v/t51.2885-15/e35/s320x320/121554972_340972090659130_4632309687312561680_n.jpg?_nc_ht=instagram.fabe1-1.fna.fbcdn.net&_nc_cat=110&_nc_ohc=JGOCJyZdfkcAX9I61bw&_nc_tp=15&oh=d590f7f6c4db5b0224725a14fafa31c7&oe=5F8C18D7"
                },
                {
                    "config_height": 480,
                    "config_width": 480,
                    "src": "https://instagram.fabe1-1.fna.fbcdn.net/v/t51.2885-15/e35/121554972_340972090659130_4632309687312561680_n.jpg?_nc_ht=instagram.fabe1-1.fna.fbcdn.net&_nc_cat=110&_nc_ohc=JGOCJyZdfkcAX9I61bw&_nc_tp=18&oh=ca7473dd4154e81fd12e5f2ce88612fe&oe=5F8C9BD2"
                },
                {
                    "config_height": 640,
                    "config_width": 640,
                    "src": "https://instagram.fabe1-1.fna.fbcdn.net/v/t51.2885-15/e35/121554972_340972090659130_4632309687312561680_n.jpg?_nc_ht=instagram.fabe1-1.fna.fbcdn.net&_nc_cat=110&_nc_ohc=JGOCJyZdfkcAX9I61bw&_nc_tp=18&oh=ca7473dd4154e81fd12e5f2ce88612fe&oe=5F8C9BD2"
                }
            ],
            "thumbnail_src": "https://instagram.fabe1-1.fna.fbcdn.net/v/t51.2885-15/e35/121554972_340972090659130_4632309687312561680_n.jpg?_nc_ht=instagram.fabe1-1.fna.fbcdn.net&_nc_cat=110&_nc_ohc=JGOCJyZdfkcAX9I61bw&_nc_tp=18&oh=ca7473dd4154e81fd12e5f2ce88612fe&oe=5F8C9BD2",
            "urls": [
                "https://instagram.fabe1-1.fna.fbcdn.net/v/t50.2886-16/121776893_340447427059220_8885695493481793721_n.mp4?_nc_ht=instagram.fabe1-1.fna.fbcdn.net&_nc_cat=108&_nc_ohc=3108TVGF8KoAX9gabx4&oe=5F8C29D7&oh=1353ee4bb910d35aed807422a7b43b91"
            ],
            "video_view_count": 0
        },
        {
            "comments_disabled": false,
            "dimensions": {
                "height": 1080,
                "width": 1080
            },
            "display_url": "https://instagram.fabe1-1.fna.fbcdn.net/v/t51.2885-15/e35/s1080x1080/121623411_805111840271889_5694472504551012789_n.jpg?_nc_ht=instagram.fabe1-1.fna.fbcdn.net&_nc_cat=109&_nc_ohc=x5qGn0Y-4lQAX-Rzsiu&_nc_tp=15&oh=c312e3821eb7b4cc04cd60b838aeb2f6&oe=5FB4079C",
            "edge_liked_by": {
                "count": 0
            },
            "edge_media_preview_like": {
                "count": 0
            },
            "edge_media_to_caption": {
                "edges": []
            },
            "edge_media_to_comment": {
                "count": 0
            },
            "id": "2421491885832250399",
            "is_video": false,
            "owner": {
                "id": "311176064"
            },
            "shortcode": "CGa3gphhaQf",
            "taken_at_timestamp": 1602884349,
            "thumbnail_resources": [
                {
                    "config_height": 150,
                    "config_width": 150,
                    "src": "https://instagram.fabe1-1.fna.fbcdn.net/v/t51.2885-15/e35/s150x150/121623411_805111840271889_5694472504551012789_n.jpg?_nc_ht=instagram.fabe1-1.fna.fbcdn.net&_nc_cat=109&_nc_ohc=x5qGn0Y-4lQAX-Rzsiu&_nc_tp=15&oh=f0376a004b131bddfebe49fc68bdb444&oe=5FB2A05B"
                },
                {
                    "config_height": 240,
                    "config_width": 240,
                    "src": "https://instagram.fabe1-1.fna.fbcdn.net/v/t51.2885-15/e35/s240x240/121623411_805111840271889_5694472504551012789_n.jpg?_nc_ht=instagram.fabe1-1.fna.fbcdn.net&_nc_cat=109&_nc_ohc=x5qGn0Y-4lQAX-Rzsiu&_nc_tp=15&oh=c506a4712852efea4af6054a3662033f&oe=5FB56EDD"
                },
                {
                    "config_height": 320,
                    "config_width": 320,
                    "src": "https://instagram.fabe1-1.fna.fbcdn.net/v/t51.2885-15/e35/s320x320/121623411_805111840271889_5694472504551012789_n.jpg?_nc_ht=instagram.fabe1-1.fna.fbcdn.net&_nc_cat=109&_nc_ohc=x5qGn0Y-4lQAX-Rzsiu&_nc_tp=15&oh=14494b138d55af163d3e1736e7bfe6ff&oe=5FB49AA3"
                },
                {
                    "config_height": 480,
                    "config_width": 480,
                    "src": "https://instagram.fabe1-1.fna.fbcdn.net/v/t51.2885-15/e35/s480x480/121623411_805111840271889_5694472504551012789_n.jpg?_nc_ht=instagram.fabe1-1.fna.fbcdn.net&_nc_cat=109&_nc_ohc=x5qGn0Y-4lQAX-Rzsiu&_nc_tp=15&oh=5edd486dad239e002e6ec34c920edf48&oe=5FB43666"
                },
                {
                    "config_height": 640,
                    "config_width": 640,
                    "src": "https://instagram.fabe1-1.fna.fbcdn.net/v/t51.2885-15/sh0.08/e35/s640x640/121623411_805111840271889_5694472504551012789_n.jpg?_nc_ht=instagram.fabe1-1.fna.fbcdn.net&_nc_cat=109&_nc_ohc=x5qGn0Y-4lQAX-Rzsiu&_nc_tp=24&oh=d090508b20ee82f228072e7c4cc61517&oe=5FB51260"
                }
            ],
            "thumbnail_src": "https://instagram.fabe1-1.fna.fbcdn.net/v/t51.2885-15/sh0.08/e35/s640x640/121623411_805111840271889_5694472504551012789_n.jpg?_nc_ht=instagram.fabe1-1.fna.fbcdn.net&_nc_cat=109&_nc_ohc=x5qGn0Y-4lQAX-Rzsiu&_nc_tp=24&oh=d090508b20ee82f228072e7c4cc61517&oe=5FB51260",
            "urls": [
                "https://instagram.fabe1-1.fna.fbcdn.net/v/t51.2885-15/e35/s1080x1080/121623411_805111840271889_5694472504551012789_n.jpg?_nc_ht=instagram.fabe1-1.fna.fbcdn.net&_nc_cat=109&_nc_ohc=x5qGn0Y-4lQAX-Rzsiu&_nc_tp=15&oh=c312e3821eb7b4cc04cd60b838aeb2f6&oe=5FB4079C",
                "https://instagram.fabe1-1.fna.fbcdn.net/v/t51.2885-15/e35/s1080x1080/121367172_813846922773983_3661332829675402084_n.jpg?_nc_ht=instagram.fabe1-1.fna.fbcdn.net&_nc_cat=111&_nc_ohc=F4KRl29nlXgAX_RWEsm&_nc_tp=15&oh=03cce378e5e4681d0da52ea75c44e334&oe=5FB49495",
                "https://instagram.fabe1-1.fna.fbcdn.net/v/t51.2885-15/e35/s1080x1080/121596392_472852910342062_2548625266913611196_n.jpg?_nc_ht=instagram.fabe1-1.fna.fbcdn.net&_nc_cat=110&_nc_ohc=KA1aOEU3khUAX82ngfj&_nc_tp=15&oh=56bbfb836801b1a9f11b4abf2542a15c&oe=5FB30D70"
            ]
        },
        {
            "comments_disabled": false,
            "dimensions": {
                "height": 750,
                "width": 750
            },
            "display_url": "https://instagram.fabe1-1.fna.fbcdn.net/v/t51.2885-15/e35/121699476_652418442301432_382419150460576590_n.jpg?_nc_ht=instagram.fabe1-1.fna.fbcdn.net&_nc_cat=104&_nc_ohc=R5p1BTNnDlkAX8gubzv&_nc_tp=18&oh=8bad9af766c70b18b72b474c6b8fa470&oe=5F8C74AA",
            "edge_liked_by": {
                "count": 0
            },
            "edge_media_preview_like": {
                "count": 0
            },
            "edge_media_to_caption": {
                "edges": []
            },
            "edge_media_to_comment": {
                "count": 0
            },
            "id": "2421491877359674533",
            "is_video": false,
            "owner": {
                "id": "1013460402"
            },
            "shortcode": "CGa3ghohGSl",
            "taken_at_timestamp": 1602884348,
            "thumbnail_resources": [
                {
                    "config_height": 150,
                    "config_width": 150,
                    "src": "https://instagram.fabe1-1.fna.fbcdn.net/v/t51.2885-15/e35/s150x150/121699476_652418442301432_382419150460576590_n.jpg?_nc_ht=instagram.fabe1-1.fna.fbcdn.net&_nc_cat=104&_nc_ohc=R5p1BTNnDlkAX8gubzv&_nc_tp=15&oh=833f5beaf530554dffe6f576e9235a5c&oe=5F8C82EC"
                },
                {
                    "config_height": 240,
                    "config_width": 240,
                    "src": "https://instagram.fabe1-1.fna.fbcdn.net/v/t51.2885-15/e35/s240x240/121699476_652418442301432_382419150460576590_n.jpg?_nc_ht=instagram.fabe1-1.fna.fbcdn.net&_nc_cat=104&_nc_ohc=R5p1BTNnDlkAX8gubzv&_nc_tp=15&oh=867dd46b077cae9b4b959e51e5cc660f&oe=5F8CB3A2"
                },
                {
                    "config_height": 320,
                    "config_width": 320,
                    "src": "https://instagram.fabe1-1.fna.fbcdn.net/v/t51.2885-15/e35/s320x320/121699476_652418442301432_382419150460576590_n.jpg?_nc_ht=instagram.fabe1-1.fna.fbcdn.net&_nc_cat=104&_nc_ohc=R5p1BTNnDlkAX8gubzv&_nc_tp=15&oh=ab61e034eaf623d290c180094c05c998&oe=5F8C1D1C"
                },
                {
                    "config_height": 480,
                    "config_width": 480,
                    "src": "https://instagram.fabe1-1.fna.fbcdn.net/v/t51.2885-15/e35/s480x480/121699476_652418442301432_382419150460576590_n.jpg?_nc_ht=instagram.fabe1-1.fna.fbcdn.net&_nc_cat=104&_nc_ohc=R5p1BTNnDlkAX8gubzv&_nc_tp=15&oh=cc5dc41f6a3d69190995d48180cef363&oe=5F8CA082"
                },
                {
                    "config_height": 640,
                    "config_width": 640,
                    "src": "https://instagram.fabe1-1.fna.fbcdn.net/v/t51.2885-15/sh0.08/e35/s640x640/121699476_652418442301432_382419150460576590_n.jpg?_nc_ht=instagram.fabe1-1.fna.fbcdn.net&_nc_cat=104&_nc_ohc=R5p1BTNnDlkAX8gubzv&_nc_tp=24&oh=b9a033661e735f19d4958f0b26454be7&oe=5F8C540D"
                }
            ],
            "thumbnail_src": "https://instagram.fabe1-1.fna.fbcdn.net/v/t51.2885-15/sh0.08/e35/s640x640/121699476_652418442301432_382419150460576590_n.jpg?_nc_ht=instagram.fabe1-1.fna.fbcdn.net&_nc_cat=104&_nc_ohc=R5p1BTNnDlkAX8gubzv&_nc_tp=24&oh=b9a033661e735f19d4958f0b26454be7&oe=5F8C540D",
            "urls": [
                "https://instagram.fabe1-1.fna.fbcdn.net/v/t50.2886-16/121582205_112437077188952_1152303846088728789_n.mp4?_nc_ht=instagram.fabe1-1.fna.fbcdn.net&_nc_cat=108&_nc_ohc=--4xbCQM3_QAX-XT92Q&oe=5F8C1A86&oh=4b101caab6e314e13ff4795f9a6b7aef",
                "https://instagram.fabe1-1.fna.fbcdn.net/v/t50.2886-16/121578526_356470878739247_9197716959957494182_n.mp4?_nc_ht=instagram.fabe1-1.fna.fbcdn.net&_nc_cat=111&_nc_ohc=ParXA-S-DV4AX_DsQjk&oe=5F8C6262&oh=b8db14d8e0b9125940fd24987e3bc79c",
                "https://instagram.fabe1-1.fna.fbcdn.net/v/t50.2886-16/121969823_1246374489071197_3738223944985799739_n.mp4?_nc_ht=instagram.fabe1-1.fna.fbcdn.net&_nc_cat=101&_nc_ohc=-ZAaJLfsRk0AX_KLoH6&oe=5F8CA1AB&oh=4006aa344fc601bfb427178accaa2c78",
                "https://instagram.fabe1-1.fna.fbcdn.net/v/t50.2886-16/122030939_3769289193102859_4620335263068711862_n.mp4?_nc_ht=instagram.fabe1-1.fna.fbcdn.net&_nc_cat=107&_nc_ohc=b9lnUdPlRYUAX-WaKAx&oe=5F8C2902&oh=230a879139744ffc506ce8a0ade34f56",
                "https://instagram.fabe1-1.fna.fbcdn.net/v/t50.2886-16/121713447_2634630073517864_2152522992077388442_n.mp4?_nc_ht=instagram.fabe1-1.fna.fbcdn.net&_nc_cat=108&_nc_ohc=Q-mtw08DgsYAX_VZ73E&oe=5F8C6B4E&oh=ab69cc8e37a6c7bab795cdc1ed7d0e8a"
            ]
        },
        {
            "comments_disabled": false,
            "dimensions": {
                "height": 640,
                "width": 640
            },
            "display_url": "https://instagram.fabe1-1.fna.fbcdn.net/v/t51.2885-15/e35/121530783_389157688769739_566748289577644520_n.jpg?_nc_ht=instagram.fabe1-1.fna.fbcdn.net&_nc_cat=103&_nc_ohc=1i13hjywTEAAX9ecs9X&_nc_tp=18&oh=d3d176a93ebdd1fe7623348b17c131a0&oe=5FB4FEAA",
            "edge_liked_by": {
                "count": 0
            },
            "edge_media_preview_like": {
                "count": 0
            },
            "edge_media_to_caption": {
                "edges": [
                    {
                        "node": {
                            "text": "Muchas gracias por la confianza 🤩 👏vamos por más resultados 💪💪💪🎊\n.\n.\n.\n.\n.\n#bodycarevital  #idahousa  #bluepinkbhip  #nonigia  #plan90diaspink  #plandetox  #cuidadovitaldelcuerpo  #sanfranciscoca #alaheimusa  #texas  #miami  #houston  #escondidoca  #virginiausa  #seattle #preguntaportuplan  #pierdepesoganavida  #katyusa  #cuidatucuerpo  #vidamassaludable  #latinoseneeuu  #tomaelriesgo  #tratamientointensivo  #dejameayudartebhip  #trabajojuntosbodycarevital  #cambiatuvidabhip  #cambiodiaadia  #calidaddevidabhip  #ayudaatucuerpobhip  #plandealimentacionbhip"
                        }
                    }
                ]
            },
            "edge_media_to_comment": {
                "count": 0
            },
            "id": "2421491849452418068",
            "is_video": false,
            "owner": {
                "id": "34118547733"
            },
            "shortcode": "CGa3gHpHXQU",
            "tags": [
                "bodycarevital",
                "plan90diaspink",
                "ayudaatucuerpobhip",
                "plandealimentacionbhip",
                "cuidadovitaldelcuerpo",
                "seattle",
                "trabajojuntosbodycarevital",
                "katyusa",
                "tratamientointensivo",
                "bluepinkbhip",
                "cuidatucuerpo",
                "latinoseneeuu",
                "plandetox",
                "cambiatuvidabhip",
                "cambiodiaadia",
                "miami",
                "preguntaportuplan",
                "idahousa",
                "alaheimusa",
                "pierdepesoganavida",
                "calidaddevidabhip",
                "virginiausa",
                "houston",
                "vidamassaludable",
                "dejameayudartebhip",
                "tomaelriesgo",
                "nonigia",
                "sanfranciscoca",
                "escondidoca",
                "texas"
            ],
            "taken_at_timestamp": 1602884344,
            "thumbnail_resources": [
                {
                    "config_height": 150,
                    "config_width": 150,
                    "src": "https://instagram.fabe1-1.fna.fbcdn.net/v/t51.2885-15/e35/s150x150/121530783_389157688769739_566748289577644520_n.jpg?_nc_ht=instagram.fabe1-1.fna.fbcdn.net&_nc_cat=103&_nc_ohc=1i13hjywTEAAX9ecs9X&_nc_tp=15&oh=3b186983bca7d8464e138e300fa502be&oe=5FB34EEC"
                },
                {
                    "config_height": 240,
                    "config_width": 240,
                    "src": "https://instagram.fabe1-1.fna.fbcdn.net/v/t51.2885-15/e35/s240x240/121530783_389157688769739_566748289577644520_n.jpg?_nc_ht=instagram.fabe1-1.fna.fbcdn.net&_nc_cat=103&_nc_ohc=1i13hjywTEAAX9ecs9X&_nc_tp=15&oh=42188cf903122ad28b0e930855751909&oe=5FB2FE22"
                },
                {
                    "config_height": 320,
                    "config_width": 320,
                    "src": "https://instagram.fabe1-1.fna.fbcdn.net/v/t51.2885-15/e35/s320x320/121530783_389157688769739_566748289577644520_n.jpg?_nc_ht=instagram.fabe1-1.fna.fbcdn.net&_nc_cat=103&_nc_ohc=1i13hjywTEAAX9ecs9X&_nc_tp=15&oh=6d5e413b65e5ffa68d5c3e7b0a3aa348&oe=5FB25F1C"
                },
                {
                    "config_height": 480,
                    "config_width": 480,
                    "src": "https://instagram.fabe1-1.fna.fbcdn.net/v/t51.2885-15/e35/s480x480/121530783_389157688769739_566748289577644520_n.jpg?_nc_ht=instagram.fabe1-1.fna.fbcdn.net&_nc_cat=103&_nc_ohc=1i13hjywTEAAX9ecs9X&_nc_tp=15&oh=01413b1d18c3424e479b8baed23ecc7f&oe=5FB379C2"
                },
                {
                    "config_height": 640,
                    "config_width": 640,
                    "src": "https://instagram.fabe1-1.fna.fbcdn.net/v/t51.2885-15/e35/121530783_389157688769739_566748289577644520_n.jpg?_nc_ht=instagram.fabe1-1.fna.fbcdn.net&_nc_cat=103&_nc_ohc=1i13hjywTEAAX9ecs9X&_nc_tp=18&oh=d3d176a93ebdd1fe7623348b17c131a0&oe=5FB4FEAA"
                }
            ],
            "thumbnail_src": "https://instagram.fabe1-1.fna.fbcdn.net/v/t51.2885-15/e35/121530783_389157688769739_566748289577644520_n.jpg?_nc_ht=instagram.fabe1-1.fna.fbcdn.net&_nc_cat=103&_nc_ohc=1i13hjywTEAAX9ecs9X&_nc_tp=18&oh=d3d176a93ebdd1fe7623348b17c131a0&oe=5FB4FEAA",
            "urls": [
                "https://instagram.fabe1-1.fna.fbcdn.net/v/t51.2885-15/e35/121530783_389157688769739_566748289577644520_n.jpg?_nc_ht=instagram.fabe1-1.fna.fbcdn.net&_nc_cat=103&_nc_ohc=1i13hjywTEAAX9ecs9X&_nc_tp=18&oh=d3d176a93ebdd1fe7623348b17c131a0&oe=5FB4FEAA"
            ]
        },
        {
            "comments_disabled": false,
            "dimensions": {
                "height": 1350,
                "width": 1080
            },
            "display_url": "https://instagram.fabe1-1.fna.fbcdn.net/v/t51.2885-15/e35/p1080x1080/121707595_392942125208480_3025285465196642042_n.jpg?_nc_ht=instagram.fabe1-1.fna.fbcdn.net&_nc_cat=108&_nc_ohc=hMtQxRtQxA4AX9cgeRw&tp=19&oh=4f3951c8345aed0bfed4578e16a05acb&oe=5FB35D51",
            "edge_liked_by": {
                "count": 0
            },
            "edge_media_preview_like": {
                "count": 0
            },
            "edge_media_to_caption": {
                "edges": [
                    {
                        "node": {
                            "text": "#snowday"
                        }
                    }
                ]
            },
            "edge_media_to_comment": {
                "count": 0
            },
            "id": "2421491810401900416",
            "is_video": false,
            "owner": {
                "id": "24610622"
            },
            "shortcode": "CGa3fjRhdeA",
            "tags": [
                "snowday"
            ],
            "taken_at_timestamp": 1602884340,
            "thumbnail_resources": [
                {
                    "config_height": 150,
                    "config_width": 150,
                    "src": "https://instagram.fabe1-1.fna.fbcdn.net/v/t51.2885-15/e35/c0.180.1440.1440a/s150x150/121707595_392942125208480_3025285465196642042_n.jpg?_nc_ht=instagram.fabe1-1.fna.fbcdn.net&_nc_cat=108&_nc_ohc=hMtQxRtQxA4AX9cgeRw&tp=16&oh=ae07876cb1b192ce90ee3fabe452fcb3&oe=5FB4DBC5"
                },
                {
                    "config_height": 240,
                    "config_width": 240,
                    "src": "https://instagram.fabe1-1.fna.fbcdn.net/v/t51.2885-15/e35/c0.180.1440.1440a/s240x240/121707595_392942125208480_3025285465196642042_n.jpg?_nc_ht=instagram.fabe1-1.fna.fbcdn.net&_nc_cat=108&_nc_ohc=hMtQxRtQxA4AX9cgeRw&tp=16&oh=b217cea7ab29be677010498409c3f302&oe=5FB48C43"
                },
                {
                    "config_height": 320,
                    "config_width": 320,
                    "src": "https://instagram.fabe1-1.fna.fbcdn.net/v/t51.2885-15/e35/c0.180.1440.1440a/s320x320/121707595_392942125208480_3025285465196642042_n.jpg?_nc_ht=instagram.fabe1-1.fna.fbcdn.net&_nc_cat=108&_nc_ohc=hMtQxRtQxA4AX9cgeRw&tp=16&oh=26bfcaa69b84be55c1f2397d0e38271f&oe=5FB1BDBD"
                },
                {
                    "config_height": 480,
                    "config_width": 480,
                    "src": "https://instagram.fabe1-1.fna.fbcdn.net/v/t51.2885-15/e35/c0.180.1440.1440a/s480x480/121707595_392942125208480_3025285465196642042_n.jpg?_nc_ht=instagram.fabe1-1.fna.fbcdn.net&_nc_cat=108&_nc_ohc=hMtQxRtQxA4AX9cgeRw&tp=16&oh=4d14548c7f329d60972b8705713d6dfd&oe=5FB3B7FC"
                },
                {
                    "config_height": 640,
                    "config_width": 640,
                    "src": "https://instagram.fabe1-1.fna.fbcdn.net/v/t51.2885-15/sh0.08/e35/c0.180.1440.1440a/s640x640/121707595_392942125208480_3025285465196642042_n.jpg?_nc_ht=instagram.fabe1-1.fna.fbcdn.net&_nc_cat=108&_nc_ohc=hMtQxRtQxA4AX9cgeRw&oh=748f65ff4f1d34be15655e7863fa6804&oe=5FB2D675"
                }
            ],
            "thumbnail_src": "https://instagram.fabe1-1.fna.fbcdn.net/v/t51.2885-15/sh0.08/e35/c0.180.1440.1440a/s640x640/121707595_392942125208480_3025285465196642042_n.jpg?_nc_ht=instagram.fabe1-1.fna.fbcdn.net&_nc_cat=108&_nc_ohc=hMtQxRtQxA4AX9cgeRw&oh=748f65ff4f1d34be15655e7863fa6804&oe=5FB2D675",
            "urls": [
                "https://instagram.fabe1-1.fna.fbcdn.net/v/t51.2885-15/e35/p1080x1080/121707595_392942125208480_3025285465196642042_n.jpg?_nc_ht=instagram.fabe1-1.fna.fbcdn.net&_nc_cat=108&_nc_ohc=hMtQxRtQxA4AX9cgeRw&tp=19&oh=4f3951c8345aed0bfed4578e16a05acb&oe=5FB35D51"
            ]
        },
        {
            "comments_disabled": false,
            "dimensions": {
                "height": 1349,
                "width": 1080
            },
            "display_url": "https://instagram.fabe1-1.fna.fbcdn.net/v/t51.2885-15/e35/p1080x1080/122067974_765474344303050_1573901839838409919_n.jpg?_nc_ht=instagram.fabe1-1.fna.fbcdn.net&_nc_cat=110&_nc_ohc=KS0P73YXtwkAX-vy9q9&tp=19&oh=d28964b7ff277bb9664244c37de2d65d&oe=5FB4FCFA",
            "edge_liked_by": {
                "count": 0
            },
            "edge_media_preview_like": {
                "count": 0
            },
            "edge_media_to_caption": {
                "edges": []
            },
            "edge_media_to_comment": {
                "count": 0
            },
            "id": "2421491755565294315",
            "is_video": false,
            "owner": {
                "id": "229969677"
            },
            "shortcode": "CGa3ewNAaLr",
            "taken_at_timestamp": 1602884333,
            "thumbnail_resources": [
                {
                    "config_height": 150,
                    "config_width": 150,
                    "src": "https://instagram.fabe1-1.fna.fbcdn.net/v/t51.2885-15/e35/c0.179.1440.1440a/s150x150/122067974_765474344303050_1573901839838409919_n.jpg?_nc_ht=instagram.fabe1-1.fna.fbcdn.net&_nc_cat=110&_nc_ohc=KS0P73YXtwkAX-vy9q9&tp=16&oh=942799c6a8161fe5c916b1df4263491b&oe=5FB2480A"
                },
                {
                    "config_height": 240,
                    "config_width": 240,
                    "src": "https://instagram.fabe1-1.fna.fbcdn.net/v/t51.2885-15/e35/c0.179.1440.1440a/s240x240/122067974_765474344303050_1573901839838409919_n.jpg?_nc_ht=instagram.fabe1-1.fna.fbcdn.net&_nc_cat=110&_nc_ohc=KS0P73YXtwkAX-vy9q9&tp=16&oh=f666075a6606409986585f8c3cf80528&oe=5FB3A510"
                },
                {
                    "config_height": 320,
                    "config_width": 320,
                    "src": "https://instagram.fabe1-1.fna.fbcdn.net/v/t51.2885-15/e35/c0.179.1440.1440a/s320x320/122067974_765474344303050_1573901839838409919_n.jpg?_nc_ht=instagram.fabe1-1.fna.fbcdn.net&_nc_cat=110&_nc_ohc=KS0P73YXtwkAX-vy9q9&tp=16&oh=24c469936a8ef446c86e43589f1f9dbd&oe=5FB1B072"
                },
                {
                    "config_height": 480,
                    "config_width": 480,
                    "src": "https://instagram.fabe1-1.fna.fbcdn.net/v/t51.2885-15/e35/c0.179.1440.1440a/s480x480/122067974_765474344303050_1573901839838409919_n.jpg?_nc_ht=instagram.fabe1-1.fna.fbcdn.net&_nc_cat=110&_nc_ohc=KS0P73YXtwkAX-vy9q9&tp=16&oh=34a4d57eb76d6f7c5a98b4b071915aff&oe=5FB52BB7"
                },
                {
                    "config_height": 640,
                    "config_width": 640,
                    "src": "https://instagram.fabe1-1.fna.fbcdn.net/v/t51.2885-15/sh0.08/e35/c0.179.1440.1440a/s640x640/122067974_765474344303050_1573901839838409919_n.jpg?_nc_ht=instagram.fabe1-1.fna.fbcdn.net&_nc_cat=110&_nc_ohc=KS0P73YXtwkAX-vy9q9&oh=1e8e59bc9c4f8a6c513a5581cc8150b6&oe=5FB44C3A"
                }
            ],
            "thumbnail_src": "https://instagram.fabe1-1.fna.fbcdn.net/v/t51.2885-15/sh0.08/e35/c0.179.1440.1440a/s640x640/122067974_765474344303050_1573901839838409919_n.jpg?_nc_ht=instagram.fabe1-1.fna.fbcdn.net&_nc_cat=110&_nc_ohc=KS0P73YXtwkAX-vy9q9&oh=1e8e59bc9c4f8a6c513a5581cc8150b6&oe=5FB44C3A",
            "urls": [
                "https://instagram.fabe1-1.fna.fbcdn.net/v/t51.2885-15/e35/p1080x1080/122067974_765474344303050_1573901839838409919_n.jpg?_nc_ht=instagram.fabe1-1.fna.fbcdn.net&_nc_cat=110&_nc_ohc=KS0P73YXtwkAX-vy9q9&tp=19&oh=d28964b7ff277bb9664244c37de2d65d&oe=5FB4FCFA"
            ]
        },
        {
            "comments_disabled": false,
            "dimensions": {
                "height": 640,
                "width": 640
            },
            "display_url": "https://instagram.fabe1-1.fna.fbcdn.net/v/t51.2885-15/e35/121710902_378123046662661_8184049007203610888_n.jpg?_nc_ht=instagram.fabe1-1.fna.fbcdn.net&_nc_cat=101&_nc_ohc=0C9cGztn-sEAX82mzYK&_nc_tp=18&oh=2d75dfa2bc5c7e6c87e9bd2358b68ed1&oe=5FB22D98",
            "edge_liked_by": {
                "count": 0
            },
            "edge_media_preview_like": {
                "count": 0
            },
            "edge_media_to_caption": {
                "edges": [
                    {
                        "node": {
                            "text": "@lyricalemonade  Os mais brabooo🔥"
                        }
                    }
                ]
            },
            "edge_media_to_comment": {
                "count": 0
            },
            "id": "2421491635299226660",
            "is_video": false,
            "owner": {
                "id": "43695116484"
            },
            "shortcode": "CGa3dAMlxQk",
            "tags": [],
            "taken_at_timestamp": 1602884319,
            "thumbnail_resources": [
                {
                    "config_height": 150,
                    "config_width": 150,
                    "src": "https://instagram.fabe1-1.fna.fbcdn.net/v/t51.2885-15/e35/s150x150/121710902_378123046662661_8184049007203610888_n.jpg?_nc_ht=instagram.fabe1-1.fna.fbcdn.net&_nc_cat=101&_nc_ohc=0C9cGztn-sEAX82mzYK&_nc_tp=15&oh=4b5e36f98510946234deb8e84679f480&oe=5FB232A9"
                },
                {
                    "config_height": 240,
                    "config_width": 240,
                    "src": "https://instagram.fabe1-1.fna.fbcdn.net/v/t51.2885-15/e35/s240x240/121710902_378123046662661_8184049007203610888_n.jpg?_nc_ht=instagram.fabe1-1.fna.fbcdn.net&_nc_cat=101&_nc_ohc=0C9cGztn-sEAX82mzYK&_nc_tp=15&oh=8be69943227c79b2fd0c8c45ff607b41&oe=5FB569AF"
                },
                {
                    "config_height": 320,
                    "config_width": 320,
                    "src": "https://instagram.fabe1-1.fna.fbcdn.net/v/t51.2885-15/e35/s320x320/121710902_378123046662661_8184049007203610888_n.jpg?_nc_ht=instagram.fabe1-1.fna.fbcdn.net&_nc_cat=101&_nc_ohc=0C9cGztn-sEAX82mzYK&_nc_tp=15&oh=49acc91a19fe7672bce559d1ce1a6450&oe=5FB4C0D1"
                },
                {
                    "config_height": 480,
                    "config_width": 480,
                    "src": "https://instagram.fabe1-1.fna.fbcdn.net/v/t51.2885-15/e35/s480x480/121710902_378123046662661_8184049007203610888_n.jpg?_nc_ht=instagram.fabe1-1.fna.fbcdn.net&_nc_cat=101&_nc_ohc=0C9cGztn-sEAX82mzYK&_nc_tp=15&oh=035d7d5482237db81d6370a6396bb617&oe=5FB37698"
                },
                {
                    "config_height": 640,
                    "config_width": 640,
                    "src": "https://instagram.fabe1-1.fna.fbcdn.net/v/t51.2885-15/e35/121710902_378123046662661_8184049007203610888_n.jpg?_nc_ht=instagram.fabe1-1.fna.fbcdn.net&_nc_cat=101&_nc_ohc=0C9cGztn-sEAX82mzYK&_nc_tp=18&oh=2d75dfa2bc5c7e6c87e9bd2358b68ed1&oe=5FB22D98"
                }
            ],
            "thumbnail_src": "https://instagram.fabe1-1.fna.fbcdn.net/v/t51.2885-15/e35/121710902_378123046662661_8184049007203610888_n.jpg?_nc_ht=instagram.fabe1-1.fna.fbcdn.net&_nc_cat=101&_nc_ohc=0C9cGztn-sEAX82mzYK&_nc_tp=18&oh=2d75dfa2bc5c7e6c87e9bd2358b68ed1&oe=5FB22D98",
            "urls": [
                "https://instagram.fabe1-1.fna.fbcdn.net/v/t51.2885-15/e35/121710902_378123046662661_8184049007203610888_n.jpg?_nc_ht=instagram.fabe1-1.fna.fbcdn.net&_nc_cat=101&_nc_ohc=0C9cGztn-sEAX82mzYK&_nc_tp=18&oh=2d75dfa2bc5c7e6c87e9bd2358b68ed1&oe=5FB22D98"
            ]
        }
    ]
}