{
    "GraphImages": [
        {
            "comments_disabled": false,
            "dimensions": {
                "height": 1350,
                "width": 1080
            },
            "display_url": "https://instagram.fabe1-1.fna.fbcdn.net/v/t51.2885-15/e35/p1080x1080/121727525_807793723366878_4670883675070538003_n.jpg?_nc_ht=instagram.fabe1-1.fna.fbcdn.net&_nc_cat=106&_nc_ohc=RmWSYjRUoS8AX-hAmsh&tp=19&oh=af9f8545c4111f42865acc4d8098af82&oe=5FB24725",
            "edge_liked_by": {
                "count": 0
            },
            "edge_media_preview_like": {
                "count": 0
            },
            "edge_media_to_caption": {
                "edges": [
                    {
                        "node": {
                            "text": "in florida again, don’t text"
                        }
                    }
                ]
            },
            "edge_media_to_comment": {
                "count": 0
            },
            "id": "2421514710237002469",
            "is_video": false,
            "owner": {
                "id": "212352693"
            },
            "shortcode": "CGa8syaDzrl",
            "tags": [],
            "taken_at_timestamp": 1602887069,
            "thumbnail_resources": [
                {
                    "config_height": 150,
                    "config_width": 150,
                    "src": "https://instagram.fabe1-1.fna.fbcdn.net/v/t51.2885-15/e35/c0.180.1440.1440a/s150x150/121727525_807793723366878_4670883675070538003_n.jpg?_nc_ht=instagram.fabe1-1.fna.fbcdn.net&_nc_cat=106&_nc_ohc=RmWSYjRUoS8AX-hAmsh&tp=16&oh=279fd01a582b59c0f4d6feb6459c9f6c&oe=5FB475B1"
                },
                {
                    "config_height": 240,
                    "config_width": 240,
                    "src": "https://instagram.fabe1-1.fna.fbcdn.net/v/t51.2885-15/e35/c0.180.1440.1440a/s240x240/121727525_807793723366878_4670883675070538003_n.jpg?_nc_ht=instagram.fabe1-1.fna.fbcdn.net&_nc_cat=106&_nc_ohc=RmWSYjRUoS8AX-hAmsh&tp=16&oh=4c9a6211dcb9392f726b4402e20c2d7b&oe=5FB210B7"
                },
                {
                    "config_height": 320,
                    "config_width": 320,
                    "src": "https://instagram.fabe1-1.fna.fbcdn.net/v/t51.2885-15/e35/c0.180.1440.1440a/s320x320/121727525_807793723366878_4670883675070538003_n.jpg?_nc_ht=instagram.fabe1-1.fna.fbcdn.net&_nc_cat=106&_nc_ohc=RmWSYjRUoS8AX-hAmsh&tp=16&oh=e06ad40ea432370cfc3dac92aa6f32ac&oe=5FB30AC9"
                },
                {
                    "config_height": 480,
                    "config_width": 480,
                    "src": "https://instagram.fabe1-1.fna.fbcdn.net/v/t51.2885-15/e35/c0.180.1440.1440a/s480x480/121727525_807793723366878_4670883675070538003_n.jpg?_nc_ht=instagram.fabe1-1.fna.fbcdn.net&_nc_cat=106&_nc_ohc=RmWSYjRUoS8AX-hAmsh&tp=16&oh=83b6e392766a811dbf79aa080a54076d&oe=5FB31E10"
                },
                {
                    "config_height": 640,
                    "config_width": 640,
                    "src": "https://instagram.fabe1-1.fna.fbcdn.net/v/t51.2885-15/sh0.08/e35/c0.180.1440.1440a/s640x640/121727525_807793723366878_4670883675070538003_n.jpg?_nc_ht=instagram.fabe1-1.fna.fbcdn.net&_nc_cat=106&_nc_ohc=RmWSYjRUoS8AX-hAmsh&oh=097f6edbd178ea07a410fe67c455a7ec&oe=5FB3FF01"
                }
            ],
            "thumbnail_src": "https://instagram.fabe1-1.fna.fbcdn.net/v/t51.2885-15/sh0.08/e35/c0.180.1440.1440a/s640x640/121727525_807793723366878_4670883675070538003_n.jpg?_nc_ht=instagram.fabe1-1.fna.fbcdn.net&_nc_cat=106&_nc_ohc=RmWSYjRUoS8AX-hAmsh&oh=097f6edbd178ea07a410fe67c455a7ec&oe=5FB3FF01",
            "urls": [
                "https://instagram.fabe1-1.fna.fbcdn.net/v/t51.2885-15/e35/p1080x1080/121727525_807793723366878_4670883675070538003_n.jpg?_nc_ht=instagram.fabe1-1.fna.fbcdn.net&_nc_cat=106&_nc_ohc=RmWSYjRUoS8AX-hAmsh&tp=19&oh=af9f8545c4111f42865acc4d8098af82&oe=5FB24725",
                "https://instagram.fabe1-1.fna.fbcdn.net/v/t51.2885-15/e35/p1080x1080/121657216_2479824032310165_3016211898018765860_n.jpg?_nc_ht=instagram.fabe1-1.fna.fbcdn.net&_nc_cat=109&_nc_ohc=oWZ0rqK3kWIAX9OaYoq&tp=19&oh=a75cd18c8c8b3c129be196324e45bbca&oe=5FB2EF55"
            ]
        },
        {
            "comments_disabled": false,
            "dimensions": {
                "height": 1080,
                "width": 1080
            },
            "display_url": "https://instagram.fabe1-1.fna.fbcdn.net/v/t51.2885-15/e35/121560716_136128231575361_6080745973760971531_n.jpg?_nc_ht=instagram.fabe1-1.fna.fbcdn.net&_nc_cat=109&_nc_ohc=f7aNqCYVzNgAX_0NpU8&_nc_tp=18&oh=7de0e271180ae3b4c5f719f60e88e220&oe=5FB4340C",
            "edge_liked_by": {
                "count": 0
            },
            "edge_media_preview_like": {
                "count": 0
            },
            "edge_media_to_caption": {
                "edges": [
                    {
                        "node": {
                            "text": "Emeral is a ligth and bright green color with a faint blush cast. The name comes from the color of emerald, by the way the first written use of emerald as a color name in English was in 1.598. #green #bracelets #womenempowerment #pretty #cool"
                        }
                    }
                ]
            },
            "edge_media_to_comment": {
                "count": 0
            },
            "id": "2421514514440053473",
            "is_video": false,
            "owner": {
                "id": "36792109352"
            },
            "shortcode": "CGa8p8DpuLh",
            "tags": [
                "green",
                "womenempowerment",
                "bracelets",
                "cool",
                "pretty"
            ],
            "taken_at_timestamp": 1602887046,
            "thumbnail_resources": [
                {
                    "config_height": 150,
                    "config_width": 150,
                    "src": "https://instagram.fabe1-1.fna.fbcdn.net/v/t51.2885-15/e35/s150x150/121560716_136128231575361_6080745973760971531_n.jpg?_nc_ht=instagram.fabe1-1.fna.fbcdn.net&_nc_cat=109&_nc_ohc=f7aNqCYVzNgAX_0NpU8&_nc_tp=15&oh=26c7d826d6b2c2537cc2ee2197047260&oe=5FB53BB5"
                },
                {
                    "config_height": 240,
                    "config_width": 240,
                    "src": "https://instagram.fabe1-1.fna.fbcdn.net/v/t51.2885-15/e35/s240x240/121560716_136128231575361_6080745973760971531_n.jpg?_nc_ht=instagram.fabe1-1.fna.fbcdn.net&_nc_cat=109&_nc_ohc=f7aNqCYVzNgAX_0NpU8&_nc_tp=15&oh=977bd0dc60434409f56732115a64e424&oe=5FB40FB3"
                },
                {
                    "config_height": 320,
                    "config_width": 320,
                    "src": "https://instagram.fabe1-1.fna.fbcdn.net/v/t51.2885-15/e35/s320x320/121560716_136128231575361_6080745973760971531_n.jpg?_nc_ht=instagram.fabe1-1.fna.fbcdn.net&_nc_cat=109&_nc_ohc=f7aNqCYVzNgAX_0NpU8&_nc_tp=15&oh=a694facd3b54f432a63172617bbac2e3&oe=5FB5304D"
                },
                {
                    "config_height": 480,
                    "config_width": 480,
                    "src": "https://instagram.fabe1-1.fna.fbcdn.net/v/t51.2885-15/e35/s480x480/121560716_136128231575361_6080745973760971531_n.jpg?_nc_ht=instagram.fabe1-1.fna.fbcdn.net&_nc_cat=109&_nc_ohc=f7aNqCYVzNgAX_0NpU8&_nc_tp=15&oh=9713af51990969b2011daf4e1eddb206&oe=5FB4150C"
                },
                {
                    "config_height": 640,
                    "config_width": 640,
                    "src": "https://instagram.fabe1-1.fna.fbcdn.net/v/t51.2885-15/sh0.08/e35/s640x640/121560716_136128231575361_6080745973760971531_n.jpg?_nc_ht=instagram.fabe1-1.fna.fbcdn.net&_nc_cat=109&_nc_ohc=f7aNqCYVzNgAX_0NpU8&_nc_tp=24&oh=6554e845c935fc46a44231619ef73c9a&oe=5FB50032"
                }
            ],
            "thumbnail_src": "https://instagram.fabe1-1.fna.fbcdn.net/v/t51.2885-15/sh0.08/e35/s640x640/121560716_136128231575361_6080745973760971531_n.jpg?_nc_ht=instagram.fabe1-1.fna.fbcdn.net&_nc_cat=109&_nc_ohc=f7aNqCYVzNgAX_0NpU8&_nc_tp=24&oh=6554e845c935fc46a44231619ef73c9a&oe=5FB50032",
            "urls": [
                "https://instagram.fabe1-1.fna.fbcdn.net/v/t51.2885-15/e35/121560716_136128231575361_6080745973760971531_n.jpg?_nc_ht=instagram.fabe1-1.fna.fbcdn.net&_nc_cat=109&_nc_ohc=f7aNqCYVzNgAX_0NpU8&_nc_tp=18&oh=7de0e271180ae3b4c5f719f60e88e220&oe=5FB4340C"
            ]
        },
        {
            "comments_disabled": false,
            "dimensions": {
                "height": 1080,
                "width": 1080
            },
            "display_url": "https://instagram.fabe1-1.fna.fbcdn.net/v/t51.2885-15/e35/121640599_944973919246615_6947014909046694808_n.jpg?_nc_ht=instagram.fabe1-1.fna.fbcdn.net&_nc_cat=107&_nc_ohc=mo5H1q7JNWgAX-MUkvU&_nc_tp=18&oh=957acd5328fdd236395e428b128ab6c4&oe=5FB3A3E8",
            "edge_liked_by": {
                "count": 2
            },
            "edge_media_preview_like": {
                "count": 2
            },
            "edge_media_to_caption": {
                "edges": []
            },
            "edge_media_to_comment": {
                "count": 0
            },
            "id": "2421514257135254106",
            "is_video": false,
            "owner": {
                "id": "728135599"
            },
            "shortcode": "CGa8mMbFzpa",
            "taken_at_timestamp": 1602887015,
            "thumbnail_resources": [
                {
                    "config_height": 150,
                    "config_width": 150,
                    "src": "https://instagram.fabe1-1.fna.fbcdn.net/v/t51.2885-15/e35/s150x150/121640599_944973919246615_6947014909046694808_n.jpg?_nc_ht=instagram.fabe1-1.fna.fbcdn.net&_nc_cat=107&_nc_ohc=mo5H1q7JNWgAX-MUkvU&_nc_tp=15&oh=9d2fdeb732e094c7f54109f968f435fa&oe=5FB26AD9"
                },
                {
                    "config_height": 240,
                    "config_width": 240,
                    "src": "https://instagram.fabe1-1.fna.fbcdn.net/v/t51.2885-15/e35/s240x240/121640599_944973919246615_6947014909046694808_n.jpg?_nc_ht=instagram.fabe1-1.fna.fbcdn.net&_nc_cat=107&_nc_ohc=mo5H1q7JNWgAX-MUkvU&_nc_tp=15&oh=0c21d4503900040db23593f8e24b0073&oe=5FB47ADF"
                },
                {
                    "config_height": 320,
                    "config_width": 320,
                    "src": "https://instagram.fabe1-1.fna.fbcdn.net/v/t51.2885-15/e35/s320x320/121640599_944973919246615_6947014909046694808_n.jpg?_nc_ht=instagram.fabe1-1.fna.fbcdn.net&_nc_cat=107&_nc_ohc=mo5H1q7JNWgAX-MUkvU&_nc_tp=15&oh=767f4fe11fe0265938fe969a42e17ef7&oe=5FB50AA1"
                },
                {
                    "config_height": 480,
                    "config_width": 480,
                    "src": "https://instagram.fabe1-1.fna.fbcdn.net/v/t51.2885-15/e35/s480x480/121640599_944973919246615_6947014909046694808_n.jpg?_nc_ht=instagram.fabe1-1.fna.fbcdn.net&_nc_cat=107&_nc_ohc=mo5H1q7JNWgAX-MUkvU&_nc_tp=15&oh=01c7947ab1c3733447f3ce6590a58161&oe=5FB3AA68"
                },
                {
                    "config_height": 640,
                    "config_width": 640,
                    "src": "https://instagram.fabe1-1.fna.fbcdn.net/v/t51.2885-15/sh0.08/e35/s640x640/121640599_944973919246615_6947014909046694808_n.jpg?_nc_ht=instagram.fabe1-1.fna.fbcdn.net&_nc_cat=107&_nc_ohc=mo5H1q7JNWgAX-MUkvU&_nc_tp=24&oh=e276d221200f939093a57f323936e8ab&oe=5FB201DE"
                }
            ],
            "thumbnail_src": "https://instagram.fabe1-1.fna.fbcdn.net/v/t51.2885-15/sh0.08/e35/s640x640/121640599_944973919246615_6947014909046694808_n.jpg?_nc_ht=instagram.fabe1-1.fna.fbcdn.net&_nc_cat=107&_nc_ohc=mo5H1q7JNWgAX-MUkvU&_nc_tp=24&oh=e276d221200f939093a57f323936e8ab&oe=5FB201DE",
            "urls": [
                "https://instagram.fabe1-1.fna.fbcdn.net/v/t51.2885-15/e35/121640599_944973919246615_6947014909046694808_n.jpg?_nc_ht=instagram.fabe1-1.fna.fbcdn.net&_nc_cat=107&_nc_ohc=mo5H1q7JNWgAX-MUkvU&_nc_tp=18&oh=957acd5328fdd236395e428b128ab6c4&oe=5FB3A3E8",
                "https://instagram.fabe1-1.fna.fbcdn.net/v/t51.2885-15/e35/s1080x1080/121511707_193202275630438_929012418212851346_n.jpg?_nc_ht=instagram.fabe1-1.fna.fbcdn.net&_nc_cat=110&_nc_ohc=YEMfX542omgAX80eD6m&_nc_tp=15&oh=2a8fbcca0e4df2d7935f536adfd52d70&oe=5FB26296"
            ]
        }
    ]
}