{
    "GraphImages": [
        {
            "comments_disabled": false,
            "dimensions": {
                "height": 1350,
                "width": 1080
            },
            "display_url": "https://instagram.fabe1-1.fna.fbcdn.net/v/t51.2885-15/e35/p1080x1080/121506992_176291460647300_9200240303546503441_n.jpg?_nc_ht=instagram.fabe1-1.fna.fbcdn.net&_nc_cat=108&_nc_ohc=Ik6fz1Dbg8MAX-R4FXS&tp=19&oh=a73aa9b37eec5ebc62cfa3cdb661b413&oe=5FB50B29",
            "edge_liked_by": {
                "count": 0
            },
            "edge_media_preview_like": {
                "count": 0
            },
            "edge_media_to_caption": {
                "edges": [
                    {
                        "node": {
                            "text": "‘Cause it feels so empty without me"
                        }
                    }
                ]
            },
            "edge_media_to_comment": {
                "count": 0
            },
            "id": "2421522315668267847",
            "is_video": false,
            "owner": {
                "id": "348593112"
            },
            "shortcode": "CGa-bdhFqNH",
            "tags": [],
            "taken_at_timestamp": 1602887976,
            "thumbnail_resources": [
                {
                    "config_height": 150,
                    "config_width": 150,
                    "src": "https://instagram.fabe1-1.fna.fbcdn.net/v/t51.2885-15/e35/c0.180.1440.1440a/s150x150/121506992_176291460647300_9200240303546503441_n.jpg?_nc_ht=instagram.fabe1-1.fna.fbcdn.net&_nc_cat=108&_nc_ohc=Ik6fz1Dbg8MAX-R4FXS&tp=16&oh=451a6953e73508a8c7f82d5aec004852&oe=5FB5573D"
                },
                {
                    "config_height": 240,
                    "config_width": 240,
                    "src": "https://instagram.fabe1-1.fna.fbcdn.net/v/t51.2885-15/e35/c0.180.1440.1440a/s240x240/121506992_176291460647300_9200240303546503441_n.jpg?_nc_ht=instagram.fabe1-1.fna.fbcdn.net&_nc_cat=108&_nc_ohc=Ik6fz1Dbg8MAX-R4FXS&tp=16&oh=4c1c76c153366df1f9fdc82f24138544&oe=5FB2563B"
                },
                {
                    "config_height": 320,
                    "config_width": 320,
                    "src": "https://instagram.fabe1-1.fna.fbcdn.net/v/t51.2885-15/e35/c0.180.1440.1440a/s320x320/121506992_176291460647300_9200240303546503441_n.jpg?_nc_ht=instagram.fabe1-1.fna.fbcdn.net&_nc_cat=108&_nc_ohc=Ik6fz1Dbg8MAX-R4FXS&tp=16&oh=66837d298e2fbe2790310ce986c9734a&oe=5FB1CB45"
                },
                {
                    "config_height": 480,
                    "config_width": 480,
                    "src": "https://instagram.fabe1-1.fna.fbcdn.net/v/t51.2885-15/e35/c0.180.1440.1440a/s480x480/121506992_176291460647300_9200240303546503441_n.jpg?_nc_ht=instagram.fabe1-1.fna.fbcdn.net&_nc_cat=108&_nc_ohc=Ik6fz1Dbg8MAX-R4FXS&tp=16&oh=3617e604a578f8f70e97703b86210d4f&oe=5FB1EB84"
                },
                {
                    "config_height": 640,
                    "config_width": 640,
                    "src": "https://instagram.fabe1-1.fna.fbcdn.net/v/t51.2885-15/sh0.08/e35/c0.180.1440.1440a/s640x640/121506992_176291460647300_9200240303546503441_n.jpg?_nc_ht=instagram.fabe1-1.fna.fbcdn.net&_nc_cat=108&_nc_ohc=Ik6fz1Dbg8MAX-R4FXS&oh=f92215d86db96df9e50a477ed108ea46&oe=5FB2100D"
                }
            ],
            "thumbnail_src": "https://instagram.fabe1-1.fna.fbcdn.net/v/t51.2885-15/sh0.08/e35/c0.180.1440.1440a/s640x640/121506992_176291460647300_9200240303546503441_n.jpg?_nc_ht=instagram.fabe1-1.fna.fbcdn.net&_nc_cat=108&_nc_ohc=Ik6fz1Dbg8MAX-R4FXS&oh=f92215d86db96df9e50a477ed108ea46&oe=5FB2100D",
            "urls": [
                "https://instagram.fabe1-1.fna.fbcdn.net/v/t51.2885-15/e35/p1080x1080/121506992_176291460647300_9200240303546503441_n.jpg?_nc_ht=instagram.fabe1-1.fna.fbcdn.net&_nc_cat=108&_nc_ohc=Ik6fz1Dbg8MAX-R4FXS&tp=19&oh=a73aa9b37eec5ebc62cfa3cdb661b413&oe=5FB50B29"
            ]
        },
        {
            "comments_disabled": false,
            "dimensions": {
                "height": 1080,
                "width": 1080
            },
            "display_url": "https://instagram.fabe1-1.fna.fbcdn.net/v/t51.2885-15/e35/s1080x1080/121609390_3929382540422352_443976073824309300_n.jpg?_nc_ht=instagram.fabe1-1.fna.fbcdn.net&_nc_cat=100&_nc_ohc=XA3K1CNMhrsAX-jkS04&_nc_tp=15&oh=dbda2d60c0303de9e22122095908873a&oe=5FB2FC5E",
            "edge_liked_by": {
                "count": 5
            },
            "edge_media_preview_like": {
                "count": 5
            },
            "edge_media_to_caption": {
                "edges": [
                    {
                        "node": {
                            "text": "Throwin darts and hitting hearts....this was a nice one from earlier in the week #blessed #thankful #grateful #lucky #bullseye #swordfish #endgame #daytimeswordfishing #swordfishing #adventure #ocean #fishing #hireaguide #privatecharter"
                        }
                    }
                ]
            },
            "edge_media_to_comment": {
                "count": 0
            },
            "id": "2421522085642961520",
            "is_video": false,
            "owner": {
                "id": "441311734"
            },
            "shortcode": "CGa-YHSgwJw",
            "tags": [
                "swordfish",
                "swordfishing",
                "fishing",
                "grateful",
                "thankful",
                "bullseye",
                "blessed",
                "adventure",
                "endgame",
                "ocean",
                "privatecharter",
                "hireaguide",
                "daytimeswordfishing",
                "lucky"
            ],
            "taken_at_timestamp": 1602887949,
            "thumbnail_resources": [
                {
                    "config_height": 150,
                    "config_width": 150,
                    "src": "https://instagram.fabe1-1.fna.fbcdn.net/v/t51.2885-15/e35/s150x150/121609390_3929382540422352_443976073824309300_n.jpg?_nc_ht=instagram.fabe1-1.fna.fbcdn.net&_nc_cat=100&_nc_ohc=XA3K1CNMhrsAX-jkS04&_nc_tp=15&oh=7f2bc64ee4493caf0d9db2e5e9560bdc&oe=5FB4CF1D"
                },
                {
                    "config_height": 240,
                    "config_width": 240,
                    "src": "https://instagram.fabe1-1.fna.fbcdn.net/v/t51.2885-15/e35/s240x240/121609390_3929382540422352_443976073824309300_n.jpg?_nc_ht=instagram.fabe1-1.fna.fbcdn.net&_nc_cat=100&_nc_ohc=XA3K1CNMhrsAX-jkS04&_nc_tp=15&oh=012a1376497292140b4dd4d255e05d08&oe=5FB3EF1B"
                },
                {
                    "config_height": 320,
                    "config_width": 320,
                    "src": "https://instagram.fabe1-1.fna.fbcdn.net/v/t51.2885-15/e35/s320x320/121609390_3929382540422352_443976073824309300_n.jpg?_nc_ht=instagram.fabe1-1.fna.fbcdn.net&_nc_cat=100&_nc_ohc=XA3K1CNMhrsAX-jkS04&_nc_tp=15&oh=e4600a46d658b988481d3478f265015d&oe=5FB26765"
                },
                {
                    "config_height": 480,
                    "config_width": 480,
                    "src": "https://instagram.fabe1-1.fna.fbcdn.net/v/t51.2885-15/e35/s480x480/121609390_3929382540422352_443976073824309300_n.jpg?_nc_ht=instagram.fabe1-1.fna.fbcdn.net&_nc_cat=100&_nc_ohc=XA3K1CNMhrsAX-jkS04&_nc_tp=15&oh=feec8ab7082aadbe1b2af440493f151f&oe=5FB212A4"
                },
                {
                    "config_height": 640,
                    "config_width": 640,
                    "src": "https://instagram.fabe1-1.fna.fbcdn.net/v/t51.2885-15/sh0.08/e35/s640x640/121609390_3929382540422352_443976073824309300_n.jpg?_nc_ht=instagram.fabe1-1.fna.fbcdn.net&_nc_cat=100&_nc_ohc=XA3K1CNMhrsAX-jkS04&_nc_tp=24&oh=6250e0bc0eb5c6690f23d3731c124632&oe=5FB36B1A"
                }
            ],
            "thumbnail_src": "https://instagram.fabe1-1.fna.fbcdn.net/v/t51.2885-15/sh0.08/e35/s640x640/121609390_3929382540422352_443976073824309300_n.jpg?_nc_ht=instagram.fabe1-1.fna.fbcdn.net&_nc_cat=100&_nc_ohc=XA3K1CNMhrsAX-jkS04&_nc_tp=24&oh=6250e0bc0eb5c6690f23d3731c124632&oe=5FB36B1A",
            "urls": [
                "https://instagram.fabe1-1.fna.fbcdn.net/v/t51.2885-15/e35/s1080x1080/121609390_3929382540422352_443976073824309300_n.jpg?_nc_ht=instagram.fabe1-1.fna.fbcdn.net&_nc_cat=100&_nc_ohc=XA3K1CNMhrsAX-jkS04&_nc_tp=15&oh=dbda2d60c0303de9e22122095908873a&oe=5FB2FC5E"
            ]
        },
        {
            "comments_disabled": false,
            "dimensions": {
                "height": 1079,
                "width": 1080
            },
            "display_url": "https://instagram.fabe1-1.fna.fbcdn.net/v/t51.2885-15/e35/s1080x1080/121657813_2711425859112408_8820042570271077501_n.jpg?_nc_ht=instagram.fabe1-1.fna.fbcdn.net&_nc_cat=100&_nc_ohc=rB9IZykaC2MAX8sE_xG&_nc_tp=15&oh=b3e07c881956e1e5ca2c056a52be8458&oe=5FB4DA9E",
            "edge_liked_by": {
                "count": 0
            },
            "edge_media_preview_like": {
                "count": 0
            },
            "edge_media_to_caption": {
                "edges": [
                    {
                        "node": {
                            "text": "Miami Was Mad Real‼️ 🏁💯🎥\n•\n•\n#miami #beforeroyalty #southbeach #305miami #miamibeach #princeraypope"
                        }
                    }
                ]
            },
            "edge_media_to_comment": {
                "count": 0
            },
            "id": "2421521670726253547",
            "is_video": false,
            "owner": {
                "id": "2904499073"
            },
            "shortcode": "CGa-SE3jHvr",
            "tags": [
                "princeraypope",
                "miamibeach",
                "southbeach",
                "beforeroyalty",
                "miami",
                "305miami"
            ],
            "taken_at_timestamp": 1602887899,
            "thumbnail_resources": [
                {
                    "config_height": 150,
                    "config_width": 150,
                    "src": "https://instagram.fabe1-1.fna.fbcdn.net/v/t51.2885-15/e35/c0.0.1439.1439a/s150x150/121657813_2711425859112408_8820042570271077501_n.jpg?_nc_ht=instagram.fabe1-1.fna.fbcdn.net&_nc_cat=100&_nc_ohc=rB9IZykaC2MAX8sE_xG&tp=16&oh=e8b8db3bd3bed485ef646516b1fa3183&oe=5FB2F522"
                },
                {
                    "config_height": 240,
                    "config_width": 240,
                    "src": "https://instagram.fabe1-1.fna.fbcdn.net/v/t51.2885-15/e35/c0.0.1439.1439a/s240x240/121657813_2711425859112408_8820042570271077501_n.jpg?_nc_ht=instagram.fabe1-1.fna.fbcdn.net&_nc_cat=100&_nc_ohc=rB9IZykaC2MAX8sE_xG&tp=16&oh=2eab1c1ce49c77e2f38eec361ee1fb94&oe=5FB25DEA"
                },
                {
                    "config_height": 320,
                    "config_width": 320,
                    "src": "https://instagram.fabe1-1.fna.fbcdn.net/v/t51.2885-15/e35/c0.0.1439.1439a/s320x320/121657813_2711425859112408_8820042570271077501_n.jpg?_nc_ht=instagram.fabe1-1.fna.fbcdn.net&_nc_cat=100&_nc_ohc=rB9IZykaC2MAX8sE_xG&tp=16&oh=70cd9115745ecf88e33585699652b5b4&oe=5FB46937"
                },
                {
                    "config_height": 480,
                    "config_width": 480,
                    "src": "https://instagram.fabe1-1.fna.fbcdn.net/v/t51.2885-15/e35/c0.0.1439.1439a/s480x480/121657813_2711425859112408_8820042570271077501_n.jpg?_nc_ht=instagram.fabe1-1.fna.fbcdn.net&_nc_cat=100&_nc_ohc=rB9IZykaC2MAX8sE_xG&tp=16&oh=c4cf4b3ba53cb5482b51b57d03fa81eb&oe=5FB507F5"
                },
                {
                    "config_height": 640,
                    "config_width": 640,
                    "src": "https://instagram.fabe1-1.fna.fbcdn.net/v/t51.2885-15/sh0.08/e35/c0.0.1439.1439a/s640x640/121657813_2711425859112408_8820042570271077501_n.jpg?_nc_ht=instagram.fabe1-1.fna.fbcdn.net&_nc_cat=100&_nc_ohc=rB9IZykaC2MAX8sE_xG&oh=bafde0c9280a7775aa5295310edc00c9&oe=5FB1BBE0"
                }
            ],
            "thumbnail_src": "https://instagram.fabe1-1.fna.fbcdn.net/v/t51.2885-15/sh0.08/e35/c0.0.1439.1439a/s640x640/121657813_2711425859112408_8820042570271077501_n.jpg?_nc_ht=instagram.fabe1-1.fna.fbcdn.net&_nc_cat=100&_nc_ohc=rB9IZykaC2MAX8sE_xG&oh=bafde0c9280a7775aa5295310edc00c9&oe=5FB1BBE0",
            "urls": [
                "https://instagram.fabe1-1.fna.fbcdn.net/v/t51.2885-15/e35/s1080x1080/121657813_2711425859112408_8820042570271077501_n.jpg?_nc_ht=instagram.fabe1-1.fna.fbcdn.net&_nc_cat=100&_nc_ohc=rB9IZykaC2MAX8sE_xG&_nc_tp=15&oh=b3e07c881956e1e5ca2c056a52be8458&oe=5FB4DA9E",
                "https://instagram.fabe1-1.fna.fbcdn.net/v/t51.2885-15/e35/s1080x1080/121512052_719328065325359_5951741510499155000_n.jpg?_nc_ht=instagram.fabe1-1.fna.fbcdn.net&_nc_cat=111&_nc_ohc=adnDrHvCPxsAX9r9VVN&_nc_tp=15&oh=404b1fcc559c1b8313fbb0b3dffe4f59&oe=5FB4B488",
                "https://instagram.fabe1-1.fna.fbcdn.net/v/t51.2885-15/e35/s1080x1080/121741585_144124144077453_6080375986315509668_n.jpg?_nc_ht=instagram.fabe1-1.fna.fbcdn.net&_nc_cat=109&_nc_ohc=Q8gU99DHZAgAX_kKDI0&_nc_tp=15&oh=7da5164ef5639c0f54cd250a292ec181&oe=5FB281E6",
                "https://instagram.fabe1-1.fna.fbcdn.net/v/t51.2885-15/e35/s1080x1080/121534714_3089373231169336_8716080810429737487_n.jpg?_nc_ht=instagram.fabe1-1.fna.fbcdn.net&_nc_cat=104&_nc_ohc=3hw74-N-6jEAX_hrG6E&_nc_tp=15&oh=341295a65764978c4a0d874adaa76f3a&oe=5FB2F4F6",
                "https://instagram.fabe1-1.fna.fbcdn.net/v/t51.2885-15/e35/s1080x1080/121256231_717347388897417_5295783625094179676_n.jpg?_nc_ht=instagram.fabe1-1.fna.fbcdn.net&_nc_cat=109&_nc_ohc=DmExRzq4RRMAX-Rk8Nx&_nc_tp=15&oh=e445451c5bb9b2617d18972da414ae85&oe=5FB23465",
                "https://instagram.fabe1-1.fna.fbcdn.net/v/t51.2885-15/e35/s1080x1080/121638863_165768758504760_4743780427582607173_n.jpg?_nc_ht=instagram.fabe1-1.fna.fbcdn.net&_nc_cat=100&_nc_ohc=ylg7yISx5-4AX-HHSlp&_nc_tp=15&oh=42790700df2e091b4d4d81f40dab703b&oe=5FB4FA16",
                "https://instagram.fabe1-1.fna.fbcdn.net/v/t51.2885-15/e35/s1080x1080/121595317_164564498661159_8797465002273018343_n.jpg?_nc_ht=instagram.fabe1-1.fna.fbcdn.net&_nc_cat=103&_nc_ohc=47nofkawewoAX-V-dvB&_nc_tp=15&oh=ce455f1576f1ae0e4f35f7d7ab6a0c04&oe=5FB260E1"
            ]
        }
    ]
}