{
    "GraphImages": [
        {
            "comments_disabled": false,
            "dimensions": {
                "height": 1080,
                "width": 1080
            },
            "display_url": "https://instagram.fabe1-1.fna.fbcdn.net/v/t51.2885-15/e35/s1080x1080/121973716_174657727567395_1418839106843865162_n.jpg?_nc_ht=instagram.fabe1-1.fna.fbcdn.net&_nc_cat=103&_nc_ohc=ZnJJTCIDmuIAX-EPReA&_nc_tp=15&oh=dddb58b1f6a795910a9cc6ca364f8422&oe=5FB2FC55",
            "edge_liked_by": {
                "count": 0
            },
            "edge_media_preview_like": {
                "count": 0
            },
            "edge_media_to_caption": {
                "edges": [
                    {
                        "node": {
                            "text": "Design of this luxury villa\n.\n\n.\n.\n\n.\n#luxurylifestyle #luxury #lux #luxuryhomes #homesweethome #home #homens #milionairelifestyle #milion #milionhome"
                        }
                    }
                ]
            },
            "edge_media_to_comment": {
                "count": 0
            },
            "id": "2421548470124151432",
            "is_video": false,
            "owner": {
                "id": "22083481069"
            },
            "shortcode": "CGbEYDwJAKI",
            "tags": [
                "luxuryhomes",
                "homesweethome",
                "home",
                "homens",
                "milionhome",
                "luxurylifestyle",
                "luxury",
                "milionairelifestyle",
                "lux",
                "milion"
            ],
            "taken_at_timestamp": 1602891094,
            "thumbnail_resources": [
                {
                    "config_height": 150,
                    "config_width": 150,
                    "src": "https://instagram.fabe1-1.fna.fbcdn.net/v/t51.2885-15/e35/s150x150/121973716_174657727567395_1418839106843865162_n.jpg?_nc_ht=instagram.fabe1-1.fna.fbcdn.net&_nc_cat=103&_nc_ohc=ZnJJTCIDmuIAX-EPReA&_nc_tp=15&oh=8dc598cf7199551c9be58c41866d75a2&oe=5FB20B16"
                },
                {
                    "config_height": 240,
                    "config_width": 240,
                    "src": "https://instagram.fabe1-1.fna.fbcdn.net/v/t51.2885-15/e35/s240x240/121973716_174657727567395_1418839106843865162_n.jpg?_nc_ht=instagram.fabe1-1.fna.fbcdn.net&_nc_cat=103&_nc_ohc=ZnJJTCIDmuIAX-EPReA&_nc_tp=15&oh=3b4acebd424425b5f2b26453dd670e79&oe=5FB2BE94"
                },
                {
                    "config_height": 320,
                    "config_width": 320,
                    "src": "https://instagram.fabe1-1.fna.fbcdn.net/v/t51.2885-15/e35/s320x320/121973716_174657727567395_1418839106843865162_n.jpg?_nc_ht=instagram.fabe1-1.fna.fbcdn.net&_nc_cat=103&_nc_ohc=ZnJJTCIDmuIAX-EPReA&_nc_tp=15&oh=bc1af64aac277b04f3bc510aa487d8e8&oe=5FB4D36E"
                },
                {
                    "config_height": 480,
                    "config_width": 480,
                    "src": "https://instagram.fabe1-1.fna.fbcdn.net/v/t51.2885-15/e35/s480x480/121973716_174657727567395_1418839106843865162_n.jpg?_nc_ht=instagram.fabe1-1.fna.fbcdn.net&_nc_cat=103&_nc_ohc=ZnJJTCIDmuIAX-EPReA&_nc_tp=15&oh=8354bc3aa386a130ed4bd093ef7e7bc2&oe=5FB2AF2B"
                },
                {
                    "config_height": 640,
                    "config_width": 640,
                    "src": "https://instagram.fabe1-1.fna.fbcdn.net/v/t51.2885-15/sh0.08/e35/s640x640/121973716_174657727567395_1418839106843865162_n.jpg?_nc_ht=instagram.fabe1-1.fna.fbcdn.net&_nc_cat=103&_nc_ohc=ZnJJTCIDmuIAX-EPReA&_nc_tp=24&oh=b41b4e535c93722421cabe2f1f639258&oe=5FB52391"
                }
            ],
            "thumbnail_src": "https://instagram.fabe1-1.fna.fbcdn.net/v/t51.2885-15/sh0.08/e35/s640x640/121973716_174657727567395_1418839106843865162_n.jpg?_nc_ht=instagram.fabe1-1.fna.fbcdn.net&_nc_cat=103&_nc_ohc=ZnJJTCIDmuIAX-EPReA&_nc_tp=24&oh=b41b4e535c93722421cabe2f1f639258&oe=5FB52391",
            "urls": [
                "https://instagram.fabe1-1.fna.fbcdn.net/v/t51.2885-15/e35/s1080x1080/121973716_174657727567395_1418839106843865162_n.jpg?_nc_ht=instagram.fabe1-1.fna.fbcdn.net&_nc_cat=103&_nc_ohc=ZnJJTCIDmuIAX-EPReA&_nc_tp=15&oh=dddb58b1f6a795910a9cc6ca364f8422&oe=5FB2FC55",
                "https://instagram.fabe1-1.fna.fbcdn.net/v/t51.2885-15/e35/s1080x1080/121540347_1169505140117840_1439563471888906643_n.jpg?_nc_ht=instagram.fabe1-1.fna.fbcdn.net&_nc_cat=108&_nc_ohc=QUotSGJxttkAX9Oqke8&_nc_tp=15&oh=8222f655c442b563593de7f189f35d5e&oe=5FB3096C",
                "https://instagram.fabe1-1.fna.fbcdn.net/v/t51.2885-15/e35/s1080x1080/121528714_128146378742060_273089470216925259_n.jpg?_nc_ht=instagram.fabe1-1.fna.fbcdn.net&_nc_cat=108&_nc_ohc=zTel3JtrjeEAX91f95w&_nc_tp=15&oh=2cacb48c60228e370f28160f3749a53f&oe=5FB449E3",
                "https://instagram.fabe1-1.fna.fbcdn.net/v/t51.2885-15/e35/s1080x1080/121639743_746574829263633_2788954433570467724_n.jpg?_nc_ht=instagram.fabe1-1.fna.fbcdn.net&_nc_cat=109&_nc_ohc=HOCAhW9nt6MAX9FTBNs&_nc_tp=15&oh=dfe86a30744f91d242773d0775b6e016&oe=5FB20873",
                "https://instagram.fabe1-1.fna.fbcdn.net/v/t51.2885-15/e35/s1080x1080/121513886_1204625183242384_2269556245210000660_n.jpg?_nc_ht=instagram.fabe1-1.fna.fbcdn.net&_nc_cat=104&_nc_ohc=aVLKPn7Di_IAX8DHdIL&_nc_tp=15&oh=b490f39969391696f028b810b6c6b147&oe=5FB30A8B",
                "https://instagram.fabe1-1.fna.fbcdn.net/v/t51.2885-15/e35/s1080x1080/121661597_781258215769559_4009375335066288305_n.jpg?_nc_ht=instagram.fabe1-1.fna.fbcdn.net&_nc_cat=111&_nc_ohc=1OajEv0ENcEAX8TS_RC&_nc_tp=15&oh=f661e6138481f59515f0887cc2012724&oe=5FB20606",
                "https://instagram.fabe1-1.fna.fbcdn.net/v/t51.2885-15/e35/s1080x1080/122014119_349428972936467_1768303057781211999_n.jpg?_nc_ht=instagram.fabe1-1.fna.fbcdn.net&_nc_cat=111&_nc_ohc=oDi9Rle_B-EAX8LUmHz&_nc_tp=15&oh=58a04ab7cb9b03a1babbf4a11575a926&oe=5FB28687",
                "https://instagram.fabe1-1.fna.fbcdn.net/v/t51.2885-15/e35/s1080x1080/121520522_195623655301438_6252094754170988878_n.jpg?_nc_ht=instagram.fabe1-1.fna.fbcdn.net&_nc_cat=110&_nc_ohc=aJ9Mh4P4SGsAX_-lCwa&_nc_tp=15&oh=da0132bd91703c5aa16644bc9c425f6f&oe=5FB480A7",
                "https://instagram.fabe1-1.fna.fbcdn.net/v/t51.2885-15/e35/s1080x1080/121577639_343003466976825_7199253466286005643_n.jpg?_nc_ht=instagram.fabe1-1.fna.fbcdn.net&_nc_cat=109&_nc_ohc=F9HdiFPyqecAX-ZaFSs&_nc_tp=15&oh=5138b7912380c84feb012c8b34104287&oe=5FB4812C",
                "https://instagram.fabe1-1.fna.fbcdn.net/v/t51.2885-15/e35/s1080x1080/121622509_348157543124741_1697755598363747817_n.jpg?_nc_ht=instagram.fabe1-1.fna.fbcdn.net&_nc_cat=105&_nc_ohc=FkvV5cNCIJwAX_E-Uwf&_nc_tp=15&oh=9b57edd552d73cab66c39f079ea197cd&oe=5FB22680"
            ]
        },
        {
            "comments_disabled": false,
            "dimensions": {
                "height": 1328,
                "width": 1080
            },
            "display_url": "https://instagram.fabe1-1.fna.fbcdn.net/v/t51.2885-15/e35/p1080x1080/121573307_1229465820768204_8248387483670075107_n.jpg?_nc_ht=instagram.fabe1-1.fna.fbcdn.net&_nc_cat=100&_nc_ohc=4KZRD4jnaNkAX-XWyoH&tp=19&oh=03ca8b5141faddea0ec89c89bb9d1bd7&oe=5FB4F557",
            "edge_liked_by": {
                "count": 0
            },
            "edge_media_preview_like": {
                "count": 0
            },
            "edge_media_to_caption": {
                "edges": [
                    {
                        "node": {
                            "text": "Miami bitches with beach"
                        }
                    }
                ]
            },
            "edge_media_to_comment": {
                "count": 0
            },
            "id": "2421548281420882793",
            "is_video": false,
            "owner": {
                "id": "43962247441"
            },
            "shortcode": "CGbEVUAjKNp",
            "tags": [],
            "taken_at_timestamp": 1602891071,
            "thumbnail_resources": [
                {
                    "config_height": 150,
                    "config_width": 150,
                    "src": "https://instagram.fabe1-1.fna.fbcdn.net/v/t51.2885-15/e35/c0.144.1254.1254a/s150x150/121573307_1229465820768204_8248387483670075107_n.jpg?_nc_ht=instagram.fabe1-1.fna.fbcdn.net&_nc_cat=100&_nc_ohc=4KZRD4jnaNkAX-XWyoH&tp=16&oh=aea838f8d65419235c87739e77a0985b&oe=5FB38151"
                },
                {
                    "config_height": 240,
                    "config_width": 240,
                    "src": "https://instagram.fabe1-1.fna.fbcdn.net/v/t51.2885-15/e35/c0.144.1254.1254a/s240x240/121573307_1229465820768204_8248387483670075107_n.jpg?_nc_ht=instagram.fabe1-1.fna.fbcdn.net&_nc_cat=100&_nc_ohc=4KZRD4jnaNkAX-XWyoH&tp=16&oh=75766bb793ec30302a0ddb94c16a80ae&oe=5FB52299"
                },
                {
                    "config_height": 320,
                    "config_width": 320,
                    "src": "https://instagram.fabe1-1.fna.fbcdn.net/v/t51.2885-15/e35/c0.144.1254.1254a/s320x320/121573307_1229465820768204_8248387483670075107_n.jpg?_nc_ht=instagram.fabe1-1.fna.fbcdn.net&_nc_cat=100&_nc_ohc=4KZRD4jnaNkAX-XWyoH&tp=16&oh=5fcfd742228fe59352af991aeffaae41&oe=5FB213C8"
                },
                {
                    "config_height": 480,
                    "config_width": 480,
                    "src": "https://instagram.fabe1-1.fna.fbcdn.net/v/t51.2885-15/e35/c0.144.1254.1254a/s480x480/121573307_1229465820768204_8248387483670075107_n.jpg?_nc_ht=instagram.fabe1-1.fna.fbcdn.net&_nc_cat=100&_nc_ohc=4KZRD4jnaNkAX-XWyoH&tp=16&oh=6ca3f6a91ce1ad953470fea27a658016&oe=5FB2DB06"
                },
                {
                    "config_height": 640,
                    "config_width": 640,
                    "src": "https://instagram.fabe1-1.fna.fbcdn.net/v/t51.2885-15/sh0.08/e35/c0.144.1254.1254a/s640x640/121573307_1229465820768204_8248387483670075107_n.jpg?_nc_ht=instagram.fabe1-1.fna.fbcdn.net&_nc_cat=100&_nc_ohc=4KZRD4jnaNkAX-XWyoH&oh=41561605cd3468d0974d778237ba6b5c&oe=5FB50B40"
                }
            ],
            "thumbnail_src": "https://instagram.fabe1-1.fna.fbcdn.net/v/t51.2885-15/sh0.08/e35/c0.144.1254.1254a/s640x640/121573307_1229465820768204_8248387483670075107_n.jpg?_nc_ht=instagram.fabe1-1.fna.fbcdn.net&_nc_cat=100&_nc_ohc=4KZRD4jnaNkAX-XWyoH&oh=41561605cd3468d0974d778237ba6b5c&oe=5FB50B40",
            "urls": [
                "https://instagram.fabe1-1.fna.fbcdn.net/v/t51.2885-15/e35/p1080x1080/121573307_1229465820768204_8248387483670075107_n.jpg?_nc_ht=instagram.fabe1-1.fna.fbcdn.net&_nc_cat=100&_nc_ohc=4KZRD4jnaNkAX-XWyoH&tp=19&oh=03ca8b5141faddea0ec89c89bb9d1bd7&oe=5FB4F557",
                "https://instagram.fabe1-1.fna.fbcdn.net/v/t51.2885-15/e35/p1080x1080/121642071_1529926250541157_8491686372253849258_n.jpg?_nc_ht=instagram.fabe1-1.fna.fbcdn.net&_nc_cat=101&_nc_ohc=Yxca1pFeT3oAX9GwgI_&tp=19&oh=3a3ab385b3658155fc78ec0effccde14&oe=5FB2E55E"
            ]
        },
        {
            "comments_disabled": false,
            "dimensions": {
                "height": 810,
                "width": 1080
            },
            "display_url": "https://instagram.fabe1-1.fna.fbcdn.net/v/t51.2885-15/e35/s1080x1080/121736144_1017878845324174_4021146229539420180_n.jpg?_nc_ht=instagram.fabe1-1.fna.fbcdn.net&_nc_cat=110&_nc_ohc=QqXM-HaU4UgAX-74hZf&_nc_tp=15&oh=907c76b922d13ec2d756cbd6d8862ed0&oe=5FB4F34C",
            "edge_liked_by": {
                "count": 2
            },
            "edge_media_preview_like": {
                "count": 2
            },
            "edge_media_to_caption": {
                "edges": [
                    {
                        "node": {
                            "text": "🦋"
                        }
                    }
                ]
            },
            "edge_media_to_comment": {
                "count": 0
            },
            "id": "2421548268745343164",
            "is_video": false,
            "owner": {
                "id": "289251396"
            },
            "shortcode": "CGbEVINB0C8",
            "tags": [],
            "taken_at_timestamp": 1602891070,
            "thumbnail_resources": [
                {
                    "config_height": 150,
                    "config_width": 150,
                    "src": "https://instagram.fabe1-1.fna.fbcdn.net/v/t51.2885-15/e35/c179.0.1081.1081a/s150x150/121736144_1017878845324174_4021146229539420180_n.jpg?_nc_ht=instagram.fabe1-1.fna.fbcdn.net&_nc_cat=110&_nc_ohc=QqXM-HaU4UgAX-74hZf&tp=16&oh=e9e444624a6f2b80e44e7441c57f734b&oe=5FB401CC"
                },
                {
                    "config_height": 240,
                    "config_width": 240,
                    "src": "https://instagram.fabe1-1.fna.fbcdn.net/v/t51.2885-15/e35/c179.0.1081.1081a/s240x240/121736144_1017878845324174_4021146229539420180_n.jpg?_nc_ht=instagram.fabe1-1.fna.fbcdn.net&_nc_cat=110&_nc_ohc=QqXM-HaU4UgAX-74hZf&tp=16&oh=ff2331be52ab1056cccb475d22d5d1e7&oe=5FB35A84"
                },
                {
                    "config_height": 320,
                    "config_width": 320,
                    "src": "https://instagram.fabe1-1.fna.fbcdn.net/v/t51.2885-15/e35/c179.0.1081.1081a/s320x320/121736144_1017878845324174_4021146229539420180_n.jpg?_nc_ht=instagram.fabe1-1.fna.fbcdn.net&_nc_cat=110&_nc_ohc=QqXM-HaU4UgAX-74hZf&tp=16&oh=9632e3cbe54cd16ba2e0e54b1c4d3170&oe=5FB3B05D"
                },
                {
                    "config_height": 480,
                    "config_width": 480,
                    "src": "https://instagram.fabe1-1.fna.fbcdn.net/v/t51.2885-15/e35/c179.0.1081.1081a/s480x480/121736144_1017878845324174_4021146229539420180_n.jpg?_nc_ht=instagram.fabe1-1.fna.fbcdn.net&_nc_cat=110&_nc_ohc=QqXM-HaU4UgAX-74hZf&tp=16&oh=383b26907154560db3626bb690691dd0&oe=5FB5511F"
                },
                {
                    "config_height": 640,
                    "config_width": 640,
                    "src": "https://instagram.fabe1-1.fna.fbcdn.net/v/t51.2885-15/sh0.08/e35/c179.0.1081.1081a/s640x640/121736144_1017878845324174_4021146229539420180_n.jpg?_nc_ht=instagram.fabe1-1.fna.fbcdn.net&_nc_cat=110&_nc_ohc=QqXM-HaU4UgAX-74hZf&oh=02247374d757562f3522917b7e373725&oe=5FB48125"
                }
            ],
            "thumbnail_src": "https://instagram.fabe1-1.fna.fbcdn.net/v/t51.2885-15/sh0.08/e35/c179.0.1081.1081a/s640x640/121736144_1017878845324174_4021146229539420180_n.jpg?_nc_ht=instagram.fabe1-1.fna.fbcdn.net&_nc_cat=110&_nc_ohc=QqXM-HaU4UgAX-74hZf&oh=02247374d757562f3522917b7e373725&oe=5FB48125",
            "urls": [
                "https://instagram.fabe1-1.fna.fbcdn.net/v/t51.2885-15/e35/s1080x1080/121736144_1017878845324174_4021146229539420180_n.jpg?_nc_ht=instagram.fabe1-1.fna.fbcdn.net&_nc_cat=110&_nc_ohc=QqXM-HaU4UgAX-74hZf&_nc_tp=15&oh=907c76b922d13ec2d756cbd6d8862ed0&oe=5FB4F34C"
            ]
        },
        {
            "comments_disabled": false,
            "dimensions": {
                "height": 1350,
                "width": 1080
            },
            "display_url": "https://instagram.fabe1-1.fna.fbcdn.net/v/t51.2885-15/e35/p1080x1080/121637237_3320178248063900_7580104892471501830_n.jpg?_nc_ht=instagram.fabe1-1.fna.fbcdn.net&_nc_cat=108&_nc_ohc=a8obBqv1gpAAX_TGQnJ&tp=19&oh=edee1e7a7d29a16d6328f9b42f1af3c9&oe=5FB55414",
            "edge_liked_by": {
                "count": 1
            },
            "edge_media_preview_like": {
                "count": 1
            },
            "edge_media_to_caption": {
                "edges": [
                    {
                        "node": {
                            "text": "Ya instalado en el hotel y ahora #relax que por ahì viene el  #sushitime🍣 Y luego reuniòn #explosiva \"Lo que viene no está fácil\" 💻🎧🎙️🎛️🎚️🎹🎵🎶"
                        }
                    }
                ]
            },
            "edge_media_to_comment": {
                "count": 0
            },
            "id": "2421548249151060000",
            "is_video": false,
            "owner": {
                "id": "38112163"
            },
            "shortcode": "CGbEU19Hjgg",
            "tags": [
                "sushitime",
                "explosiva",
                "relax"
            ],
            "taken_at_timestamp": 1602891068,
            "thumbnail_resources": [
                {
                    "config_height": 150,
                    "config_width": 150,
                    "src": "https://instagram.fabe1-1.fna.fbcdn.net/v/t51.2885-15/e35/c0.180.1440.1440a/s150x150/121637237_3320178248063900_7580104892471501830_n.jpg?_nc_ht=instagram.fabe1-1.fna.fbcdn.net&_nc_cat=108&_nc_ohc=a8obBqv1gpAAX_TGQnJ&tp=16&oh=f3ff576b39da0cd5f36c5663de5be993&oe=5FB519BA"
                },
                {
                    "config_height": 240,
                    "config_width": 240,
                    "src": "https://instagram.fabe1-1.fna.fbcdn.net/v/t51.2885-15/e35/c0.180.1440.1440a/s240x240/121637237_3320178248063900_7580104892471501830_n.jpg?_nc_ht=instagram.fabe1-1.fna.fbcdn.net&_nc_cat=108&_nc_ohc=a8obBqv1gpAAX_TGQnJ&tp=16&oh=0cb043c37d16b1e88ccfe0fcc08b6452&oe=5FB4BCF2"
                },
                {
                    "config_height": 320,
                    "config_width": 320,
                    "src": "https://instagram.fabe1-1.fna.fbcdn.net/v/t51.2885-15/e35/c0.180.1440.1440a/s320x320/121637237_3320178248063900_7580104892471501830_n.jpg?_nc_ht=instagram.fabe1-1.fna.fbcdn.net&_nc_cat=108&_nc_ohc=a8obBqv1gpAAX_TGQnJ&tp=16&oh=0f50c16d765c25293a8b2fcc8eaf92eb&oe=5FB4892F"
                },
                {
                    "config_height": 480,
                    "config_width": 480,
                    "src": "https://instagram.fabe1-1.fna.fbcdn.net/v/t51.2885-15/e35/c0.180.1440.1440a/s480x480/121637237_3320178248063900_7580104892471501830_n.jpg?_nc_ht=instagram.fabe1-1.fna.fbcdn.net&_nc_cat=108&_nc_ohc=a8obBqv1gpAAX_TGQnJ&tp=16&oh=6b9507a699bd4b3d027568f8bc7c7246&oe=5FB327ED"
                },
                {
                    "config_height": 640,
                    "config_width": 640,
                    "src": "https://instagram.fabe1-1.fna.fbcdn.net/v/t51.2885-15/sh0.08/e35/c0.180.1440.1440a/s640x640/121637237_3320178248063900_7580104892471501830_n.jpg?_nc_ht=instagram.fabe1-1.fna.fbcdn.net&_nc_cat=108&_nc_ohc=a8obBqv1gpAAX_TGQnJ&oh=5706bfca4ccc033577d274bfbf79e9e4&oe=5FB453D7"
                }
            ],
            "thumbnail_src": "https://instagram.fabe1-1.fna.fbcdn.net/v/t51.2885-15/sh0.08/e35/c0.180.1440.1440a/s640x640/121637237_3320178248063900_7580104892471501830_n.jpg?_nc_ht=instagram.fabe1-1.fna.fbcdn.net&_nc_cat=108&_nc_ohc=a8obBqv1gpAAX_TGQnJ&oh=5706bfca4ccc033577d274bfbf79e9e4&oe=5FB453D7",
            "urls": [
                "https://instagram.fabe1-1.fna.fbcdn.net/v/t51.2885-15/e35/p1080x1080/121637237_3320178248063900_7580104892471501830_n.jpg?_nc_ht=instagram.fabe1-1.fna.fbcdn.net&_nc_cat=108&_nc_ohc=a8obBqv1gpAAX_TGQnJ&tp=19&oh=edee1e7a7d29a16d6328f9b42f1af3c9&oe=5FB55414"
            ]
        },
        {
            "comments_disabled": false,
            "dimensions": {
                "height": 750,
                "width": 750
            },
            "display_url": "https://instagram.fabe1-1.fna.fbcdn.net/v/t51.2885-15/e35/121661177_2410287692429018_4360785214557402451_n.jpg?_nc_ht=instagram.fabe1-1.fna.fbcdn.net&_nc_cat=102&_nc_ohc=QT58WU-ZUncAX88PPHM&_nc_tp=18&oh=28b85981941a5d0e7859ec265dd9589a&oe=5FB53F89",
            "edge_liked_by": {
                "count": 2
            },
            "edge_media_preview_like": {
                "count": 2
            },
            "edge_media_to_caption": {
                "edges": [
                    {
                        "node": {
                            "text": "Outfits 😍"
                        }
                    }
                ]
            },
            "edge_media_to_comment": {
                "count": 0
            },
            "id": "2421548077251800879",
            "is_video": false,
            "owner": {
                "id": "6725957983"
            },
            "shortcode": "CGbESV3H68v",
            "tags": [],
            "taken_at_timestamp": 1602891047,
            "thumbnail_resources": [
                {
                    "config_height": 150,
                    "config_width": 150,
                    "src": "https://instagram.fabe1-1.fna.fbcdn.net/v/t51.2885-15/e35/s150x150/121661177_2410287692429018_4360785214557402451_n.jpg?_nc_ht=instagram.fabe1-1.fna.fbcdn.net&_nc_cat=102&_nc_ohc=QT58WU-ZUncAX88PPHM&_nc_tp=15&oh=05b72ab913ef498e2b304b0992bb46b2&oe=5FB53BE5"
                },
                {
                    "config_height": 240,
                    "config_width": 240,
                    "src": "https://instagram.fabe1-1.fna.fbcdn.net/v/t51.2885-15/e35/s240x240/121661177_2410287692429018_4360785214557402451_n.jpg?_nc_ht=instagram.fabe1-1.fna.fbcdn.net&_nc_cat=102&_nc_ohc=QT58WU-ZUncAX88PPHM&_nc_tp=15&oh=622337cbb118de29a98736ced0b23546&oe=5FB2B1AD"
                },
                {
                    "config_height": 320,
                    "config_width": 320,
                    "src": "https://instagram.fabe1-1.fna.fbcdn.net/v/t51.2885-15/e35/s320x320/121661177_2410287692429018_4360785214557402451_n.jpg?_nc_ht=instagram.fabe1-1.fna.fbcdn.net&_nc_cat=102&_nc_ohc=QT58WU-ZUncAX88PPHM&_nc_tp=15&oh=4e430d1fe23cc1dfc332f1cef3475ae1&oe=5FB22674"
                },
                {
                    "config_height": 480,
                    "config_width": 480,
                    "src": "https://instagram.fabe1-1.fna.fbcdn.net/v/t51.2885-15/e35/s480x480/121661177_2410287692429018_4360785214557402451_n.jpg?_nc_ht=instagram.fabe1-1.fna.fbcdn.net&_nc_cat=102&_nc_ohc=QT58WU-ZUncAX88PPHM&_nc_tp=15&oh=e783d1c10176fe5a438df3ea366b1904&oe=5FB1D832"
                },
                {
                    "config_height": 640,
                    "config_width": 640,
                    "src": "https://instagram.fabe1-1.fna.fbcdn.net/v/t51.2885-15/sh0.08/e35/s640x640/121661177_2410287692429018_4360785214557402451_n.jpg?_nc_ht=instagram.fabe1-1.fna.fbcdn.net&_nc_cat=102&_nc_ohc=QT58WU-ZUncAX88PPHM&_nc_tp=24&oh=f6964bc69c40f078c70c440363e4d883&oe=5FB36A92"
                }
            ],
            "thumbnail_src": "https://instagram.fabe1-1.fna.fbcdn.net/v/t51.2885-15/sh0.08/e35/s640x640/121661177_2410287692429018_4360785214557402451_n.jpg?_nc_ht=instagram.fabe1-1.fna.fbcdn.net&_nc_cat=102&_nc_ohc=QT58WU-ZUncAX88PPHM&_nc_tp=24&oh=f6964bc69c40f078c70c440363e4d883&oe=5FB36A92",
            "urls": [
                "https://instagram.fabe1-1.fna.fbcdn.net/v/t51.2885-15/e35/121661177_2410287692429018_4360785214557402451_n.jpg?_nc_ht=instagram.fabe1-1.fna.fbcdn.net&_nc_cat=102&_nc_ohc=QT58WU-ZUncAX88PPHM&_nc_tp=18&oh=28b85981941a5d0e7859ec265dd9589a&oe=5FB53F89"
            ]
        }
    ]
}