{
    "GraphImages": [
        {
            "comments_disabled": false,
            "dimensions": {
                "height": 1079,
                "width": 1080
            },
            "display_url": "https://instagram.fabe1-1.fna.fbcdn.net/v/t51.2885-15/e35/s1080x1080/121657813_2711425859112408_8820042570271077501_n.jpg?_nc_ht=instagram.fabe1-1.fna.fbcdn.net&_nc_cat=100&_nc_ohc=rB9IZykaC2MAX8sE_xG&_nc_tp=15&oh=b3e07c881956e1e5ca2c056a52be8458&oe=5FB4DA9E",
            "edge_liked_by": {
                "count": 0
            },
            "edge_media_preview_like": {
                "count": 0
            },
            "edge_media_to_caption": {
                "edges": [
                    {
                        "node": {
                            "text": "Miami Was Mad Real‼️ 🏁💯🎥\n•\n•\n#miami #beforeroyalty #southbeach #305miami #miamibeach #princeraypope"
                        }
                    }
                ]
            },
            "edge_media_to_comment": {
                "count": 0
            },
            "id": "2421521670726253547",
            "is_video": false,
            "owner": {
                "id": "2904499073"
            },
            "shortcode": "CGa-SE3jHvr",
            "tags": [
                "princeraypope",
                "miamibeach",
                "miami",
                "305miami",
                "southbeach",
                "beforeroyalty"
            ],
            "taken_at_timestamp": 1602887899,
            "thumbnail_resources": [
                {
                    "config_height": 150,
                    "config_width": 150,
                    "src": "https://instagram.fabe1-1.fna.fbcdn.net/v/t51.2885-15/e35/c0.0.1439.1439a/s150x150/121657813_2711425859112408_8820042570271077501_n.jpg?_nc_ht=instagram.fabe1-1.fna.fbcdn.net&_nc_cat=100&_nc_ohc=rB9IZykaC2MAX8sE_xG&tp=16&oh=e8b8db3bd3bed485ef646516b1fa3183&oe=5FB2F522"
                },
                {
                    "config_height": 240,
                    "config_width": 240,
                    "src": "https://instagram.fabe1-1.fna.fbcdn.net/v/t51.2885-15/e35/c0.0.1439.1439a/s240x240/121657813_2711425859112408_8820042570271077501_n.jpg?_nc_ht=instagram.fabe1-1.fna.fbcdn.net&_nc_cat=100&_nc_ohc=rB9IZykaC2MAX8sE_xG&tp=16&oh=2eab1c1ce49c77e2f38eec361ee1fb94&oe=5FB25DEA"
                },
                {
                    "config_height": 320,
                    "config_width": 320,
                    "src": "https://instagram.fabe1-1.fna.fbcdn.net/v/t51.2885-15/e35/c0.0.1439.1439a/s320x320/121657813_2711425859112408_8820042570271077501_n.jpg?_nc_ht=instagram.fabe1-1.fna.fbcdn.net&_nc_cat=100&_nc_ohc=rB9IZykaC2MAX8sE_xG&tp=16&oh=70cd9115745ecf88e33585699652b5b4&oe=5FB46937"
                },
                {
                    "config_height": 480,
                    "config_width": 480,
                    "src": "https://instagram.fabe1-1.fna.fbcdn.net/v/t51.2885-15/e35/c0.0.1439.1439a/s480x480/121657813_2711425859112408_8820042570271077501_n.jpg?_nc_ht=instagram.fabe1-1.fna.fbcdn.net&_nc_cat=100&_nc_ohc=rB9IZykaC2MAX8sE_xG&tp=16&oh=c4cf4b3ba53cb5482b51b57d03fa81eb&oe=5FB507F5"
                },
                {
                    "config_height": 640,
                    "config_width": 640,
                    "src": "https://instagram.fabe1-1.fna.fbcdn.net/v/t51.2885-15/sh0.08/e35/c0.0.1439.1439a/s640x640/121657813_2711425859112408_8820042570271077501_n.jpg?_nc_ht=instagram.fabe1-1.fna.fbcdn.net&_nc_cat=100&_nc_ohc=rB9IZykaC2MAX8sE_xG&oh=bafde0c9280a7775aa5295310edc00c9&oe=5FB1BBE0"
                }
            ],
            "thumbnail_src": "https://instagram.fabe1-1.fna.fbcdn.net/v/t51.2885-15/sh0.08/e35/c0.0.1439.1439a/s640x640/121657813_2711425859112408_8820042570271077501_n.jpg?_nc_ht=instagram.fabe1-1.fna.fbcdn.net&_nc_cat=100&_nc_ohc=rB9IZykaC2MAX8sE_xG&oh=bafde0c9280a7775aa5295310edc00c9&oe=5FB1BBE0",
            "urls": [
                "https://instagram.fabe1-1.fna.fbcdn.net/v/t51.2885-15/e35/s1080x1080/121657813_2711425859112408_8820042570271077501_n.jpg?_nc_ht=instagram.fabe1-1.fna.fbcdn.net&_nc_cat=100&_nc_ohc=rB9IZykaC2MAX8sE_xG&_nc_tp=15&oh=b3e07c881956e1e5ca2c056a52be8458&oe=5FB4DA9E",
                "https://instagram.fabe1-1.fna.fbcdn.net/v/t51.2885-15/e35/s1080x1080/121512052_719328065325359_5951741510499155000_n.jpg?_nc_ht=instagram.fabe1-1.fna.fbcdn.net&_nc_cat=111&_nc_ohc=adnDrHvCPxsAX9r9VVN&_nc_tp=15&oh=404b1fcc559c1b8313fbb0b3dffe4f59&oe=5FB4B488",
                "https://instagram.fabe1-1.fna.fbcdn.net/v/t51.2885-15/e35/s1080x1080/121741585_144124144077453_6080375986315509668_n.jpg?_nc_ht=instagram.fabe1-1.fna.fbcdn.net&_nc_cat=109&_nc_ohc=Q8gU99DHZAgAX_kKDI0&_nc_tp=15&oh=7da5164ef5639c0f54cd250a292ec181&oe=5FB281E6",
                "https://instagram.fabe1-1.fna.fbcdn.net/v/t51.2885-15/e35/s1080x1080/121534714_3089373231169336_8716080810429737487_n.jpg?_nc_ht=instagram.fabe1-1.fna.fbcdn.net&_nc_cat=104&_nc_ohc=3hw74-N-6jEAX_hrG6E&_nc_tp=15&oh=341295a65764978c4a0d874adaa76f3a&oe=5FB2F4F6",
                "https://instagram.fabe1-1.fna.fbcdn.net/v/t51.2885-15/e35/s1080x1080/121256231_717347388897417_5295783625094179676_n.jpg?_nc_ht=instagram.fabe1-1.fna.fbcdn.net&_nc_cat=109&_nc_ohc=DmExRzq4RRMAX-Rk8Nx&_nc_tp=15&oh=e445451c5bb9b2617d18972da414ae85&oe=5FB23465",
                "https://instagram.fabe1-1.fna.fbcdn.net/v/t51.2885-15/e35/s1080x1080/121638863_165768758504760_4743780427582607173_n.jpg?_nc_ht=instagram.fabe1-1.fna.fbcdn.net&_nc_cat=100&_nc_ohc=ylg7yISx5-4AX-HHSlp&_nc_tp=15&oh=42790700df2e091b4d4d81f40dab703b&oe=5FB4FA16",
                "https://instagram.fabe1-1.fna.fbcdn.net/v/t51.2885-15/e35/s1080x1080/121595317_164564498661159_8797465002273018343_n.jpg?_nc_ht=instagram.fabe1-1.fna.fbcdn.net&_nc_cat=103&_nc_ohc=47nofkawewoAX-V-dvB&_nc_tp=15&oh=ce455f1576f1ae0e4f35f7d7ab6a0c04&oe=5FB260E1"
            ]
        },
        {
            "comments_disabled": false,
            "dimensions": {
                "height": 1080,
                "width": 1080
            },
            "display_url": "https://instagram.fabe1-1.fna.fbcdn.net/v/t51.2885-15/e35/121733677_177815007298971_5322434294492658712_n.jpg?_nc_ht=instagram.fabe1-1.fna.fbcdn.net&_nc_cat=103&_nc_ohc=t9meWFABf6wAX_TXy1v&_nc_tp=18&oh=447dce84692d8f1a4c550d521353d79b&oe=5FB370CF",
            "edge_liked_by": {
                "count": 0
            },
            "edge_media_preview_like": {
                "count": 0
            },
            "edge_media_to_caption": {
                "edges": [
                    {
                        "node": {
                            "text": "🎁"
                        }
                    }
                ]
            },
            "edge_media_to_comment": {
                "count": 0
            },
            "id": "2421521248755282295",
            "is_video": false,
            "owner": {
                "id": "21541640515"
            },
            "shortcode": "CGa-L74HnF3",
            "tags": [],
            "taken_at_timestamp": 1602887849,
            "thumbnail_resources": [
                {
                    "config_height": 150,
                    "config_width": 150,
                    "src": "https://instagram.fabe1-1.fna.fbcdn.net/v/t51.2885-15/e35/s150x150/121733677_177815007298971_5322434294492658712_n.jpg?_nc_ht=instagram.fabe1-1.fna.fbcdn.net&_nc_cat=103&_nc_ohc=t9meWFABf6wAX_TXy1v&_nc_tp=15&oh=f12afbd0adebc0fa9fd7c0e944dfe9a3&oe=5FB30FF2"
                },
                {
                    "config_height": 240,
                    "config_width": 240,
                    "src": "https://instagram.fabe1-1.fna.fbcdn.net/v/t51.2885-15/e35/s240x240/121733677_177815007298971_5322434294492658712_n.jpg?_nc_ht=instagram.fabe1-1.fna.fbcdn.net&_nc_cat=103&_nc_ohc=t9meWFABf6wAX_TXy1v&_nc_tp=15&oh=67ba356686ac7fd2eed237e248a3eba8&oe=5FB38DF8"
                },
                {
                    "config_height": 320,
                    "config_width": 320,
                    "src": "https://instagram.fabe1-1.fna.fbcdn.net/v/t51.2885-15/e35/s320x320/121733677_177815007298971_5322434294492658712_n.jpg?_nc_ht=instagram.fabe1-1.fna.fbcdn.net&_nc_cat=103&_nc_ohc=t9meWFABf6wAX_TXy1v&_nc_tp=15&oh=daa989373f6d6a48c087db710e5e8731&oe=5FB3A70A"
                },
                {
                    "config_height": 480,
                    "config_width": 480,
                    "src": "https://instagram.fabe1-1.fna.fbcdn.net/v/t51.2885-15/e35/s480x480/121733677_177815007298971_5322434294492658712_n.jpg?_nc_ht=instagram.fabe1-1.fna.fbcdn.net&_nc_cat=103&_nc_ohc=t9meWFABf6wAX_TXy1v&_nc_tp=15&oh=be8558ae3f30422b82399b7ada67f21c&oe=5FB596CF"
                },
                {
                    "config_height": 640,
                    "config_width": 640,
                    "src": "https://instagram.fabe1-1.fna.fbcdn.net/v/t51.2885-15/sh0.08/e35/s640x640/121733677_177815007298971_5322434294492658712_n.jpg?_nc_ht=instagram.fabe1-1.fna.fbcdn.net&_nc_cat=103&_nc_ohc=t9meWFABf6wAX_TXy1v&_nc_tp=24&oh=5c722594e3c97242195e6e469251338c&oe=5FB23375"
                }
            ],
            "thumbnail_src": "https://instagram.fabe1-1.fna.fbcdn.net/v/t51.2885-15/sh0.08/e35/s640x640/121733677_177815007298971_5322434294492658712_n.jpg?_nc_ht=instagram.fabe1-1.fna.fbcdn.net&_nc_cat=103&_nc_ohc=t9meWFABf6wAX_TXy1v&_nc_tp=24&oh=5c722594e3c97242195e6e469251338c&oe=5FB23375",
            "urls": [
                "https://instagram.fabe1-1.fna.fbcdn.net/v/t51.2885-15/e35/121733677_177815007298971_5322434294492658712_n.jpg?_nc_ht=instagram.fabe1-1.fna.fbcdn.net&_nc_cat=103&_nc_ohc=t9meWFABf6wAX_TXy1v&_nc_tp=18&oh=447dce84692d8f1a4c550d521353d79b&oe=5FB370CF"
            ]
        }
    ]
}