{
    "GraphImages": [
        {
            "comments_disabled": false,
            "dimensions": {
                "height": 1080,
                "width": 1080
            },
            "display_url": "https://instagram.fabe1-1.fna.fbcdn.net/v/t51.2885-15/e35/s1080x1080/121728629_364384061418368_8832935304934392603_n.jpg?_nc_ht=instagram.fabe1-1.fna.fbcdn.net&_nc_cat=108&_nc_ohc=mZTwhbmPdVUAX8YQvpp&_nc_tp=15&oh=da9f2d761216c2b93432e0a1c61733a6&oe=5FB33876",
            "edge_liked_by": {
                "count": 0
            },
            "edge_media_preview_like": {
                "count": 0
            },
            "edge_media_to_caption": {
                "edges": []
            },
            "edge_media_to_comment": {
                "count": 0
            },
            "id": "2421353610778942993",
            "is_video": false,
            "owner": {
                "id": "22455775785"
            },
            "shortcode": "CGaYEe2Fp4R",
            "taken_at_timestamp": 1602867865,
            "thumbnail_resources": [
                {
                    "config_height": 150,
                    "config_width": 150,
                    "src": "https://instagram.fabe1-1.fna.fbcdn.net/v/t51.2885-15/e35/s150x150/121728629_364384061418368_8832935304934392603_n.jpg?_nc_ht=instagram.fabe1-1.fna.fbcdn.net&_nc_cat=108&_nc_ohc=mZTwhbmPdVUAX8YQvpp&_nc_tp=15&oh=621cbd128c54a79bbad635545a5ba47c&oe=5FB4CEB5"
                },
                {
                    "config_height": 240,
                    "config_width": 240,
                    "src": "https://instagram.fabe1-1.fna.fbcdn.net/v/t51.2885-15/e35/s240x240/121728629_364384061418368_8832935304934392603_n.jpg?_nc_ht=instagram.fabe1-1.fna.fbcdn.net&_nc_cat=108&_nc_ohc=mZTwhbmPdVUAX8YQvpp&_nc_tp=15&oh=75c7dee372e7f1f0b7a7232d57c352f5&oe=5FB4AE33"
                },
                {
                    "config_height": 320,
                    "config_width": 320,
                    "src": "https://instagram.fabe1-1.fna.fbcdn.net/v/t51.2885-15/e35/s320x320/121728629_364384061418368_8832935304934392603_n.jpg?_nc_ht=instagram.fabe1-1.fna.fbcdn.net&_nc_cat=108&_nc_ohc=mZTwhbmPdVUAX8YQvpp&_nc_tp=15&oh=b5a852067e792fdf6b72159fe2669db1&oe=5FB1BA4D"
                },
                {
                    "config_height": 480,
                    "config_width": 480,
                    "src": "https://instagram.fabe1-1.fna.fbcdn.net/v/t51.2885-15/e35/s480x480/121728629_364384061418368_8832935304934392603_n.jpg?_nc_ht=instagram.fabe1-1.fna.fbcdn.net&_nc_cat=108&_nc_ohc=mZTwhbmPdVUAX8YQvpp&_nc_tp=15&oh=1f9ef581484f2d01abad1860bfaf3ae4&oe=5FB53A0C"
                },
                {
                    "config_height": 640,
                    "config_width": 640,
                    "src": "https://instagram.fabe1-1.fna.fbcdn.net/v/t51.2885-15/sh0.08/e35/s640x640/121728629_364384061418368_8832935304934392603_n.jpg?_nc_ht=instagram.fabe1-1.fna.fbcdn.net&_nc_cat=108&_nc_ohc=mZTwhbmPdVUAX8YQvpp&_nc_tp=24&oh=c677995241217b549ea6d13802f9a075&oe=5FB26432"
                }
            ],
            "thumbnail_src": "https://instagram.fabe1-1.fna.fbcdn.net/v/t51.2885-15/sh0.08/e35/s640x640/121728629_364384061418368_8832935304934392603_n.jpg?_nc_ht=instagram.fabe1-1.fna.fbcdn.net&_nc_cat=108&_nc_ohc=mZTwhbmPdVUAX8YQvpp&_nc_tp=24&oh=c677995241217b549ea6d13802f9a075&oe=5FB26432",
            "urls": [
                "https://instagram.fabe1-1.fna.fbcdn.net/v/t51.2885-15/e35/s1080x1080/121728629_364384061418368_8832935304934392603_n.jpg?_nc_ht=instagram.fabe1-1.fna.fbcdn.net&_nc_cat=108&_nc_ohc=mZTwhbmPdVUAX8YQvpp&_nc_tp=15&oh=da9f2d761216c2b93432e0a1c61733a6&oe=5FB33876"
            ]
        },
        {
            "comments_disabled": false,
            "dimensions": {
                "height": 1182,
                "width": 1080
            },
            "display_url": "https://instagram.fabe1-1.fna.fbcdn.net/v/t51.2885-15/e35/p1080x1080/121558173_652956645613848_5533032537237282629_n.jpg?_nc_ht=instagram.fabe1-1.fna.fbcdn.net&_nc_cat=100&_nc_ohc=jamXqzk2J4EAX8BEYdi&tp=19&oh=1dd720807b2f85a6e00e20bca352d529&oe=5FB3242B",
            "edge_liked_by": {
                "count": 1
            },
            "edge_media_preview_like": {
                "count": 1
            },
            "edge_media_to_caption": {
                "edges": [
                    {
                        "node": {
                            "text": "Isn’t she FAB? With our #spraytans even more! Always with @unfilteredsunless\n👙\n👙\nPosted @withregram • @lilahgibney mia in mia\n.\n.\n.\n.\n.\n.\n.\nLearn #spraytanning with our Mastering The Art of Spray Tanning ebook click in bio to buy \n\n#sunless\n#bronzed #spraytanmiami #tanning #miami #spraytanclasses \n\n#Southbeach #miamibeach  #franchises #franquicias #bronceado #beauty #cleantanning"
                        }
                    }
                ]
            },
            "edge_media_to_comment": {
                "count": 0
            },
            "id": "2421353472332077398",
            "is_video": false,
            "owner": {
                "id": "40052069"
            },
            "shortcode": "CGaYCd6AxlW",
            "tags": [
                "spraytans",
                "bronzed",
                "Southbeach",
                "spraytanning",
                "spraytanclasses",
                "miamibeach",
                "tanning",
                "bronceado",
                "cleantanning",
                "franquicias",
                "sunless",
                "franchises",
                "beauty",
                "spraytanmiami",
                "miami"
            ],
            "taken_at_timestamp": 1602867848,
            "thumbnail_resources": [
                {
                    "config_height": 150,
                    "config_width": 150,
                    "src": "https://instagram.fabe1-1.fna.fbcdn.net/v/t51.2885-15/e35/c0.56.1181.1181a/s150x150/121558173_652956645613848_5533032537237282629_n.jpg?_nc_ht=instagram.fabe1-1.fna.fbcdn.net&_nc_cat=100&_nc_ohc=jamXqzk2J4EAX8BEYdi&tp=16&oh=078fb8b1ac837c947d6f2558e6fd11e0&oe=5FB4185D"
                },
                {
                    "config_height": 240,
                    "config_width": 240,
                    "src": "https://instagram.fabe1-1.fna.fbcdn.net/v/t51.2885-15/e35/c0.56.1181.1181a/s240x240/121558173_652956645613848_5533032537237282629_n.jpg?_nc_ht=instagram.fabe1-1.fna.fbcdn.net&_nc_cat=100&_nc_ohc=jamXqzk2J4EAX8BEYdi&tp=16&oh=cb46da6f5161496a028ec0b5a72fda75&oe=5FB221DB"
                },
                {
                    "config_height": 320,
                    "config_width": 320,
                    "src": "https://instagram.fabe1-1.fna.fbcdn.net/v/t51.2885-15/e35/c0.56.1181.1181a/s320x320/121558173_652956645613848_5533032537237282629_n.jpg?_nc_ht=instagram.fabe1-1.fna.fbcdn.net&_nc_cat=100&_nc_ohc=jamXqzk2J4EAX8BEYdi&tp=16&oh=04c42cb94445dfaf04fbfba96d39f141&oe=5FB286A5"
                },
                {
                    "config_height": 480,
                    "config_width": 480,
                    "src": "https://instagram.fabe1-1.fna.fbcdn.net/v/t51.2885-15/e35/c0.56.1181.1181a/s480x480/121558173_652956645613848_5533032537237282629_n.jpg?_nc_ht=instagram.fabe1-1.fna.fbcdn.net&_nc_cat=100&_nc_ohc=jamXqzk2J4EAX8BEYdi&tp=16&oh=7c719ca90d6e80ed2cfd0f01ec24577f&oe=5FB1A4E4"
                },
                {
                    "config_height": 640,
                    "config_width": 640,
                    "src": "https://instagram.fabe1-1.fna.fbcdn.net/v/t51.2885-15/sh0.08/e35/c0.56.1181.1181a/s640x640/121558173_652956645613848_5533032537237282629_n.jpg?_nc_ht=instagram.fabe1-1.fna.fbcdn.net&_nc_cat=100&_nc_ohc=jamXqzk2J4EAX8BEYdi&oh=33a6e21c8f513ad4cd9ae33cccbf1201&oe=5FB19B4C"
                }
            ],
            "thumbnail_src": "https://instagram.fabe1-1.fna.fbcdn.net/v/t51.2885-15/sh0.08/e35/c0.56.1181.1181a/s640x640/121558173_652956645613848_5533032537237282629_n.jpg?_nc_ht=instagram.fabe1-1.fna.fbcdn.net&_nc_cat=100&_nc_ohc=jamXqzk2J4EAX8BEYdi&oh=33a6e21c8f513ad4cd9ae33cccbf1201&oe=5FB19B4C",
            "urls": [
                "https://instagram.fabe1-1.fna.fbcdn.net/v/t51.2885-15/e35/p1080x1080/121558173_652956645613848_5533032537237282629_n.jpg?_nc_ht=instagram.fabe1-1.fna.fbcdn.net&_nc_cat=100&_nc_ohc=jamXqzk2J4EAX8BEYdi&tp=19&oh=1dd720807b2f85a6e00e20bca352d529&oe=5FB3242B"
            ]
        },
        {
            "comments_disabled": false,
            "dimensions": {
                "height": 750,
                "width": 750
            },
            "display_url": "https://instagram.fabe1-1.fna.fbcdn.net/v/t51.2885-15/e35/121650514_174254714326909_5459510574861463382_n.jpg?_nc_ht=instagram.fabe1-1.fna.fbcdn.net&_nc_cat=101&_nc_ohc=ULzAjp47-KcAX-dEcus&_nc_tp=18&oh=8e6c545c9af3ecab25db047f0fb783ef&oe=5F8BF447",
            "edge_liked_by": {
                "count": 0
            },
            "edge_media_preview_like": {
                "count": 0
            },
            "edge_media_to_caption": {
                "edges": []
            },
            "edge_media_to_comment": {
                "count": 0
            },
            "id": "2421353295466547533",
            "is_video": true,
            "owner": {
                "id": "181941160"
            },
            "shortcode": "CGaX_5MAUlN",
            "taken_at_timestamp": 1602867840,
            "thumbnail_resources": [
                {
                    "config_height": 150,
                    "config_width": 150,
                    "src": "https://instagram.fabe1-1.fna.fbcdn.net/v/t51.2885-15/e35/s150x150/121650514_174254714326909_5459510574861463382_n.jpg?_nc_ht=instagram.fabe1-1.fna.fbcdn.net&_nc_cat=101&_nc_ohc=ULzAjp47-KcAX-dEcus&_nc_tp=15&oh=bc89f9bdabca1ac9484269bbbbfcfc0d&oe=5F8BDFFA"
                },
                {
                    "config_height": 240,
                    "config_width": 240,
                    "src": "https://instagram.fabe1-1.fna.fbcdn.net/v/t51.2885-15/e35/s240x240/121650514_174254714326909_5459510574861463382_n.jpg?_nc_ht=instagram.fabe1-1.fna.fbcdn.net&_nc_cat=101&_nc_ohc=ULzAjp47-KcAX-dEcus&_nc_tp=15&oh=0c40ed578f302fcecf257f9d8368279a&oe=5F8C5E00"
                },
                {
                    "config_height": 320,
                    "config_width": 320,
                    "src": "https://instagram.fabe1-1.fna.fbcdn.net/v/t51.2885-15/e35/s320x320/121650514_174254714326909_5459510574861463382_n.jpg?_nc_ht=instagram.fabe1-1.fna.fbcdn.net&_nc_cat=101&_nc_ohc=ULzAjp47-KcAX-dEcus&_nc_tp=15&oh=4a5f3ff63e683789049aed9b75a5affc&oe=5F8C6A02"
                },
                {
                    "config_height": 480,
                    "config_width": 480,
                    "src": "https://instagram.fabe1-1.fna.fbcdn.net/v/t51.2885-15/e35/s480x480/121650514_174254714326909_5459510574861463382_n.jpg?_nc_ht=instagram.fabe1-1.fna.fbcdn.net&_nc_cat=101&_nc_ohc=ULzAjp47-KcAX-dEcus&_nc_tp=15&oh=520154898bbc23fb35fe8e268a9c1412&oe=5F8C4F87"
                },
                {
                    "config_height": 640,
                    "config_width": 640,
                    "src": "https://instagram.fabe1-1.fna.fbcdn.net/v/t51.2885-15/sh0.08/e35/s640x640/121650514_174254714326909_5459510574861463382_n.jpg?_nc_ht=instagram.fabe1-1.fna.fbcdn.net&_nc_cat=101&_nc_ohc=ULzAjp47-KcAX-dEcus&_nc_tp=24&oh=e15fcb60a53e7fce4702f0a0d11b2c2f&oe=5F8C5A7D"
                }
            ],
            "thumbnail_src": "https://instagram.fabe1-1.fna.fbcdn.net/v/t51.2885-15/sh0.08/e35/s640x640/121650514_174254714326909_5459510574861463382_n.jpg?_nc_ht=instagram.fabe1-1.fna.fbcdn.net&_nc_cat=101&_nc_ohc=ULzAjp47-KcAX-dEcus&_nc_tp=24&oh=e15fcb60a53e7fce4702f0a0d11b2c2f&oe=5F8C5A7D",
            "urls": [
                "https://instagram.fabe1-1.fna.fbcdn.net/v/t50.2886-16/121302621_265412441432065_3443975390430978543_n.mp4?_nc_ht=instagram.fabe1-1.fna.fbcdn.net&_nc_cat=101&_nc_ohc=cZjjBWhWLzEAX8umHul&oe=5F8BD6AF&oh=5875bdfc94d396f2ec1e9e10070945ce"
            ],
            "video_view_count": 0
        },
        {
            "comments_disabled": false,
            "dimensions": {
                "height": 1003,
                "width": 1080
            },
            "display_url": "https://instagram.fabe1-1.fna.fbcdn.net/v/t51.2885-15/e35/s1080x1080/121418541_780727302660165_1511681103745963213_n.jpg?_nc_ht=instagram.fabe1-1.fna.fbcdn.net&_nc_cat=109&_nc_ohc=gZgkkPuIqDgAX9StfdR&_nc_tp=15&oh=c4da561f5f7915041c346b109e119f0d&oe=5FB49EB7",
            "edge_liked_by": {
                "count": 5
            },
            "edge_media_preview_like": {
                "count": 5
            },
            "edge_media_to_caption": {
                "edges": [
                    {
                        "node": {
                            "text": "Miami Beach🤍"
                        }
                    }
                ]
            },
            "edge_media_to_comment": {
                "count": 0
            },
            "id": "2421353394286236886",
            "is_video": false,
            "owner": {
                "id": "1084863396"
            },
            "shortcode": "CGaYBVOHhTW",
            "tags": [],
            "taken_at_timestamp": 1602867839,
            "thumbnail_resources": [
                {
                    "config_height": 150,
                    "config_width": 150,
                    "src": "https://instagram.fabe1-1.fna.fbcdn.net/v/t51.2885-15/e35/c51.0.1338.1338a/s150x150/121418541_780727302660165_1511681103745963213_n.jpg?_nc_ht=instagram.fabe1-1.fna.fbcdn.net&_nc_cat=109&_nc_ohc=gZgkkPuIqDgAX9StfdR&tp=16&oh=6e8392e8552f2985bc3cc578b3ad363b&oe=5FB2D37B"
                },
                {
                    "config_height": 240,
                    "config_width": 240,
                    "src": "https://instagram.fabe1-1.fna.fbcdn.net/v/t51.2885-15/e35/c51.0.1338.1338a/s240x240/121418541_780727302660165_1511681103745963213_n.jpg?_nc_ht=instagram.fabe1-1.fna.fbcdn.net&_nc_cat=109&_nc_ohc=gZgkkPuIqDgAX9StfdR&tp=16&oh=10ee9d47cf721f764ba8d8a73e91f7c3&oe=5FB259FD"
                },
                {
                    "config_height": 320,
                    "config_width": 320,
                    "src": "https://instagram.fabe1-1.fna.fbcdn.net/v/t51.2885-15/e35/c51.0.1338.1338a/s320x320/121418541_780727302660165_1511681103745963213_n.jpg?_nc_ht=instagram.fabe1-1.fna.fbcdn.net&_nc_cat=109&_nc_ohc=gZgkkPuIqDgAX9StfdR&tp=16&oh=92f57c232c94376e04da09dd484dcb80&oe=5FB41183"
                },
                {
                    "config_height": 480,
                    "config_width": 480,
                    "src": "https://instagram.fabe1-1.fna.fbcdn.net/v/t51.2885-15/e35/c51.0.1338.1338a/s480x480/121418541_780727302660165_1511681103745963213_n.jpg?_nc_ht=instagram.fabe1-1.fna.fbcdn.net&_nc_cat=109&_nc_ohc=gZgkkPuIqDgAX9StfdR&tp=16&oh=2b7b2ff21f6a3a43d77f6841697ed1ce&oe=5FB455C6"
                },
                {
                    "config_height": 640,
                    "config_width": 640,
                    "src": "https://instagram.fabe1-1.fna.fbcdn.net/v/t51.2885-15/sh0.08/e35/c51.0.1338.1338a/s640x640/121418541_780727302660165_1511681103745963213_n.jpg?_nc_ht=instagram.fabe1-1.fna.fbcdn.net&_nc_cat=109&_nc_ohc=gZgkkPuIqDgAX9StfdR&oh=fa620a9175ce1cc975731b0a36ed0eb5&oe=5FB37BEE"
                }
            ],
            "thumbnail_src": "https://instagram.fabe1-1.fna.fbcdn.net/v/t51.2885-15/sh0.08/e35/c51.0.1338.1338a/s640x640/121418541_780727302660165_1511681103745963213_n.jpg?_nc_ht=instagram.fabe1-1.fna.fbcdn.net&_nc_cat=109&_nc_ohc=gZgkkPuIqDgAX9StfdR&oh=fa620a9175ce1cc975731b0a36ed0eb5&oe=5FB37BEE",
            "urls": [
                "https://instagram.fabe1-1.fna.fbcdn.net/v/t51.2885-15/e35/s1080x1080/121418541_780727302660165_1511681103745963213_n.jpg?_nc_ht=instagram.fabe1-1.fna.fbcdn.net&_nc_cat=109&_nc_ohc=gZgkkPuIqDgAX9StfdR&_nc_tp=15&oh=c4da561f5f7915041c346b109e119f0d&oe=5FB49EB7"
            ]
        },
        {
            "comments_disabled": false,
            "dimensions": {
                "height": 607,
                "width": 1080
            },
            "display_url": "https://instagram.fabe1-1.fna.fbcdn.net/v/t51.2885-15/e35/s1080x1080/121519360_1100287053723653_6771168161155194638_n.jpg?_nc_ht=instagram.fabe1-1.fna.fbcdn.net&_nc_cat=105&_nc_ohc=Hrej4KZJmKkAX9w0ldA&_nc_tp=15&oh=a16919b237bb996a0791fd097e462513&oe=5FB1A75A",
            "edge_liked_by": {
                "count": 0
            },
            "edge_media_preview_like": {
                "count": 0
            },
            "edge_media_to_caption": {
                "edges": [
                    {
                        "node": {
                            "text": "The weekend is about to start and we have a new experience to offer you 😆More pictures and details coming out soon 🛥"
                        }
                    }
                ]
            },
            "edge_media_to_comment": {
                "count": 1
            },
            "id": "2421352827182868777",
            "is_video": false,
            "owner": {
                "id": "39693905964"
            },
            "shortcode": "CGaX5FEH2kp",
            "tags": [],
            "taken_at_timestamp": 1602867772,
            "thumbnail_resources": [
                {
                    "config_height": 150,
                    "config_width": 150,
                    "src": "https://instagram.fabe1-1.fna.fbcdn.net/v/t51.2885-15/e35/c315.0.810.810a/s150x150/121519360_1100287053723653_6771168161155194638_n.jpg?_nc_ht=instagram.fabe1-1.fna.fbcdn.net&_nc_cat=105&_nc_ohc=Hrej4KZJmKkAX9w0ldA&tp=16&oh=af69bf689d7b81cc1f03f525eb0f5218&oe=5FB2E1F5"
                },
                {
                    "config_height": 240,
                    "config_width": 240,
                    "src": "https://instagram.fabe1-1.fna.fbcdn.net/v/t51.2885-15/e35/c315.0.810.810a/s240x240/121519360_1100287053723653_6771168161155194638_n.jpg?_nc_ht=instagram.fabe1-1.fna.fbcdn.net&_nc_cat=105&_nc_ohc=Hrej4KZJmKkAX9w0ldA&tp=16&oh=a40caf98b262997001bd928415ad3257&oe=5FB2A73D"
                },
                {
                    "config_height": 320,
                    "config_width": 320,
                    "src": "https://instagram.fabe1-1.fna.fbcdn.net/v/t51.2885-15/e35/c315.0.810.810a/s320x320/121519360_1100287053723653_6771168161155194638_n.jpg?_nc_ht=instagram.fabe1-1.fna.fbcdn.net&_nc_cat=105&_nc_ohc=Hrej4KZJmKkAX9w0ldA&tp=16&oh=8b6e74eeada29283c3ace271e2b5324e&oe=5FB2EDE4"
                },
                {
                    "config_height": 480,
                    "config_width": 480,
                    "src": "https://instagram.fabe1-1.fna.fbcdn.net/v/t51.2885-15/e35/c315.0.810.810a/s480x480/121519360_1100287053723653_6771168161155194638_n.jpg?_nc_ht=instagram.fabe1-1.fna.fbcdn.net&_nc_cat=105&_nc_ohc=Hrej4KZJmKkAX9w0ldA&tp=16&oh=e3dcc2b327897e555860c0b10b6deafb&oe=5FB3F2A2"
                },
                {
                    "config_height": 640,
                    "config_width": 640,
                    "src": "https://instagram.fabe1-1.fna.fbcdn.net/v/t51.2885-15/sh0.08/e35/c315.0.810.810a/s640x640/121519360_1100287053723653_6771168161155194638_n.jpg?_nc_ht=instagram.fabe1-1.fna.fbcdn.net&_nc_cat=105&_nc_ohc=Hrej4KZJmKkAX9w0ldA&oh=b1662e0a884c1180f115c0c642fd45d4&oe=5FB1E58B"
                }
            ],
            "thumbnail_src": "https://instagram.fabe1-1.fna.fbcdn.net/v/t51.2885-15/sh0.08/e35/c315.0.810.810a/s640x640/121519360_1100287053723653_6771168161155194638_n.jpg?_nc_ht=instagram.fabe1-1.fna.fbcdn.net&_nc_cat=105&_nc_ohc=Hrej4KZJmKkAX9w0ldA&oh=b1662e0a884c1180f115c0c642fd45d4&oe=5FB1E58B",
            "urls": [
                "https://instagram.fabe1-1.fna.fbcdn.net/v/t51.2885-15/e35/s1080x1080/121519360_1100287053723653_6771168161155194638_n.jpg?_nc_ht=instagram.fabe1-1.fna.fbcdn.net&_nc_cat=105&_nc_ohc=Hrej4KZJmKkAX9w0ldA&_nc_tp=15&oh=a16919b237bb996a0791fd097e462513&oe=5FB1A75A"
            ]
        }
    ]
}