{
    "GraphImages": [
        {
            "comments_disabled": false,
            "dimensions": {
                "height": 421,
                "width": 750
            },
            "display_url": "https://instagram.fabe1-1.fna.fbcdn.net/v/t51.2885-15/e35/121664239_2686777384895586_8156967887294750929_n.jpg?_nc_ht=instagram.fabe1-1.fna.fbcdn.net&_nc_cat=106&_nc_ohc=Q3GhORg7UnMAX_B33X4&_nc_tp=18&oh=e51873097a87e52fa440545600cdc4d5&oe=5F8C9CA0",
            "edge_liked_by": {
                "count": 3
            },
            "edge_media_preview_like": {
                "count": 3
            },
            "edge_media_to_caption": {
                "edges": [
                    {
                        "node": {
                            "text": "pai tá on tá?🤫\n-\nSEM MENDIGAR NOS COMENTÁRIOS!!\n-\n-\n-\n-\n#toaquilosgrandes #freefire #freefirebrasil #freefireindonesia #freefiregame #garenafreefire #garena #pubg #freefirebooyah #freefirememes #freefirememe #freefirekocak #freefireindo #ff #freefiregarena #pubgmobile #freefirebattleground #booyah #freefireshare #freefirenews #game #freefiresquad #freefirebgid #gamer #freefirevideo #freefirelatam #mobilelegends #freefirelucu #loud #freefiregames"
                        }
                    }
                ]
            },
            "edge_media_to_comment": {
                "count": 0
            },
            "id": "2421481819662986521",
            "is_video": true,
            "owner": {
                "id": "5896054100"
            },
            "shortcode": "CGa1OKrFC0Z",
            "tags": [
                "ff",
                "freefirebooyah",
                "freefireshare",
                "gamer",
                "freefireindo",
                "toaquilosgrandes",
                "freefirememes",
                "mobilelegends",
                "freefireindonesia",
                "freefirelatam",
                "freefirememe",
                "pubg",
                "freefire",
                "loud",
                "garenafreefire",
                "freefiregarena",
                "freefiresquad",
                "booyah",
                "garena",
                "freefirebrasil",
                "freefirekocak",
                "pubgmobile",
                "freefiregames",
                "freefirebattleground",
                "game",
                "freefirenews",
                "freefiregame",
                "freefirebgid",
                "freefirevideo",
                "freefirelucu"
            ],
            "taken_at_timestamp": 1602883293,
            "thumbnail_resources": [
                {
                    "config_height": 150,
                    "config_width": 150,
                    "src": "https://instagram.fabe1-1.fna.fbcdn.net/v/t51.2885-15/e35/c157.0.405.405a/s150x150/121664239_2686777384895586_8156967887294750929_n.jpg?_nc_ht=instagram.fabe1-1.fna.fbcdn.net&_nc_cat=106&_nc_ohc=Q3GhORg7UnMAX_B33X4&tp=16&oh=e3f3478ac14fa6e66bd3f327636efdf4&oe=5F8C7DFE"
                },
                {
                    "config_height": 240,
                    "config_width": 240,
                    "src": "https://instagram.fabe1-1.fna.fbcdn.net/v/t51.2885-15/e35/c157.0.405.405a/s240x240/121664239_2686777384895586_8156967887294750929_n.jpg?_nc_ht=instagram.fabe1-1.fna.fbcdn.net&_nc_cat=106&_nc_ohc=Q3GhORg7UnMAX_B33X4&tp=16&oh=dae053444f37c8464405b3f145d83813&oe=5F8CB036"
                },
                {
                    "config_height": 320,
                    "config_width": 320,
                    "src": "https://instagram.fabe1-1.fna.fbcdn.net/v/t51.2885-15/e35/c157.0.405.405a/s320x320/121664239_2686777384895586_8156967887294750929_n.jpg?_nc_ht=instagram.fabe1-1.fna.fbcdn.net&_nc_cat=106&_nc_ohc=Q3GhORg7UnMAX_B33X4&tp=16&oh=333aeca9ca5822099604a7787240b6e6&oe=5F8C862B"
                },
                {
                    "config_height": 480,
                    "config_width": 480,
                    "src": "https://instagram.fabe1-1.fna.fbcdn.net/v/t51.2885-15/e35/c157.0.405.405a/121664239_2686777384895586_8156967887294750929_n.jpg?_nc_ht=instagram.fabe1-1.fna.fbcdn.net&_nc_cat=106&_nc_ohc=Q3GhORg7UnMAX_B33X4&oh=f29b721c682ead5090155e6165088c25&oe=5F8C3AEE"
                },
                {
                    "config_height": 640,
                    "config_width": 640,
                    "src": "https://instagram.fabe1-1.fna.fbcdn.net/v/t51.2885-15/e35/c157.0.405.405a/121664239_2686777384895586_8156967887294750929_n.jpg?_nc_ht=instagram.fabe1-1.fna.fbcdn.net&_nc_cat=106&_nc_ohc=Q3GhORg7UnMAX_B33X4&oh=f29b721c682ead5090155e6165088c25&oe=5F8C3AEE"
                }
            ],
            "thumbnail_src": "https://instagram.fabe1-1.fna.fbcdn.net/v/t51.2885-15/e35/c157.0.405.405a/121664239_2686777384895586_8156967887294750929_n.jpg?_nc_ht=instagram.fabe1-1.fna.fbcdn.net&_nc_cat=106&_nc_ohc=Q3GhORg7UnMAX_B33X4&oh=f29b721c682ead5090155e6165088c25&oe=5F8C3AEE",
            "urls": [
                "https://instagram.fabe1-1.fna.fbcdn.net/v/t50.2886-16/121694497_653886778599426_7131851155644903401_n.mp4?_nc_ht=instagram.fabe1-1.fna.fbcdn.net&_nc_cat=106&_nc_ohc=HBdxUOwc_fIAX8yGqhr&oe=5F8C4E2E&oh=c99561c4aee689638a471dc5d8623400"
            ],
            "video_view_count": 0
        },
        {
            "comments_disabled": false,
            "dimensions": {
                "height": 1080,
                "width": 1080
            },
            "display_url": "https://instagram.fabe1-1.fna.fbcdn.net/v/t51.2885-15/e35/121573175_789955768491569_7046713514259203199_n.jpg?_nc_ht=instagram.fabe1-1.fna.fbcdn.net&_nc_cat=105&_nc_ohc=ZwPMO_v16IoAX-PODHI&_nc_tp=18&oh=e529dc2356d3dab826ffce055fd256e2&oe=5FB46C81",
            "edge_liked_by": {
                "count": 1
            },
            "edge_media_preview_like": {
                "count": 1
            },
            "edge_media_to_caption": {
                "edges": [
                    {
                        "node": {
                            "text": "memories, fuck corona 💋💋💋💄💄💄👙👙👙🍾🍾🍾🥂🥂😘😘😘💋💋💋 #miami #beachgirl #champagne #luxury #vacation #jamaica #fitnessgirl #fit #partytime #miamibeach #submissive #malibu #hotwifelife  #hotwife #hotwifey #gymgirl #usa #fitness #losangeles #qos #vegas #fitnessmodel #model #southbeach #goldcoast"
                        }
                    }
                ]
            },
            "edge_media_to_comment": {
                "count": 0
            },
            "id": "2421482993700274444",
            "is_video": false,
            "owner": {
                "id": "5545986409"
            },
            "shortcode": "CGa1fQFJ4EM",
            "tags": [
                "model",
                "beachgirl",
                "gymgirl",
                "losangeles",
                "malibu",
                "vacation",
                "miamibeach",
                "champagne",
                "jamaica",
                "fitness",
                "fit",
                "qos",
                "usa",
                "partytime",
                "miami",
                "submissive",
                "fitnessgirl",
                "hotwifelife",
                "vegas",
                "luxury",
                "fitnessmodel",
                "hotwifey",
                "southbeach",
                "hotwife",
                "goldcoast"
            ],
            "taken_at_timestamp": 1602883289,
            "thumbnail_resources": [
                {
                    "config_height": 150,
                    "config_width": 150,
                    "src": "https://instagram.fabe1-1.fna.fbcdn.net/v/t51.2885-15/e35/s150x150/121573175_789955768491569_7046713514259203199_n.jpg?_nc_ht=instagram.fabe1-1.fna.fbcdn.net&_nc_cat=105&_nc_ohc=ZwPMO_v16IoAX-PODHI&_nc_tp=15&oh=a0cd714ef22d88a96846d9034c091731&oe=5FB33A40"
                },
                {
                    "config_height": 240,
                    "config_width": 240,
                    "src": "https://instagram.fabe1-1.fna.fbcdn.net/v/t51.2885-15/e35/s240x240/121573175_789955768491569_7046713514259203199_n.jpg?_nc_ht=instagram.fabe1-1.fna.fbcdn.net&_nc_cat=105&_nc_ohc=ZwPMO_v16IoAX-PODHI&_nc_tp=15&oh=14211391f9ab5dd7bf7be6efa404212d&oe=5FB53F3A"
                },
                {
                    "config_height": 320,
                    "config_width": 320,
                    "src": "https://instagram.fabe1-1.fna.fbcdn.net/v/t51.2885-15/e35/s320x320/121573175_789955768491569_7046713514259203199_n.jpg?_nc_ht=instagram.fabe1-1.fna.fbcdn.net&_nc_cat=105&_nc_ohc=ZwPMO_v16IoAX-PODHI&_nc_tp=15&oh=175038ef918c459ff81244e2730b16eb&oe=5FB3F748"
                },
                {
                    "config_height": 480,
                    "config_width": 480,
                    "src": "https://instagram.fabe1-1.fna.fbcdn.net/v/t51.2885-15/e35/s480x480/121573175_789955768491569_7046713514259203199_n.jpg?_nc_ht=instagram.fabe1-1.fna.fbcdn.net&_nc_cat=105&_nc_ohc=ZwPMO_v16IoAX-PODHI&_nc_tp=15&oh=5dda28708ff4a32004158ce6f6921999&oe=5FB23601"
                },
                {
                    "config_height": 640,
                    "config_width": 640,
                    "src": "https://instagram.fabe1-1.fna.fbcdn.net/v/t51.2885-15/sh0.08/e35/s640x640/121573175_789955768491569_7046713514259203199_n.jpg?_nc_ht=instagram.fabe1-1.fna.fbcdn.net&_nc_cat=105&_nc_ohc=ZwPMO_v16IoAX-PODHI&_nc_tp=24&oh=961872dc1551e2271773345b775bca46&oe=5FB1DD3B"
                }
            ],
            "thumbnail_src": "https://instagram.fabe1-1.fna.fbcdn.net/v/t51.2885-15/sh0.08/e35/s640x640/121573175_789955768491569_7046713514259203199_n.jpg?_nc_ht=instagram.fabe1-1.fna.fbcdn.net&_nc_cat=105&_nc_ohc=ZwPMO_v16IoAX-PODHI&_nc_tp=24&oh=961872dc1551e2271773345b775bca46&oe=5FB1DD3B",
            "urls": [
                "https://instagram.fabe1-1.fna.fbcdn.net/v/t51.2885-15/e35/121573175_789955768491569_7046713514259203199_n.jpg?_nc_ht=instagram.fabe1-1.fna.fbcdn.net&_nc_cat=105&_nc_ohc=ZwPMO_v16IoAX-PODHI&_nc_tp=18&oh=e529dc2356d3dab826ffce055fd256e2&oe=5FB46C81"
            ]
        },
        {
            "comments_disabled": false,
            "dimensions": {
                "height": 1350,
                "width": 1080
            },
            "display_url": "https://instagram.fabe1-1.fna.fbcdn.net/v/t51.2885-15/e35/p1080x1080/121652604_795628024622910_5276395474313033794_n.jpg?_nc_ht=instagram.fabe1-1.fna.fbcdn.net&_nc_cat=106&_nc_ohc=fQRrsdkXLC8AX8dl6x0&tp=19&oh=c7da588c2f1eaacc08034cd5cc91f4c3&oe=5FB1F6B8",
            "edge_liked_by": {
                "count": 0
            },
            "edge_media_preview_like": {
                "count": 0
            },
            "edge_media_to_caption": {
                "edges": [
                    {
                        "node": {
                            "text": "Baby when its getting cold outside, stay inside under the blanket and treat yourself. 🥛🍪 #naturalskin#organicskincare#organicfacebalm"
                        }
                    }
                ]
            },
            "edge_media_to_comment": {
                "count": 0
            },
            "id": "2421482833946943096",
            "is_video": false,
            "owner": {
                "id": "5682148162"
            },
            "shortcode": "CGa1c7THR54",
            "tags": [
                "organicfacebalm",
                "naturalskin",
                "organicskincare"
            ],
            "taken_at_timestamp": 1602883270,
            "thumbnail_resources": [
                {
                    "config_height": 150,
                    "config_width": 150,
                    "src": "https://instagram.fabe1-1.fna.fbcdn.net/v/t51.2885-15/e35/c0.180.1440.1440a/s150x150/121652604_795628024622910_5276395474313033794_n.jpg?_nc_ht=instagram.fabe1-1.fna.fbcdn.net&_nc_cat=106&_nc_ohc=fQRrsdkXLC8AX8dl6x0&tp=16&oh=1f9a18acf0e9fc3c2a05af96b2259409&oe=5FB447A4"
                },
                {
                    "config_height": 240,
                    "config_width": 240,
                    "src": "https://instagram.fabe1-1.fna.fbcdn.net/v/t51.2885-15/e35/c0.180.1440.1440a/s240x240/121652604_795628024622910_5276395474313033794_n.jpg?_nc_ht=instagram.fabe1-1.fna.fbcdn.net&_nc_cat=106&_nc_ohc=fQRrsdkXLC8AX8dl6x0&tp=16&oh=a14041a2cea226f616a08c4bfc6132c3&oe=5FB2DDA6"
                },
                {
                    "config_height": 320,
                    "config_width": 320,
                    "src": "https://instagram.fabe1-1.fna.fbcdn.net/v/t51.2885-15/e35/c0.180.1440.1440a/s320x320/121652604_795628024622910_5276395474313033794_n.jpg?_nc_ht=instagram.fabe1-1.fna.fbcdn.net&_nc_cat=106&_nc_ohc=fQRrsdkXLC8AX8dl6x0&tp=16&oh=0136f70f17bc1ffba166596bdfa72199&oe=5FB3675C"
                },
                {
                    "config_height": 480,
                    "config_width": 480,
                    "src": "https://instagram.fabe1-1.fna.fbcdn.net/v/t51.2885-15/e35/c0.180.1440.1440a/s480x480/121652604_795628024622910_5276395474313033794_n.jpg?_nc_ht=instagram.fabe1-1.fna.fbcdn.net&_nc_cat=106&_nc_ohc=fQRrsdkXLC8AX8dl6x0&tp=16&oh=b90683d28e7a05adb8973ab3279ca3ab&oe=5FB31C1D"
                },
                {
                    "config_height": 640,
                    "config_width": 640,
                    "src": "https://instagram.fabe1-1.fna.fbcdn.net/v/t51.2885-15/sh0.08/e35/c0.180.1440.1440a/s640x640/121652604_795628024622910_5276395474313033794_n.jpg?_nc_ht=instagram.fabe1-1.fna.fbcdn.net&_nc_cat=106&_nc_ohc=fQRrsdkXLC8AX8dl6x0&oh=d6c1089fbe5748242b65cedbb6e23764&oe=5FB4B414"
                }
            ],
            "thumbnail_src": "https://instagram.fabe1-1.fna.fbcdn.net/v/t51.2885-15/sh0.08/e35/c0.180.1440.1440a/s640x640/121652604_795628024622910_5276395474313033794_n.jpg?_nc_ht=instagram.fabe1-1.fna.fbcdn.net&_nc_cat=106&_nc_ohc=fQRrsdkXLC8AX8dl6x0&oh=d6c1089fbe5748242b65cedbb6e23764&oe=5FB4B414",
            "urls": [
                "https://instagram.fabe1-1.fna.fbcdn.net/v/t51.2885-15/e35/p1080x1080/121652604_795628024622910_5276395474313033794_n.jpg?_nc_ht=instagram.fabe1-1.fna.fbcdn.net&_nc_cat=106&_nc_ohc=fQRrsdkXLC8AX8dl6x0&tp=19&oh=c7da588c2f1eaacc08034cd5cc91f4c3&oe=5FB1F6B8"
            ]
        }
    ]
}