{
    "GraphImages": [
        {
            "comments_disabled": false,
            "dimensions": {
                "height": 937,
                "width": 750
            },
            "display_url": "https://instagram.fabe1-1.fna.fbcdn.net/v/t51.2885-15/e35/121575127_3393916360684639_1891749797654753754_n.jpg?_nc_ht=instagram.fabe1-1.fna.fbcdn.net&_nc_cat=107&_nc_ohc=5_ZFRIMGNdsAX9KbG_z&_nc_tp=18&oh=e8f2ed197061fa7dbc9bfaf974294b83&oe=5F8CC8C0",
            "edge_liked_by": {
                "count": 0
            },
            "edge_media_preview_like": {
                "count": 0
            },
            "edge_media_to_caption": {
                "edges": [
                    {
                        "node": {
                            "text": "Ya Bitch could neva🌚"
                        }
                    }
                ]
            },
            "edge_media_to_comment": {
                "count": 0
            },
            "id": "2421620055314886299",
            "is_video": true,
            "owner": {
                "id": "556797474"
            },
            "shortcode": "CGbUpwqAW6b",
            "tags": [],
            "taken_at_timestamp": 1602899799,
            "thumbnail_resources": [
                {
                    "config_height": 150,
                    "config_width": 150,
                    "src": "https://instagram.fabe1-1.fna.fbcdn.net/v/t51.2885-15/e35/c0.90.720.720a/s150x150/121575127_3393916360684639_1891749797654753754_n.jpg?_nc_ht=instagram.fabe1-1.fna.fbcdn.net&_nc_cat=107&_nc_ohc=5_ZFRIMGNdsAX9KbG_z&tp=16&oh=f06889be3ea34d80d3a6d2b7b4e438eb&oe=5F8CC0FF"
                },
                {
                    "config_height": 240,
                    "config_width": 240,
                    "src": "https://instagram.fabe1-1.fna.fbcdn.net/v/t51.2885-15/e35/c0.90.720.720a/s240x240/121575127_3393916360684639_1891749797654753754_n.jpg?_nc_ht=instagram.fabe1-1.fna.fbcdn.net&_nc_cat=107&_nc_ohc=5_ZFRIMGNdsAX9KbG_z&tp=16&oh=2dc303e81e8212b446385137ee869569&oe=5F8C7DF7"
                },
                {
                    "config_height": 320,
                    "config_width": 320,
                    "src": "https://instagram.fabe1-1.fna.fbcdn.net/v/t51.2885-15/e35/c0.90.720.720a/s320x320/121575127_3393916360684639_1891749797654753754_n.jpg?_nc_ht=instagram.fabe1-1.fna.fbcdn.net&_nc_cat=107&_nc_ohc=5_ZFRIMGNdsAX9KbG_z&tp=16&oh=47de7a673b0c7978e757cf9427bcf8c5&oe=5F8CA0AA"
                },
                {
                    "config_height": 480,
                    "config_width": 480,
                    "src": "https://instagram.fabe1-1.fna.fbcdn.net/v/t51.2885-15/e35/c0.90.720.720a/s480x480/121575127_3393916360684639_1891749797654753754_n.jpg?_nc_ht=instagram.fabe1-1.fna.fbcdn.net&_nc_cat=107&_nc_ohc=5_ZFRIMGNdsAX9KbG_z&tp=16&oh=9f9dc5160ecf31fe7817df1cfaf7c4a3&oe=5F8C862C"
                },
                {
                    "config_height": 640,
                    "config_width": 640,
                    "src": "https://instagram.fabe1-1.fna.fbcdn.net/v/t51.2885-15/sh0.08/e35/c0.90.720.720a/s640x640/121575127_3393916360684639_1891749797654753754_n.jpg?_nc_ht=instagram.fabe1-1.fna.fbcdn.net&_nc_cat=107&_nc_ohc=5_ZFRIMGNdsAX9KbG_z&oh=2fae6404fca581691053b3f9afa56e60&oe=5F8CDF11"
                }
            ],
            "thumbnail_src": "https://instagram.fabe1-1.fna.fbcdn.net/v/t51.2885-15/sh0.08/e35/c0.90.720.720a/s640x640/121575127_3393916360684639_1891749797654753754_n.jpg?_nc_ht=instagram.fabe1-1.fna.fbcdn.net&_nc_cat=107&_nc_ohc=5_ZFRIMGNdsAX9KbG_z&oh=2fae6404fca581691053b3f9afa56e60&oe=5F8CDF11",
            "urls": [
                "https://instagram.fabe1-1.fna.fbcdn.net/v/t50.2886-16/122027409_2707668816138265_694974246329907966_n.mp4?_nc_ht=instagram.fabe1-1.fna.fbcdn.net&_nc_cat=101&_nc_ohc=fxseI6p_sBAAX9UiLpY&oe=5F8C98E2&oh=0554be7ed8cad1b27c9e22bf9bafb5fa"
            ],
            "video_view_count": 0
        },
        {
            "comments_disabled": false,
            "dimensions": {
                "height": 1218,
                "width": 1080
            },
            "display_url": "https://instagram.fabe1-1.fna.fbcdn.net/v/t51.2885-15/e35/p1080x1080/121613081_800336837466101_8575674544890910935_n.jpg?_nc_ht=instagram.fabe1-1.fna.fbcdn.net&_nc_cat=105&_nc_ohc=YNt2WPW3UecAX9YzdSU&tp=19&oh=fec3e6d917606387b50910c43ea4ef8f&oe=5FB39CFD",
            "edge_liked_by": {
                "count": 3
            },
            "edge_media_preview_like": {
                "count": 3
            },
            "edge_media_to_caption": {
                "edges": [
                    {
                        "node": {
                            "text": "R E I N V E N T A R S E..."
                        }
                    }
                ]
            },
            "edge_media_to_comment": {
                "count": 0
            },
            "id": "2421621259744636970",
            "is_video": false,
            "owner": {
                "id": "463070244"
            },
            "shortcode": "CGbU7SXnPAq",
            "tags": [],
            "taken_at_timestamp": 1602899771,
            "thumbnail_resources": [
                {
                    "config_height": 150,
                    "config_width": 150,
                    "src": "https://instagram.fabe1-1.fna.fbcdn.net/v/t51.2885-15/e35/c0.92.1440.1440a/s150x150/121613081_800336837466101_8575674544890910935_n.jpg?_nc_ht=instagram.fabe1-1.fna.fbcdn.net&_nc_cat=105&_nc_ohc=YNt2WPW3UecAX9YzdSU&tp=16&oh=56422da7ef2baa39f925e1b887806037&oe=5FB30E2A"
                },
                {
                    "config_height": 240,
                    "config_width": 240,
                    "src": "https://instagram.fabe1-1.fna.fbcdn.net/v/t51.2885-15/e35/c0.92.1440.1440a/s240x240/121613081_800336837466101_8575674544890910935_n.jpg?_nc_ht=instagram.fabe1-1.fna.fbcdn.net&_nc_cat=105&_nc_ohc=YNt2WPW3UecAX9YzdSU&tp=16&oh=9a4d34839809ff79f713c641161b1677&oe=5FB312B0"
                },
                {
                    "config_height": 320,
                    "config_width": 320,
                    "src": "https://instagram.fabe1-1.fna.fbcdn.net/v/t51.2885-15/e35/c0.92.1440.1440a/s320x320/121613081_800336837466101_8575674544890910935_n.jpg?_nc_ht=instagram.fabe1-1.fna.fbcdn.net&_nc_cat=105&_nc_ohc=YNt2WPW3UecAX9YzdSU&tp=16&oh=e5511c3db987466612a40721f9f1cac3&oe=5FB36052"
                },
                {
                    "config_height": 480,
                    "config_width": 480,
                    "src": "https://instagram.fabe1-1.fna.fbcdn.net/v/t51.2885-15/e35/c0.92.1440.1440a/s480x480/121613081_800336837466101_8575674544890910935_n.jpg?_nc_ht=instagram.fabe1-1.fna.fbcdn.net&_nc_cat=105&_nc_ohc=YNt2WPW3UecAX9YzdSU&tp=16&oh=5ff2c55a5e9b6cc0fa41f0d095cabfc7&oe=5FB4D597"
                },
                {
                    "config_height": 640,
                    "config_width": 640,
                    "src": "https://instagram.fabe1-1.fna.fbcdn.net/v/t51.2885-15/sh0.08/e35/c0.92.1440.1440a/s640x640/121613081_800336837466101_8575674544890910935_n.jpg?_nc_ht=instagram.fabe1-1.fna.fbcdn.net&_nc_cat=105&_nc_ohc=YNt2WPW3UecAX9YzdSU&oh=861c482c1babcd6449fcbb74c98887bd&oe=5FB550BF"
                }
            ],
            "thumbnail_src": "https://instagram.fabe1-1.fna.fbcdn.net/v/t51.2885-15/sh0.08/e35/c0.92.1440.1440a/s640x640/121613081_800336837466101_8575674544890910935_n.jpg?_nc_ht=instagram.fabe1-1.fna.fbcdn.net&_nc_cat=105&_nc_ohc=YNt2WPW3UecAX9YzdSU&oh=861c482c1babcd6449fcbb74c98887bd&oe=5FB550BF",
            "urls": [
                "https://instagram.fabe1-1.fna.fbcdn.net/v/t51.2885-15/e35/p1080x1080/121613081_800336837466101_8575674544890910935_n.jpg?_nc_ht=instagram.fabe1-1.fna.fbcdn.net&_nc_cat=105&_nc_ohc=YNt2WPW3UecAX9YzdSU&tp=19&oh=fec3e6d917606387b50910c43ea4ef8f&oe=5FB39CFD"
            ]
        },
        {
            "comments_disabled": false,
            "dimensions": {
                "height": 750,
                "width": 750
            },
            "display_url": "https://instagram.fabe1-1.fna.fbcdn.net/v/t51.2885-15/e35/121557084_441198033509605_5426720566183274368_n.jpg?_nc_ht=instagram.fabe1-1.fna.fbcdn.net&_nc_cat=101&_nc_ohc=i6aEJqsNMngAX9CaJTB&_nc_tp=18&oh=e480559e5ee84bfd97328e9a53481c93&oe=5F8CC929",
            "edge_liked_by": {
                "count": 0
            },
            "edge_media_preview_like": {
                "count": 0
            },
            "edge_media_to_caption": {
                "edges": [
                    {
                        "node": {
                            "text": "I’m on south beach 30 mins later liberty city is where I’ll ➡️🐝🤟🏼#miamilife #southbeach #southflorida #305 #dadecounty"
                        }
                    }
                ]
            },
            "edge_media_to_comment": {
                "count": 0
            },
            "id": "2421618306099461204",
            "is_video": true,
            "owner": {
                "id": "611032955"
            },
            "shortcode": "CGbUQTkpDxU",
            "tags": [
                "305",
                "southflorida",
                "miamilife",
                "southbeach",
                "dadecounty"
            ],
            "taken_at_timestamp": 1602899752,
            "thumbnail_resources": [
                {
                    "config_height": 150,
                    "config_width": 150,
                    "src": "https://instagram.fabe1-1.fna.fbcdn.net/v/t51.2885-15/e35/s150x150/121557084_441198033509605_5426720566183274368_n.jpg?_nc_ht=instagram.fabe1-1.fna.fbcdn.net&_nc_cat=101&_nc_ohc=i6aEJqsNMngAX9CaJTB&_nc_tp=15&oh=78bf8c95ecb603907a9b39b60d028474&oe=5F8C8518"
                },
                {
                    "config_height": 240,
                    "config_width": 240,
                    "src": "https://instagram.fabe1-1.fna.fbcdn.net/v/t51.2885-15/e35/s240x240/121557084_441198033509605_5426720566183274368_n.jpg?_nc_ht=instagram.fabe1-1.fna.fbcdn.net&_nc_cat=101&_nc_ohc=i6aEJqsNMngAX9CaJTB&_nc_tp=15&oh=9bfcf1b293bae9d1e313c5de9648aa80&oe=5F8C7152"
                },
                {
                    "config_height": 320,
                    "config_width": 320,
                    "src": "https://instagram.fabe1-1.fna.fbcdn.net/v/t51.2885-15/e35/s320x320/121557084_441198033509605_5426720566183274368_n.jpg?_nc_ht=instagram.fabe1-1.fna.fbcdn.net&_nc_cat=101&_nc_ohc=i6aEJqsNMngAX9CaJTB&_nc_tp=15&oh=bb79a4ef38bf6670a4191f436f346d07&oe=5F8C85F0"
                },
                {
                    "config_height": 480,
                    "config_width": 480,
                    "src": "https://instagram.fabe1-1.fna.fbcdn.net/v/t51.2885-15/e35/s480x480/121557084_441198033509605_5426720566183274368_n.jpg?_nc_ht=instagram.fabe1-1.fna.fbcdn.net&_nc_cat=101&_nc_ohc=i6aEJqsNMngAX9CaJTB&_nc_tp=15&oh=f7c57a9a2ab27695869de8b2596c30a8&oe=5F8CB469"
                },
                {
                    "config_height": 640,
                    "config_width": 640,
                    "src": "https://instagram.fabe1-1.fna.fbcdn.net/v/t51.2885-15/sh0.08/e35/s640x640/121557084_441198033509605_5426720566183274368_n.jpg?_nc_ht=instagram.fabe1-1.fna.fbcdn.net&_nc_cat=101&_nc_ohc=i6aEJqsNMngAX9CaJTB&_nc_tp=24&oh=e33ba04462615f27383053c1bad0015f&oe=5F8CBA53"
                }
            ],
            "thumbnail_src": "https://instagram.fabe1-1.fna.fbcdn.net/v/t51.2885-15/sh0.08/e35/s640x640/121557084_441198033509605_5426720566183274368_n.jpg?_nc_ht=instagram.fabe1-1.fna.fbcdn.net&_nc_cat=101&_nc_ohc=i6aEJqsNMngAX9CaJTB&_nc_tp=24&oh=e33ba04462615f27383053c1bad0015f&oe=5F8CBA53",
            "urls": [
                "https://instagram.fabe1-1.fna.fbcdn.net/v/t50.2886-16/121732465_409233977133837_8745550971705462172_n.mp4?_nc_ht=instagram.fabe1-1.fna.fbcdn.net&_nc_cat=109&_nc_ohc=jjGwRo8yHBgAX81bbrq&oe=5F8C8EFF&oh=78efa2971b8a0ecdbc0fe70315e8a29f"
            ],
            "video_view_count": 0
        }
    ]
}