{
    "GraphImages": [
        {
            "comments_disabled": false,
            "dimensions": {
                "height": 1080,
                "width": 1080
            },
            "display_url": "https://instagram.fabe1-1.fna.fbcdn.net/v/t51.2885-15/e35/s1080x1080/121504374_1728882493949264_7630752684536250880_n.jpg?_nc_ht=instagram.fabe1-1.fna.fbcdn.net&_nc_cat=108&_nc_ohc=hIljOJhrZpYAX9MoHUu&_nc_tp=15&oh=2cf8caa5d5acfbd1ec51bb84f4463527&oe=5FB3D000",
            "edge_liked_by": {
                "count": 1
            },
            "edge_media_preview_like": {
                "count": 1
            },
            "edge_media_to_caption": {
                "edges": [
                    {
                        "node": {
                            "text": "Ion need my niggas cause my girlfriend is my hitta 💪🏽"
                        }
                    }
                ]
            },
            "edge_media_to_comment": {
                "count": 0
            },
            "id": "2421567827641501915",
            "is_video": false,
            "owner": {
                "id": "252790754"
            },
            "shortcode": "CGbIxv2Fgjb",
            "tags": [],
            "taken_at_timestamp": 1602893402,
            "thumbnail_resources": [
                {
                    "config_height": 150,
                    "config_width": 150,
                    "src": "https://instagram.fabe1-1.fna.fbcdn.net/v/t51.2885-15/e35/s150x150/121504374_1728882493949264_7630752684536250880_n.jpg?_nc_ht=instagram.fabe1-1.fna.fbcdn.net&_nc_cat=108&_nc_ohc=hIljOJhrZpYAX9MoHUu&_nc_tp=15&oh=49c076b255d6d69c834ee4aff01e037d&oe=5FB39664"
                },
                {
                    "config_height": 240,
                    "config_width": 240,
                    "src": "https://instagram.fabe1-1.fna.fbcdn.net/v/t51.2885-15/e35/s240x240/121504374_1728882493949264_7630752684536250880_n.jpg?_nc_ht=instagram.fabe1-1.fna.fbcdn.net&_nc_cat=108&_nc_ohc=hIljOJhrZpYAX9MoHUu&_nc_tp=15&oh=80f3aac5bb63b30c90376d96ddd3e183&oe=5FB4452C"
                },
                {
                    "config_height": 320,
                    "config_width": 320,
                    "src": "https://instagram.fabe1-1.fna.fbcdn.net/v/t51.2885-15/e35/s320x320/121504374_1728882493949264_7630752684536250880_n.jpg?_nc_ht=instagram.fabe1-1.fna.fbcdn.net&_nc_cat=108&_nc_ohc=hIljOJhrZpYAX9MoHUu&_nc_tp=15&oh=d4dbbb8b43d04fbf5027194d12bc47fc&oe=5FB55D75"
                },
                {
                    "config_height": 480,
                    "config_width": 480,
                    "src": "https://instagram.fabe1-1.fna.fbcdn.net/v/t51.2885-15/e35/s480x480/121504374_1728882493949264_7630752684536250880_n.jpg?_nc_ht=instagram.fabe1-1.fna.fbcdn.net&_nc_cat=108&_nc_ohc=hIljOJhrZpYAX9MoHUu&_nc_tp=15&oh=bed61f0dab36b8d0d8c94f8e4f41a8fe&oe=5FB25637"
                },
                {
                    "config_height": 640,
                    "config_width": 640,
                    "src": "https://instagram.fabe1-1.fna.fbcdn.net/v/t51.2885-15/sh0.08/e35/s640x640/121504374_1728882493949264_7630752684536250880_n.jpg?_nc_ht=instagram.fabe1-1.fna.fbcdn.net&_nc_cat=108&_nc_ohc=hIljOJhrZpYAX9MoHUu&_nc_tp=24&oh=a4a359e90219ffff87bc96fa4fc685f6&oe=5FB39F17"
                }
            ],
            "thumbnail_src": "https://instagram.fabe1-1.fna.fbcdn.net/v/t51.2885-15/sh0.08/e35/s640x640/121504374_1728882493949264_7630752684536250880_n.jpg?_nc_ht=instagram.fabe1-1.fna.fbcdn.net&_nc_cat=108&_nc_ohc=hIljOJhrZpYAX9MoHUu&_nc_tp=24&oh=a4a359e90219ffff87bc96fa4fc685f6&oe=5FB39F17",
            "urls": [
                "https://instagram.fabe1-1.fna.fbcdn.net/v/t51.2885-15/e35/s1080x1080/121504374_1728882493949264_7630752684536250880_n.jpg?_nc_ht=instagram.fabe1-1.fna.fbcdn.net&_nc_cat=108&_nc_ohc=hIljOJhrZpYAX9MoHUu&_nc_tp=15&oh=2cf8caa5d5acfbd1ec51bb84f4463527&oe=5FB3D000"
            ]
        },
        {
            "comments_disabled": false,
            "dimensions": {
                "height": 1072,
                "width": 1080
            },
            "display_url": "https://instagram.fabe1-1.fna.fbcdn.net/v/t51.2885-15/e35/121518357_2639774489621683_4048449033600470284_n.jpg?_nc_ht=instagram.fabe1-1.fna.fbcdn.net&_nc_cat=107&_nc_ohc=wI1VJ8r3JxwAX8tpUpw&_nc_tp=18&oh=f71ac7e1ec6fca945bc945b147b63fd5&oe=5FB386CC",
            "edge_liked_by": {
                "count": 0
            },
            "edge_media_preview_like": {
                "count": 0
            },
            "edge_media_to_caption": {
                "edges": [
                    {
                        "node": {
                            "text": "Inbox 📨 me now 📉📉📈📈📈"
                        }
                    }
                ]
            },
            "edge_media_to_comment": {
                "count": 0
            },
            "id": "2421567813086019181",
            "is_video": false,
            "owner": {
                "id": "43828610339"
            },
            "shortcode": "CGbIxiSgv5t",
            "tags": [],
            "taken_at_timestamp": 1602893400,
            "thumbnail_resources": [
                {
                    "config_height": 150,
                    "config_width": 150,
                    "src": "https://instagram.fabe1-1.fna.fbcdn.net/v/t51.2885-15/e35/c3.0.1051.1051a/s150x150/121518357_2639774489621683_4048449033600470284_n.jpg?_nc_ht=instagram.fabe1-1.fna.fbcdn.net&_nc_cat=107&_nc_ohc=wI1VJ8r3JxwAX8tpUpw&tp=16&oh=5e2d56a44f14c1d8141fbd1bd59120f5&oe=5FB293FE"
                },
                {
                    "config_height": 240,
                    "config_width": 240,
                    "src": "https://instagram.fabe1-1.fna.fbcdn.net/v/t51.2885-15/e35/c3.0.1051.1051a/s240x240/121518357_2639774489621683_4048449033600470284_n.jpg?_nc_ht=instagram.fabe1-1.fna.fbcdn.net&_nc_cat=107&_nc_ohc=wI1VJ8r3JxwAX8tpUpw&tp=16&oh=066faad7a26c4221f6b5e77ae7de3052&oe=5FB30F36"
                },
                {
                    "config_height": 320,
                    "config_width": 320,
                    "src": "https://instagram.fabe1-1.fna.fbcdn.net/v/t51.2885-15/e35/c3.0.1051.1051a/s320x320/121518357_2639774489621683_4048449033600470284_n.jpg?_nc_ht=instagram.fabe1-1.fna.fbcdn.net&_nc_cat=107&_nc_ohc=wI1VJ8r3JxwAX8tpUpw&tp=16&oh=b5bfe877b54bf5131f44631a46f48f15&oe=5FB4196B"
                },
                {
                    "config_height": 480,
                    "config_width": 480,
                    "src": "https://instagram.fabe1-1.fna.fbcdn.net/v/t51.2885-15/e35/c3.0.1051.1051a/s480x480/121518357_2639774489621683_4048449033600470284_n.jpg?_nc_ht=instagram.fabe1-1.fna.fbcdn.net&_nc_cat=107&_nc_ohc=wI1VJ8r3JxwAX8tpUpw&tp=16&oh=edfd58afdd53cdd8268419841cd92a49&oe=5FB20B29"
                },
                {
                    "config_height": 640,
                    "config_width": 640,
                    "src": "https://instagram.fabe1-1.fna.fbcdn.net/v/t51.2885-15/sh0.08/e35/c3.0.1051.1051a/s640x640/121518357_2639774489621683_4048449033600470284_n.jpg?_nc_ht=instagram.fabe1-1.fna.fbcdn.net&_nc_cat=107&_nc_ohc=wI1VJ8r3JxwAX8tpUpw&oh=cd99ad22987760041be2b409f8c57ee3&oe=5FB3B004"
                }
            ],
            "thumbnail_src": "https://instagram.fabe1-1.fna.fbcdn.net/v/t51.2885-15/sh0.08/e35/c3.0.1051.1051a/s640x640/121518357_2639774489621683_4048449033600470284_n.jpg?_nc_ht=instagram.fabe1-1.fna.fbcdn.net&_nc_cat=107&_nc_ohc=wI1VJ8r3JxwAX8tpUpw&oh=cd99ad22987760041be2b409f8c57ee3&oe=5FB3B004",
            "urls": [
                "https://instagram.fabe1-1.fna.fbcdn.net/v/t51.2885-15/e35/121518357_2639774489621683_4048449033600470284_n.jpg?_nc_ht=instagram.fabe1-1.fna.fbcdn.net&_nc_cat=107&_nc_ohc=wI1VJ8r3JxwAX8tpUpw&_nc_tp=18&oh=f71ac7e1ec6fca945bc945b147b63fd5&oe=5FB386CC"
            ]
        },
        {
            "comments_disabled": false,
            "dimensions": {
                "height": 1080,
                "width": 1080
            },
            "display_url": "https://instagram.fabe1-1.fna.fbcdn.net/v/t51.2885-15/e35/s1080x1080/121563291_103455901504576_6940342441916515726_n.jpg?_nc_ht=instagram.fabe1-1.fna.fbcdn.net&_nc_cat=104&_nc_ohc=oGjfgb9BGeIAX-C1-OZ&_nc_tp=15&oh=1f0a8c8eac42db25d58a02f6aa05251b&oe=5FB30CFE",
            "edge_liked_by": {
                "count": 2
            },
            "edge_media_preview_like": {
                "count": 2
            },
            "edge_media_to_caption": {
                "edges": [
                    {
                        "node": {
                            "text": "I think soraya took a sip out my cup🤣🤣🤣 we in the water and its raining she just chilling with no complaints.. this is not regular 🤣🤣🤣"
                        }
                    }
                ]
            },
            "edge_media_to_comment": {
                "count": 0
            },
            "id": "2421567601006436158",
            "is_video": false,
            "owner": {
                "id": "32171312"
            },
            "shortcode": "CGbIucxlV8-",
            "tags": [],
            "taken_at_timestamp": 1602893375,
            "thumbnail_resources": [
                {
                    "config_height": 150,
                    "config_width": 150,
                    "src": "https://instagram.fabe1-1.fna.fbcdn.net/v/t51.2885-15/e35/s150x150/121563291_103455901504576_6940342441916515726_n.jpg?_nc_ht=instagram.fabe1-1.fna.fbcdn.net&_nc_cat=104&_nc_ohc=oGjfgb9BGeIAX-C1-OZ&_nc_tp=15&oh=c0e1b8145f8208c84966672c4ea0577c&oe=5FB5523D"
                },
                {
                    "config_height": 240,
                    "config_width": 240,
                    "src": "https://instagram.fabe1-1.fna.fbcdn.net/v/t51.2885-15/e35/s240x240/121563291_103455901504576_6940342441916515726_n.jpg?_nc_ht=instagram.fabe1-1.fna.fbcdn.net&_nc_cat=104&_nc_ohc=oGjfgb9BGeIAX-C1-OZ&_nc_tp=15&oh=6e3df6dac8c5b5eada45d15b0187336f&oe=5FB3E33B"
                },
                {
                    "config_height": 320,
                    "config_width": 320,
                    "src": "https://instagram.fabe1-1.fna.fbcdn.net/v/t51.2885-15/e35/s320x320/121563291_103455901504576_6940342441916515726_n.jpg?_nc_ht=instagram.fabe1-1.fna.fbcdn.net&_nc_cat=104&_nc_ohc=oGjfgb9BGeIAX-C1-OZ&_nc_tp=15&oh=4f8bb18d6811a7e586ca9842ee01ba59&oe=5FB59DC5"
                },
                {
                    "config_height": 480,
                    "config_width": 480,
                    "src": "https://instagram.fabe1-1.fna.fbcdn.net/v/t51.2885-15/e35/s480x480/121563291_103455901504576_6940342441916515726_n.jpg?_nc_ht=instagram.fabe1-1.fna.fbcdn.net&_nc_cat=104&_nc_ohc=oGjfgb9BGeIAX-C1-OZ&_nc_tp=15&oh=dbbbcd452cbe80b9abadf831591dcb97&oe=5FB49184"
                },
                {
                    "config_height": 640,
                    "config_width": 640,
                    "src": "https://instagram.fabe1-1.fna.fbcdn.net/v/t51.2885-15/sh0.08/e35/s640x640/121563291_103455901504576_6940342441916515726_n.jpg?_nc_ht=instagram.fabe1-1.fna.fbcdn.net&_nc_cat=104&_nc_ohc=oGjfgb9BGeIAX-C1-OZ&_nc_tp=24&oh=dc4fc03f25b0b05aadc626dc13ade0ef&oe=5FB3473A"
                }
            ],
            "thumbnail_src": "https://instagram.fabe1-1.fna.fbcdn.net/v/t51.2885-15/sh0.08/e35/s640x640/121563291_103455901504576_6940342441916515726_n.jpg?_nc_ht=instagram.fabe1-1.fna.fbcdn.net&_nc_cat=104&_nc_ohc=oGjfgb9BGeIAX-C1-OZ&_nc_tp=24&oh=dc4fc03f25b0b05aadc626dc13ade0ef&oe=5FB3473A",
            "urls": [
                "https://instagram.fabe1-1.fna.fbcdn.net/v/t51.2885-15/e35/s1080x1080/121563291_103455901504576_6940342441916515726_n.jpg?_nc_ht=instagram.fabe1-1.fna.fbcdn.net&_nc_cat=104&_nc_ohc=oGjfgb9BGeIAX-C1-OZ&_nc_tp=15&oh=1f0a8c8eac42db25d58a02f6aa05251b&oe=5FB30CFE"
            ]
        },
        {
            "comments_disabled": false,
            "dimensions": {
                "height": 1080,
                "width": 1080
            },
            "display_url": "https://instagram.fabe1-1.fna.fbcdn.net/v/t51.2885-15/e35/s1080x1080/121520523_114801516925827_3718569169540009064_n.jpg?_nc_ht=instagram.fabe1-1.fna.fbcdn.net&_nc_cat=103&_nc_ohc=sN6no7IninYAX9Ei3G5&_nc_tp=15&oh=18dba571219cff0ce8366258966b30c1&oe=5FB51AF0",
            "edge_liked_by": {
                "count": 1
            },
            "edge_media_preview_like": {
                "count": 1
            },
            "edge_media_to_caption": {
                "edges": [
                    {
                        "node": {
                            "text": "#miamibeach #myweeked #hotchocolate #homemade #bymyselfe #dxblife🇦🇪 #firdayvibes #fitdaynight #bestoftheday #alone #single #lookingforchocolate #boyfriend #ing #instagram #imalone #ineedlove #gavemelove #needbf #now #anygoodguysleft #needlove #needlove"
                        }
                    }
                ]
            },
            "edge_media_to_comment": {
                "count": 1
            },
            "id": "2421567473130580669",
            "is_video": false,
            "owner": {
                "id": "9486577410"
            },
            "shortcode": "CGbIslrlqq9",
            "tags": [
                "single",
                "firdayvibes",
                "ing",
                "dxblife",
                "gavemelove",
                "myweeked",
                "fitdaynight",
                "miamibeach",
                "instagram",
                "needbf",
                "anygoodguysleft",
                "needlove",
                "boyfriend",
                "hotchocolate",
                "homemade",
                "lookingforchocolate",
                "bestoftheday",
                "now",
                "imalone",
                "bymyselfe",
                "ineedlove",
                "alone"
            ],
            "taken_at_timestamp": 1602893359,
            "thumbnail_resources": [
                {
                    "config_height": 150,
                    "config_width": 150,
                    "src": "https://instagram.fabe1-1.fna.fbcdn.net/v/t51.2885-15/e35/s150x150/121520523_114801516925827_3718569169540009064_n.jpg?_nc_ht=instagram.fabe1-1.fna.fbcdn.net&_nc_cat=103&_nc_ohc=sN6no7IninYAX9Ei3G5&_nc_tp=15&oh=d65323f8eafec56ade0e5a3f561adffa&oe=5FB33BAF"
                },
                {
                    "config_height": 240,
                    "config_width": 240,
                    "src": "https://instagram.fabe1-1.fna.fbcdn.net/v/t51.2885-15/e35/s240x240/121520523_114801516925827_3718569169540009064_n.jpg?_nc_ht=instagram.fabe1-1.fna.fbcdn.net&_nc_cat=103&_nc_ohc=sN6no7IninYAX9Ei3G5&_nc_tp=15&oh=286e3a3077d27cc71614378a33d8deb0&oe=5FB52029"
                },
                {
                    "config_height": 320,
                    "config_width": 320,
                    "src": "https://instagram.fabe1-1.fna.fbcdn.net/v/t51.2885-15/e35/s320x320/121520523_114801516925827_3718569169540009064_n.jpg?_nc_ht=instagram.fabe1-1.fna.fbcdn.net&_nc_cat=103&_nc_ohc=sN6no7IninYAX9Ei3G5&_nc_tp=15&oh=5e9df38fb090583f4622b4f1af284626&oe=5FB554D7"
                },
                {
                    "config_height": 480,
                    "config_width": 480,
                    "src": "https://instagram.fabe1-1.fna.fbcdn.net/v/t51.2885-15/e35/s480x480/121520523_114801516925827_3718569169540009064_n.jpg?_nc_ht=instagram.fabe1-1.fna.fbcdn.net&_nc_cat=103&_nc_ohc=sN6no7IninYAX9Ei3G5&_nc_tp=15&oh=dc41ad58b00e9795989543d9697e1ff3&oe=5FB45892"
                },
                {
                    "config_height": 640,
                    "config_width": 640,
                    "src": "https://instagram.fabe1-1.fna.fbcdn.net/v/t51.2885-15/sh0.08/e35/s640x640/121520523_114801516925827_3718569169540009064_n.jpg?_nc_ht=instagram.fabe1-1.fna.fbcdn.net&_nc_cat=103&_nc_ohc=sN6no7IninYAX9Ei3G5&_nc_tp=24&oh=107adb2de9644496f45a75c63facb7dd&oe=5FB307AC"
                }
            ],
            "thumbnail_src": "https://instagram.fabe1-1.fna.fbcdn.net/v/t51.2885-15/sh0.08/e35/s640x640/121520523_114801516925827_3718569169540009064_n.jpg?_nc_ht=instagram.fabe1-1.fna.fbcdn.net&_nc_cat=103&_nc_ohc=sN6no7IninYAX9Ei3G5&_nc_tp=24&oh=107adb2de9644496f45a75c63facb7dd&oe=5FB307AC",
            "urls": [
                "https://instagram.fabe1-1.fna.fbcdn.net/v/t51.2885-15/e35/s1080x1080/121520523_114801516925827_3718569169540009064_n.jpg?_nc_ht=instagram.fabe1-1.fna.fbcdn.net&_nc_cat=103&_nc_ohc=sN6no7IninYAX9Ei3G5&_nc_tp=15&oh=18dba571219cff0ce8366258966b30c1&oe=5FB51AF0"
            ]
        }
    ]
}