{
    "GraphImages": [
        {
            "comments_disabled": false,
            "dimensions": {
                "height": 810,
                "width": 1080
            },
            "display_url": "https://instagram.fabe1-1.fna.fbcdn.net/v/t51.2885-15/e35/s1080x1080/121584189_702025707087676_1284394509401402293_n.jpg?_nc_ht=instagram.fabe1-1.fna.fbcdn.net&_nc_cat=104&_nc_ohc=a4T5dsxaMeQAX980dXq&_nc_tp=15&oh=5a7ab3d7c93853b724c830947659a4b0&oe=5FB47B1B",
            "edge_liked_by": {
                "count": 2
            },
            "edge_media_preview_like": {
                "count": 2
            },
            "edge_media_to_caption": {
                "edges": [
                    {
                        "node": {
                            "text": "Desprevenido.. 🤭😬 #selfie #pictureoftheday"
                        }
                    }
                ]
            },
            "edge_media_to_comment": {
                "count": 0
            },
            "id": "2421484011405485531",
            "is_video": false,
            "owner": {
                "id": "5661058739"
            },
            "shortcode": "CGa1uD5HKXb",
            "tags": [
                "selfie",
                "pictureoftheday"
            ],
            "taken_at_timestamp": 1602883410,
            "thumbnail_resources": [
                {
                    "config_height": 150,
                    "config_width": 150,
                    "src": "https://instagram.fabe1-1.fna.fbcdn.net/v/t51.2885-15/e35/c180.0.1080.1080a/s150x150/121584189_702025707087676_1284394509401402293_n.jpg?_nc_ht=instagram.fabe1-1.fna.fbcdn.net&_nc_cat=104&_nc_ohc=a4T5dsxaMeQAX980dXq&tp=16&oh=f00b87c3cf9c6b3d9a0d6bb5d66cba5a&oe=5FB56F8B"
                },
                {
                    "config_height": 240,
                    "config_width": 240,
                    "src": "https://instagram.fabe1-1.fna.fbcdn.net/v/t51.2885-15/e35/c180.0.1080.1080a/s240x240/121584189_702025707087676_1284394509401402293_n.jpg?_nc_ht=instagram.fabe1-1.fna.fbcdn.net&_nc_cat=104&_nc_ohc=a4T5dsxaMeQAX980dXq&tp=16&oh=58e024d582a8700f14d4baf309d213b6&oe=5FB46F8D"
                },
                {
                    "config_height": 320,
                    "config_width": 320,
                    "src": "https://instagram.fabe1-1.fna.fbcdn.net/v/t51.2885-15/e35/c180.0.1080.1080a/s320x320/121584189_702025707087676_1284394509401402293_n.jpg?_nc_ht=instagram.fabe1-1.fna.fbcdn.net&_nc_cat=104&_nc_ohc=a4T5dsxaMeQAX980dXq&tp=16&oh=36db8c05ce553c8f635b6da61fe606c5&oe=5FB4FFF3"
                },
                {
                    "config_height": 480,
                    "config_width": 480,
                    "src": "https://instagram.fabe1-1.fna.fbcdn.net/v/t51.2885-15/e35/c180.0.1080.1080a/s480x480/121584189_702025707087676_1284394509401402293_n.jpg?_nc_ht=instagram.fabe1-1.fna.fbcdn.net&_nc_cat=104&_nc_ohc=a4T5dsxaMeQAX980dXq&tp=16&oh=542901934be624980d4373f0c25ba1e0&oe=5FB26F36"
                },
                {
                    "config_height": 640,
                    "config_width": 640,
                    "src": "https://instagram.fabe1-1.fna.fbcdn.net/v/t51.2885-15/sh0.08/e35/c180.0.1080.1080a/s640x640/121584189_702025707087676_1284394509401402293_n.jpg?_nc_ht=instagram.fabe1-1.fna.fbcdn.net&_nc_cat=104&_nc_ohc=a4T5dsxaMeQAX980dXq&oh=19a55110b599be1e5a73aa07dc3cf8eb&oe=5FB3E83B"
                }
            ],
            "thumbnail_src": "https://instagram.fabe1-1.fna.fbcdn.net/v/t51.2885-15/sh0.08/e35/c180.0.1080.1080a/s640x640/121584189_702025707087676_1284394509401402293_n.jpg?_nc_ht=instagram.fabe1-1.fna.fbcdn.net&_nc_cat=104&_nc_ohc=a4T5dsxaMeQAX980dXq&oh=19a55110b599be1e5a73aa07dc3cf8eb&oe=5FB3E83B",
            "urls": [
                "https://instagram.fabe1-1.fna.fbcdn.net/v/t51.2885-15/e35/s1080x1080/121584189_702025707087676_1284394509401402293_n.jpg?_nc_ht=instagram.fabe1-1.fna.fbcdn.net&_nc_cat=104&_nc_ohc=a4T5dsxaMeQAX980dXq&_nc_tp=15&oh=5a7ab3d7c93853b724c830947659a4b0&oe=5FB47B1B"
            ]
        }
    ]
}