{
    "GraphImages": [
        {
            "comments_disabled": false,
            "dimensions": {
                "height": 1080,
                "width": 1080
            },
            "display_url": "https://instagram.fabe1-1.fna.fbcdn.net/v/t51.2885-15/e35/s1080x1080/121613771_189037916013979_4823298718674596690_n.jpg?_nc_ht=instagram.fabe1-1.fna.fbcdn.net&_nc_cat=107&_nc_ohc=BkIehZQQ524AX9UvW3p&_nc_tp=15&oh=d76f1bdcc3d4fd444e599b3961b022b6&oe=5FB41DC1",
            "edge_liked_by": {
                "count": 0
            },
            "edge_media_preview_like": {
                "count": 0
            },
            "edge_media_to_caption": {
                "edges": [
                    {
                        "node": {
                            "text": "Mini Excavator in action. A very useful machine for construction.⁣\n⁣\n⁣\n⁣\n⁣\n⁣\nPhone: (786) 641 7005⁣\nFor Spanish: (786) 641 3900 ⁣\n2801, Greene St, Hollywood, FL, 33020⁣\n⁣\n⁣\n⁣\n⁣\n⁣\n⁣\n⁣\n⁣\n#rentalequipment#forkliftoperator #construcciön #generators⁣\n#florida #usedequipment #machine#generators#safety⁣\n#latinosenmiami #rentalequipements #construction #trackeddumper #rentalequipments #rentalequipment⁣\n#homedepot #toolsrent #tools #eventplanning⁣\n#luxurywedding #equipment #implements #Lighttower #electricalscissorlift #machines #machinery #maquinaria⁣\n#trabajoseguroenalturas #worksafe ⁣"
                        }
                    }
                ]
            },
            "edge_media_to_comment": {
                "count": 0
            },
            "id": "2421526318517584986",
            "is_video": false,
            "owner": {
                "id": "30578600240"
            },
            "shortcode": "CGa_VtdgARa",
            "tags": [
                "maquinaria",
                "machinery",
                "worksafe",
                "toolsrent",
                "luxurywedding",
                "safety",
                "florida",
                "trackeddumper",
                "rentalequipments",
                "tools",
                "electricalscissorlift",
                "rentalequipment",
                "equipment",
                "generators",
                "machines",
                "machine",
                "usedequipment",
                "construction",
                "latinosenmiami",
                "forkliftoperator",
                "eventplanning",
                "implements",
                "homedepot",
                "Lighttower",
                "trabajoseguroenalturas",
                "rentalequipements",
                "construcciön"
            ],
            "taken_at_timestamp": 1602888453,
            "thumbnail_resources": [
                {
                    "config_height": 150,
                    "config_width": 150,
                    "src": "https://instagram.fabe1-1.fna.fbcdn.net/v/t51.2885-15/e35/s150x150/121613771_189037916013979_4823298718674596690_n.jpg?_nc_ht=instagram.fabe1-1.fna.fbcdn.net&_nc_cat=107&_nc_ohc=BkIehZQQ524AX9UvW3p&_nc_tp=15&oh=2a4799210cf631eb30930990b8e12b15&oe=5FB2E702"
                },
                {
                    "config_height": 240,
                    "config_width": 240,
                    "src": "https://instagram.fabe1-1.fna.fbcdn.net/v/t51.2885-15/e35/s240x240/121613771_189037916013979_4823298718674596690_n.jpg?_nc_ht=instagram.fabe1-1.fna.fbcdn.net&_nc_cat=107&_nc_ohc=BkIehZQQ524AX9UvW3p&_nc_tp=15&oh=1828c9d1938809f0ffa7d56f340324dd&oe=5FB2D408"
                },
                {
                    "config_height": 320,
                    "config_width": 320,
                    "src": "https://instagram.fabe1-1.fna.fbcdn.net/v/t51.2885-15/e35/s320x320/121613771_189037916013979_4823298718674596690_n.jpg?_nc_ht=instagram.fabe1-1.fna.fbcdn.net&_nc_cat=107&_nc_ohc=BkIehZQQ524AX9UvW3p&_nc_tp=15&oh=597952ef920b4448ceb288fe1783b4d3&oe=5FB39BFA"
                },
                {
                    "config_height": 480,
                    "config_width": 480,
                    "src": "https://instagram.fabe1-1.fna.fbcdn.net/v/t51.2885-15/e35/s480x480/121613771_189037916013979_4823298718674596690_n.jpg?_nc_ht=instagram.fabe1-1.fna.fbcdn.net&_nc_cat=107&_nc_ohc=BkIehZQQ524AX9UvW3p&_nc_tp=15&oh=5efdd89c398d3931c44ebe94b37c6bb5&oe=5FB5603F"
                },
                {
                    "config_height": 640,
                    "config_width": 640,
                    "src": "https://instagram.fabe1-1.fna.fbcdn.net/v/t51.2885-15/sh0.08/e35/s640x640/121613771_189037916013979_4823298718674596690_n.jpg?_nc_ht=instagram.fabe1-1.fna.fbcdn.net&_nc_cat=107&_nc_ohc=BkIehZQQ524AX9UvW3p&_nc_tp=24&oh=aadd4b16f997dd3e5904cd5b7fbe35c5&oe=5FB29705"
                }
            ],
            "thumbnail_src": "https://instagram.fabe1-1.fna.fbcdn.net/v/t51.2885-15/sh0.08/e35/s640x640/121613771_189037916013979_4823298718674596690_n.jpg?_nc_ht=instagram.fabe1-1.fna.fbcdn.net&_nc_cat=107&_nc_ohc=BkIehZQQ524AX9UvW3p&_nc_tp=24&oh=aadd4b16f997dd3e5904cd5b7fbe35c5&oe=5FB29705",
            "urls": [
                "https://instagram.fabe1-1.fna.fbcdn.net/v/t51.2885-15/e35/s1080x1080/121613771_189037916013979_4823298718674596690_n.jpg?_nc_ht=instagram.fabe1-1.fna.fbcdn.net&_nc_cat=107&_nc_ohc=BkIehZQQ524AX9UvW3p&_nc_tp=15&oh=d76f1bdcc3d4fd444e599b3961b022b6&oe=5FB41DC1"
            ]
        },
        {
            "comments_disabled": false,
            "dimensions": {
                "height": 1080,
                "width": 1080
            },
            "display_url": "https://instagram.fabe1-1.fna.fbcdn.net/v/t51.2885-15/e35/s1080x1080/121969473_615523775784930_8057836835446641302_n.jpg?_nc_ht=instagram.fabe1-1.fna.fbcdn.net&_nc_cat=106&_nc_ohc=gqybB7UWtdwAX_eBxLT&_nc_tp=15&oh=4b983bc3e8f9cc088997a9ebf66043aa&oe=5FB2BAD5",
            "edge_liked_by": {
                "count": 1
            },
            "edge_media_preview_like": {
                "count": 1
            },
            "edge_media_to_caption": {
                "edges": [
                    {
                        "node": {
                            "text": "#testimonial #profits"
                        }
                    }
                ]
            },
            "edge_media_to_comment": {
                "count": 0
            },
            "id": "2421525826435376438",
            "is_video": false,
            "owner": {
                "id": "5907069561"
            },
            "shortcode": "CGa_OjLHWU2",
            "tags": [
                "testimonial",
                "profits"
            ],
            "taken_at_timestamp": 1602888395,
            "thumbnail_resources": [
                {
                    "config_height": 150,
                    "config_width": 150,
                    "src": "https://instagram.fabe1-1.fna.fbcdn.net/v/t51.2885-15/e35/s150x150/121969473_615523775784930_8057836835446641302_n.jpg?_nc_ht=instagram.fabe1-1.fna.fbcdn.net&_nc_cat=106&_nc_ohc=gqybB7UWtdwAX_eBxLT&_nc_tp=15&oh=594ff14067c73daf8c4baa9c3adf51ac&oe=5FB44C16"
                },
                {
                    "config_height": 240,
                    "config_width": 240,
                    "src": "https://instagram.fabe1-1.fna.fbcdn.net/v/t51.2885-15/e35/s240x240/121969473_615523775784930_8057836835446641302_n.jpg?_nc_ht=instagram.fabe1-1.fna.fbcdn.net&_nc_cat=106&_nc_ohc=gqybB7UWtdwAX_eBxLT&_nc_tp=15&oh=327ed1ae42069df2e2fb6c82bc7e0381&oe=5FB39D14"
                },
                {
                    "config_height": 320,
                    "config_width": 320,
                    "src": "https://instagram.fabe1-1.fna.fbcdn.net/v/t51.2885-15/e35/s320x320/121969473_615523775784930_8057836835446641302_n.jpg?_nc_ht=instagram.fabe1-1.fna.fbcdn.net&_nc_cat=106&_nc_ohc=gqybB7UWtdwAX_eBxLT&_nc_tp=15&oh=af370457ef4c43f57f025673984ff267&oe=5FB297EE"
                },
                {
                    "config_height": 480,
                    "config_width": 480,
                    "src": "https://instagram.fabe1-1.fna.fbcdn.net/v/t51.2885-15/e35/s480x480/121969473_615523775784930_8057836835446641302_n.jpg?_nc_ht=instagram.fabe1-1.fna.fbcdn.net&_nc_cat=106&_nc_ohc=gqybB7UWtdwAX_eBxLT&_nc_tp=15&oh=1cd3fb4a893e9833e80e12108b9c9f0b&oe=5FB1B9AB"
                },
                {
                    "config_height": 640,
                    "config_width": 640,
                    "src": "https://instagram.fabe1-1.fna.fbcdn.net/v/t51.2885-15/sh0.08/e35/s640x640/121969473_615523775784930_8057836835446641302_n.jpg?_nc_ht=instagram.fabe1-1.fna.fbcdn.net&_nc_cat=106&_nc_ohc=gqybB7UWtdwAX_eBxLT&_nc_tp=24&oh=56582165f556833dd7647626371f9475&oe=5FB41711"
                }
            ],
            "thumbnail_src": "https://instagram.fabe1-1.fna.fbcdn.net/v/t51.2885-15/sh0.08/e35/s640x640/121969473_615523775784930_8057836835446641302_n.jpg?_nc_ht=instagram.fabe1-1.fna.fbcdn.net&_nc_cat=106&_nc_ohc=gqybB7UWtdwAX_eBxLT&_nc_tp=24&oh=56582165f556833dd7647626371f9475&oe=5FB41711",
            "urls": [
                "https://instagram.fabe1-1.fna.fbcdn.net/v/t51.2885-15/e35/s1080x1080/121969473_615523775784930_8057836835446641302_n.jpg?_nc_ht=instagram.fabe1-1.fna.fbcdn.net&_nc_cat=106&_nc_ohc=gqybB7UWtdwAX_eBxLT&_nc_tp=15&oh=4b983bc3e8f9cc088997a9ebf66043aa&oe=5FB2BAD5",
                "https://instagram.fabe1-1.fna.fbcdn.net/v/t51.2885-15/e35/s1080x1080/121648465_1797133950438337_6691107903040190600_n.jpg?_nc_ht=instagram.fabe1-1.fna.fbcdn.net&_nc_cat=101&_nc_ohc=kuXV3NqWhSwAX802pT5&_nc_tp=15&oh=e5b1dd133a74717604c623ce7c2b8857&oe=5FB2D55F"
            ]
        }
    ]
}