{
    "GraphImages": [
        {
            "comments_disabled": false,
            "dimensions": {
                "height": 607,
                "width": 1080
            },
            "display_url": "https://instagram.fabe1-1.fna.fbcdn.net/v/t51.2885-15/e35/s1080x1080/121654671_344696200150979_2096042925552107862_n.jpg?_nc_ht=instagram.fabe1-1.fna.fbcdn.net&_nc_cat=111&_nc_ohc=1LDz5k6jmCQAX8uFOo1&_nc_tp=15&oh=7b67690be49536a117a8f59d15e3550e&oe=5FB246C1",
            "edge_liked_by": {
                "count": 0
            },
            "edge_media_preview_like": {
                "count": 0
            },
            "edge_media_to_caption": {
                "edges": [
                    {
                        "node": {
                            "text": "I want to welcome everybody to my world of making beats. Here I’ll be posting some of my work that will include beats for you guys to buy, some freebies, and some of the projects that I’m part of. Hopefully, you’ll connect with me through the sound of my beats and songs. \n\nI’ll be posting soon, sorry for the wait. But in the meantime, tell me what types of beats you’ll want to hear from me? \n\nAlso, it will be awesome if you share with friends and people who are interested. Much love and positivity ✌🏼\n\nSee you guys soon! \n\n- YoungB. Out!\n\n#producer #beats #audioengineer #songwriters #music #songs #freebies #rapmusic #trapmusic #hiphopmusic #reggaeton #rnb #pop #tipsandtricks #seeyousoon #youngb #beatsbyyoungb #welcome"
                        }
                    }
                ]
            },
            "edge_media_to_comment": {
                "count": 0
            },
            "id": "2421602077555204426",
            "is_video": false,
            "owner": {
                "id": "39771908636"
            },
            "shortcode": "CGbQkJkBqFK",
            "tags": [
                "trapmusic",
                "tipsandtricks",
                "audioengineer",
                "rnb",
                "music",
                "freebies",
                "songs",
                "rapmusic",
                "seeyousoon",
                "producer",
                "songwriters",
                "reggaeton",
                "beatsbyyoungb",
                "welcome",
                "youngb",
                "beats",
                "pop",
                "hiphopmusic"
            ],
            "taken_at_timestamp": 1602897484,
            "thumbnail_resources": [
                {
                    "config_height": 150,
                    "config_width": 150,
                    "src": "https://instagram.fabe1-1.fna.fbcdn.net/v/t51.2885-15/e35/c315.0.810.810a/s150x150/121654671_344696200150979_2096042925552107862_n.jpg?_nc_ht=instagram.fabe1-1.fna.fbcdn.net&_nc_cat=111&_nc_ohc=1LDz5k6jmCQAX8uFOo1&tp=16&oh=070e16fa2a2d340d0d7d1d8b6610c9f5&oe=5FB4E0E8"
                },
                {
                    "config_height": 240,
                    "config_width": 240,
                    "src": "https://instagram.fabe1-1.fna.fbcdn.net/v/t51.2885-15/e35/c315.0.810.810a/s240x240/121654671_344696200150979_2096042925552107862_n.jpg?_nc_ht=instagram.fabe1-1.fna.fbcdn.net&_nc_cat=111&_nc_ohc=1LDz5k6jmCQAX8uFOo1&tp=16&oh=dc4fc27e89d09e91750ea2dcfee7a573&oe=5FB28862"
                },
                {
                    "config_height": 320,
                    "config_width": 320,
                    "src": "https://instagram.fabe1-1.fna.fbcdn.net/v/t51.2885-15/e35/c315.0.810.810a/s320x320/121654671_344696200150979_2096042925552107862_n.jpg?_nc_ht=instagram.fabe1-1.fna.fbcdn.net&_nc_cat=111&_nc_ohc=1LDz5k6jmCQAX8uFOo1&tp=16&oh=ed8c6860fc9ecf7335042c8f769467e8&oe=5FB54AA0"
                },
                {
                    "config_height": 480,
                    "config_width": 480,
                    "src": "https://instagram.fabe1-1.fna.fbcdn.net/v/t51.2885-15/e35/c315.0.810.810a/s480x480/121654671_344696200150979_2096042925552107862_n.jpg?_nc_ht=instagram.fabe1-1.fna.fbcdn.net&_nc_cat=111&_nc_ohc=1LDz5k6jmCQAX8uFOo1&tp=16&oh=9facc3ccd3db165f94781c672c92261b&oe=5FB3B9D9"
                },
                {
                    "config_height": 640,
                    "config_width": 640,
                    "src": "https://instagram.fabe1-1.fna.fbcdn.net/v/t51.2885-15/sh0.08/e35/c315.0.810.810a/s640x640/121654671_344696200150979_2096042925552107862_n.jpg?_nc_ht=instagram.fabe1-1.fna.fbcdn.net&_nc_cat=111&_nc_ohc=1LDz5k6jmCQAX8uFOo1&oh=33a0f5440aa7e71489be470bb98da7dd&oe=5FB56621"
                }
            ],
            "thumbnail_src": "https://instagram.fabe1-1.fna.fbcdn.net/v/t51.2885-15/sh0.08/e35/c315.0.810.810a/s640x640/121654671_344696200150979_2096042925552107862_n.jpg?_nc_ht=instagram.fabe1-1.fna.fbcdn.net&_nc_cat=111&_nc_ohc=1LDz5k6jmCQAX8uFOo1&oh=33a0f5440aa7e71489be470bb98da7dd&oe=5FB56621",
            "urls": [
                "https://instagram.fabe1-1.fna.fbcdn.net/v/t51.2885-15/e35/s1080x1080/121654671_344696200150979_2096042925552107862_n.jpg?_nc_ht=instagram.fabe1-1.fna.fbcdn.net&_nc_cat=111&_nc_ohc=1LDz5k6jmCQAX8uFOo1&_nc_tp=15&oh=7b67690be49536a117a8f59d15e3550e&oe=5FB246C1"
            ]
        },
        {
            "comments_disabled": false,
            "dimensions": {
                "height": 1080,
                "width": 1080
            },
            "display_url": "https://instagram.fabe1-1.fna.fbcdn.net/v/t51.2885-15/e35/121493316_351740612606382_4143088815949239394_n.jpg?_nc_ht=instagram.fabe1-1.fna.fbcdn.net&_nc_cat=106&_nc_ohc=zomJJ2hcJgIAX9KxenZ&_nc_tp=18&oh=bdc37756a7fefc27597fb51655285dbb&oe=5FB26662",
            "edge_liked_by": {
                "count": 1
            },
            "edge_media_preview_like": {
                "count": 1
            },
            "edge_media_to_caption": {
                "edges": [
                    {
                        "node": {
                            "text": "Desahogo Out Now ❤️🔥\n#music #trap #sad #distrokid"
                        }
                    }
                ]
            },
            "edge_media_to_comment": {
                "count": 1
            },
            "id": "2421601977806256563",
            "is_video": false,
            "owner": {
                "id": "4261033282"
            },
            "shortcode": "CGbQisqhnmz",
            "tags": [
                "trap",
                "distrokid",
                "sad",
                "music"
            ],
            "taken_at_timestamp": 1602897473,
            "thumbnail_resources": [
                {
                    "config_height": 150,
                    "config_width": 150,
                    "src": "https://instagram.fabe1-1.fna.fbcdn.net/v/t51.2885-15/e35/s150x150/121493316_351740612606382_4143088815949239394_n.jpg?_nc_ht=instagram.fabe1-1.fna.fbcdn.net&_nc_cat=106&_nc_ohc=zomJJ2hcJgIAX9KxenZ&_nc_tp=15&oh=45929e303f937dc19c9754b04465183a&oe=5FB4D1DF"
                },
                {
                    "config_height": 240,
                    "config_width": 240,
                    "src": "https://instagram.fabe1-1.fna.fbcdn.net/v/t51.2885-15/e35/s240x240/121493316_351740612606382_4143088815949239394_n.jpg?_nc_ht=instagram.fabe1-1.fna.fbcdn.net&_nc_cat=106&_nc_ohc=zomJJ2hcJgIAX9KxenZ&_nc_tp=15&oh=c6d4e782d7a2d6699b75ce543de2714b&oe=5FB41159"
                },
                {
                    "config_height": 320,
                    "config_width": 320,
                    "src": "https://instagram.fabe1-1.fna.fbcdn.net/v/t51.2885-15/e35/s320x320/121493316_351740612606382_4143088815949239394_n.jpg?_nc_ht=instagram.fabe1-1.fna.fbcdn.net&_nc_cat=106&_nc_ohc=zomJJ2hcJgIAX9KxenZ&_nc_tp=15&oh=061d30b2c4e23529b96da1dd66899d73&oe=5FB598A7"
                },
                {
                    "config_height": 480,
                    "config_width": 480,
                    "src": "https://instagram.fabe1-1.fna.fbcdn.net/v/t51.2885-15/e35/s480x480/121493316_351740612606382_4143088815949239394_n.jpg?_nc_ht=instagram.fabe1-1.fna.fbcdn.net&_nc_cat=106&_nc_ohc=zomJJ2hcJgIAX9KxenZ&_nc_tp=15&oh=4da43812455f6be51ff9b4042505c67c&oe=5FB31CE2"
                },
                {
                    "config_height": 640,
                    "config_width": 640,
                    "src": "https://instagram.fabe1-1.fna.fbcdn.net/v/t51.2885-15/sh0.08/e35/s640x640/121493316_351740612606382_4143088815949239394_n.jpg?_nc_ht=instagram.fabe1-1.fna.fbcdn.net&_nc_cat=106&_nc_ohc=zomJJ2hcJgIAX9KxenZ&_nc_tp=24&oh=435b2701db4dbc7352b2fac667fdd13d&oe=5FB4E4DC"
                }
            ],
            "thumbnail_src": "https://instagram.fabe1-1.fna.fbcdn.net/v/t51.2885-15/sh0.08/e35/s640x640/121493316_351740612606382_4143088815949239394_n.jpg?_nc_ht=instagram.fabe1-1.fna.fbcdn.net&_nc_cat=106&_nc_ohc=zomJJ2hcJgIAX9KxenZ&_nc_tp=24&oh=435b2701db4dbc7352b2fac667fdd13d&oe=5FB4E4DC",
            "urls": [
                "https://instagram.fabe1-1.fna.fbcdn.net/v/t51.2885-15/e35/121493316_351740612606382_4143088815949239394_n.jpg?_nc_ht=instagram.fabe1-1.fna.fbcdn.net&_nc_cat=106&_nc_ohc=zomJJ2hcJgIAX9KxenZ&_nc_tp=18&oh=bdc37756a7fefc27597fb51655285dbb&oe=5FB26662"
            ]
        },
        {
            "comments_disabled": false,
            "dimensions": {
                "height": 640,
                "width": 640
            },
            "display_url": "https://instagram.fabe1-1.fna.fbcdn.net/v/t51.2885-15/e35/121519793_1812129685619472_644750039157779638_n.jpg?_nc_ht=instagram.fabe1-1.fna.fbcdn.net&_nc_cat=100&_nc_ohc=UqwJ4pdNgEUAX9Mj1XZ&_nc_tp=18&oh=b6197d43bdb4be8171058e7269430c6e&oe=5FB3C88C",
            "edge_liked_by": {
                "count": 0
            },
            "edge_media_preview_like": {
                "count": 0
            },
            "edge_media_to_caption": {
                "edges": []
            },
            "edge_media_to_comment": {
                "count": 0
            },
            "id": "2421601593600195779",
            "is_video": false,
            "owner": {
                "id": "7189062119"
            },
            "shortcode": "CGbQdG2DzzD",
            "taken_at_timestamp": 1602897427,
            "thumbnail_resources": [
                {
                    "config_height": 150,
                    "config_width": 150,
                    "src": "https://instagram.fabe1-1.fna.fbcdn.net/v/t51.2885-15/e35/s150x150/121519793_1812129685619472_644750039157779638_n.jpg?_nc_ht=instagram.fabe1-1.fna.fbcdn.net&_nc_cat=100&_nc_ohc=UqwJ4pdNgEUAX9Mj1XZ&_nc_tp=15&oh=0f01c6810b783a2aa143b1ed0e8dec28&oe=5FB27BB5"
                },
                {
                    "config_height": 240,
                    "config_width": 240,
                    "src": "https://instagram.fabe1-1.fna.fbcdn.net/v/t51.2885-15/e35/s240x240/121519793_1812129685619472_644750039157779638_n.jpg?_nc_ht=instagram.fabe1-1.fna.fbcdn.net&_nc_cat=100&_nc_ohc=UqwJ4pdNgEUAX9Mj1XZ&_nc_tp=15&oh=2a5305cc321aceaf1e6a268359e265a4&oe=5FB1F8B3"
                },
                {
                    "config_height": 320,
                    "config_width": 320,
                    "src": "https://instagram.fabe1-1.fna.fbcdn.net/v/t51.2885-15/e35/s320x320/121519793_1812129685619472_644750039157779638_n.jpg?_nc_ht=instagram.fabe1-1.fna.fbcdn.net&_nc_cat=100&_nc_ohc=UqwJ4pdNgEUAX9Mj1XZ&_nc_tp=15&oh=cbd5b60355dc588eedd858fb68fdaf31&oe=5FB5584D"
                },
                {
                    "config_height": 480,
                    "config_width": 480,
                    "src": "https://instagram.fabe1-1.fna.fbcdn.net/v/t51.2885-15/e35/s480x480/121519793_1812129685619472_644750039157779638_n.jpg?_nc_ht=instagram.fabe1-1.fna.fbcdn.net&_nc_cat=100&_nc_ohc=UqwJ4pdNgEUAX9Mj1XZ&_nc_tp=15&oh=d8aeb3fe935ca813233fba64cee6f80e&oe=5FB3B58C"
                },
                {
                    "config_height": 640,
                    "config_width": 640,
                    "src": "https://instagram.fabe1-1.fna.fbcdn.net/v/t51.2885-15/e35/121519793_1812129685619472_644750039157779638_n.jpg?_nc_ht=instagram.fabe1-1.fna.fbcdn.net&_nc_cat=100&_nc_ohc=UqwJ4pdNgEUAX9Mj1XZ&_nc_tp=18&oh=b6197d43bdb4be8171058e7269430c6e&oe=5FB3C88C"
                }
            ],
            "thumbnail_src": "https://instagram.fabe1-1.fna.fbcdn.net/v/t51.2885-15/e35/121519793_1812129685619472_644750039157779638_n.jpg?_nc_ht=instagram.fabe1-1.fna.fbcdn.net&_nc_cat=100&_nc_ohc=UqwJ4pdNgEUAX9Mj1XZ&_nc_tp=18&oh=b6197d43bdb4be8171058e7269430c6e&oe=5FB3C88C",
            "urls": [
                "https://instagram.fabe1-1.fna.fbcdn.net/v/t51.2885-15/e35/121519793_1812129685619472_644750039157779638_n.jpg?_nc_ht=instagram.fabe1-1.fna.fbcdn.net&_nc_cat=100&_nc_ohc=UqwJ4pdNgEUAX9Mj1XZ&_nc_tp=18&oh=b6197d43bdb4be8171058e7269430c6e&oe=5FB3C88C"
            ]
        }
    ]
}