{
    "GraphImages": [
        {
            "comments_disabled": false,
            "dimensions": {
                "height": 1350,
                "width": 1080
            },
            "display_url": "https://instagram.fabe1-1.fna.fbcdn.net/v/t51.2885-15/e35/p1080x1080/122020057_353755862345188_2271735103007334427_n.jpg?_nc_ht=instagram.fabe1-1.fna.fbcdn.net&_nc_cat=104&_nc_ohc=3Sq4RYRlQMIAX-lKQNq&tp=19&oh=e6bbbb4175f630910aeabe86463440ed&oe=5FB1D1C5",
            "edge_liked_by": {
                "count": 1
            },
            "edge_media_preview_like": {
                "count": 1
            },
            "edge_media_to_caption": {
                "edges": [
                    {
                        "node": {
                            "text": "• Miami Weather View from balcony 🌩 •"
                        }
                    }
                ]
            },
            "edge_media_to_comment": {
                "count": 1
            },
            "id": "2421511988619361109",
            "is_video": false,
            "owner": {
                "id": "3024606"
            },
            "shortcode": "CGa8FLtAbtV",
            "tags": [],
            "taken_at_timestamp": 1602886745,
            "thumbnail_resources": [
                {
                    "config_height": 150,
                    "config_width": 150,
                    "src": "https://instagram.fabe1-1.fna.fbcdn.net/v/t51.2885-15/e35/c0.180.1440.1440a/s150x150/122020057_353755862345188_2271735103007334427_n.jpg?_nc_ht=instagram.fabe1-1.fna.fbcdn.net&_nc_cat=104&_nc_ohc=3Sq4RYRlQMIAX-lKQNq&tp=16&oh=7d31d9f7a0fb4d88375207c569fc6b95&oe=5FB282D1"
                },
                {
                    "config_height": 240,
                    "config_width": 240,
                    "src": "https://instagram.fabe1-1.fna.fbcdn.net/v/t51.2885-15/e35/c0.180.1440.1440a/s240x240/122020057_353755862345188_2271735103007334427_n.jpg?_nc_ht=instagram.fabe1-1.fna.fbcdn.net&_nc_cat=104&_nc_ohc=3Sq4RYRlQMIAX-lKQNq&tp=16&oh=ae59d26907817c90af93013a04c96ac2&oe=5FB2C157"
                },
                {
                    "config_height": 320,
                    "config_width": 320,
                    "src": "https://instagram.fabe1-1.fna.fbcdn.net/v/t51.2885-15/e35/c0.180.1440.1440a/s320x320/122020057_353755862345188_2271735103007334427_n.jpg?_nc_ht=instagram.fabe1-1.fna.fbcdn.net&_nc_cat=104&_nc_ohc=3Sq4RYRlQMIAX-lKQNq&tp=16&oh=da720f09d4d34570436891b0ef17bc91&oe=5FB37FA9"
                },
                {
                    "config_height": 480,
                    "config_width": 480,
                    "src": "https://instagram.fabe1-1.fna.fbcdn.net/v/t51.2885-15/e35/c0.180.1440.1440a/s480x480/122020057_353755862345188_2271735103007334427_n.jpg?_nc_ht=instagram.fabe1-1.fna.fbcdn.net&_nc_cat=104&_nc_ohc=3Sq4RYRlQMIAX-lKQNq&tp=16&oh=8f846202cbeec1c03456868967c67843&oe=5FB3EAF0"
                },
                {
                    "config_height": 640,
                    "config_width": 640,
                    "src": "https://instagram.fabe1-1.fna.fbcdn.net/v/t51.2885-15/sh0.08/e35/c0.180.1440.1440a/s640x640/122020057_353755862345188_2271735103007334427_n.jpg?_nc_ht=instagram.fabe1-1.fna.fbcdn.net&_nc_cat=104&_nc_ohc=3Sq4RYRlQMIAX-lKQNq&oh=060244f410b8df5bc9bfd233f4d6c4fb&oe=5FB35761"
                }
            ],
            "thumbnail_src": "https://instagram.fabe1-1.fna.fbcdn.net/v/t51.2885-15/sh0.08/e35/c0.180.1440.1440a/s640x640/122020057_353755862345188_2271735103007334427_n.jpg?_nc_ht=instagram.fabe1-1.fna.fbcdn.net&_nc_cat=104&_nc_ohc=3Sq4RYRlQMIAX-lKQNq&oh=060244f410b8df5bc9bfd233f4d6c4fb&oe=5FB35761",
            "urls": [
                "https://instagram.fabe1-1.fna.fbcdn.net/v/t51.2885-15/e35/p1080x1080/122020057_353755862345188_2271735103007334427_n.jpg?_nc_ht=instagram.fabe1-1.fna.fbcdn.net&_nc_cat=104&_nc_ohc=3Sq4RYRlQMIAX-lKQNq&tp=19&oh=e6bbbb4175f630910aeabe86463440ed&oe=5FB1D1C5"
            ]
        }
    ]
}