{
    "GraphImages": [
        {
            "comments_disabled": false,
            "dimensions": {
                "height": 891,
                "width": 750
            },
            "display_url": "https://instagram.fabe1-1.fna.fbcdn.net/v/t51.2885-15/e35/121247289_350151259738337_516796900232960407_n.jpg?_nc_ht=instagram.fabe1-1.fna.fbcdn.net&_nc_cat=105&_nc_ohc=sswTPS1VAfYAX8_94LN&_nc_tp=18&oh=7d6c7e7f54beea38c5611ac7730e8f38&oe=5FB410C0",
            "edge_liked_by": {
                "count": 0
            },
            "edge_media_preview_like": {
                "count": 0
            },
            "edge_media_to_caption": {
                "edges": [
                    {
                        "node": {
                            "text": "🥂💸🇺🇸"
                        }
                    }
                ]
            },
            "edge_media_to_comment": {
                "count": 0
            },
            "id": "2421392735959558483",
            "is_video": false,
            "owner": {
                "id": "39648720463"
            },
            "shortcode": "CGag91AlKlT",
            "tags": [],
            "taken_at_timestamp": 1602872529,
            "thumbnail_resources": [
                {
                    "config_height": 150,
                    "config_width": 150,
                    "src": "https://instagram.fabe1-1.fna.fbcdn.net/v/t51.2885-15/e35/c0.68.720.720a/s150x150/121247289_350151259738337_516796900232960407_n.jpg?_nc_ht=instagram.fabe1-1.fna.fbcdn.net&_nc_cat=105&_nc_ohc=sswTPS1VAfYAX8_94LN&tp=16&oh=03285f86b215c948ff910fd409c4c391&oe=5FB33EE5"
                },
                {
                    "config_height": 240,
                    "config_width": 240,
                    "src": "https://instagram.fabe1-1.fna.fbcdn.net/v/t51.2885-15/e35/c0.68.720.720a/s240x240/121247289_350151259738337_516796900232960407_n.jpg?_nc_ht=instagram.fabe1-1.fna.fbcdn.net&_nc_cat=105&_nc_ohc=sswTPS1VAfYAX8_94LN&tp=16&oh=4915689534ae024f62bb6d3615f1a7dd&oe=5FB422AF"
                },
                {
                    "config_height": 320,
                    "config_width": 320,
                    "src": "https://instagram.fabe1-1.fna.fbcdn.net/v/t51.2885-15/e35/c0.68.720.720a/s320x320/121247289_350151259738337_516796900232960407_n.jpg?_nc_ht=instagram.fabe1-1.fna.fbcdn.net&_nc_cat=105&_nc_ohc=sswTPS1VAfYAX8_94LN&tp=16&oh=70297daeb883d78b19e3e27452cbd8ee&oe=5FB3C815"
                },
                {
                    "config_height": 480,
                    "config_width": 480,
                    "src": "https://instagram.fabe1-1.fna.fbcdn.net/v/t51.2885-15/e35/c0.68.720.720a/s480x480/121247289_350151259738337_516796900232960407_n.jpg?_nc_ht=instagram.fabe1-1.fna.fbcdn.net&_nc_cat=105&_nc_ohc=sswTPS1VAfYAX8_94LN&tp=16&oh=82972005ca25987742a92e65a21ecbf9&oe=5FB3B04F"
                },
                {
                    "config_height": 640,
                    "config_width": 640,
                    "src": "https://instagram.fabe1-1.fna.fbcdn.net/v/t51.2885-15/sh0.08/e35/c0.68.720.720a/s640x640/121247289_350151259738337_516796900232960407_n.jpg?_nc_ht=instagram.fabe1-1.fna.fbcdn.net&_nc_cat=105&_nc_ohc=sswTPS1VAfYAX8_94LN&oh=aa3c88f90553e8681406702c67f6f632&oe=5FB52C6F"
                }
            ],
            "thumbnail_src": "https://instagram.fabe1-1.fna.fbcdn.net/v/t51.2885-15/sh0.08/e35/c0.68.720.720a/s640x640/121247289_350151259738337_516796900232960407_n.jpg?_nc_ht=instagram.fabe1-1.fna.fbcdn.net&_nc_cat=105&_nc_ohc=sswTPS1VAfYAX8_94LN&oh=aa3c88f90553e8681406702c67f6f632&oe=5FB52C6F",
            "urls": [
                "https://instagram.fabe1-1.fna.fbcdn.net/v/t51.2885-15/e35/121247289_350151259738337_516796900232960407_n.jpg?_nc_ht=instagram.fabe1-1.fna.fbcdn.net&_nc_cat=105&_nc_ohc=sswTPS1VAfYAX8_94LN&_nc_tp=18&oh=7d6c7e7f54beea38c5611ac7730e8f38&oe=5FB410C0"
            ]
        },
        {
            "comments_disabled": false,
            "dimensions": {
                "height": 750,
                "width": 750
            },
            "display_url": "https://instagram.fabe1-1.fna.fbcdn.net/v/t51.2885-15/e35/121645917_124605515819792_5545596539464954645_n.jpg?_nc_ht=instagram.fabe1-1.fna.fbcdn.net&_nc_cat=108&_nc_ohc=EQiHpyhGKz8AX9RgOCS&_nc_tp=18&oh=6621501fb638fbdadb9630e7ae716fbc&oe=5F8C562E",
            "edge_liked_by": {
                "count": 0
            },
            "edge_media_preview_like": {
                "count": 0
            },
            "edge_media_to_caption": {
                "edges": [
                    {
                        "node": {
                            "text": "Light Legs 😳\n.\n.\nSwipe to see how you know it’s real 🤫\nNow you see it .. now you don’t\n#HipDipQueen 🍑 \n.\n.\nEMAIL or DM for 🦵🏽on 💯"
                        }
                    }
                ]
            },
            "edge_media_to_comment": {
                "count": 0
            },
            "id": "2421392625516265223",
            "is_video": false,
            "owner": {
                "id": "2979810337"
            },
            "shortcode": "CGag8OJpb8H",
            "tags": [
                "HipDipQueen"
            ],
            "taken_at_timestamp": 1602872516,
            "thumbnail_resources": [
                {
                    "config_height": 150,
                    "config_width": 150,
                    "src": "https://instagram.fabe1-1.fna.fbcdn.net/v/t51.2885-15/e35/s150x150/121645917_124605515819792_5545596539464954645_n.jpg?_nc_ht=instagram.fabe1-1.fna.fbcdn.net&_nc_cat=108&_nc_ohc=EQiHpyhGKz8AX9RgOCS&_nc_tp=15&oh=b03e6ff248afd9d42ebd63cd762ab33f&oe=5F8C1D13"
                },
                {
                    "config_height": 240,
                    "config_width": 240,
                    "src": "https://instagram.fabe1-1.fna.fbcdn.net/v/t51.2885-15/e35/s240x240/121645917_124605515819792_5545596539464954645_n.jpg?_nc_ht=instagram.fabe1-1.fna.fbcdn.net&_nc_cat=108&_nc_ohc=EQiHpyhGKz8AX9RgOCS&_nc_tp=15&oh=9b3a4ee225a63c9d6391de888bc4fe76&oe=5F8C28D5"
                },
                {
                    "config_height": 320,
                    "config_width": 320,
                    "src": "https://instagram.fabe1-1.fna.fbcdn.net/v/t51.2885-15/e35/s320x320/121645917_124605515819792_5545596539464954645_n.jpg?_nc_ht=instagram.fabe1-1.fna.fbcdn.net&_nc_cat=108&_nc_ohc=EQiHpyhGKz8AX9RgOCS&_nc_tp=15&oh=d1ced8c84b2b43ad3a28f20c36bd59c5&oe=5F8BFD2B"
                },
                {
                    "config_height": 480,
                    "config_width": 480,
                    "src": "https://instagram.fabe1-1.fna.fbcdn.net/v/t51.2885-15/e35/s480x480/121645917_124605515819792_5545596539464954645_n.jpg?_nc_ht=instagram.fabe1-1.fna.fbcdn.net&_nc_cat=108&_nc_ohc=EQiHpyhGKz8AX9RgOCS&_nc_tp=15&oh=1290fffaf1fea2e541095943a4e66926&oe=5F8BFAEE"
                },
                {
                    "config_height": 640,
                    "config_width": 640,
                    "src": "https://instagram.fabe1-1.fna.fbcdn.net/v/t51.2885-15/sh0.08/e35/s640x640/121645917_124605515819792_5545596539464954645_n.jpg?_nc_ht=instagram.fabe1-1.fna.fbcdn.net&_nc_cat=108&_nc_ohc=EQiHpyhGKz8AX9RgOCS&_nc_tp=24&oh=5927cb2a9eea41fa9d4f0d887ac10f45&oe=5F8C07D8"
                }
            ],
            "thumbnail_src": "https://instagram.fabe1-1.fna.fbcdn.net/v/t51.2885-15/sh0.08/e35/s640x640/121645917_124605515819792_5545596539464954645_n.jpg?_nc_ht=instagram.fabe1-1.fna.fbcdn.net&_nc_cat=108&_nc_ohc=EQiHpyhGKz8AX9RgOCS&_nc_tp=24&oh=5927cb2a9eea41fa9d4f0d887ac10f45&oe=5F8C07D8",
            "urls": [
                "https://instagram.fabe1-1.fna.fbcdn.net/v/t50.2886-16/121538072_489956015293440_866996114457087499_n.mp4?_nc_ht=instagram.fabe1-1.fna.fbcdn.net&_nc_cat=100&_nc_ohc=1mziZ55OumAAX83Gu4t&oe=5F8C7601&oh=2ebee4ae20e91de093d55b3195b5fdb4",
                "https://instagram.fabe1-1.fna.fbcdn.net/v/t50.2886-16/121796272_168518588213884_7557394570262603746_n.mp4?_nc_ht=instagram.fabe1-1.fna.fbcdn.net&_nc_cat=104&_nc_ohc=d1tIzyC9UYwAX_DtG_3&oe=5F8C454F&oh=f748b09a6ab86c63200ad3e769780dc6",
                "https://instagram.fabe1-1.fna.fbcdn.net/v/t50.2886-16/121537065_3361659190725011_2444176848387505153_n.mp4?_nc_ht=instagram.fabe1-1.fna.fbcdn.net&_nc_cat=111&_nc_ohc=3QZ32sLuhS4AX9AoQEo&oe=5F8C7061&oh=e9cd9e97821cf68024f8fbdc505072bd"
            ]
        },
        {
            "comments_disabled": false,
            "dimensions": {
                "height": 1140,
                "width": 1080
            },
            "display_url": "https://instagram.fabe1-1.fna.fbcdn.net/v/t51.2885-15/e35/121728531_681121512802567_3591817626302006360_n.jpg?_nc_ht=instagram.fabe1-1.fna.fbcdn.net&_nc_cat=107&_nc_ohc=PIh_It6vJEQAX_YFx4F&_nc_tp=18&oh=3826b2c78aed192ef4cd5a74d8ff6d9c&oe=5FB290F5",
            "edge_liked_by": {
                "count": 1
            },
            "edge_media_preview_like": {
                "count": 1
            },
            "edge_media_to_caption": {
                "edges": [
                    {
                        "node": {
                            "text": "Cu valoare frumos"
                        }
                    }
                ]
            },
            "edge_media_to_comment": {
                "count": 0
            },
            "id": "2421392048739721578",
            "is_video": false,
            "owner": {
                "id": "1473484952"
            },
            "shortcode": "CGagz0_FiFq",
            "tags": [],
            "taken_at_timestamp": 1602872447,
            "thumbnail_resources": [
                {
                    "config_height": 150,
                    "config_width": 150,
                    "src": "https://instagram.fabe1-1.fna.fbcdn.net/v/t51.2885-15/e35/c0.30.1080.1080a/s150x150/121728531_681121512802567_3591817626302006360_n.jpg?_nc_ht=instagram.fabe1-1.fna.fbcdn.net&_nc_cat=107&_nc_ohc=PIh_It6vJEQAX_YFx4F&tp=16&oh=492fa058ef0f1776e08d0e51584aa1be&oe=5FB24FA1"
                },
                {
                    "config_height": 240,
                    "config_width": 240,
                    "src": "https://instagram.fabe1-1.fna.fbcdn.net/v/t51.2885-15/e35/c0.30.1080.1080a/s240x240/121728531_681121512802567_3591817626302006360_n.jpg?_nc_ht=instagram.fabe1-1.fna.fbcdn.net&_nc_cat=107&_nc_ohc=PIh_It6vJEQAX_YFx4F&tp=16&oh=4f04c3c3d0eb3a9a9e1b540fc5b839a0&oe=5FB18427"
                },
                {
                    "config_height": 320,
                    "config_width": 320,
                    "src": "https://instagram.fabe1-1.fna.fbcdn.net/v/t51.2885-15/e35/c0.30.1080.1080a/s320x320/121728531_681121512802567_3591817626302006360_n.jpg?_nc_ht=instagram.fabe1-1.fna.fbcdn.net&_nc_cat=107&_nc_ohc=PIh_It6vJEQAX_YFx4F&tp=16&oh=c1c3889ac6f5a4d2fa06158bee02f8ac&oe=5FB399D9"
                },
                {
                    "config_height": 480,
                    "config_width": 480,
                    "src": "https://instagram.fabe1-1.fna.fbcdn.net/v/t51.2885-15/e35/c0.30.1080.1080a/s480x480/121728531_681121512802567_3591817626302006360_n.jpg?_nc_ht=instagram.fabe1-1.fna.fbcdn.net&_nc_cat=107&_nc_ohc=PIh_It6vJEQAX_YFx4F&tp=16&oh=10242b939326aa7172cb641760c13347&oe=5FB19A20"
                },
                {
                    "config_height": 640,
                    "config_width": 640,
                    "src": "https://instagram.fabe1-1.fna.fbcdn.net/v/t51.2885-15/sh0.08/e35/c0.30.1080.1080a/s640x640/121728531_681121512802567_3591817626302006360_n.jpg?_nc_ht=instagram.fabe1-1.fna.fbcdn.net&_nc_cat=107&_nc_ohc=PIh_It6vJEQAX_YFx4F&oh=5d939f333718bc1705443024c23daa5a&oe=5FB247B8"
                }
            ],
            "thumbnail_src": "https://instagram.fabe1-1.fna.fbcdn.net/v/t51.2885-15/sh0.08/e35/c0.30.1080.1080a/s640x640/121728531_681121512802567_3591817626302006360_n.jpg?_nc_ht=instagram.fabe1-1.fna.fbcdn.net&_nc_cat=107&_nc_ohc=PIh_It6vJEQAX_YFx4F&oh=5d939f333718bc1705443024c23daa5a&oe=5FB247B8",
            "urls": [
                "https://instagram.fabe1-1.fna.fbcdn.net/v/t51.2885-15/e35/121728531_681121512802567_3591817626302006360_n.jpg?_nc_ht=instagram.fabe1-1.fna.fbcdn.net&_nc_cat=107&_nc_ohc=PIh_It6vJEQAX_YFx4F&_nc_tp=18&oh=3826b2c78aed192ef4cd5a74d8ff6d9c&oe=5FB290F5",
                "https://instagram.fabe1-1.fna.fbcdn.net/v/t51.2885-15/e35/121402057_176468490627740_2658955734160313354_n.jpg?_nc_ht=instagram.fabe1-1.fna.fbcdn.net&_nc_cat=108&_nc_ohc=Uu4SOrYzFr4AX8LCsah&_nc_tp=18&oh=725ddfd424ae337f67e7b5b91ceceebd&oe=5FB1AFF8"
            ]
        }
    ]
}