{
    "GraphImages": [
        {
            "comments_disabled": false,
            "dimensions": {
                "height": 284,
                "width": 320
            },
            "display_url": "https://instagram.fabe1-1.fna.fbcdn.net/v/t51.2885-15/e35/121556702_353924749387209_6537247416096074300_n.jpg?_nc_ht=instagram.fabe1-1.fna.fbcdn.net&_nc_cat=109&_nc_ohc=wSVecMJMYdIAX8fmkg0&_nc_tp=18&oh=a899ddd2ba10acd49e27ba747214d65d&oe=5FB4574B",
            "edge_liked_by": {
                "count": 0
            },
            "edge_media_preview_like": {
                "count": 0
            },
            "edge_media_to_caption": {
                "edges": [
                    {
                        "node": {
                            "text": "#crabclaws...late post"
                        }
                    }
                ]
            },
            "edge_media_to_comment": {
                "count": 0
            },
            "id": "2421610926094838123",
            "is_video": false,
            "owner": {
                "id": "265318586"
            },
            "shortcode": "CGbSk6aFmlr",
            "tags": [
                "crabclaws"
            ],
            "taken_at_timestamp": 1602898539,
            "thumbnail_resources": [
                {
                    "config_height": 150,
                    "config_width": 150,
                    "src": "https://instagram.fabe1-1.fna.fbcdn.net/v/t51.2885-15/e35/c18.0.284.284a/s150x150/121556702_353924749387209_6537247416096074300_n.jpg?_nc_ht=instagram.fabe1-1.fna.fbcdn.net&_nc_cat=109&_nc_ohc=wSVecMJMYdIAX8fmkg0&tp=16&oh=62bd75ade57239e61eb9526aa34c8f47&oe=5FB44215"
                },
                {
                    "config_height": 240,
                    "config_width": 240,
                    "src": "https://instagram.fabe1-1.fna.fbcdn.net/v/t51.2885-15/e35/c18.0.284.284a/s240x240/121556702_353924749387209_6537247416096074300_n.jpg?_nc_ht=instagram.fabe1-1.fna.fbcdn.net&_nc_cat=109&_nc_ohc=wSVecMJMYdIAX8fmkg0&tp=16&oh=e49a73e718bc505afad3a1185c2cdf72&oe=5FB35893"
                },
                {
                    "config_height": 320,
                    "config_width": 320,
                    "src": "https://instagram.fabe1-1.fna.fbcdn.net/v/t51.2885-15/e35/c18.0.284.284a/121556702_353924749387209_6537247416096074300_n.jpg?_nc_ht=instagram.fabe1-1.fna.fbcdn.net&_nc_cat=109&_nc_ohc=wSVecMJMYdIAX8fmkg0&oh=9d5e1a5e98ead8b25cde9fd5587aa344&oe=5FB32482"
                },
                {
                    "config_height": 480,
                    "config_width": 480,
                    "src": "https://instagram.fabe1-1.fna.fbcdn.net/v/t51.2885-15/e35/c18.0.284.284a/121556702_353924749387209_6537247416096074300_n.jpg?_nc_ht=instagram.fabe1-1.fna.fbcdn.net&_nc_cat=109&_nc_ohc=wSVecMJMYdIAX8fmkg0&oh=9d5e1a5e98ead8b25cde9fd5587aa344&oe=5FB32482"
                },
                {
                    "config_height": 640,
                    "config_width": 640,
                    "src": "https://instagram.fabe1-1.fna.fbcdn.net/v/t51.2885-15/e35/c18.0.284.284a/121556702_353924749387209_6537247416096074300_n.jpg?_nc_ht=instagram.fabe1-1.fna.fbcdn.net&_nc_cat=109&_nc_ohc=wSVecMJMYdIAX8fmkg0&oh=9d5e1a5e98ead8b25cde9fd5587aa344&oe=5FB32482"
                }
            ],
            "thumbnail_src": "https://instagram.fabe1-1.fna.fbcdn.net/v/t51.2885-15/e35/c18.0.284.284a/121556702_353924749387209_6537247416096074300_n.jpg?_nc_ht=instagram.fabe1-1.fna.fbcdn.net&_nc_cat=109&_nc_ohc=wSVecMJMYdIAX8fmkg0&oh=9d5e1a5e98ead8b25cde9fd5587aa344&oe=5FB32482",
            "urls": [
                "https://instagram.fabe1-1.fna.fbcdn.net/v/t51.2885-15/e35/121556702_353924749387209_6537247416096074300_n.jpg?_nc_ht=instagram.fabe1-1.fna.fbcdn.net&_nc_cat=109&_nc_ohc=wSVecMJMYdIAX8fmkg0&_nc_tp=18&oh=a899ddd2ba10acd49e27ba747214d65d&oe=5FB4574B",
                "https://instagram.fabe1-1.fna.fbcdn.net/v/t51.2885-15/e35/121512254_399243307747676_2172559548040533446_n.jpg?_nc_ht=instagram.fabe1-1.fna.fbcdn.net&_nc_cat=108&_nc_ohc=dvbeFnbL3KsAX9m7tRG&_nc_tp=18&oh=976d66bf76ef6585c7e583591ed8fd25&oe=5FB3F382",
                "https://instagram.fabe1-1.fna.fbcdn.net/v/t51.2885-15/e35/121508527_794932294657121_906278234829762340_n.jpg?_nc_ht=instagram.fabe1-1.fna.fbcdn.net&_nc_cat=105&_nc_ohc=ZwJAXgtMWMEAX8DyCMN&_nc_tp=18&oh=663fee109b755c09cac67a2d1b367ceb&oe=5FB5AEDF"
            ]
        },
        {
            "comments_disabled": false,
            "dimensions": {
                "height": 827,
                "width": 750
            },
            "display_url": "https://instagram.fabe1-1.fna.fbcdn.net/v/t51.2885-15/e35/121646214_2803530616569211_1559222658962118492_n.jpg?_nc_ht=instagram.fabe1-1.fna.fbcdn.net&_nc_cat=107&_nc_ohc=O8cOLIrpiUYAX-b1yQf&_nc_tp=18&oh=67651749f248c26346bb9d4d1f2b2f5c&oe=5FB34621",
            "edge_liked_by": {
                "count": 0
            },
            "edge_media_preview_like": {
                "count": 0
            },
            "edge_media_to_caption": {
                "edges": [
                    {
                        "node": {
                            "text": "Clientas satisfechas con nuestros productos 💪💪💪.\n.\n.\n.\n.\n.\n.\n.\n#bodycarevital  #phoenixusa  #bluepinkbhip  #nonigia  #plan90dias  #plandetox  #cuidadovitaldelcuerpo  #sanfranciscoca #bakersfieldusa  #texas  #miami  #houston  #escondidoca  #atlantausa  #seattle #preguntaportuplan  #pierdepesoganavida  #louisvilleusa  #cuidatucuerpo  #vidamassaludable  #latinoseneeuu  #tomaelriesgo  #tratamientointensivo  #dejameayudartebhip  #trabajojuntosbodycarevital  #cambiatuvidabhip  #cambiodiaadia  #calidaddevidabhip  #ayudaatucuerpobhip  #plandealimentacionbhip"
                        }
                    }
                ]
            },
            "edge_media_to_comment": {
                "count": 0
            },
            "id": "2421610881660909768",
            "is_video": false,
            "owner": {
                "id": "34118547733"
            },
            "shortcode": "CGbSkRBnnjI",
            "tags": [
                "plan90dias",
                "escondidoca",
                "calidaddevidabhip",
                "bakersfieldusa",
                "trabajojuntosbodycarevital",
                "atlantausa",
                "plandetox",
                "texas",
                "houston",
                "cambiodiaadia",
                "preguntaportuplan",
                "cuidatucuerpo",
                "vidamassaludable",
                "pierdepesoganavida",
                "sanfranciscoca",
                "ayudaatucuerpobhip",
                "cambiatuvidabhip",
                "plandealimentacionbhip",
                "tratamientointensivo",
                "latinoseneeuu",
                "seattle",
                "louisvilleusa",
                "nonigia",
                "cuidadovitaldelcuerpo",
                "miami",
                "dejameayudartebhip",
                "phoenixusa",
                "bluepinkbhip",
                "tomaelriesgo",
                "bodycarevital"
            ],
            "taken_at_timestamp": 1602898534,
            "thumbnail_resources": [
                {
                    "config_height": 150,
                    "config_width": 150,
                    "src": "https://instagram.fabe1-1.fna.fbcdn.net/v/t51.2885-15/e35/c0.37.720.720a/s150x150/121646214_2803530616569211_1559222658962118492_n.jpg?_nc_ht=instagram.fabe1-1.fna.fbcdn.net&_nc_cat=107&_nc_ohc=O8cOLIrpiUYAX-b1yQf&tp=16&oh=23a137d1a6e453781dc8e365db8df82d&oe=5FB43BA7"
                },
                {
                    "config_height": 240,
                    "config_width": 240,
                    "src": "https://instagram.fabe1-1.fna.fbcdn.net/v/t51.2885-15/e35/c0.37.720.720a/s240x240/121646214_2803530616569211_1559222658962118492_n.jpg?_nc_ht=instagram.fabe1-1.fna.fbcdn.net&_nc_cat=107&_nc_ohc=O8cOLIrpiUYAX-b1yQf&tp=16&oh=8f9f160f7761af9712a1aab32a863f79&oe=5FB5566F"
                },
                {
                    "config_height": 320,
                    "config_width": 320,
                    "src": "https://instagram.fabe1-1.fna.fbcdn.net/v/t51.2885-15/e35/c0.37.720.720a/s320x320/121646214_2803530616569211_1559222658962118492_n.jpg?_nc_ht=instagram.fabe1-1.fna.fbcdn.net&_nc_cat=107&_nc_ohc=O8cOLIrpiUYAX-b1yQf&tp=16&oh=bd6842836d7905010356bce4ce9e116f&oe=5FB573B2"
                },
                {
                    "config_height": 480,
                    "config_width": 480,
                    "src": "https://instagram.fabe1-1.fna.fbcdn.net/v/t51.2885-15/e35/c0.37.720.720a/s480x480/121646214_2803530616569211_1559222658962118492_n.jpg?_nc_ht=instagram.fabe1-1.fna.fbcdn.net&_nc_cat=107&_nc_ohc=O8cOLIrpiUYAX-b1yQf&tp=16&oh=9b1f505050595ad0973f72ac1812d9db&oe=5FB23974"
                },
                {
                    "config_height": 640,
                    "config_width": 640,
                    "src": "https://instagram.fabe1-1.fna.fbcdn.net/v/t51.2885-15/sh0.08/e35/c0.37.720.720a/s640x640/121646214_2803530616569211_1559222658962118492_n.jpg?_nc_ht=instagram.fabe1-1.fna.fbcdn.net&_nc_cat=107&_nc_ohc=O8cOLIrpiUYAX-b1yQf&oh=843d5e8baaae0faf43d57b1e27df406b&oe=5FB50709"
                }
            ],
            "thumbnail_src": "https://instagram.fabe1-1.fna.fbcdn.net/v/t51.2885-15/sh0.08/e35/c0.37.720.720a/s640x640/121646214_2803530616569211_1559222658962118492_n.jpg?_nc_ht=instagram.fabe1-1.fna.fbcdn.net&_nc_cat=107&_nc_ohc=O8cOLIrpiUYAX-b1yQf&oh=843d5e8baaae0faf43d57b1e27df406b&oe=5FB50709",
            "urls": [
                "https://instagram.fabe1-1.fna.fbcdn.net/v/t51.2885-15/e35/121646214_2803530616569211_1559222658962118492_n.jpg?_nc_ht=instagram.fabe1-1.fna.fbcdn.net&_nc_cat=107&_nc_ohc=O8cOLIrpiUYAX-b1yQf&_nc_tp=18&oh=67651749f248c26346bb9d4d1f2b2f5c&oe=5FB34621"
            ]
        },
        {
            "comments_disabled": false,
            "dimensions": {
                "height": 1080,
                "width": 1080
            },
            "display_url": "https://instagram.fabe1-1.fna.fbcdn.net/v/t51.2885-15/e35/s1080x1080/121699202_393708404981712_7536777885354983731_n.jpg?_nc_ht=instagram.fabe1-1.fna.fbcdn.net&_nc_cat=100&_nc_ohc=g5agJR1akUYAX-DSxyB&_nc_tp=15&oh=767fc4b933b9bdea81cb5e4819cb694e&oe=5FB50896",
            "edge_liked_by": {
                "count": 0
            },
            "edge_media_preview_like": {
                "count": 0
            },
            "edge_media_to_caption": {
                "edges": [
                    {
                        "node": {
                            "text": "Such a long day...sleeping most of it!"
                        }
                    }
                ]
            },
            "edge_media_to_comment": {
                "count": 0
            },
            "id": "2421610789401006349",
            "is_video": false,
            "owner": {
                "id": "210623872"
            },
            "shortcode": "CGbSi7GgBEN",
            "tags": [],
            "taken_at_timestamp": 1602898523,
            "thumbnail_resources": [
                {
                    "config_height": 150,
                    "config_width": 150,
                    "src": "https://instagram.fabe1-1.fna.fbcdn.net/v/t51.2885-15/e35/s150x150/121699202_393708404981712_7536777885354983731_n.jpg?_nc_ht=instagram.fabe1-1.fna.fbcdn.net&_nc_cat=100&_nc_ohc=g5agJR1akUYAX-DSxyB&_nc_tp=15&oh=d575aa4f034735f3d6ef7162ee560ce7&oe=5FB28BD5"
                },
                {
                    "config_height": 240,
                    "config_width": 240,
                    "src": "https://instagram.fabe1-1.fna.fbcdn.net/v/t51.2885-15/e35/s240x240/121699202_393708404981712_7536777885354983731_n.jpg?_nc_ht=instagram.fabe1-1.fna.fbcdn.net&_nc_cat=100&_nc_ohc=g5agJR1akUYAX-DSxyB&_nc_tp=15&oh=35b5fa8f0842bc9ddaa022f176152649&oe=5FB2B7D3"
                },
                {
                    "config_height": 320,
                    "config_width": 320,
                    "src": "https://instagram.fabe1-1.fna.fbcdn.net/v/t51.2885-15/e35/s320x320/121699202_393708404981712_7536777885354983731_n.jpg?_nc_ht=instagram.fabe1-1.fna.fbcdn.net&_nc_cat=100&_nc_ohc=g5agJR1akUYAX-DSxyB&_nc_tp=15&oh=ebc9a2611f3907705d09692660ccd7a4&oe=5FB4E1AD"
                },
                {
                    "config_height": 480,
                    "config_width": 480,
                    "src": "https://instagram.fabe1-1.fna.fbcdn.net/v/t51.2885-15/e35/s480x480/121699202_393708404981712_7536777885354983731_n.jpg?_nc_ht=instagram.fabe1-1.fna.fbcdn.net&_nc_cat=100&_nc_ohc=g5agJR1akUYAX-DSxyB&_nc_tp=15&oh=f97e666a665e6377a23365e5de3fa06d&oe=5FB3776C"
                },
                {
                    "config_height": 640,
                    "config_width": 640,
                    "src": "https://instagram.fabe1-1.fna.fbcdn.net/v/t51.2885-15/sh0.08/e35/s640x640/121699202_393708404981712_7536777885354983731_n.jpg?_nc_ht=instagram.fabe1-1.fna.fbcdn.net&_nc_cat=100&_nc_ohc=g5agJR1akUYAX-DSxyB&_nc_tp=24&oh=265942e2b684b80b58f298e0534376e9&oe=5FB4BAD2"
                }
            ],
            "thumbnail_src": "https://instagram.fabe1-1.fna.fbcdn.net/v/t51.2885-15/sh0.08/e35/s640x640/121699202_393708404981712_7536777885354983731_n.jpg?_nc_ht=instagram.fabe1-1.fna.fbcdn.net&_nc_cat=100&_nc_ohc=g5agJR1akUYAX-DSxyB&_nc_tp=24&oh=265942e2b684b80b58f298e0534376e9&oe=5FB4BAD2",
            "urls": [
                "https://instagram.fabe1-1.fna.fbcdn.net/v/t51.2885-15/e35/s1080x1080/121699202_393708404981712_7536777885354983731_n.jpg?_nc_ht=instagram.fabe1-1.fna.fbcdn.net&_nc_cat=100&_nc_ohc=g5agJR1akUYAX-DSxyB&_nc_tp=15&oh=767fc4b933b9bdea81cb5e4819cb694e&oe=5FB50896"
            ]
        },
        {
            "comments_disabled": false,
            "dimensions": {
                "height": 750,
                "width": 750
            },
            "display_url": "https://instagram.fabe1-1.fna.fbcdn.net/v/t51.2885-15/e35/121597132_792134671570924_2727391503316886332_n.jpg?_nc_ht=instagram.fabe1-1.fna.fbcdn.net&_nc_cat=104&_nc_ohc=x-OUZKBNPb8AX_w4HTQ&_nc_tp=18&oh=fa60ff678cf78cd03423f5079c6392a6&oe=5FB44192",
            "edge_liked_by": {
                "count": 0
            },
            "edge_media_preview_like": {
                "count": 0
            },
            "edge_media_to_caption": {
                "edges": [
                    {
                        "node": {
                            "text": "Mujer 👩\nElimina grasa focalizada y líquidos retenidos y tonifica\n☑️ Escríbeme\n☑️ Comenta yo quiero 🙋‍♀️\n☑️ Entra al link ⬇️ 📱 📲\n.\n.\n.\n.\n.\n.\n.\n#bodycarevital  #phoenixusa  #bluepinkbhip  #nonigia  #plan90dias  #plandetox  #cuidadovitaldelcuerpo  #sanfranciscoca #bakersfieldusa  #texas  #miami  #houston  #escondidoca  #atlantausa  #seattle #preguntaportuplan  #pierdepesoganavida  #louisvilleusa  #cuidatucuerpo  #vidamassaludable  #latinoseneeuu  #tomaelriesgo  #tratamientointensivo  #dejameayudartebhip  #trabajojuntosbodycarevital  #cambiatuvidabhip"
                        }
                    }
                ]
            },
            "edge_media_to_comment": {
                "count": 0
            },
            "id": "2421610410229567570",
            "is_video": false,
            "owner": {
                "id": "34118547733"
            },
            "shortcode": "CGbSdZ-HxBS",
            "tags": [
                "plan90dias",
                "escondidoca",
                "bakersfieldusa",
                "trabajojuntosbodycarevital",
                "atlantausa",
                "plandetox",
                "texas",
                "houston",
                "preguntaportuplan",
                "cuidatucuerpo",
                "vidamassaludable",
                "pierdepesoganavida",
                "sanfranciscoca",
                "cambiatuvidabhip",
                "tratamientointensivo",
                "latinoseneeuu",
                "seattle",
                "louisvilleusa",
                "nonigia",
                "cuidadovitaldelcuerpo",
                "miami",
                "dejameayudartebhip",
                "phoenixusa",
                "bluepinkbhip",
                "tomaelriesgo",
                "bodycarevital"
            ],
            "taken_at_timestamp": 1602898478,
            "thumbnail_resources": [
                {
                    "config_height": 150,
                    "config_width": 150,
                    "src": "https://instagram.fabe1-1.fna.fbcdn.net/v/t51.2885-15/e35/s150x150/121597132_792134671570924_2727391503316886332_n.jpg?_nc_ht=instagram.fabe1-1.fna.fbcdn.net&_nc_cat=104&_nc_ohc=x-OUZKBNPb8AX_w4HTQ&_nc_tp=15&oh=957fd7b44b3bc2ed2dd6b1ebffb36b61&oe=5FB5B5AF"
                },
                {
                    "config_height": 240,
                    "config_width": 240,
                    "src": "https://instagram.fabe1-1.fna.fbcdn.net/v/t51.2885-15/e35/s240x240/121597132_792134671570924_2727391503316886332_n.jpg?_nc_ht=instagram.fabe1-1.fna.fbcdn.net&_nc_cat=104&_nc_ohc=x-OUZKBNPb8AX_w4HTQ&_nc_tp=15&oh=aecfa9f5f432acdcb88372b7574c4cef&oe=5FB2B4A9"
                },
                {
                    "config_height": 320,
                    "config_width": 320,
                    "src": "https://instagram.fabe1-1.fna.fbcdn.net/v/t51.2885-15/e35/s320x320/121597132_792134671570924_2727391503316886332_n.jpg?_nc_ht=instagram.fabe1-1.fna.fbcdn.net&_nc_cat=104&_nc_ohc=x-OUZKBNPb8AX_w4HTQ&_nc_tp=15&oh=5f71274e28f08e9cf7311013bbe81ecd&oe=5FB4B2D7"
                },
                {
                    "config_height": 480,
                    "config_width": 480,
                    "src": "https://instagram.fabe1-1.fna.fbcdn.net/v/t51.2885-15/e35/s480x480/121597132_792134671570924_2727391503316886332_n.jpg?_nc_ht=instagram.fabe1-1.fna.fbcdn.net&_nc_cat=104&_nc_ohc=x-OUZKBNPb8AX_w4HTQ&_nc_tp=15&oh=4295abbaac5487cb0e2a05bac230a2a0&oe=5FB3C912"
                },
                {
                    "config_height": 640,
                    "config_width": 640,
                    "src": "https://instagram.fabe1-1.fna.fbcdn.net/v/t51.2885-15/sh0.08/e35/s640x640/121597132_792134671570924_2727391503316886332_n.jpg?_nc_ht=instagram.fabe1-1.fna.fbcdn.net&_nc_cat=104&_nc_ohc=x-OUZKBNPb8AX_w4HTQ&_nc_tp=24&oh=501905bccddefc41be6c6a85d06d8f29&oe=5FB52DAC"
                }
            ],
            "thumbnail_src": "https://instagram.fabe1-1.fna.fbcdn.net/v/t51.2885-15/sh0.08/e35/s640x640/121597132_792134671570924_2727391503316886332_n.jpg?_nc_ht=instagram.fabe1-1.fna.fbcdn.net&_nc_cat=104&_nc_ohc=x-OUZKBNPb8AX_w4HTQ&_nc_tp=24&oh=501905bccddefc41be6c6a85d06d8f29&oe=5FB52DAC",
            "urls": [
                "https://instagram.fabe1-1.fna.fbcdn.net/v/t51.2885-15/e35/121597132_792134671570924_2727391503316886332_n.jpg?_nc_ht=instagram.fabe1-1.fna.fbcdn.net&_nc_cat=104&_nc_ohc=x-OUZKBNPb8AX_w4HTQ&_nc_tp=18&oh=fa60ff678cf78cd03423f5079c6392a6&oe=5FB44192"
            ]
        }
    ]
}