{
    "GraphImages": [
        {
            "comments_disabled": false,
            "dimensions": {
                "height": 1350,
                "width": 1080
            },
            "display_url": "https://instagram.fabe1-1.fna.fbcdn.net/v/t51.2885-15/e35/p1080x1080/121502291_986055158565290_8725654177979267178_n.jpg?_nc_ht=instagram.fabe1-1.fna.fbcdn.net&_nc_cat=102&_nc_ohc=BaKVMtRUWQAAX9bUyGh&tp=19&oh=48ccab60f35a7b1eeb6d6085847a5102&oe=5FB23B15",
            "edge_liked_by": {
                "count": 0
            },
            "edge_media_preview_like": {
                "count": 0
            },
            "edge_media_to_caption": {
                "edges": [
                    {
                        "node": {
                            "text": "which edit do you prefer, 1 or 2? i’ve been playing around with color in @lightroom (as always bc i can never stick to a theme 😩) but I’m always conflicted between light and bright or dark and moody ~ both are warmer than i usually edit, i like cool, crisp whites and blues but i think the yellow tone adds more life to the picture in this case ~ (3rd photo is original)⁣\n⁣\nwhat’s your editing style? comment below!"
                        }
                    }
                ]
            },
            "edge_media_to_comment": {
                "count": 0
            },
            "id": "2421381522370520510",
            "is_video": false,
            "owner": {
                "id": "208512314"
            },
            "shortcode": "CGaeapiluW-",
            "tags": [],
            "taken_at_timestamp": 1602871192,
            "thumbnail_resources": [
                {
                    "config_height": 150,
                    "config_width": 150,
                    "src": "https://instagram.fabe1-1.fna.fbcdn.net/v/t51.2885-15/e35/c0.180.1440.1440a/s150x150/121502291_986055158565290_8725654177979267178_n.jpg?_nc_ht=instagram.fabe1-1.fna.fbcdn.net&_nc_cat=102&_nc_ohc=BaKVMtRUWQAAX9bUyGh&tp=16&oh=4258499e6ea8d9cdbedac5a7ec0f0275&oe=5FB4C881"
                },
                {
                    "config_height": 240,
                    "config_width": 240,
                    "src": "https://instagram.fabe1-1.fna.fbcdn.net/v/t51.2885-15/e35/c0.180.1440.1440a/s240x240/121502291_986055158565290_8725654177979267178_n.jpg?_nc_ht=instagram.fabe1-1.fna.fbcdn.net&_nc_cat=102&_nc_ohc=BaKVMtRUWQAAX9bUyGh&tp=16&oh=2a2f8dcb01c5a05c1f93769bc70832f6&oe=5FB48A87"
                },
                {
                    "config_height": 320,
                    "config_width": 320,
                    "src": "https://instagram.fabe1-1.fna.fbcdn.net/v/t51.2885-15/e35/c0.180.1440.1440a/s320x320/121502291_986055158565290_8725654177979267178_n.jpg?_nc_ht=instagram.fabe1-1.fna.fbcdn.net&_nc_cat=102&_nc_ohc=BaKVMtRUWQAAX9bUyGh&tp=16&oh=921bfe560fcb44f1dd033186f71d7c58&oe=5FB36EF9"
                },
                {
                    "config_height": 480,
                    "config_width": 480,
                    "src": "https://instagram.fabe1-1.fna.fbcdn.net/v/t51.2885-15/e35/c0.180.1440.1440a/s480x480/121502291_986055158565290_8725654177979267178_n.jpg?_nc_ht=instagram.fabe1-1.fna.fbcdn.net&_nc_cat=102&_nc_ohc=BaKVMtRUWQAAX9bUyGh&tp=16&oh=8b998971cc59029055ff4d4db76a3fb9&oe=5FB277C0"
                },
                {
                    "config_height": 640,
                    "config_width": 640,
                    "src": "https://instagram.fabe1-1.fna.fbcdn.net/v/t51.2885-15/sh0.08/e35/c0.180.1440.1440a/s640x640/121502291_986055158565290_8725654177979267178_n.jpg?_nc_ht=instagram.fabe1-1.fna.fbcdn.net&_nc_cat=102&_nc_ohc=BaKVMtRUWQAAX9bUyGh&oh=8166c783f9a22cdc641ac6a2edf94505&oe=5FB3F231"
                }
            ],
            "thumbnail_src": "https://instagram.fabe1-1.fna.fbcdn.net/v/t51.2885-15/sh0.08/e35/c0.180.1440.1440a/s640x640/121502291_986055158565290_8725654177979267178_n.jpg?_nc_ht=instagram.fabe1-1.fna.fbcdn.net&_nc_cat=102&_nc_ohc=BaKVMtRUWQAAX9bUyGh&oh=8166c783f9a22cdc641ac6a2edf94505&oe=5FB3F231",
            "urls": [
                "https://instagram.fabe1-1.fna.fbcdn.net/v/t51.2885-15/e35/p1080x1080/121502291_986055158565290_8725654177979267178_n.jpg?_nc_ht=instagram.fabe1-1.fna.fbcdn.net&_nc_cat=102&_nc_ohc=BaKVMtRUWQAAX9bUyGh&tp=19&oh=48ccab60f35a7b1eeb6d6085847a5102&oe=5FB23B15",
                "https://instagram.fabe1-1.fna.fbcdn.net/v/t51.2885-15/e35/p1080x1080/121274570_185455609714488_5076896709994922977_n.jpg?_nc_ht=instagram.fabe1-1.fna.fbcdn.net&_nc_cat=100&_nc_ohc=mLqR8KV1ULoAX9GmJCs&tp=19&oh=9153dcc18039146f323c0c3163d063d7&oe=5FB181D6",
                "https://instagram.fabe1-1.fna.fbcdn.net/v/t51.2885-15/e35/p1080x1080/121256231_338567790728904_6000798633402838131_n.jpg?_nc_ht=instagram.fabe1-1.fna.fbcdn.net&_nc_cat=100&_nc_ohc=6eZ3mK890YsAX9pQYrM&tp=19&oh=5685e7565fcd6018ad435a75e24d61f1&oe=5FB2B553"
            ]
        },
        {
            "comments_disabled": false,
            "dimensions": {
                "height": 1080,
                "width": 1080
            },
            "display_url": "https://instagram.fabe1-1.fna.fbcdn.net/v/t51.2885-15/e35/121697534_638215626841925_2461743200305215254_n.jpg?_nc_ht=instagram.fabe1-1.fna.fbcdn.net&_nc_cat=105&_nc_ohc=vD-VoMEHvdwAX9dzqJ9&_nc_tp=18&oh=575bd5f4c0d00355ac2fbe2569acfe29&oe=5FB24A2B",
            "edge_liked_by": {
                "count": 0
            },
            "edge_media_preview_like": {
                "count": 0
            },
            "edge_media_to_caption": {
                "edges": [
                    {
                        "node": {
                            "text": "⚪Bubbles Series by Claudia Di Paolo Art⚪ Recycled magazine Art Collage on wood Blick panel.\nWorking in a new project making art, remodeling and staging a beautiful apartment in Miami Beach. Recycling  paper from old magazines and Behr paint catalogues.\n.\n.\n.\n.\n.\n.\n.\n.\n.\n#createwithblick\n#behrtrends2021\n#hgtvhandmade\n#makespace\n#thatroomiseverything \n#elledecor\n#archdigest\n#neutraldecorstyles\n#peepmypad\n#minted\n#remodeling\n#staging\n#sustaintableart \n#ecofriendly \n#ecoart \n#interior4you\n#scandinavianhomes\n#decorhashtagfeed\n#interiormilk\n#myhomeobsession\n#doingneutral\n#hometohave\n#nesttoimpress\n#cozymodernvibes\n#tappancollector\n#dailyhomeshare\n#roadtolunch\n#interior123\n#handmadecollage\n#interiordesign"
                        }
                    }
                ]
            },
            "edge_media_to_comment": {
                "count": 0
            },
            "id": "2421381518476739206",
            "is_video": false,
            "owner": {
                "id": "512396365"
            },
            "shortcode": "CGaeal6gIKG",
            "tags": [
                "doingneutral",
                "roadtolunch",
                "interior123",
                "makespace",
                "decorhashtagfeed",
                "scandinavianhomes",
                "sustaintableart",
                "handmadecollage",
                "interiormilk",
                "dailyhomeshare",
                "peepmypad",
                "ecoart",
                "staging",
                "interiordesign",
                "nesttoimpress",
                "hometohave",
                "remodeling",
                "elledecor",
                "behrtrends2021",
                "thatroomiseverything",
                "cozymodernvibes",
                "interior4you",
                "tappancollector",
                "hgtvhandmade",
                "neutraldecorstyles",
                "createwithblick",
                "ecofriendly",
                "archdigest",
                "minted",
                "myhomeobsession"
            ],
            "taken_at_timestamp": 1602871192,
            "thumbnail_resources": [
                {
                    "config_height": 150,
                    "config_width": 150,
                    "src": "https://instagram.fabe1-1.fna.fbcdn.net/v/t51.2885-15/e35/s150x150/121697534_638215626841925_2461743200305215254_n.jpg?_nc_ht=instagram.fabe1-1.fna.fbcdn.net&_nc_cat=105&_nc_ohc=vD-VoMEHvdwAX9dzqJ9&_nc_tp=15&oh=94c3bbc722ce17f90b224d3c69812efa&oe=5FB53B16"
                },
                {
                    "config_height": 240,
                    "config_width": 240,
                    "src": "https://instagram.fabe1-1.fna.fbcdn.net/v/t51.2885-15/e35/s240x240/121697534_638215626841925_2461743200305215254_n.jpg?_nc_ht=instagram.fabe1-1.fna.fbcdn.net&_nc_cat=105&_nc_ohc=vD-VoMEHvdwAX9dzqJ9&_nc_tp=15&oh=cfa30dd6e93f0254063f801a0ae59ada&oe=5FB4C694"
                },
                {
                    "config_height": 320,
                    "config_width": 320,
                    "src": "https://instagram.fabe1-1.fna.fbcdn.net/v/t51.2885-15/e35/s320x320/121697534_638215626841925_2461743200305215254_n.jpg?_nc_ht=instagram.fabe1-1.fna.fbcdn.net&_nc_cat=105&_nc_ohc=vD-VoMEHvdwAX9dzqJ9&_nc_tp=15&oh=dddb6d023d4b3a588609803cb105fe8d&oe=5FB492EE"
                },
                {
                    "config_height": 480,
                    "config_width": 480,
                    "src": "https://instagram.fabe1-1.fna.fbcdn.net/v/t51.2885-15/e35/s480x480/121697534_638215626841925_2461743200305215254_n.jpg?_nc_ht=instagram.fabe1-1.fna.fbcdn.net&_nc_cat=105&_nc_ohc=vD-VoMEHvdwAX9dzqJ9&_nc_tp=15&oh=0e102a38a2154457cd01ecf106e46952&oe=5FB2DC2B"
                },
                {
                    "config_height": 640,
                    "config_width": 640,
                    "src": "https://instagram.fabe1-1.fna.fbcdn.net/v/t51.2885-15/sh0.08/e35/s640x640/121697534_638215626841925_2461743200305215254_n.jpg?_nc_ht=instagram.fabe1-1.fna.fbcdn.net&_nc_cat=105&_nc_ohc=vD-VoMEHvdwAX9dzqJ9&_nc_tp=24&oh=c52e047be66cd9240cbb2d4e49cfcf00&oe=5FB2E591"
                }
            ],
            "thumbnail_src": "https://instagram.fabe1-1.fna.fbcdn.net/v/t51.2885-15/sh0.08/e35/s640x640/121697534_638215626841925_2461743200305215254_n.jpg?_nc_ht=instagram.fabe1-1.fna.fbcdn.net&_nc_cat=105&_nc_ohc=vD-VoMEHvdwAX9dzqJ9&_nc_tp=24&oh=c52e047be66cd9240cbb2d4e49cfcf00&oe=5FB2E591",
            "urls": [
                "https://instagram.fabe1-1.fna.fbcdn.net/v/t51.2885-15/e35/121697534_638215626841925_2461743200305215254_n.jpg?_nc_ht=instagram.fabe1-1.fna.fbcdn.net&_nc_cat=105&_nc_ohc=vD-VoMEHvdwAX9dzqJ9&_nc_tp=18&oh=575bd5f4c0d00355ac2fbe2569acfe29&oe=5FB24A2B",
                "https://instagram.fabe1-1.fna.fbcdn.net/v/t51.2885-15/e35/s1080x1080/121643132_260911195299251_1834960757087412156_n.jpg?_nc_ht=instagram.fabe1-1.fna.fbcdn.net&_nc_cat=111&_nc_ohc=F2R14pkc-mEAX89sjHj&_nc_tp=15&oh=1fbf0214c6e51c92a73b9575f22308b2&oe=5FB2BCD8",
                "https://instagram.fabe1-1.fna.fbcdn.net/v/t51.2885-15/e35/s1080x1080/121642615_145436533941247_292345906891326806_n.jpg?_nc_ht=instagram.fabe1-1.fna.fbcdn.net&_nc_cat=107&_nc_ohc=KW2e-ug-dwkAX-1YZz8&_nc_tp=15&oh=951c28f39318454974616a37b5814f07&oe=5FB47C65",
                "https://instagram.fabe1-1.fna.fbcdn.net/v/t51.2885-15/e35/s1080x1080/121673069_404021531003956_3100548888082699203_n.jpg?_nc_ht=instagram.fabe1-1.fna.fbcdn.net&_nc_cat=104&_nc_ohc=8B5haq5eGcUAX9t06IP&_nc_tp=15&oh=4423c386f328e9a5533acd8933c309ab&oe=5FB23710",
                "https://instagram.fabe1-1.fna.fbcdn.net/v/t51.2885-15/e35/121533772_369888584063890_1169684798263479968_n.jpg?_nc_ht=instagram.fabe1-1.fna.fbcdn.net&_nc_cat=110&_nc_ohc=cJr-zbusfWsAX9p-AvT&_nc_tp=18&oh=a9395c0515017baeefccae160120c9da&oe=5FB52D8F"
            ]
        },
        {
            "comments_disabled": false,
            "dimensions": {
                "height": 937,
                "width": 750
            },
            "display_url": "https://instagram.fabe1-1.fna.fbcdn.net/v/t51.2885-15/e35/121644977_691943288192959_8236355092620147949_n.jpg?_nc_ht=instagram.fabe1-1.fna.fbcdn.net&_nc_cat=107&_nc_ohc=oXpQkFPl0BEAX-KGidF&_nc_tp=18&oh=cd445b3fc9a08a7a1ddeaa575b1be990&oe=5FB4F198",
            "edge_liked_by": {
                "count": 34
            },
            "edge_media_preview_like": {
                "count": 34
            },
            "edge_media_to_caption": {
                "edges": [
                    {
                        "node": {
                            "text": "Double tap 💦 and follow @itsrovydagoah \n\n#gainwithmugweru #gainwithwestandmugweru #iamnairobian #publicity254 #igerskenya #nairobikenya #igkenya #fashionkenya #ignairobi #iamnairobian #254fashion #madeinkenya #gaintrain #gaintrick #gainpost #gainwithxtiandela #gainwithbundi #gainwiththeepluto #gainwithmchina #kenyan #gainwithspikes #vscokenya #gainwithmtaaraw #publicity254 #gains #kenyanmemes #wakandaforever #kenyantrends #gainwithsassylips #tembeakenya #gainwithkenyanoxygen #rickarts"
                        }
                    }
                ]
            },
            "edge_media_to_comment": {
                "count": 1
            },
            "id": "2421381235386871204",
            "is_video": false,
            "owner": {
                "id": "26708941661"
            },
            "shortcode": "CGaeWeRB-2k",
            "tags": [
                "kenyan",
                "nairobikenya",
                "gainwithbundi",
                "kenyanmemes",
                "gainwithwestandmugweru",
                "gainwithxtiandela",
                "madeinkenya",
                "kenyantrends",
                "gainwithmtaaraw",
                "gaintrick",
                "gainwithmchina",
                "fashionkenya",
                "gainwithsassylips",
                "gainwithmugweru",
                "igkenya",
                "iamnairobian",
                "gainpost",
                "rickarts",
                "ignairobi",
                "gainwithspikes",
                "254fashion",
                "gaintrain",
                "gainwithkenyanoxygen",
                "gainwiththeepluto",
                "tembeakenya",
                "publicity254",
                "vscokenya",
                "gains",
                "wakandaforever",
                "igerskenya"
            ],
            "taken_at_timestamp": 1602871158,
            "thumbnail_resources": [
                {
                    "config_height": 150,
                    "config_width": 150,
                    "src": "https://instagram.fabe1-1.fna.fbcdn.net/v/t51.2885-15/e35/c0.93.750.750a/s150x150/121644977_691943288192959_8236355092620147949_n.jpg?_nc_ht=instagram.fabe1-1.fna.fbcdn.net&_nc_cat=107&_nc_ohc=oXpQkFPl0BEAX-KGidF&tp=16&oh=9ba294fced417d7e8f724ef88d7deeaa&oe=5FB54B72"
                },
                {
                    "config_height": 240,
                    "config_width": 240,
                    "src": "https://instagram.fabe1-1.fna.fbcdn.net/v/t51.2885-15/e35/c0.93.750.750a/s240x240/121644977_691943288192959_8236355092620147949_n.jpg?_nc_ht=instagram.fabe1-1.fna.fbcdn.net&_nc_cat=107&_nc_ohc=oXpQkFPl0BEAX-KGidF&tp=16&oh=b4803e44dacbe5fd9cae2396d538f761&oe=5FB4BE78"
                },
                {
                    "config_height": 320,
                    "config_width": 320,
                    "src": "https://instagram.fabe1-1.fna.fbcdn.net/v/t51.2885-15/e35/c0.93.750.750a/s320x320/121644977_691943288192959_8236355092620147949_n.jpg?_nc_ht=instagram.fabe1-1.fna.fbcdn.net&_nc_cat=107&_nc_ohc=oXpQkFPl0BEAX-KGidF&tp=16&oh=6acca10851bc29a6bddd7c3ff6247629&oe=5FB3798A"
                },
                {
                    "config_height": 480,
                    "config_width": 480,
                    "src": "https://instagram.fabe1-1.fna.fbcdn.net/v/t51.2885-15/e35/c0.93.750.750a/s480x480/121644977_691943288192959_8236355092620147949_n.jpg?_nc_ht=instagram.fabe1-1.fna.fbcdn.net&_nc_cat=107&_nc_ohc=oXpQkFPl0BEAX-KGidF&tp=16&oh=0a57d9d8bf0a48be887f81f7bd8e4f36&oe=5FB27E4F"
                },
                {
                    "config_height": 640,
                    "config_width": 640,
                    "src": "https://instagram.fabe1-1.fna.fbcdn.net/v/t51.2885-15/sh0.08/e35/c0.93.750.750a/s640x640/121644977_691943288192959_8236355092620147949_n.jpg?_nc_ht=instagram.fabe1-1.fna.fbcdn.net&_nc_cat=107&_nc_ohc=oXpQkFPl0BEAX-KGidF&oh=226a7dc948d46fabf682c0e7e2842cb5&oe=5FB218C6"
                }
            ],
            "thumbnail_src": "https://instagram.fabe1-1.fna.fbcdn.net/v/t51.2885-15/sh0.08/e35/c0.93.750.750a/s640x640/121644977_691943288192959_8236355092620147949_n.jpg?_nc_ht=instagram.fabe1-1.fna.fbcdn.net&_nc_cat=107&_nc_ohc=oXpQkFPl0BEAX-KGidF&oh=226a7dc948d46fabf682c0e7e2842cb5&oe=5FB218C6",
            "urls": [
                "https://instagram.fabe1-1.fna.fbcdn.net/v/t51.2885-15/e35/121644977_691943288192959_8236355092620147949_n.jpg?_nc_ht=instagram.fabe1-1.fna.fbcdn.net&_nc_cat=107&_nc_ohc=oXpQkFPl0BEAX-KGidF&_nc_tp=18&oh=cd445b3fc9a08a7a1ddeaa575b1be990&oe=5FB4F198"
            ]
        },
        {
            "comments_disabled": false,
            "dimensions": {
                "height": 1350,
                "width": 1080
            },
            "display_url": "https://instagram.fabe1-1.fna.fbcdn.net/v/t51.2885-15/e35/p1080x1080/122014453_342804720158911_7141786745820476059_n.jpg?_nc_ht=instagram.fabe1-1.fna.fbcdn.net&_nc_cat=107&_nc_ohc=EBQaWzBK0n8AX-K7CQN&tp=19&oh=3648414c92bffdf66984e5cb450fd6dd&oe=5FB217BE",
            "edge_liked_by": {
                "count": 1
            },
            "edge_media_preview_like": {
                "count": 1
            },
            "edge_media_to_caption": {
                "edges": [
                    {
                        "node": {
                            "text": "All you can do"
                        }
                    }
                ]
            },
            "edge_media_to_comment": {
                "count": 0
            },
            "id": "2421381212905274014",
            "is_video": false,
            "owner": {
                "id": "8744703784"
            },
            "shortcode": "CGaeWJVBfqe",
            "tags": [],
            "taken_at_timestamp": 1602871155,
            "thumbnail_resources": [
                {
                    "config_height": 150,
                    "config_width": 150,
                    "src": "https://instagram.fabe1-1.fna.fbcdn.net/v/t51.2885-15/e35/c0.180.1440.1440a/s150x150/122014453_342804720158911_7141786745820476059_n.jpg?_nc_ht=instagram.fabe1-1.fna.fbcdn.net&_nc_cat=107&_nc_ohc=EBQaWzBK0n8AX-K7CQN&tp=16&oh=517af3e538e461194f0d340d61d397e2&oe=5FB3E4AA"
                },
                {
                    "config_height": 240,
                    "config_width": 240,
                    "src": "https://instagram.fabe1-1.fna.fbcdn.net/v/t51.2885-15/e35/c0.180.1440.1440a/s240x240/122014453_342804720158911_7141786745820476059_n.jpg?_nc_ht=instagram.fabe1-1.fna.fbcdn.net&_nc_cat=107&_nc_ohc=EBQaWzBK0n8AX-K7CQN&tp=16&oh=4bef2962a51586e58f99852682568ea0&oe=5FB21B30"
                },
                {
                    "config_height": 320,
                    "config_width": 320,
                    "src": "https://instagram.fabe1-1.fna.fbcdn.net/v/t51.2885-15/e35/c0.180.1440.1440a/s320x320/122014453_342804720158911_7141786745820476059_n.jpg?_nc_ht=instagram.fabe1-1.fna.fbcdn.net&_nc_cat=107&_nc_ohc=EBQaWzBK0n8AX-K7CQN&tp=16&oh=63efa21d5f0d5f91ec8a2aac6c89d28d&oe=5FB3E2D2"
                },
                {
                    "config_height": 480,
                    "config_width": 480,
                    "src": "https://instagram.fabe1-1.fna.fbcdn.net/v/t51.2885-15/e35/c0.180.1440.1440a/s480x480/122014453_342804720158911_7141786745820476059_n.jpg?_nc_ht=instagram.fabe1-1.fna.fbcdn.net&_nc_cat=107&_nc_ohc=EBQaWzBK0n8AX-K7CQN&tp=16&oh=a4afea8610e74737d119b4361cd61755&oe=5FB55017"
                },
                {
                    "config_height": 640,
                    "config_width": 640,
                    "src": "https://instagram.fabe1-1.fna.fbcdn.net/v/t51.2885-15/sh0.08/e35/c0.180.1440.1440a/s640x640/122014453_342804720158911_7141786745820476059_n.jpg?_nc_ht=instagram.fabe1-1.fna.fbcdn.net&_nc_cat=107&_nc_ohc=EBQaWzBK0n8AX-K7CQN&oh=ec37a13c8f3740656a346f500c586b97&oe=5FB5319A"
                }
            ],
            "thumbnail_src": "https://instagram.fabe1-1.fna.fbcdn.net/v/t51.2885-15/sh0.08/e35/c0.180.1440.1440a/s640x640/122014453_342804720158911_7141786745820476059_n.jpg?_nc_ht=instagram.fabe1-1.fna.fbcdn.net&_nc_cat=107&_nc_ohc=EBQaWzBK0n8AX-K7CQN&oh=ec37a13c8f3740656a346f500c586b97&oe=5FB5319A",
            "urls": [
                "https://instagram.fabe1-1.fna.fbcdn.net/v/t51.2885-15/e35/p1080x1080/122014453_342804720158911_7141786745820476059_n.jpg?_nc_ht=instagram.fabe1-1.fna.fbcdn.net&_nc_cat=107&_nc_ohc=EBQaWzBK0n8AX-K7CQN&tp=19&oh=3648414c92bffdf66984e5cb450fd6dd&oe=5FB217BE"
            ]
        },
        {
            "comments_disabled": false,
            "dimensions": {
                "height": 1267,
                "width": 1080
            },
            "display_url": "https://instagram.fabe1-1.fna.fbcdn.net/v/t51.2885-15/e35/121650139_367229910993062_7490737346770283015_n.jpg?_nc_ht=instagram.fabe1-1.fna.fbcdn.net&_nc_cat=102&_nc_ohc=Ih6kphT2DDsAX_1aUW8&_nc_tp=18&oh=b8cd362f14ebad5ef34c00e5b9c14d50&oe=5FB1D582",
            "edge_liked_by": {
                "count": 0
            },
            "edge_media_preview_like": {
                "count": 0
            },
            "edge_media_to_caption": {
                "edges": [
                    {
                        "node": {
                            "text": "On our way for some shopping! ❤️ #happyfriday"
                        }
                    }
                ]
            },
            "edge_media_to_comment": {
                "count": 0
            },
            "id": "2421381057272447751",
            "is_video": false,
            "owner": {
                "id": "22733114"
            },
            "shortcode": "CGaeT4YlYMH",
            "tags": [
                "happyfriday"
            ],
            "taken_at_timestamp": 1602871137,
            "thumbnail_resources": [
                {
                    "config_height": 150,
                    "config_width": 150,
                    "src": "https://instagram.fabe1-1.fna.fbcdn.net/v/t51.2885-15/e35/c0.83.957.957a/s150x150/121650139_367229910993062_7490737346770283015_n.jpg?_nc_ht=instagram.fabe1-1.fna.fbcdn.net&_nc_cat=102&_nc_ohc=Ih6kphT2DDsAX_1aUW8&tp=16&oh=b7d558fa12f3de71e9f13fee03e42de4&oe=5FB2D223"
                },
                {
                    "config_height": 240,
                    "config_width": 240,
                    "src": "https://instagram.fabe1-1.fna.fbcdn.net/v/t51.2885-15/e35/c0.83.957.957a/s240x240/121650139_367229910993062_7490737346770283015_n.jpg?_nc_ht=instagram.fabe1-1.fna.fbcdn.net&_nc_cat=102&_nc_ohc=Ih6kphT2DDsAX_1aUW8&tp=16&oh=28836a1e6e2be5d57ebd1b578c6cbdac&oe=5FB1A225"
                },
                {
                    "config_height": 320,
                    "config_width": 320,
                    "src": "https://instagram.fabe1-1.fna.fbcdn.net/v/t51.2885-15/e35/c0.83.957.957a/s320x320/121650139_367229910993062_7490737346770283015_n.jpg?_nc_ht=instagram.fabe1-1.fna.fbcdn.net&_nc_cat=102&_nc_ohc=Ih6kphT2DDsAX_1aUW8&tp=16&oh=4388f6a6315f31d4322cfe0fbc61a6a6&oe=5FB4F25B"
                },
                {
                    "config_height": 480,
                    "config_width": 480,
                    "src": "https://instagram.fabe1-1.fna.fbcdn.net/v/t51.2885-15/e35/c0.83.957.957a/s480x480/121650139_367229910993062_7490737346770283015_n.jpg?_nc_ht=instagram.fabe1-1.fna.fbcdn.net&_nc_cat=102&_nc_ohc=Ih6kphT2DDsAX_1aUW8&tp=16&oh=4c3145b410ec8d17776dea2cbe8c8893&oe=5FB2219E"
                },
                {
                    "config_height": 640,
                    "config_width": 640,
                    "src": "https://instagram.fabe1-1.fna.fbcdn.net/v/t51.2885-15/sh0.08/e35/c0.83.957.957a/s640x640/121650139_367229910993062_7490737346770283015_n.jpg?_nc_ht=instagram.fabe1-1.fna.fbcdn.net&_nc_cat=102&_nc_ohc=Ih6kphT2DDsAX_1aUW8&oh=1ec79d6a61c7dc5fc47c83ca5a793a2b&oe=5FB2C617"
                }
            ],
            "thumbnail_src": "https://instagram.fabe1-1.fna.fbcdn.net/v/t51.2885-15/sh0.08/e35/c0.83.957.957a/s640x640/121650139_367229910993062_7490737346770283015_n.jpg?_nc_ht=instagram.fabe1-1.fna.fbcdn.net&_nc_cat=102&_nc_ohc=Ih6kphT2DDsAX_1aUW8&oh=1ec79d6a61c7dc5fc47c83ca5a793a2b&oe=5FB2C617",
            "urls": [
                "https://instagram.fabe1-1.fna.fbcdn.net/v/t51.2885-15/e35/121650139_367229910993062_7490737346770283015_n.jpg?_nc_ht=instagram.fabe1-1.fna.fbcdn.net&_nc_cat=102&_nc_ohc=Ih6kphT2DDsAX_1aUW8&_nc_tp=18&oh=b8cd362f14ebad5ef34c00e5b9c14d50&oe=5FB1D582"
            ]
        }
    ]
}