{
    "GraphImages": [
        {
            "comments_disabled": false,
            "dimensions": {
                "height": 1080,
                "width": 1080
            },
            "display_url": "https://instagram.fabe1-1.fna.fbcdn.net/v/t51.2885-15/e35/s1080x1080/121506368_670170563933975_7015739405776458083_n.jpg?_nc_ht=instagram.fabe1-1.fna.fbcdn.net&_nc_cat=111&_nc_ohc=34U0rcy6kVMAX_Ak-EX&_nc_tp=15&oh=cf6f6bce60408405757693354af27609&oe=5FB4A868",
            "edge_liked_by": {
                "count": 0
            },
            "edge_media_preview_like": {
                "count": 0
            },
            "edge_media_to_caption": {
                "edges": [
                    {
                        "node": {
                            "text": "Saturday! Exchange on Miami/South Beach is the only place to be with @swaelee of @raesremmurd. Upgraded to a restaurant for social distancing with the same great vibe, a delicious menu and spacious tables. MASKS REQUIRED for entry. OPEN 6 PM-12 AM. \n---------------------------------------------------- Table Reservations 1-786-288-9504 (what's app ok) ---------------------------------------------------- #southbeach #sobe #oceandrive #miami #miamibeach #miaminights #miamilife #miamibound #vip #partyinmiami #305 #brickell #bottleservice #bottles #broward #fiu #fiu20 #fiu21 #um #umiami #fortlauderdale #southbeachpromoter #miamiclubs #miamievents #southbeachparties #miamiparty #wynwood #thingstodomiami #miamipromoter"
                        }
                    }
                ]
            },
            "edge_media_to_comment": {
                "count": 0
            },
            "id": "2421543204392579647",
            "is_video": false,
            "owner": {
                "id": "1115711201"
            },
            "shortcode": "CGbDLbqFLI_",
            "tags": [
                "fiu20",
                "miamibeach",
                "umiami",
                "oceandrive",
                "sobe",
                "miamievents",
                "southbeachpromoter",
                "miamilife",
                "vip",
                "fiu",
                "fortlauderdale",
                "miamipromoter",
                "miamibound",
                "miaminights",
                "miamiclubs",
                "southbeach",
                "um",
                "southbeachparties",
                "305",
                "brickell",
                "bottles",
                "broward",
                "thingstodomiami",
                "fiu21",
                "miamiparty",
                "wynwood",
                "bottleservice",
                "partyinmiami",
                "miami"
            ],
            "taken_at_timestamp": 1602890466,
            "thumbnail_resources": [
                {
                    "config_height": 150,
                    "config_width": 150,
                    "src": "https://instagram.fabe1-1.fna.fbcdn.net/v/t51.2885-15/e35/s150x150/121506368_670170563933975_7015739405776458083_n.jpg?_nc_ht=instagram.fabe1-1.fna.fbcdn.net&_nc_cat=111&_nc_ohc=34U0rcy6kVMAX_Ak-EX&_nc_tp=15&oh=e6aaa68579061f2a3df34f79ec1c7dc7&oe=5FB241A7"
                },
                {
                    "config_height": 240,
                    "config_width": 240,
                    "src": "https://instagram.fabe1-1.fna.fbcdn.net/v/t51.2885-15/e35/s240x240/121506368_670170563933975_7015739405776458083_n.jpg?_nc_ht=instagram.fabe1-1.fna.fbcdn.net&_nc_cat=111&_nc_ohc=34U0rcy6kVMAX_Ak-EX&_nc_tp=15&oh=a866c63cca354c27d3083675e4326afd&oe=5FB203A1"
                },
                {
                    "config_height": 320,
                    "config_width": 320,
                    "src": "https://instagram.fabe1-1.fna.fbcdn.net/v/t51.2885-15/e35/s320x320/121506368_670170563933975_7015739405776458083_n.jpg?_nc_ht=instagram.fabe1-1.fna.fbcdn.net&_nc_cat=111&_nc_ohc=34U0rcy6kVMAX_Ak-EX&_nc_tp=15&oh=89b580adc412783e82d793772ba7cf85&oe=5FB5395F"
                },
                {
                    "config_height": 480,
                    "config_width": 480,
                    "src": "https://instagram.fabe1-1.fna.fbcdn.net/v/t51.2885-15/e35/s480x480/121506368_670170563933975_7015739405776458083_n.jpg?_nc_ht=instagram.fabe1-1.fna.fbcdn.net&_nc_cat=111&_nc_ohc=34U0rcy6kVMAX_Ak-EX&_nc_tp=15&oh=f6c4ca351d38d35198187f8b926d9118&oe=5FB4CC9A"
                },
                {
                    "config_height": 640,
                    "config_width": 640,
                    "src": "https://instagram.fabe1-1.fna.fbcdn.net/v/t51.2885-15/sh0.08/e35/s640x640/121506368_670170563933975_7015739405776458083_n.jpg?_nc_ht=instagram.fabe1-1.fna.fbcdn.net&_nc_cat=111&_nc_ohc=34U0rcy6kVMAX_Ak-EX&_nc_tp=24&oh=b2cb0821abbd0efd835d5dc350bcce0c&oe=5FB25FA4"
                }
            ],
            "thumbnail_src": "https://instagram.fabe1-1.fna.fbcdn.net/v/t51.2885-15/sh0.08/e35/s640x640/121506368_670170563933975_7015739405776458083_n.jpg?_nc_ht=instagram.fabe1-1.fna.fbcdn.net&_nc_cat=111&_nc_ohc=34U0rcy6kVMAX_Ak-EX&_nc_tp=24&oh=b2cb0821abbd0efd835d5dc350bcce0c&oe=5FB25FA4",
            "urls": [
                "https://instagram.fabe1-1.fna.fbcdn.net/v/t51.2885-15/e35/s1080x1080/121506368_670170563933975_7015739405776458083_n.jpg?_nc_ht=instagram.fabe1-1.fna.fbcdn.net&_nc_cat=111&_nc_ohc=34U0rcy6kVMAX_Ak-EX&_nc_tp=15&oh=cf6f6bce60408405757693354af27609&oe=5FB4A868"
            ]
        },
        {
            "comments_disabled": false,
            "dimensions": {
                "height": 936,
                "width": 750
            },
            "display_url": "https://instagram.fabe1-1.fna.fbcdn.net/v/t51.2885-15/e35/121555222_2801622273428264_1351345021545083493_n.jpg?_nc_ht=instagram.fabe1-1.fna.fbcdn.net&_nc_cat=108&_nc_ohc=67Bqk-PzzIEAX8XQogQ&_nc_tp=18&oh=2a5fa3dd0fd5ba8abe0b4f04d88fc5f0&oe=5F8C36A0",
            "edge_liked_by": {
                "count": 6
            },
            "edge_media_preview_like": {
                "count": 6
            },
            "edge_media_to_caption": {
                "edges": [
                    {
                        "node": {
                            "text": "They say “Drop it like it’s Hot”...I Say..”Squat it like it’s Hot” ✌🏼🤪\n-\nThe New Glute God Plum Red Leggings dropping soon! Dm to pre order.👊🏽👀"
                        }
                    }
                ]
            },
            "edge_media_to_comment": {
                "count": 0
            },
            "id": "2421542151212317192",
            "is_video": true,
            "owner": {
                "id": "247495166"
            },
            "shortcode": "CGbC8GzpToI",
            "tags": [],
            "taken_at_timestamp": 1602890463,
            "thumbnail_resources": [
                {
                    "config_height": 150,
                    "config_width": 150,
                    "src": "https://instagram.fabe1-1.fna.fbcdn.net/v/t51.2885-15/e35/c0.89.720.720a/s150x150/121555222_2801622273428264_1351345021545083493_n.jpg?_nc_ht=instagram.fabe1-1.fna.fbcdn.net&_nc_cat=108&_nc_ohc=67Bqk-PzzIEAX8XQogQ&tp=16&oh=f30df41f0f8796486163da50f73a0b31&oe=5F8CBFE4"
                },
                {
                    "config_height": 240,
                    "config_width": 240,
                    "src": "https://instagram.fabe1-1.fna.fbcdn.net/v/t51.2885-15/e35/c0.89.720.720a/s240x240/121555222_2801622273428264_1351345021545083493_n.jpg?_nc_ht=instagram.fabe1-1.fna.fbcdn.net&_nc_cat=108&_nc_ohc=67Bqk-PzzIEAX8XQogQ&tp=16&oh=235cd822bdb60c9a8f1c6e447c8e0bc5&oe=5F8C8D2C"
                },
                {
                    "config_height": 320,
                    "config_width": 320,
                    "src": "https://instagram.fabe1-1.fna.fbcdn.net/v/t51.2885-15/e35/c0.89.720.720a/s320x320/121555222_2801622273428264_1351345021545083493_n.jpg?_nc_ht=instagram.fabe1-1.fna.fbcdn.net&_nc_cat=108&_nc_ohc=67Bqk-PzzIEAX8XQogQ&tp=16&oh=f68a9f0bf8ace244cfd8ec0b52bcbf30&oe=5F8CB975"
                },
                {
                    "config_height": 480,
                    "config_width": 480,
                    "src": "https://instagram.fabe1-1.fna.fbcdn.net/v/t51.2885-15/e35/c0.89.720.720a/s480x480/121555222_2801622273428264_1351345021545083493_n.jpg?_nc_ht=instagram.fabe1-1.fna.fbcdn.net&_nc_cat=108&_nc_ohc=67Bqk-PzzIEAX8XQogQ&tp=16&oh=d5775e168148bd0a800ecb50a6094b29&oe=5F8C30F7"
                },
                {
                    "config_height": 640,
                    "config_width": 640,
                    "src": "https://instagram.fabe1-1.fna.fbcdn.net/v/t51.2885-15/sh0.08/e35/c0.89.720.720a/s640x640/121555222_2801622273428264_1351345021545083493_n.jpg?_nc_ht=instagram.fabe1-1.fna.fbcdn.net&_nc_cat=108&_nc_ohc=67Bqk-PzzIEAX8XQogQ&oh=1acf5f6f1aa79b3b9f9c6d56e67828a4&oe=5F8C6A8E"
                }
            ],
            "thumbnail_src": "https://instagram.fabe1-1.fna.fbcdn.net/v/t51.2885-15/sh0.08/e35/c0.89.720.720a/s640x640/121555222_2801622273428264_1351345021545083493_n.jpg?_nc_ht=instagram.fabe1-1.fna.fbcdn.net&_nc_cat=108&_nc_ohc=67Bqk-PzzIEAX8XQogQ&oh=1acf5f6f1aa79b3b9f9c6d56e67828a4&oe=5F8C6A8E",
            "urls": [
                "https://instagram.fabe1-1.fna.fbcdn.net/v/t50.2886-16/121575682_655711748640644_873235990195137377_n.mp4?_nc_ht=instagram.fabe1-1.fna.fbcdn.net&_nc_cat=108&_nc_ohc=T4_j0ZlfkLgAX-jy9rz&oe=5F8C2A0B&oh=2133edcb4f6ede62799abace48af2815"
            ],
            "video_view_count": 0
        },
        {
            "comments_disabled": false,
            "dimensions": {
                "height": 1080,
                "width": 1080
            },
            "display_url": "https://instagram.fabe1-1.fna.fbcdn.net/v/t51.2885-15/e35/s1080x1080/121587284_1030816214050524_2915348446517746278_n.jpg?_nc_ht=instagram.fabe1-1.fna.fbcdn.net&_nc_cat=100&_nc_ohc=7QblYnsEGssAX_t_-3B&_nc_tp=15&oh=bf8633d51c5d57e4cb58f9ff8cb89125&oe=5FB591CF",
            "edge_liked_by": {
                "count": 0
            },
            "edge_media_preview_like": {
                "count": 0
            },
            "edge_media_to_caption": {
                "edges": [
                    {
                        "node": {
                            "text": "Snuggle up with Fusion CBD Sleep and Recovery capsules 😴🙌🏽💪🏽 #goodnight #teddybear \n\n#musclerecovery #fusioncbdproducts #cbdproducts #cbdwellness #cbdhealth #cbdforathletes #atheleteschoice #athleticperformance #trycbd #sleepandrecovery #cbdsupplements"
                        }
                    }
                ]
            },
            "edge_media_to_comment": {
                "count": 0
            },
            "id": "2421542839380962203",
            "is_video": false,
            "owner": {
                "id": "16666422397"
            },
            "shortcode": "CGbDGHtsWub",
            "tags": [
                "cbdhealth",
                "atheleteschoice",
                "goodnight",
                "cbdproducts",
                "musclerecovery",
                "cbdforathletes",
                "athleticperformance",
                "teddybear",
                "cbdsupplements",
                "cbdwellness",
                "fusioncbdproducts",
                "trycbd",
                "sleepandrecovery"
            ],
            "taken_at_timestamp": 1602890423,
            "thumbnail_resources": [
                {
                    "config_height": 150,
                    "config_width": 150,
                    "src": "https://instagram.fabe1-1.fna.fbcdn.net/v/t51.2885-15/e35/s150x150/121587284_1030816214050524_2915348446517746278_n.jpg?_nc_ht=instagram.fabe1-1.fna.fbcdn.net&_nc_cat=100&_nc_ohc=7QblYnsEGssAX_t_-3B&_nc_tp=15&oh=91d047c5bad99a55013810e31dd60613&oe=5FB488D3"
                },
                {
                    "config_height": 240,
                    "config_width": 240,
                    "src": "https://instagram.fabe1-1.fna.fbcdn.net/v/t51.2885-15/e35/s240x240/121587284_1030816214050524_2915348446517746278_n.jpg?_nc_ht=instagram.fabe1-1.fna.fbcdn.net&_nc_cat=100&_nc_ohc=7QblYnsEGssAX_t_-3B&_nc_tp=15&oh=c03b9c2633ddc3a07737e4301128be9f&oe=5FB4FE9B"
                },
                {
                    "config_height": 320,
                    "config_width": 320,
                    "src": "https://instagram.fabe1-1.fna.fbcdn.net/v/t51.2885-15/e35/s320x320/121587284_1030816214050524_2915348446517746278_n.jpg?_nc_ht=instagram.fabe1-1.fna.fbcdn.net&_nc_cat=100&_nc_ohc=7QblYnsEGssAX_t_-3B&_nc_tp=15&oh=3e533f3ed2968901f39fa8d6c48eb7b9&oe=5FB3A846"
                },
                {
                    "config_height": 480,
                    "config_width": 480,
                    "src": "https://instagram.fabe1-1.fna.fbcdn.net/v/t51.2885-15/e35/s480x480/121587284_1030816214050524_2915348446517746278_n.jpg?_nc_ht=instagram.fabe1-1.fna.fbcdn.net&_nc_cat=100&_nc_ohc=7QblYnsEGssAX_t_-3B&_nc_tp=15&oh=1ad9c0d82bcd2435ada399f2c453b4a9&oe=5FB2A188"
                },
                {
                    "config_height": 640,
                    "config_width": 640,
                    "src": "https://instagram.fabe1-1.fna.fbcdn.net/v/t51.2885-15/sh0.08/e35/s640x640/121587284_1030816214050524_2915348446517746278_n.jpg?_nc_ht=instagram.fabe1-1.fna.fbcdn.net&_nc_cat=100&_nc_ohc=7QblYnsEGssAX_t_-3B&_nc_tp=24&oh=61f9ae78dd6113d1d9d8a5b9692d99b2&oe=5FB3E2A8"
                }
            ],
            "thumbnail_src": "https://instagram.fabe1-1.fna.fbcdn.net/v/t51.2885-15/sh0.08/e35/s640x640/121587284_1030816214050524_2915348446517746278_n.jpg?_nc_ht=instagram.fabe1-1.fna.fbcdn.net&_nc_cat=100&_nc_ohc=7QblYnsEGssAX_t_-3B&_nc_tp=24&oh=61f9ae78dd6113d1d9d8a5b9692d99b2&oe=5FB3E2A8",
            "urls": [
                "https://instagram.fabe1-1.fna.fbcdn.net/v/t51.2885-15/e35/s1080x1080/121587284_1030816214050524_2915348446517746278_n.jpg?_nc_ht=instagram.fabe1-1.fna.fbcdn.net&_nc_cat=100&_nc_ohc=7QblYnsEGssAX_t_-3B&_nc_tp=15&oh=bf8633d51c5d57e4cb58f9ff8cb89125&oe=5FB591CF"
            ]
        },
        {
            "comments_disabled": false,
            "dimensions": {
                "height": 660,
                "width": 1080
            },
            "display_url": "https://instagram.fabe1-1.fna.fbcdn.net/v/t51.2885-15/e35/s1080x1080/121607187_1084416808643262_7411150700975172896_n.jpg?_nc_ht=instagram.fabe1-1.fna.fbcdn.net&_nc_cat=106&_nc_ohc=FkYbC56TaM0AX_S8Gza&_nc_tp=15&oh=739f741bd9c891fb06e262a7c96255d8&oe=5FB48200",
            "edge_liked_by": {
                "count": 10
            },
            "edge_media_preview_like": {
                "count": 10
            },
            "edge_media_to_caption": {
                "edges": []
            },
            "edge_media_to_comment": {
                "count": 0
            },
            "id": "2421542666155396148",
            "is_video": false,
            "owner": {
                "id": "235505428"
            },
            "shortcode": "CGbDDmYpQw0",
            "taken_at_timestamp": 1602890402,
            "thumbnail_resources": [
                {
                    "config_height": 150,
                    "config_width": 150,
                    "src": "https://instagram.fabe1-1.fna.fbcdn.net/v/t51.2885-15/e35/c280.0.880.880a/s150x150/121607187_1084416808643262_7411150700975172896_n.jpg?_nc_ht=instagram.fabe1-1.fna.fbcdn.net&_nc_cat=106&_nc_ohc=FkYbC56TaM0AX_S8Gza&tp=16&oh=720b8407740dbd490790d69ba411fdc9&oe=5FB5A022"
                },
                {
                    "config_height": 240,
                    "config_width": 240,
                    "src": "https://instagram.fabe1-1.fna.fbcdn.net/v/t51.2885-15/e35/c280.0.880.880a/s240x240/121607187_1084416808643262_7411150700975172896_n.jpg?_nc_ht=instagram.fabe1-1.fna.fbcdn.net&_nc_cat=106&_nc_ohc=FkYbC56TaM0AX_S8Gza&tp=16&oh=d0033c37f9701bcb04f89c7bf073a66e&oe=5FB333EA"
                },
                {
                    "config_height": 320,
                    "config_width": 320,
                    "src": "https://instagram.fabe1-1.fna.fbcdn.net/v/t51.2885-15/e35/c280.0.880.880a/s320x320/121607187_1084416808643262_7411150700975172896_n.jpg?_nc_ht=instagram.fabe1-1.fna.fbcdn.net&_nc_cat=106&_nc_ohc=FkYbC56TaM0AX_S8Gza&tp=16&oh=e0d5165a67c6933f806366d9f65195cb&oe=5FB2A1B7"
                },
                {
                    "config_height": 480,
                    "config_width": 480,
                    "src": "https://instagram.fabe1-1.fna.fbcdn.net/v/t51.2885-15/e35/c280.0.880.880a/s480x480/121607187_1084416808643262_7411150700975172896_n.jpg?_nc_ht=instagram.fabe1-1.fna.fbcdn.net&_nc_cat=106&_nc_ohc=FkYbC56TaM0AX_S8Gza&tp=16&oh=6732b606888a8d482e38be67992f15b8&oe=5FB46CF5"
                },
                {
                    "config_height": 640,
                    "config_width": 640,
                    "src": "https://instagram.fabe1-1.fna.fbcdn.net/v/t51.2885-15/sh0.08/e35/c280.0.880.880a/s640x640/121607187_1084416808643262_7411150700975172896_n.jpg?_nc_ht=instagram.fabe1-1.fna.fbcdn.net&_nc_cat=106&_nc_ohc=FkYbC56TaM0AX_S8Gza&oh=6ce9ff647f7298cbc6a985ec1dd7a681&oe=5FB43B60"
                }
            ],
            "thumbnail_src": "https://instagram.fabe1-1.fna.fbcdn.net/v/t51.2885-15/sh0.08/e35/c280.0.880.880a/s640x640/121607187_1084416808643262_7411150700975172896_n.jpg?_nc_ht=instagram.fabe1-1.fna.fbcdn.net&_nc_cat=106&_nc_ohc=FkYbC56TaM0AX_S8Gza&oh=6ce9ff647f7298cbc6a985ec1dd7a681&oe=5FB43B60",
            "urls": [
                "https://instagram.fabe1-1.fna.fbcdn.net/v/t51.2885-15/e35/s1080x1080/121607187_1084416808643262_7411150700975172896_n.jpg?_nc_ht=instagram.fabe1-1.fna.fbcdn.net&_nc_cat=106&_nc_ohc=FkYbC56TaM0AX_S8Gza&_nc_tp=15&oh=739f741bd9c891fb06e262a7c96255d8&oe=5FB48200"
            ]
        }
    ]
}