{
    "GraphImages": [
        {
            "comments_disabled": false,
            "dimensions": {
                "height": 1080,
                "width": 1080
            },
            "display_url": "https://instagram.fabe1-1.fna.fbcdn.net/v/t51.2885-15/e35/121503327_2789085381360002_5821724094887103169_n.jpg?_nc_ht=instagram.fabe1-1.fna.fbcdn.net&_nc_cat=102&_nc_ohc=K0W8HpdKvNwAX8JqjVH&_nc_tp=18&oh=38377d2e56ce5f1a4390770b37df0a73&oe=5FB4EAB8",
            "edge_liked_by": {
                "count": 0
            },
            "edge_media_preview_like": {
                "count": 0
            },
            "edge_media_to_caption": {
                "edges": [
                    {
                        "node": {
                            "text": "Onde eu gostaria de estar.... 🇺🇸"
                        }
                    }
                ]
            },
            "edge_media_to_comment": {
                "count": 0
            },
            "id": "2421454795746175692",
            "is_video": false,
            "owner": {
                "id": "191544812"
            },
            "shortcode": "CGavE6sHerM",
            "tags": [],
            "taken_at_timestamp": 1602879927,
            "thumbnail_resources": [
                {
                    "config_height": 150,
                    "config_width": 150,
                    "src": "https://instagram.fabe1-1.fna.fbcdn.net/v/t51.2885-15/e35/s150x150/121503327_2789085381360002_5821724094887103169_n.jpg?_nc_ht=instagram.fabe1-1.fna.fbcdn.net&_nc_cat=102&_nc_ohc=K0W8HpdKvNwAX8JqjVH&_nc_tp=15&oh=34008c7754af8c251f004fc691c59f10&oe=5FB4D55C"
                },
                {
                    "config_height": 240,
                    "config_width": 240,
                    "src": "https://instagram.fabe1-1.fna.fbcdn.net/v/t51.2885-15/e35/s240x240/121503327_2789085381360002_5821724094887103169_n.jpg?_nc_ht=instagram.fabe1-1.fna.fbcdn.net&_nc_cat=102&_nc_ohc=K0W8HpdKvNwAX8JqjVH&_nc_tp=15&oh=77848db34cb3ecfaa78203f8a920a5e9&oe=5FB30714"
                },
                {
                    "config_height": 320,
                    "config_width": 320,
                    "src": "https://instagram.fabe1-1.fna.fbcdn.net/v/t51.2885-15/e35/s320x320/121503327_2789085381360002_5821724094887103169_n.jpg?_nc_ht=instagram.fabe1-1.fna.fbcdn.net&_nc_cat=102&_nc_ohc=K0W8HpdKvNwAX8JqjVH&_nc_tp=15&oh=092d7a1e91021615343eb9c419c2e89f&oe=5FB2F1CD"
                },
                {
                    "config_height": 480,
                    "config_width": 480,
                    "src": "https://instagram.fabe1-1.fna.fbcdn.net/v/t51.2885-15/e35/s480x480/121503327_2789085381360002_5821724094887103169_n.jpg?_nc_ht=instagram.fabe1-1.fna.fbcdn.net&_nc_cat=102&_nc_ohc=K0W8HpdKvNwAX8JqjVH&_nc_tp=15&oh=a768911695153a92a79cedbc820af794&oe=5FB4528F"
                },
                {
                    "config_height": 640,
                    "config_width": 640,
                    "src": "https://instagram.fabe1-1.fna.fbcdn.net/v/t51.2885-15/sh0.08/e35/s640x640/121503327_2789085381360002_5821724094887103169_n.jpg?_nc_ht=instagram.fabe1-1.fna.fbcdn.net&_nc_cat=102&_nc_ohc=K0W8HpdKvNwAX8JqjVH&_nc_tp=24&oh=929c9b7ffdde1f502ba16f0c4037c29a&oe=5FB4FF2F"
                }
            ],
            "thumbnail_src": "https://instagram.fabe1-1.fna.fbcdn.net/v/t51.2885-15/sh0.08/e35/s640x640/121503327_2789085381360002_5821724094887103169_n.jpg?_nc_ht=instagram.fabe1-1.fna.fbcdn.net&_nc_cat=102&_nc_ohc=K0W8HpdKvNwAX8JqjVH&_nc_tp=24&oh=929c9b7ffdde1f502ba16f0c4037c29a&oe=5FB4FF2F",
            "urls": [
                "https://instagram.fabe1-1.fna.fbcdn.net/v/t51.2885-15/e35/121503327_2789085381360002_5821724094887103169_n.jpg?_nc_ht=instagram.fabe1-1.fna.fbcdn.net&_nc_cat=102&_nc_ohc=K0W8HpdKvNwAX8JqjVH&_nc_tp=18&oh=38377d2e56ce5f1a4390770b37df0a73&oe=5FB4EAB8"
            ]
        },
        {
            "comments_disabled": false,
            "dimensions": {
                "height": 1080,
                "width": 1080
            },
            "display_url": "https://instagram.fabe1-1.fna.fbcdn.net/v/t51.2885-15/e35/s1080x1080/121615733_959084224604467_1648606520308303952_n.jpg?_nc_ht=instagram.fabe1-1.fna.fbcdn.net&_nc_cat=107&_nc_ohc=IasTJb-uJDsAX-H_AUK&_nc_tp=15&oh=a2a42c562353ad8eec884da41c463a14&oe=5FB3BF7A",
            "edge_liked_by": {
                "count": 0
            },
            "edge_media_preview_like": {
                "count": 0
            },
            "edge_media_to_caption": {
                "edges": [
                    {
                        "node": {
                            "text": "This Red Nautique has been following me around all day. Shes ready for some new owners! Come check out the New Super Air Nautique G23! @miaminautique #nautiqueboats #nautique #miaminautique #mniboats #superairnautique #coastalnautique #drivingdreams #nautiqueg23 #2021nautique"
                        }
                    }
                ]
            },
            "edge_media_to_comment": {
                "count": 0
            },
            "id": "2421454764622763409",
            "is_video": false,
            "owner": {
                "id": "23722642"
            },
            "shortcode": "CGavEdtBFWR",
            "tags": [
                "miaminautique",
                "nautique",
                "superairnautique",
                "nautiqueboats",
                "nautiqueg23",
                "mniboats",
                "coastalnautique",
                "2021nautique",
                "drivingdreams"
            ],
            "taken_at_timestamp": 1602879923,
            "thumbnail_resources": [
                {
                    "config_height": 150,
                    "config_width": 150,
                    "src": "https://instagram.fabe1-1.fna.fbcdn.net/v/t51.2885-15/e35/s150x150/121615733_959084224604467_1648606520308303952_n.jpg?_nc_ht=instagram.fabe1-1.fna.fbcdn.net&_nc_cat=107&_nc_ohc=IasTJb-uJDsAX-H_AUK&_nc_tp=15&oh=2b56c7e00c81988a0512a441f6ee9b6a&oe=5FB49EB9"
                },
                {
                    "config_height": 240,
                    "config_width": 240,
                    "src": "https://instagram.fabe1-1.fna.fbcdn.net/v/t51.2885-15/e35/s240x240/121615733_959084224604467_1648606520308303952_n.jpg?_nc_ht=instagram.fabe1-1.fna.fbcdn.net&_nc_cat=107&_nc_ohc=IasTJb-uJDsAX-H_AUK&_nc_tp=15&oh=eb89c891fc75eef682025679c137690c&oe=5FB411BF"
                },
                {
                    "config_height": 320,
                    "config_width": 320,
                    "src": "https://instagram.fabe1-1.fna.fbcdn.net/v/t51.2885-15/e35/s320x320/121615733_959084224604467_1648606520308303952_n.jpg?_nc_ht=instagram.fabe1-1.fna.fbcdn.net&_nc_cat=107&_nc_ohc=IasTJb-uJDsAX-H_AUK&_nc_tp=15&oh=0f0f1d6f7e565f79d576039ad1cfbd60&oe=5FB45441"
                },
                {
                    "config_height": 480,
                    "config_width": 480,
                    "src": "https://instagram.fabe1-1.fna.fbcdn.net/v/t51.2885-15/e35/s480x480/121615733_959084224604467_1648606520308303952_n.jpg?_nc_ht=instagram.fabe1-1.fna.fbcdn.net&_nc_cat=107&_nc_ohc=IasTJb-uJDsAX-H_AUK&_nc_tp=15&oh=6e5102729b5a70566798143cebb0ce23&oe=5FB1B488"
                },
                {
                    "config_height": 640,
                    "config_width": 640,
                    "src": "https://instagram.fabe1-1.fna.fbcdn.net/v/t51.2885-15/sh0.08/e35/s640x640/121615733_959084224604467_1648606520308303952_n.jpg?_nc_ht=instagram.fabe1-1.fna.fbcdn.net&_nc_cat=107&_nc_ohc=IasTJb-uJDsAX-H_AUK&_nc_tp=24&oh=42fe25b656eb0f1917da65e6ed95e793&oe=5FB4543E"
                }
            ],
            "thumbnail_src": "https://instagram.fabe1-1.fna.fbcdn.net/v/t51.2885-15/sh0.08/e35/s640x640/121615733_959084224604467_1648606520308303952_n.jpg?_nc_ht=instagram.fabe1-1.fna.fbcdn.net&_nc_cat=107&_nc_ohc=IasTJb-uJDsAX-H_AUK&_nc_tp=24&oh=42fe25b656eb0f1917da65e6ed95e793&oe=5FB4543E",
            "urls": [
                "https://instagram.fabe1-1.fna.fbcdn.net/v/t51.2885-15/e35/s1080x1080/121615733_959084224604467_1648606520308303952_n.jpg?_nc_ht=instagram.fabe1-1.fna.fbcdn.net&_nc_cat=107&_nc_ohc=IasTJb-uJDsAX-H_AUK&_nc_tp=15&oh=a2a42c562353ad8eec884da41c463a14&oe=5FB3BF7A"
            ]
        },
        {
            "comments_disabled": false,
            "dimensions": {
                "height": 1350,
                "width": 1080
            },
            "display_url": "https://instagram.fabe1-1.fna.fbcdn.net/v/t51.2885-15/e35/p1080x1080/121499094_647479775968016_2386788756922630543_n.jpg?_nc_ht=instagram.fabe1-1.fna.fbcdn.net&_nc_cat=108&_nc_ohc=zwpm4DTmsPwAX-C8go5&tp=19&oh=a71a5d88d967589b3b4392f3e8e938a0&oe=5FB44961",
            "edge_liked_by": {
                "count": 144
            },
            "edge_media_preview_like": {
                "count": 144
            },
            "edge_media_to_caption": {
                "edges": [
                    {
                        "node": {
                            "text": "Sun kissed ☀️🌴"
                        }
                    }
                ]
            },
            "edge_media_to_comment": {
                "count": 4
            },
            "id": "2421454107560075645",
            "is_video": false,
            "owner": {
                "id": "20640552"
            },
            "shortcode": "CGau65xB2F9",
            "tags": [],
            "taken_at_timestamp": 1602879845,
            "thumbnail_resources": [
                {
                    "config_height": 150,
                    "config_width": 150,
                    "src": "https://instagram.fabe1-1.fna.fbcdn.net/v/t51.2885-15/e35/c0.180.1440.1440a/s150x150/121499094_647479775968016_2386788756922630543_n.jpg?_nc_ht=instagram.fabe1-1.fna.fbcdn.net&_nc_cat=108&_nc_ohc=zwpm4DTmsPwAX-C8go5&tp=16&oh=7fd8e0676045c0cdd0a0cc4f46c0dc55&oe=5FB2D075"
                },
                {
                    "config_height": 240,
                    "config_width": 240,
                    "src": "https://instagram.fabe1-1.fna.fbcdn.net/v/t51.2885-15/e35/c0.180.1440.1440a/s240x240/121499094_647479775968016_2386788756922630543_n.jpg?_nc_ht=instagram.fabe1-1.fna.fbcdn.net&_nc_cat=108&_nc_ohc=zwpm4DTmsPwAX-C8go5&tp=16&oh=e473f95c37848b16d1ffdf1d8c324b6a&oe=5FB2CCF3"
                },
                {
                    "config_height": 320,
                    "config_width": 320,
                    "src": "https://instagram.fabe1-1.fna.fbcdn.net/v/t51.2885-15/e35/c0.180.1440.1440a/s320x320/121499094_647479775968016_2386788756922630543_n.jpg?_nc_ht=instagram.fabe1-1.fna.fbcdn.net&_nc_cat=108&_nc_ohc=zwpm4DTmsPwAX-C8go5&tp=16&oh=4060a43927527a6bde75921ea4d969b5&oe=5FB3DA8D"
                },
                {
                    "config_height": 480,
                    "config_width": 480,
                    "src": "https://instagram.fabe1-1.fna.fbcdn.net/v/t51.2885-15/e35/c0.180.1440.1440a/s480x480/121499094_647479775968016_2386788756922630543_n.jpg?_nc_ht=instagram.fabe1-1.fna.fbcdn.net&_nc_cat=108&_nc_ohc=zwpm4DTmsPwAX-C8go5&tp=16&oh=fbc9d9d2761542dbac9b00ec346b92ba&oe=5FB4444C"
                },
                {
                    "config_height": 640,
                    "config_width": 640,
                    "src": "https://instagram.fabe1-1.fna.fbcdn.net/v/t51.2885-15/sh0.08/e35/c0.180.1440.1440a/s640x640/121499094_647479775968016_2386788756922630543_n.jpg?_nc_ht=instagram.fabe1-1.fna.fbcdn.net&_nc_cat=108&_nc_ohc=zwpm4DTmsPwAX-C8go5&oh=74b7fe98c80d68e67996521ae0712f33&oe=5FB2FDC5"
                }
            ],
            "thumbnail_src": "https://instagram.fabe1-1.fna.fbcdn.net/v/t51.2885-15/sh0.08/e35/c0.180.1440.1440a/s640x640/121499094_647479775968016_2386788756922630543_n.jpg?_nc_ht=instagram.fabe1-1.fna.fbcdn.net&_nc_cat=108&_nc_ohc=zwpm4DTmsPwAX-C8go5&oh=74b7fe98c80d68e67996521ae0712f33&oe=5FB2FDC5",
            "urls": [
                "https://instagram.fabe1-1.fna.fbcdn.net/v/t51.2885-15/e35/p1080x1080/121499094_647479775968016_2386788756922630543_n.jpg?_nc_ht=instagram.fabe1-1.fna.fbcdn.net&_nc_cat=108&_nc_ohc=zwpm4DTmsPwAX-C8go5&tp=19&oh=a71a5d88d967589b3b4392f3e8e938a0&oe=5FB44961"
            ]
        }
    ]
}