{
    "GraphImages": [
        {
            "comments_disabled": false,
            "dimensions": {
                "height": 1080,
                "width": 1080
            },
            "display_url": "https://instagram.fabe1-1.fna.fbcdn.net/v/t51.2885-15/e35/s1080x1080/121653088_341168397140805_4185592763924740123_n.jpg?_nc_ht=instagram.fabe1-1.fna.fbcdn.net&_nc_cat=109&_nc_ohc=4S-2SIIkFxwAX8sUXdk&_nc_tp=15&oh=5576343c39cf5678e3ed77e52183f7a1&oe=5FB2DE2A",
            "edge_liked_by": {
                "count": 0
            },
            "edge_media_preview_like": {
                "count": 0
            },
            "edge_media_to_caption": {
                "edges": [
                    {
                        "node": {
                            "text": "FOR SUNNY ☀️ DAYS .\nWhat can be better than a good whether and a good company 🎢🎠\n.\n.\nMe and my friend @jackie_karlov wearing Dresses by @stellamlia 👗\n.\n.\n.\n.\n\n#beautifulmodel #friendship #teenfashion #model #youngmodel #kidmodel #tweenfashion #tweenmodel #fashionkids #naturalbeauty  #topkidmodel #stylishkids #bestdressed  #stunning #fitnessmodel #fitnessgirl #natural #nofilterneeded#fashionista #fashionstyle #fitmodel#awesome  #gymnasticbodies#instafashion #photooftheday#gorgeous #beautiful#coolkids#influencer#teenmodel"
                        }
                    }
                ]
            },
            "edge_media_to_comment": {
                "count": 0
            },
            "id": "2421373552461878881",
            "is_video": false,
            "owner": {
                "id": "3551010337"
            },
            "shortcode": "CGacmq_BBZh",
            "tags": [
                "nofilterneeded",
                "fitnessgirl",
                "kidmodel",
                "topkidmodel",
                "tweenmodel",
                "bestdressed",
                "model",
                "fashionstyle",
                "fashionkids",
                "stylishkids",
                "gymnasticbodies",
                "beautiful",
                "gorgeous",
                "influencer",
                "teenmodel",
                "naturalbeauty",
                "friendship",
                "stunning",
                "instafashion",
                "fitmodel",
                "beautifulmodel",
                "fitnessmodel",
                "photooftheday",
                "teenfashion",
                "natural",
                "tweenfashion",
                "youngmodel",
                "awesome",
                "fashionista",
                "coolkids"
            ],
            "taken_at_timestamp": 1602870242,
            "thumbnail_resources": [
                {
                    "config_height": 150,
                    "config_width": 150,
                    "src": "https://instagram.fabe1-1.fna.fbcdn.net/v/t51.2885-15/e35/s150x150/121653088_341168397140805_4185592763924740123_n.jpg?_nc_ht=instagram.fabe1-1.fna.fbcdn.net&_nc_cat=109&_nc_ohc=4S-2SIIkFxwAX8sUXdk&_nc_tp=15&oh=6b7c3e028299ce5041250d16e1647f7e&oe=5FB29A69"
                },
                {
                    "config_height": 240,
                    "config_width": 240,
                    "src": "https://instagram.fabe1-1.fna.fbcdn.net/v/t51.2885-15/e35/s240x240/121653088_341168397140805_4185592763924740123_n.jpg?_nc_ht=instagram.fabe1-1.fna.fbcdn.net&_nc_cat=109&_nc_ohc=4S-2SIIkFxwAX8sUXdk&_nc_tp=15&oh=b32ce8afe58c5c4f6b3680dcd964fdb6&oe=5FB2A76F"
                },
                {
                    "config_height": 320,
                    "config_width": 320,
                    "src": "https://instagram.fabe1-1.fna.fbcdn.net/v/t51.2885-15/e35/s320x320/121653088_341168397140805_4185592763924740123_n.jpg?_nc_ht=instagram.fabe1-1.fna.fbcdn.net&_nc_cat=109&_nc_ohc=4S-2SIIkFxwAX8sUXdk&_nc_tp=15&oh=9903a6c5bf906a7c1e6f13522eca2d53&oe=5FB46011"
                },
                {
                    "config_height": 480,
                    "config_width": 480,
                    "src": "https://instagram.fabe1-1.fna.fbcdn.net/v/t51.2885-15/e35/s480x480/121653088_341168397140805_4185592763924740123_n.jpg?_nc_ht=instagram.fabe1-1.fna.fbcdn.net&_nc_cat=109&_nc_ohc=4S-2SIIkFxwAX8sUXdk&_nc_tp=15&oh=d1f807c887b4bb43fc65ef3147aa778e&oe=5FB2D9D8"
                },
                {
                    "config_height": 640,
                    "config_width": 640,
                    "src": "https://instagram.fabe1-1.fna.fbcdn.net/v/t51.2885-15/sh0.08/e35/s640x640/121653088_341168397140805_4185592763924740123_n.jpg?_nc_ht=instagram.fabe1-1.fna.fbcdn.net&_nc_cat=109&_nc_ohc=4S-2SIIkFxwAX8sUXdk&_nc_tp=24&oh=99ce042250c56933ec3d7deb630e5b90&oe=5FB3126E"
                }
            ],
            "thumbnail_src": "https://instagram.fabe1-1.fna.fbcdn.net/v/t51.2885-15/sh0.08/e35/s640x640/121653088_341168397140805_4185592763924740123_n.jpg?_nc_ht=instagram.fabe1-1.fna.fbcdn.net&_nc_cat=109&_nc_ohc=4S-2SIIkFxwAX8sUXdk&_nc_tp=24&oh=99ce042250c56933ec3d7deb630e5b90&oe=5FB3126E",
            "urls": [
                "https://instagram.fabe1-1.fna.fbcdn.net/v/t51.2885-15/e35/s1080x1080/121653088_341168397140805_4185592763924740123_n.jpg?_nc_ht=instagram.fabe1-1.fna.fbcdn.net&_nc_cat=109&_nc_ohc=4S-2SIIkFxwAX8sUXdk&_nc_tp=15&oh=5576343c39cf5678e3ed77e52183f7a1&oe=5FB2DE2A",
                "https://instagram.fabe1-1.fna.fbcdn.net/v/t51.2885-15/e35/s1080x1080/121638024_128599142021365_4700369203871886096_n.jpg?_nc_ht=instagram.fabe1-1.fna.fbcdn.net&_nc_cat=101&_nc_ohc=En5_QhJ_Zs0AX9A_MTh&_nc_tp=15&oh=7785d83a452fa199d1d81e2ec314fb38&oe=5FB44687"
            ]
        },
        {
            "comments_disabled": false,
            "dimensions": {
                "height": 937,
                "width": 750
            },
            "display_url": "https://instagram.fabe1-1.fna.fbcdn.net/v/t51.2885-15/e35/121588527_705165970087677_7888226713148616147_n.jpg?_nc_ht=instagram.fabe1-1.fna.fbcdn.net&_nc_cat=109&_nc_ohc=rVyfXtefaroAX8khuQ2&_nc_tp=18&oh=49f2ebf9ce11878ddf1b87d2d4f4f154&oe=5FB4654D",
            "edge_liked_by": {
                "count": 1
            },
            "edge_media_preview_like": {
                "count": 1
            },
            "edge_media_to_caption": {
                "edges": [
                    {
                        "node": {
                            "text": "Diego Sans @diegosans \n•\n•\n📸 @randygophoto"
                        }
                    }
                ]
            },
            "edge_media_to_comment": {
                "count": 0
            },
            "id": "2421373506787486846",
            "is_video": false,
            "owner": {
                "id": "33851662979"
            },
            "shortcode": "CGacmAcnCx-",
            "tags": [],
            "taken_at_timestamp": 1602870237,
            "thumbnail_resources": [
                {
                    "config_height": 150,
                    "config_width": 150,
                    "src": "https://instagram.fabe1-1.fna.fbcdn.net/v/t51.2885-15/e35/c0.93.750.750a/s150x150/121588527_705165970087677_7888226713148616147_n.jpg?_nc_ht=instagram.fabe1-1.fna.fbcdn.net&_nc_cat=109&_nc_ohc=rVyfXtefaroAX8khuQ2&tp=16&oh=11b8f397472e1ca49ce7eb421810785a&oe=5FB1F2AB"
                },
                {
                    "config_height": 240,
                    "config_width": 240,
                    "src": "https://instagram.fabe1-1.fna.fbcdn.net/v/t51.2885-15/e35/c0.93.750.750a/s240x240/121588527_705165970087677_7888226713148616147_n.jpg?_nc_ht=instagram.fabe1-1.fna.fbcdn.net&_nc_cat=109&_nc_ohc=rVyfXtefaroAX8khuQ2&tp=16&oh=a738400740f61eb224a2b869ae51b75f&oe=5FB1D62D"
                },
                {
                    "config_height": 320,
                    "config_width": 320,
                    "src": "https://instagram.fabe1-1.fna.fbcdn.net/v/t51.2885-15/e35/c0.93.750.750a/s320x320/121588527_705165970087677_7888226713148616147_n.jpg?_nc_ht=instagram.fabe1-1.fna.fbcdn.net&_nc_cat=109&_nc_ohc=rVyfXtefaroAX8khuQ2&tp=16&oh=8f7aed81e11453132c9bf0b4dc3f7180&oe=5FB51ED3"
                },
                {
                    "config_height": 480,
                    "config_width": 480,
                    "src": "https://instagram.fabe1-1.fna.fbcdn.net/v/t51.2885-15/e35/c0.93.750.750a/s480x480/121588527_705165970087677_7888226713148616147_n.jpg?_nc_ht=instagram.fabe1-1.fna.fbcdn.net&_nc_cat=109&_nc_ohc=rVyfXtefaroAX8khuQ2&tp=16&oh=854efd8bbb18eeddfcfd904ab28eac64&oe=5FB3B996"
                },
                {
                    "config_height": 640,
                    "config_width": 640,
                    "src": "https://instagram.fabe1-1.fna.fbcdn.net/v/t51.2885-15/sh0.08/e35/c0.93.750.750a/s640x640/121588527_705165970087677_7888226713148616147_n.jpg?_nc_ht=instagram.fabe1-1.fna.fbcdn.net&_nc_cat=109&_nc_ohc=rVyfXtefaroAX8khuQ2&oh=ed8db7a07742b1ffe38344e91e2f24e2&oe=5FB34B9F"
                }
            ],
            "thumbnail_src": "https://instagram.fabe1-1.fna.fbcdn.net/v/t51.2885-15/sh0.08/e35/c0.93.750.750a/s640x640/121588527_705165970087677_7888226713148616147_n.jpg?_nc_ht=instagram.fabe1-1.fna.fbcdn.net&_nc_cat=109&_nc_ohc=rVyfXtefaroAX8khuQ2&oh=ed8db7a07742b1ffe38344e91e2f24e2&oe=5FB34B9F",
            "urls": [
                "https://instagram.fabe1-1.fna.fbcdn.net/v/t51.2885-15/e35/121588527_705165970087677_7888226713148616147_n.jpg?_nc_ht=instagram.fabe1-1.fna.fbcdn.net&_nc_cat=109&_nc_ohc=rVyfXtefaroAX8khuQ2&_nc_tp=18&oh=49f2ebf9ce11878ddf1b87d2d4f4f154&oe=5FB4654D"
            ]
        },
        {
            "comments_disabled": false,
            "dimensions": {
                "height": 1350,
                "width": 1080
            },
            "display_url": "https://instagram.fabe1-1.fna.fbcdn.net/v/t51.2885-15/e35/121576636_339347743965526_5858175716286522411_n.jpg?_nc_ht=instagram.fabe1-1.fna.fbcdn.net&_nc_cat=110&_nc_ohc=wt2G1qb7-H8AX9NnOJ6&_nc_tp=18&oh=77112faf93cbb120f1586bf7e20bb54c&oe=5FB2062D",
            "edge_liked_by": {
                "count": 0
            },
            "edge_media_preview_like": {
                "count": 0
            },
            "edge_media_to_caption": {
                "edges": [
                    {
                        "node": {
                            "text": "@jus_shellz Is Looking Like A Whole Entree Is This Jungle Mini Dress😍😍 Love It!!!"
                        }
                    }
                ]
            },
            "edge_media_to_comment": {
                "count": 0
            },
            "id": "2421373477251388943",
            "is_video": false,
            "owner": {
                "id": "37718814317"
            },
            "shortcode": "CGaclk8HxYP",
            "tags": [],
            "taken_at_timestamp": 1602870233,
            "thumbnail_resources": [
                {
                    "config_height": 150,
                    "config_width": 150,
                    "src": "https://instagram.fabe1-1.fna.fbcdn.net/v/t51.2885-15/e35/c0.111.891.891a/s150x150/121576636_339347743965526_5858175716286522411_n.jpg?_nc_ht=instagram.fabe1-1.fna.fbcdn.net&_nc_cat=110&_nc_ohc=wt2G1qb7-H8AX9NnOJ6&tp=16&oh=2e6b264bcc8a1b6ca38043fb104e378d&oe=5FB46719"
                },
                {
                    "config_height": 240,
                    "config_width": 240,
                    "src": "https://instagram.fabe1-1.fna.fbcdn.net/v/t51.2885-15/e35/c0.111.891.891a/s240x240/121576636_339347743965526_5858175716286522411_n.jpg?_nc_ht=instagram.fabe1-1.fna.fbcdn.net&_nc_cat=110&_nc_ohc=wt2G1qb7-H8AX9NnOJ6&tp=16&oh=e8f65428e8fd67e66bc861e9c90a0254&oe=5FB4E31F"
                },
                {
                    "config_height": 320,
                    "config_width": 320,
                    "src": "https://instagram.fabe1-1.fna.fbcdn.net/v/t51.2885-15/e35/c0.111.891.891a/s320x320/121576636_339347743965526_5858175716286522411_n.jpg?_nc_ht=instagram.fabe1-1.fna.fbcdn.net&_nc_cat=110&_nc_ohc=wt2G1qb7-H8AX9NnOJ6&tp=16&oh=a0fcb6552425e3b40305f02c550d33c8&oe=5FB20D61"
                },
                {
                    "config_height": 480,
                    "config_width": 480,
                    "src": "https://instagram.fabe1-1.fna.fbcdn.net/v/t51.2885-15/e35/c0.111.891.891a/s480x480/121576636_339347743965526_5858175716286522411_n.jpg?_nc_ht=instagram.fabe1-1.fna.fbcdn.net&_nc_cat=110&_nc_ohc=wt2G1qb7-H8AX9NnOJ6&tp=16&oh=524ad2428fbe0dd7c49eb6c7a40e1532&oe=5FB50928"
                },
                {
                    "config_height": 640,
                    "config_width": 640,
                    "src": "https://instagram.fabe1-1.fna.fbcdn.net/v/t51.2885-15/sh0.08/e35/c0.111.891.891a/s640x640/121576636_339347743965526_5858175716286522411_n.jpg?_nc_ht=instagram.fabe1-1.fna.fbcdn.net&_nc_cat=110&_nc_ohc=wt2G1qb7-H8AX9NnOJ6&oh=43b0e28f6f6b02171e3e13967b75cdcb&oe=5FB45760"
                }
            ],
            "thumbnail_src": "https://instagram.fabe1-1.fna.fbcdn.net/v/t51.2885-15/sh0.08/e35/c0.111.891.891a/s640x640/121576636_339347743965526_5858175716286522411_n.jpg?_nc_ht=instagram.fabe1-1.fna.fbcdn.net&_nc_cat=110&_nc_ohc=wt2G1qb7-H8AX9NnOJ6&oh=43b0e28f6f6b02171e3e13967b75cdcb&oe=5FB45760",
            "urls": [
                "https://instagram.fabe1-1.fna.fbcdn.net/v/t51.2885-15/e35/121576636_339347743965526_5858175716286522411_n.jpg?_nc_ht=instagram.fabe1-1.fna.fbcdn.net&_nc_cat=110&_nc_ohc=wt2G1qb7-H8AX9NnOJ6&_nc_tp=18&oh=77112faf93cbb120f1586bf7e20bb54c&oe=5FB2062D"
            ]
        },
        {
            "comments_disabled": false,
            "dimensions": {
                "height": 1080,
                "width": 1080
            },
            "display_url": "https://instagram.fabe1-1.fna.fbcdn.net/v/t51.2885-15/e35/121706587_363413658087472_351676198281850557_n.jpg?_nc_ht=instagram.fabe1-1.fna.fbcdn.net&_nc_cat=104&_nc_ohc=kvkZ8tBnWhcAX9fuj7o&_nc_tp=18&oh=6828775feae92300664624748473678a&oe=5FB222DA",
            "edge_liked_by": {
                "count": 0
            },
            "edge_media_preview_like": {
                "count": 0
            },
            "edge_media_to_caption": {
                "edges": [
                    {
                        "node": {
                            "text": "🎬En este video he querido reunir para ti \n\n🌟🌟🌟a 15 mujeres que admiro por el impacto que su trabajo tiene sobre la sociedad🌟🌟🌟\n\n🎤Cada una de ellas desde su experiencia ha logrado convertirse en experta en su área, formando hoy parte del 10% de entre las mejores mujeres en su especialidad. \n\n💖Gracias a cada una de ellas por permitir abrir esta ventana a su carrera profesional y compartir con toda mi audiencia el secreto que las ha llevado al Éxito profesional.\n\n#Éxito  #emprendedora #exitosa"
                        }
                    }
                ]
            },
            "edge_media_to_comment": {
                "count": 0
            },
            "id": "2421373422196307002",
            "is_video": false,
            "owner": {
                "id": "5989518456"
            },
            "shortcode": "CGackxqlTQ6",
            "tags": [
                "exitosa",
                "emprendedora",
                "Éxito"
            ],
            "taken_at_timestamp": 1602870227,
            "thumbnail_resources": [
                {
                    "config_height": 150,
                    "config_width": 150,
                    "src": "https://instagram.fabe1-1.fna.fbcdn.net/v/t51.2885-15/e35/s150x150/121706587_363413658087472_351676198281850557_n.jpg?_nc_ht=instagram.fabe1-1.fna.fbcdn.net&_nc_cat=104&_nc_ohc=kvkZ8tBnWhcAX9fuj7o&_nc_tp=15&oh=997bdc34fde5b407f280d29c8b080ff9&oe=5FB50A9C"
                },
                {
                    "config_height": 240,
                    "config_width": 240,
                    "src": "https://instagram.fabe1-1.fna.fbcdn.net/v/t51.2885-15/e35/s240x240/121706587_363413658087472_351676198281850557_n.jpg?_nc_ht=instagram.fabe1-1.fna.fbcdn.net&_nc_cat=104&_nc_ohc=kvkZ8tBnWhcAX9fuj7o&_nc_tp=15&oh=af51c34cbc4b75c20cce8b6a49828246&oe=5FB1F7D2"
                },
                {
                    "config_height": 320,
                    "config_width": 320,
                    "src": "https://instagram.fabe1-1.fna.fbcdn.net/v/t51.2885-15/e35/s320x320/121706587_363413658087472_351676198281850557_n.jpg?_nc_ht=instagram.fabe1-1.fna.fbcdn.net&_nc_cat=104&_nc_ohc=kvkZ8tBnWhcAX9fuj7o&_nc_tp=15&oh=1134b236bef231687bc489086eaeba9b&oe=5FB54AEC"
                },
                {
                    "config_height": 480,
                    "config_width": 480,
                    "src": "https://instagram.fabe1-1.fna.fbcdn.net/v/t51.2885-15/e35/s480x480/121706587_363413658087472_351676198281850557_n.jpg?_nc_ht=instagram.fabe1-1.fna.fbcdn.net&_nc_cat=104&_nc_ohc=kvkZ8tBnWhcAX9fuj7o&_nc_tp=15&oh=8cf7dc1c601fc168009ac073bfcb724a&oe=5FB19AB2"
                },
                {
                    "config_height": 640,
                    "config_width": 640,
                    "src": "https://instagram.fabe1-1.fna.fbcdn.net/v/t51.2885-15/sh0.08/e35/s640x640/121706587_363413658087472_351676198281850557_n.jpg?_nc_ht=instagram.fabe1-1.fna.fbcdn.net&_nc_cat=104&_nc_ohc=kvkZ8tBnWhcAX9fuj7o&_nc_tp=24&oh=a680da8801c9eb1be40299b53bbc810d&oe=5FB53EBD"
                }
            ],
            "thumbnail_src": "https://instagram.fabe1-1.fna.fbcdn.net/v/t51.2885-15/sh0.08/e35/s640x640/121706587_363413658087472_351676198281850557_n.jpg?_nc_ht=instagram.fabe1-1.fna.fbcdn.net&_nc_cat=104&_nc_ohc=kvkZ8tBnWhcAX9fuj7o&_nc_tp=24&oh=a680da8801c9eb1be40299b53bbc810d&oe=5FB53EBD",
            "urls": [
                "https://instagram.fabe1-1.fna.fbcdn.net/v/t51.2885-15/e35/121706587_363413658087472_351676198281850557_n.jpg?_nc_ht=instagram.fabe1-1.fna.fbcdn.net&_nc_cat=104&_nc_ohc=kvkZ8tBnWhcAX9fuj7o&_nc_tp=18&oh=6828775feae92300664624748473678a&oe=5FB222DA"
            ]
        },
        {
            "comments_disabled": false,
            "dimensions": {
                "height": 750,
                "width": 750
            },
            "display_url": "https://instagram.fabe1-1.fna.fbcdn.net/v/t51.2885-15/e35/121520522_687985638767262_5231007416984269746_n.jpg?_nc_ht=instagram.fabe1-1.fna.fbcdn.net&_nc_cat=106&_nc_ohc=uMPE0Q5c3xIAX_5vmgu&_nc_tp=18&oh=16b5de1a914768bb363a97f213b84829&oe=5F8C32FD",
            "edge_liked_by": {
                "count": 1
            },
            "edge_media_preview_like": {
                "count": 1
            },
            "edge_media_to_caption": {
                "edges": [
                    {
                        "node": {
                            "text": "Cheer for the love 🤎✨"
                        }
                    }
                ]
            },
            "edge_media_to_comment": {
                "count": 0
            },
            "id": "2421372992725304588",
            "is_video": true,
            "owner": {
                "id": "9065405404"
            },
            "shortcode": "CGacehsHcUM",
            "tags": [],
            "taken_at_timestamp": 1602870201,
            "thumbnail_resources": [
                {
                    "config_height": 150,
                    "config_width": 150,
                    "src": "https://instagram.fabe1-1.fna.fbcdn.net/v/t51.2885-15/e35/s150x150/121520522_687985638767262_5231007416984269746_n.jpg?_nc_ht=instagram.fabe1-1.fna.fbcdn.net&_nc_cat=106&_nc_ohc=uMPE0Q5c3xIAX_5vmgu&_nc_tp=15&oh=711c68f480cd3b80cd383dc46ce98dc7&oe=5F8C4144"
                },
                {
                    "config_height": 240,
                    "config_width": 240,
                    "src": "https://instagram.fabe1-1.fna.fbcdn.net/v/t51.2885-15/e35/s240x240/121520522_687985638767262_5231007416984269746_n.jpg?_nc_ht=instagram.fabe1-1.fna.fbcdn.net&_nc_cat=106&_nc_ohc=uMPE0Q5c3xIAX_5vmgu&_nc_tp=15&oh=47448531f3da57f4d4845ba9a439a383&oe=5F8C4286"
                },
                {
                    "config_height": 320,
                    "config_width": 320,
                    "src": "https://instagram.fabe1-1.fna.fbcdn.net/v/t51.2885-15/e35/s320x320/121520522_687985638767262_5231007416984269746_n.jpg?_nc_ht=instagram.fabe1-1.fna.fbcdn.net&_nc_cat=106&_nc_ohc=uMPE0Q5c3xIAX_5vmgu&_nc_tp=15&oh=4bbc9c1b7e224d9ad3d55d8bda4c34af&oe=5F8C243C"
                },
                {
                    "config_height": 480,
                    "config_width": 480,
                    "src": "https://instagram.fabe1-1.fna.fbcdn.net/v/t51.2885-15/e35/s480x480/121520522_687985638767262_5231007416984269746_n.jpg?_nc_ht=instagram.fabe1-1.fna.fbcdn.net&_nc_cat=106&_nc_ohc=uMPE0Q5c3xIAX_5vmgu&_nc_tp=15&oh=a4bc7a228dc3c763ab80e4ff9da5131c&oe=5F8C617D"
                },
                {
                    "config_height": 640,
                    "config_width": 640,
                    "src": "https://instagram.fabe1-1.fna.fbcdn.net/v/t51.2885-15/sh0.08/e35/s640x640/121520522_687985638767262_5231007416984269746_n.jpg?_nc_ht=instagram.fabe1-1.fna.fbcdn.net&_nc_cat=106&_nc_ohc=uMPE0Q5c3xIAX_5vmgu&_nc_tp=24&oh=e32e604ce5c4f5a0022d5730324d46b4&oe=5F8C18C7"
                }
            ],
            "thumbnail_src": "https://instagram.fabe1-1.fna.fbcdn.net/v/t51.2885-15/sh0.08/e35/s640x640/121520522_687985638767262_5231007416984269746_n.jpg?_nc_ht=instagram.fabe1-1.fna.fbcdn.net&_nc_cat=106&_nc_ohc=uMPE0Q5c3xIAX_5vmgu&_nc_tp=24&oh=e32e604ce5c4f5a0022d5730324d46b4&oe=5F8C18C7",
            "urls": [
                "https://instagram.fabe1-1.fna.fbcdn.net/v/t50.2886-16/121779539_2452918675012343_8642940104185136516_n.mp4?_nc_ht=instagram.fabe1-1.fna.fbcdn.net&_nc_cat=111&_nc_ohc=WQ2UNyGQMWIAX-O9XQJ&oe=5F8BFA9E&oh=6e25cff72a103ed45a80779f377293fe"
            ],
            "video_view_count": 0
        },
        {
            "comments_disabled": false,
            "dimensions": {
                "height": 1080,
                "width": 1080
            },
            "display_url": "https://instagram.fabe1-1.fna.fbcdn.net/v/t51.2885-15/e35/s1080x1080/121520803_2748770038707237_92492674765736203_n.jpg?_nc_ht=instagram.fabe1-1.fna.fbcdn.net&_nc_cat=109&_nc_ohc=TPfDYfZUWv8AX8Z5V-A&_nc_tp=15&oh=1dbce5c4d9bdf8120cc0bc1e7fb6e525&oe=5FB21CCF",
            "edge_liked_by": {
                "count": 3
            },
            "edge_media_preview_like": {
                "count": 3
            },
            "edge_media_to_caption": {
                "edges": [
                    {
                        "node": {
                            "text": "Get your #kettlebells ready! ⁣\n⁣\n1KB segment is back next week.⁣\n⁣\nDo yourself a favor and work on getting stronger 💪🏋🏼‍♂️⁣\n⁣\n📸: @camera44 ⁣\n⁣\n⁣\n#kettelbellworkouts #gains #functionaltraining #beachlife #fitness"
                        }
                    }
                ]
            },
            "edge_media_to_comment": {
                "count": 0
            },
            "id": "2421373183698469594",
            "is_video": false,
            "owner": {
                "id": "31769619"
            },
            "shortcode": "CGachTjAQLa",
            "tags": [
                "kettlebells",
                "gains",
                "beachlife",
                "kettelbellworkouts",
                "functionaltraining",
                "fitness"
            ],
            "taken_at_timestamp": 1602870198,
            "thumbnail_resources": [
                {
                    "config_height": 150,
                    "config_width": 150,
                    "src": "https://instagram.fabe1-1.fna.fbcdn.net/v/t51.2885-15/e35/s150x150/121520803_2748770038707237_92492674765736203_n.jpg?_nc_ht=instagram.fabe1-1.fna.fbcdn.net&_nc_cat=109&_nc_ohc=TPfDYfZUWv8AX8Z5V-A&_nc_tp=15&oh=55d0ad04109a19acdbeca245efe4a6dc&oe=5FB4E7DF"
                },
                {
                    "config_height": 240,
                    "config_width": 240,
                    "src": "https://instagram.fabe1-1.fna.fbcdn.net/v/t51.2885-15/e35/s240x240/121520803_2748770038707237_92492674765736203_n.jpg?_nc_ht=instagram.fabe1-1.fna.fbcdn.net&_nc_cat=109&_nc_ohc=TPfDYfZUWv8AX8Z5V-A&_nc_tp=15&oh=cf2b9e79735c29abaa2014a2c03d7f94&oe=5FB29D95"
                },
                {
                    "config_height": 320,
                    "config_width": 320,
                    "src": "https://instagram.fabe1-1.fna.fbcdn.net/v/t51.2885-15/e35/s320x320/121520803_2748770038707237_92492674765736203_n.jpg?_nc_ht=instagram.fabe1-1.fna.fbcdn.net&_nc_cat=109&_nc_ohc=TPfDYfZUWv8AX8Z5V-A&_nc_tp=15&oh=7690b19567fa12959c1fab5c6e563a2e&oe=5FB3DB2F"
                },
                {
                    "config_height": 480,
                    "config_width": 480,
                    "src": "https://instagram.fabe1-1.fna.fbcdn.net/v/t51.2885-15/e35/s480x480/121520803_2748770038707237_92492674765736203_n.jpg?_nc_ht=instagram.fabe1-1.fna.fbcdn.net&_nc_cat=109&_nc_ohc=TPfDYfZUWv8AX8Z5V-A&_nc_tp=15&oh=c78b1a428b71b5f7c7e20deb3e99aff6&oe=5FB52F75"
                },
                {
                    "config_height": 640,
                    "config_width": 640,
                    "src": "https://instagram.fabe1-1.fna.fbcdn.net/v/t51.2885-15/sh0.08/e35/s640x640/121520803_2748770038707237_92492674765736203_n.jpg?_nc_ht=instagram.fabe1-1.fna.fbcdn.net&_nc_cat=109&_nc_ohc=TPfDYfZUWv8AX8Z5V-A&_nc_tp=24&oh=5760b0188e0d709cae94a3fa9fc9ff79&oe=5FB38F7A"
                }
            ],
            "thumbnail_src": "https://instagram.fabe1-1.fna.fbcdn.net/v/t51.2885-15/sh0.08/e35/s640x640/121520803_2748770038707237_92492674765736203_n.jpg?_nc_ht=instagram.fabe1-1.fna.fbcdn.net&_nc_cat=109&_nc_ohc=TPfDYfZUWv8AX8Z5V-A&_nc_tp=24&oh=5760b0188e0d709cae94a3fa9fc9ff79&oe=5FB38F7A",
            "urls": [
                "https://instagram.fabe1-1.fna.fbcdn.net/v/t51.2885-15/e35/s1080x1080/121520803_2748770038707237_92492674765736203_n.jpg?_nc_ht=instagram.fabe1-1.fna.fbcdn.net&_nc_cat=109&_nc_ohc=TPfDYfZUWv8AX8Z5V-A&_nc_tp=15&oh=1dbce5c4d9bdf8120cc0bc1e7fb6e525&oe=5FB21CCF"
            ]
        },
        {
            "comments_disabled": false,
            "dimensions": {
                "height": 1080,
                "width": 1080
            },
            "display_url": "https://instagram.fabe1-1.fna.fbcdn.net/v/t51.2885-15/e35/s1080x1080/121634403_3439191606167967_2619308710748336992_n.jpg?_nc_ht=instagram.fabe1-1.fna.fbcdn.net&_nc_cat=103&_nc_ohc=meOskkui3IsAX8pjtyt&_nc_tp=15&oh=ed31f45a167def5e4f6963e529c73bab&oe=5FB41D72",
            "edge_liked_by": {
                "count": 21
            },
            "edge_media_preview_like": {
                "count": 21
            },
            "edge_media_to_caption": {
                "edges": [
                    {
                        "node": {
                            "text": "🩸\n\nFOLLOW @venusaeshtestic \nFOLLOW @venusaeshtestic \nFOLLOW @venusaeshtestic \n\n#aesthetic #softaesthetic #gtvardir #cuteboy #cuteboys  #2000sfashion #sexygay #siksilk #aestheticgirl #blueaesthetic #aestheticboy #aktiftakipci #aktivlər #aktif #beğeni #begeniyebegeni #sdv #sdvtodos #sdv❤️ #gainpost #gaintrick #grungeaesthetic #likeforlikes #followtrain #chuvadelikes #chuvadelikes30k #gainwithmchina #chuva #aktifler #likeforlikes #likeforfollow"
                        }
                    }
                ]
            },
            "edge_media_to_comment": {
                "count": 0
            },
            "id": "2421372819014108412",
            "is_video": false,
            "owner": {
                "id": "39665278709"
            },
            "shortcode": "CGacb_6H0T8",
            "tags": [
                "likeforfollow",
                "gainwithmchina",
                "gainpost",
                "blueaesthetic",
                "followtrain",
                "chuvadelikes",
                "sdv",
                "aesthetic",
                "chuvadelikes30k",
                "begeniyebegeni",
                "sexygay",
                "likeforlikes",
                "aestheticgirl",
                "cuteboy",
                "❤️",
                "gtvardir",
                "gaintrick",
                "beg",
                "cuteboys",
                "aktifler",
                "aktif",
                "chuva",
                "siksilk",
                "2000sfashion",
                "aestheticboy",
                "aktiftakipci",
                "aktivlər",
                "grungeaesthetic",
                "softaesthetic",
                "sdvtodos"
            ],
            "taken_at_timestamp": 1602870155,
            "thumbnail_resources": [
                {
                    "config_height": 150,
                    "config_width": 150,
                    "src": "https://instagram.fabe1-1.fna.fbcdn.net/v/t51.2885-15/e35/s150x150/121634403_3439191606167967_2619308710748336992_n.jpg?_nc_ht=instagram.fabe1-1.fna.fbcdn.net&_nc_cat=103&_nc_ohc=meOskkui3IsAX8pjtyt&_nc_tp=15&oh=a2062672a9ab3cef7e132b5be044b76e&oe=5FB3486E"
                },
                {
                    "config_height": 240,
                    "config_width": 240,
                    "src": "https://instagram.fabe1-1.fna.fbcdn.net/v/t51.2885-15/e35/s240x240/121634403_3439191606167967_2619308710748336992_n.jpg?_nc_ht=instagram.fabe1-1.fna.fbcdn.net&_nc_cat=103&_nc_ohc=meOskkui3IsAX8pjtyt&_nc_tp=15&oh=f37328bb5735e47442e1edd3204d6e5e&oe=5FB1E826"
                },
                {
                    "config_height": 320,
                    "config_width": 320,
                    "src": "https://instagram.fabe1-1.fna.fbcdn.net/v/t51.2885-15/e35/s320x320/121634403_3439191606167967_2619308710748336992_n.jpg?_nc_ht=instagram.fabe1-1.fna.fbcdn.net&_nc_cat=103&_nc_ohc=meOskkui3IsAX8pjtyt&_nc_tp=15&oh=d338add253f83bb83dc8bb6b3a3be690&oe=5FB4567B"
                },
                {
                    "config_height": 480,
                    "config_width": 480,
                    "src": "https://instagram.fabe1-1.fna.fbcdn.net/v/t51.2885-15/e35/s480x480/121634403_3439191606167967_2619308710748336992_n.jpg?_nc_ht=instagram.fabe1-1.fna.fbcdn.net&_nc_cat=103&_nc_ohc=meOskkui3IsAX8pjtyt&_nc_tp=15&oh=9df00817ff633df538ca2858ec0b8aa6&oe=5FB52E39"
                },
                {
                    "config_height": 640,
                    "config_width": 640,
                    "src": "https://instagram.fabe1-1.fna.fbcdn.net/v/t51.2885-15/sh0.08/e35/s640x640/121634403_3439191606167967_2619308710748336992_n.jpg?_nc_ht=instagram.fabe1-1.fna.fbcdn.net&_nc_cat=103&_nc_ohc=meOskkui3IsAX8pjtyt&_nc_tp=24&oh=fb130efb946dba0548522ba703e1ec12&oe=5FB2D899"
                }
            ],
            "thumbnail_src": "https://instagram.fabe1-1.fna.fbcdn.net/v/t51.2885-15/sh0.08/e35/s640x640/121634403_3439191606167967_2619308710748336992_n.jpg?_nc_ht=instagram.fabe1-1.fna.fbcdn.net&_nc_cat=103&_nc_ohc=meOskkui3IsAX8pjtyt&_nc_tp=24&oh=fb130efb946dba0548522ba703e1ec12&oe=5FB2D899",
            "urls": [
                "https://instagram.fabe1-1.fna.fbcdn.net/v/t51.2885-15/e35/s1080x1080/121634403_3439191606167967_2619308710748336992_n.jpg?_nc_ht=instagram.fabe1-1.fna.fbcdn.net&_nc_cat=103&_nc_ohc=meOskkui3IsAX8pjtyt&_nc_tp=15&oh=ed31f45a167def5e4f6963e529c73bab&oe=5FB41D72",
                "https://instagram.fabe1-1.fna.fbcdn.net/v/t51.2885-15/e35/s1080x1080/121535284_1096761537440616_8436773528643596967_n.jpg?_nc_ht=instagram.fabe1-1.fna.fbcdn.net&_nc_cat=100&_nc_ohc=bc2BPn2yxmEAX81-C3r&_nc_tp=15&oh=34a14a015e15af3c2ea9e45b06591e4c&oe=5FB1CB11"
            ]
        }
    ]
}