{
    "GraphImages": [
        {
            "comments_disabled": false,
            "dimensions": {
                "height": 1349,
                "width": 1080
            },
            "display_url": "https://instagram.fabe1-1.fna.fbcdn.net/v/t51.2885-15/e35/p1080x1080/121574424_198560354982709_6392482523024226181_n.jpg?_nc_ht=instagram.fabe1-1.fna.fbcdn.net&_nc_cat=101&_nc_ohc=Hk2YfuJ86wIAX-TaUxP&tp=19&oh=ee1cd259f55a192148e205de37947f2b&oe=5FB37F32",
            "edge_liked_by": {
                "count": 12
            },
            "edge_media_preview_like": {
                "count": 12
            },
            "edge_media_to_caption": {
                "edges": [
                    {
                        "node": {
                            "text": "Entra a @lamusica app ya\nen breve nos unimos con @AARP para cerrar el mes de la Herencia Hispana  con broche de oro! Nos vemos en vivo a las 9PM ET. #spon"
                        }
                    }
                ]
            },
            "edge_media_to_comment": {
                "count": 0
            },
            "id": "2421580971650259827",
            "is_video": false,
            "owner": {
                "id": "13777133"
            },
            "shortcode": "CGbLxBKDxtz",
            "tags": [
                "spon"
            ],
            "taken_at_timestamp": 1602894968,
            "thumbnail_resources": [
                {
                    "config_height": 150,
                    "config_width": 150,
                    "src": "https://instagram.fabe1-1.fna.fbcdn.net/v/t51.2885-15/e35/c0.179.1440.1440a/s150x150/121574424_198560354982709_6392482523024226181_n.jpg?_nc_ht=instagram.fabe1-1.fna.fbcdn.net&_nc_cat=101&_nc_ohc=Hk2YfuJ86wIAX-TaUxP&tp=16&oh=8995b65c659efe45ed4db2b855389f5c&oe=5FB3D642"
                },
                {
                    "config_height": 240,
                    "config_width": 240,
                    "src": "https://instagram.fabe1-1.fna.fbcdn.net/v/t51.2885-15/e35/c0.179.1440.1440a/s240x240/121574424_198560354982709_6392482523024226181_n.jpg?_nc_ht=instagram.fabe1-1.fna.fbcdn.net&_nc_cat=101&_nc_ohc=Hk2YfuJ86wIAX-TaUxP&tp=16&oh=f3fe7ba9779c37392061afd1623828b3&oe=5FB3BF48"
                },
                {
                    "config_height": 320,
                    "config_width": 320,
                    "src": "https://instagram.fabe1-1.fna.fbcdn.net/v/t51.2885-15/e35/c0.179.1440.1440a/s320x320/121574424_198560354982709_6392482523024226181_n.jpg?_nc_ht=instagram.fabe1-1.fna.fbcdn.net&_nc_cat=101&_nc_ohc=Hk2YfuJ86wIAX-TaUxP&tp=16&oh=b45ccd3b9247039cd86d8141a146cc1f&oe=5FB289BA"
                },
                {
                    "config_height": 480,
                    "config_width": 480,
                    "src": "https://instagram.fabe1-1.fna.fbcdn.net/v/t51.2885-15/e35/c0.179.1440.1440a/s480x480/121574424_198560354982709_6392482523024226181_n.jpg?_nc_ht=instagram.fabe1-1.fna.fbcdn.net&_nc_cat=101&_nc_ohc=Hk2YfuJ86wIAX-TaUxP&tp=16&oh=a1b0dbdbe6e7c042b7e02a4aea7377f7&oe=5FB210FF"
                },
                {
                    "config_height": 640,
                    "config_width": 640,
                    "src": "https://instagram.fabe1-1.fna.fbcdn.net/v/t51.2885-15/sh0.08/e35/c0.179.1440.1440a/s640x640/121574424_198560354982709_6392482523024226181_n.jpg?_nc_ht=instagram.fabe1-1.fna.fbcdn.net&_nc_cat=101&_nc_ohc=Hk2YfuJ86wIAX-TaUxP&oh=fc465a26da1674edd46bf23428e4ac7e&oe=5FB3C8F2"
                }
            ],
            "thumbnail_src": "https://instagram.fabe1-1.fna.fbcdn.net/v/t51.2885-15/sh0.08/e35/c0.179.1440.1440a/s640x640/121574424_198560354982709_6392482523024226181_n.jpg?_nc_ht=instagram.fabe1-1.fna.fbcdn.net&_nc_cat=101&_nc_ohc=Hk2YfuJ86wIAX-TaUxP&oh=fc465a26da1674edd46bf23428e4ac7e&oe=5FB3C8F2",
            "urls": [
                "https://instagram.fabe1-1.fna.fbcdn.net/v/t51.2885-15/e35/p1080x1080/121574424_198560354982709_6392482523024226181_n.jpg?_nc_ht=instagram.fabe1-1.fna.fbcdn.net&_nc_cat=101&_nc_ohc=Hk2YfuJ86wIAX-TaUxP&tp=19&oh=ee1cd259f55a192148e205de37947f2b&oe=5FB37F32"
            ]
        },
        {
            "comments_disabled": false,
            "dimensions": {
                "height": 1080,
                "width": 1080
            },
            "display_url": "https://instagram.fabe1-1.fna.fbcdn.net/v/t51.2885-15/e35/s1080x1080/121684531_718023065451835_8851277881078685628_n.jpg?_nc_ht=instagram.fabe1-1.fna.fbcdn.net&_nc_cat=107&_nc_ohc=XZBP4MyxlFoAX_MGi9w&_nc_tp=15&oh=838acf1eeb9545b6720c7b9ab7577a6b&oe=5FB26F6B",
            "edge_liked_by": {
                "count": 23
            },
            "edge_media_preview_like": {
                "count": 23
            },
            "edge_media_to_caption": {
                "edges": [
                    {
                        "node": {
                            "text": "#muchosol ☀️"
                        }
                    }
                ]
            },
            "edge_media_to_comment": {
                "count": 0
            },
            "id": "2421580913323347706",
            "is_video": false,
            "owner": {
                "id": "42009721"
            },
            "shortcode": "CGbLwK1gQ76",
            "tags": [
                "muchosol"
            ],
            "taken_at_timestamp": 1602894961,
            "thumbnail_resources": [
                {
                    "config_height": 150,
                    "config_width": 150,
                    "src": "https://instagram.fabe1-1.fna.fbcdn.net/v/t51.2885-15/e35/s150x150/121684531_718023065451835_8851277881078685628_n.jpg?_nc_ht=instagram.fabe1-1.fna.fbcdn.net&_nc_cat=107&_nc_ohc=XZBP4MyxlFoAX_MGi9w&_nc_tp=15&oh=835e2d5541c51ce88b72eef7c650b5d0&oe=5FB456AC"
                },
                {
                    "config_height": 240,
                    "config_width": 240,
                    "src": "https://instagram.fabe1-1.fna.fbcdn.net/v/t51.2885-15/e35/s240x240/121684531_718023065451835_8851277881078685628_n.jpg?_nc_ht=instagram.fabe1-1.fna.fbcdn.net&_nc_cat=107&_nc_ohc=XZBP4MyxlFoAX_MGi9w&_nc_tp=15&oh=03fe6b15533467a659076add51cb5c23&oe=5FB54BAE"
                },
                {
                    "config_height": 320,
                    "config_width": 320,
                    "src": "https://instagram.fabe1-1.fna.fbcdn.net/v/t51.2885-15/e35/s320x320/121684531_718023065451835_8851277881078685628_n.jpg?_nc_ht=instagram.fabe1-1.fna.fbcdn.net&_nc_cat=107&_nc_ohc=XZBP4MyxlFoAX_MGi9w&_nc_tp=15&oh=76d68cad464719598b4a848b2b89a9ae&oe=5FB29454"
                },
                {
                    "config_height": 480,
                    "config_width": 480,
                    "src": "https://instagram.fabe1-1.fna.fbcdn.net/v/t51.2885-15/e35/s480x480/121684531_718023065451835_8851277881078685628_n.jpg?_nc_ht=instagram.fabe1-1.fna.fbcdn.net&_nc_cat=107&_nc_ohc=XZBP4MyxlFoAX_MGi9w&_nc_tp=15&oh=bf5252ca5a78ffc513cede3ee6db9cb4&oe=5FB35D95"
                },
                {
                    "config_height": 640,
                    "config_width": 640,
                    "src": "https://instagram.fabe1-1.fna.fbcdn.net/v/t51.2885-15/sh0.08/e35/s640x640/121684531_718023065451835_8851277881078685628_n.jpg?_nc_ht=instagram.fabe1-1.fna.fbcdn.net&_nc_cat=107&_nc_ohc=XZBP4MyxlFoAX_MGi9w&_nc_tp=24&oh=6ec9a6d589a2b312a0a3f1ac7eee8644&oe=5FB3D1AF"
                }
            ],
            "thumbnail_src": "https://instagram.fabe1-1.fna.fbcdn.net/v/t51.2885-15/sh0.08/e35/s640x640/121684531_718023065451835_8851277881078685628_n.jpg?_nc_ht=instagram.fabe1-1.fna.fbcdn.net&_nc_cat=107&_nc_ohc=XZBP4MyxlFoAX_MGi9w&_nc_tp=24&oh=6ec9a6d589a2b312a0a3f1ac7eee8644&oe=5FB3D1AF",
            "urls": [
                "https://instagram.fabe1-1.fna.fbcdn.net/v/t51.2885-15/e35/s1080x1080/121684531_718023065451835_8851277881078685628_n.jpg?_nc_ht=instagram.fabe1-1.fna.fbcdn.net&_nc_cat=107&_nc_ohc=XZBP4MyxlFoAX_MGi9w&_nc_tp=15&oh=838acf1eeb9545b6720c7b9ab7577a6b&oe=5FB26F6B"
            ]
        },
        {
            "comments_disabled": false,
            "dimensions": {
                "height": 1350,
                "width": 1080
            },
            "display_url": "https://instagram.fabe1-1.fna.fbcdn.net/v/t51.2885-15/e35/p1080x1080/121710788_381090706634344_4411721331919122255_n.jpg?_nc_ht=instagram.fabe1-1.fna.fbcdn.net&_nc_cat=104&_nc_ohc=KU6I1Dtr9FYAX_lvNxf&tp=19&oh=07ed4ca2b3e767028fe151525417e191&oe=5FB3A893",
            "edge_liked_by": {
                "count": 0
            },
            "edge_media_preview_like": {
                "count": 0
            },
            "edge_media_to_caption": {
                "edges": [
                    {
                        "node": {
                            "text": "SLEIGH RIDE 🎁 \nIncludes:\nSmoothing Shampoo,\nSmoothing Deep Conditioner, \nMONAT STUDIO ONE Frizz-Fix Smoothing Hair Primer, \nMONAT STUDIO ONEStrong Flexi-Hold Hairspray,\nMONAT STUDIO ONE The Champ Conditioning Dry Shampoo,\nLIMITED EDITION MONAT Sleep-in Rollers (set of 8 super-soft 6-inch rollers)\nMONAT LOVE Acrylic Barrettes  Acrylic Stick clamps  Molten Metal Clip In Gold Tone (set of three)\n\nRetail Price: $84 USD\nVIP Price: $71 USD"
                        }
                    }
                ]
            },
            "edge_media_to_comment": {
                "count": 0
            },
            "id": "2421580683209539770",
            "is_video": false,
            "owner": {
                "id": "27340128"
            },
            "shortcode": "CGbLs0hpwC6",
            "tags": [],
            "taken_at_timestamp": 1602894934,
            "thumbnail_resources": [
                {
                    "config_height": 150,
                    "config_width": 150,
                    "src": "https://instagram.fabe1-1.fna.fbcdn.net/v/t51.2885-15/e35/c0.180.1440.1440a/s150x150/121710788_381090706634344_4411721331919122255_n.jpg?_nc_ht=instagram.fabe1-1.fna.fbcdn.net&_nc_cat=104&_nc_ohc=KU6I1Dtr9FYAX_lvNxf&tp=16&oh=2b3e66312a3b61af048357bb3bdbeb94&oe=5FB42407"
                },
                {
                    "config_height": 240,
                    "config_width": 240,
                    "src": "https://instagram.fabe1-1.fna.fbcdn.net/v/t51.2885-15/e35/c0.180.1440.1440a/s240x240/121710788_381090706634344_4411721331919122255_n.jpg?_nc_ht=instagram.fabe1-1.fna.fbcdn.net&_nc_cat=104&_nc_ohc=KU6I1Dtr9FYAX_lvNxf&tp=16&oh=7b79efe5781b4d4a9c0e273ab123f005&oe=5FB3E581"
                },
                {
                    "config_height": 320,
                    "config_width": 320,
                    "src": "https://instagram.fabe1-1.fna.fbcdn.net/v/t51.2885-15/e35/c0.180.1440.1440a/s320x320/121710788_381090706634344_4411721331919122255_n.jpg?_nc_ht=instagram.fabe1-1.fna.fbcdn.net&_nc_cat=104&_nc_ohc=KU6I1Dtr9FYAX_lvNxf&tp=16&oh=7648056a572239a6b33ba2f89e168cc4&oe=5FB271FF"
                },
                {
                    "config_height": 480,
                    "config_width": 480,
                    "src": "https://instagram.fabe1-1.fna.fbcdn.net/v/t51.2885-15/e35/c0.180.1440.1440a/s480x480/121710788_381090706634344_4411721331919122255_n.jpg?_nc_ht=instagram.fabe1-1.fna.fbcdn.net&_nc_cat=104&_nc_ohc=KU6I1Dtr9FYAX_lvNxf&tp=16&oh=b7f5f6c0c2a7510ef5f3d1b830caf138&oe=5FB3DFBA"
                },
                {
                    "config_height": 640,
                    "config_width": 640,
                    "src": "https://instagram.fabe1-1.fna.fbcdn.net/v/t51.2885-15/sh0.08/e35/c0.180.1440.1440a/s640x640/121710788_381090706634344_4411721331919122255_n.jpg?_nc_ht=instagram.fabe1-1.fna.fbcdn.net&_nc_cat=104&_nc_ohc=KU6I1Dtr9FYAX_lvNxf&oh=3a8da5af35077720fafed2b9aa00d498&oe=5FB396B7"
                }
            ],
            "thumbnail_src": "https://instagram.fabe1-1.fna.fbcdn.net/v/t51.2885-15/sh0.08/e35/c0.180.1440.1440a/s640x640/121710788_381090706634344_4411721331919122255_n.jpg?_nc_ht=instagram.fabe1-1.fna.fbcdn.net&_nc_cat=104&_nc_ohc=KU6I1Dtr9FYAX_lvNxf&oh=3a8da5af35077720fafed2b9aa00d498&oe=5FB396B7",
            "urls": [
                "https://instagram.fabe1-1.fna.fbcdn.net/v/t51.2885-15/e35/p1080x1080/121710788_381090706634344_4411721331919122255_n.jpg?_nc_ht=instagram.fabe1-1.fna.fbcdn.net&_nc_cat=104&_nc_ohc=KU6I1Dtr9FYAX_lvNxf&tp=19&oh=07ed4ca2b3e767028fe151525417e191&oe=5FB3A893",
                "https://instagram.fabe1-1.fna.fbcdn.net/v/t51.2885-15/e35/p1080x1080/121552141_675649456389520_1860488309742022016_n.jpg?_nc_ht=instagram.fabe1-1.fna.fbcdn.net&_nc_cat=104&_nc_ohc=EXCuKE0jDHsAX_Z_rqW&tp=19&oh=2e909aee91daadba6acc6ca430b2e891&oe=5FB39CB9",
                "https://instagram.fabe1-1.fna.fbcdn.net/v/t51.2885-15/e35/p1080x1080/120902230_830322454406962_228379310766957086_n.jpg?_nc_ht=instagram.fabe1-1.fna.fbcdn.net&_nc_cat=110&_nc_ohc=se6HrEWaqfkAX-dgaDY&tp=19&oh=628ec4c803565739e703ef649e50624b&oe=5FB313FA",
                "https://instagram.fabe1-1.fna.fbcdn.net/v/t51.2885-15/e35/p1080x1080/121608262_2770897659847401_6961524792753005866_n.jpg?_nc_ht=instagram.fabe1-1.fna.fbcdn.net&_nc_cat=109&_nc_ohc=DQdNAlxKVL4AX99jCgD&tp=19&oh=cca131a06b3ed1c47c88bc0a9f1973f8&oe=5FB33C30"
            ]
        },
        {
            "comments_disabled": false,
            "dimensions": {
                "height": 1080,
                "width": 1080
            },
            "display_url": "https://instagram.fabe1-1.fna.fbcdn.net/v/t51.2885-15/e35/s1080x1080/121574847_339161510506543_1344580804969551600_n.jpg?_nc_ht=instagram.fabe1-1.fna.fbcdn.net&_nc_cat=107&_nc_ohc=O3u1Xm48EcAAX_hE52X&_nc_tp=15&oh=515c053b6b8cb826a9495795b21aca6c&oe=5FB4867D",
            "edge_liked_by": {
                "count": 1
            },
            "edge_media_preview_like": {
                "count": 1
            },
            "edge_media_to_caption": {
                "edges": []
            },
            "edge_media_to_comment": {
                "count": 0
            },
            "id": "2421580079866620278",
            "is_video": false,
            "owner": {
                "id": "1528502376"
            },
            "shortcode": "CGbLkCnnKl2",
            "taken_at_timestamp": 1602894862,
            "thumbnail_resources": [
                {
                    "config_height": 150,
                    "config_width": 150,
                    "src": "https://instagram.fabe1-1.fna.fbcdn.net/v/t51.2885-15/e35/s150x150/121574847_339161510506543_1344580804969551600_n.jpg?_nc_ht=instagram.fabe1-1.fna.fbcdn.net&_nc_cat=107&_nc_ohc=O3u1Xm48EcAAX_hE52X&_nc_tp=15&oh=1bee66c87650073752faa716f2ae1ee3&oe=5FB22D3E"
                },
                {
                    "config_height": 240,
                    "config_width": 240,
                    "src": "https://instagram.fabe1-1.fna.fbcdn.net/v/t51.2885-15/e35/s240x240/121574847_339161510506543_1344580804969551600_n.jpg?_nc_ht=instagram.fabe1-1.fna.fbcdn.net&_nc_cat=107&_nc_ohc=O3u1Xm48EcAAX_hE52X&_nc_tp=15&oh=0bc1d2187f7c9ee45ea32c5dadd63777&oe=5FB242BC"
                },
                {
                    "config_height": 320,
                    "config_width": 320,
                    "src": "https://instagram.fabe1-1.fna.fbcdn.net/v/t51.2885-15/e35/s320x320/121574847_339161510506543_1344580804969551600_n.jpg?_nc_ht=instagram.fabe1-1.fna.fbcdn.net&_nc_cat=107&_nc_ohc=O3u1Xm48EcAAX_hE52X&_nc_tp=15&oh=3bc0f3120c7987084b879f08de3796fd&oe=5FB45246"
                },
                {
                    "config_height": 480,
                    "config_width": 480,
                    "src": "https://instagram.fabe1-1.fna.fbcdn.net/v/t51.2885-15/e35/s480x480/121574847_339161510506543_1344580804969551600_n.jpg?_nc_ht=instagram.fabe1-1.fna.fbcdn.net&_nc_cat=107&_nc_ohc=O3u1Xm48EcAAX_hE52X&_nc_tp=15&oh=032cdd329a16f4938d4308d69071bf1a&oe=5FB32003"
                },
                {
                    "config_height": 640,
                    "config_width": 640,
                    "src": "https://instagram.fabe1-1.fna.fbcdn.net/v/t51.2885-15/sh0.08/e35/s640x640/121574847_339161510506543_1344580804969551600_n.jpg?_nc_ht=instagram.fabe1-1.fna.fbcdn.net&_nc_cat=107&_nc_ohc=O3u1Xm48EcAAX_hE52X&_nc_tp=24&oh=e202a4564018fa147f2ce78a8e86edd2&oe=5FB32C39"
                }
            ],
            "thumbnail_src": "https://instagram.fabe1-1.fna.fbcdn.net/v/t51.2885-15/sh0.08/e35/s640x640/121574847_339161510506543_1344580804969551600_n.jpg?_nc_ht=instagram.fabe1-1.fna.fbcdn.net&_nc_cat=107&_nc_ohc=O3u1Xm48EcAAX_hE52X&_nc_tp=24&oh=e202a4564018fa147f2ce78a8e86edd2&oe=5FB32C39",
            "urls": [
                "https://instagram.fabe1-1.fna.fbcdn.net/v/t51.2885-15/e35/s1080x1080/121574847_339161510506543_1344580804969551600_n.jpg?_nc_ht=instagram.fabe1-1.fna.fbcdn.net&_nc_cat=107&_nc_ohc=O3u1Xm48EcAAX_hE52X&_nc_tp=15&oh=515c053b6b8cb826a9495795b21aca6c&oe=5FB4867D",
                "https://instagram.fabe1-1.fna.fbcdn.net/v/t51.2885-15/e35/s1080x1080/121813360_1002317776909939_5195880791527964663_n.jpg?_nc_ht=instagram.fabe1-1.fna.fbcdn.net&_nc_cat=107&_nc_ohc=h0WBl8FdwokAX-Sk0Gx&_nc_tp=15&oh=790038c546ff08ce2f2aa31ce3c9e245&oe=5FB1FDEA"
            ]
        }
    ]
}