{
    "GraphImages": [
        {
            "comments_disabled": false,
            "dimensions": {
                "height": 1080,
                "width": 1080
            },
            "display_url": "https://instagram.fabe1-1.fna.fbcdn.net/v/t51.2885-15/e35/s1080x1080/121784696_2886545368248052_2642286673019669065_n.jpg?_nc_ht=instagram.fabe1-1.fna.fbcdn.net&_nc_cat=104&_nc_ohc=XQDdti6ASokAX_jANkM&_nc_tp=15&oh=7bac526571aad4630d3e38d6bbc0820d&oe=5FB564DB",
            "edge_liked_by": {
                "count": 2
            },
            "edge_media_preview_like": {
                "count": 2
            },
            "edge_media_to_caption": {
                "edges": [
                    {
                        "node": {
                            "text": "I haven’t told that’s no way to treat a lady 🙄 #rottweilers_of_instagram #rottie #rott #rottweilers #rottweiler #dog #chien #perro #hond #hund #cachorro #puppy #puppylove #miami #miamibeach #instadaily #instadog #videooftheday #ilovemydog #bestfriend"
                        }
                    }
                ]
            },
            "edge_media_to_comment": {
                "count": 1
            },
            "id": "2421504201979831332",
            "is_video": false,
            "owner": {
                "id": "39921303681"
            },
            "shortcode": "CGa6T31H6Qk",
            "tags": [
                "dog",
                "miamibeach",
                "puppylove",
                "instadaily",
                "hund",
                "rottweilers_of_instagram",
                "miami",
                "hond",
                "bestfriend",
                "cachorro",
                "rottie",
                "instadog",
                "chien",
                "puppy",
                "videooftheday",
                "rott",
                "perro",
                "ilovemydog",
                "rottweiler",
                "rottweilers"
            ],
            "taken_at_timestamp": 1602885817,
            "thumbnail_resources": [
                {
                    "config_height": 150,
                    "config_width": 150,
                    "src": "https://instagram.fabe1-1.fna.fbcdn.net/v/t51.2885-15/e35/s150x150/121784696_2886545368248052_2642286673019669065_n.jpg?_nc_ht=instagram.fabe1-1.fna.fbcdn.net&_nc_cat=104&_nc_ohc=XQDdti6ASokAX_jANkM&_nc_tp=15&oh=2a445de5c33c7f57bb531021936c6a0d&oe=5FB21FC7"
                },
                {
                    "config_height": 240,
                    "config_width": 240,
                    "src": "https://instagram.fabe1-1.fna.fbcdn.net/v/t51.2885-15/e35/s240x240/121784696_2886545368248052_2642286673019669065_n.jpg?_nc_ht=instagram.fabe1-1.fna.fbcdn.net&_nc_cat=104&_nc_ohc=XQDdti6ASokAX_jANkM&_nc_tp=15&oh=cd4b96cdd4825b8e7d6e1ce54d5ac0c5&oe=5FB43F8F"
                },
                {
                    "config_height": 320,
                    "config_width": 320,
                    "src": "https://instagram.fabe1-1.fna.fbcdn.net/v/t51.2885-15/e35/s320x320/121784696_2886545368248052_2642286673019669065_n.jpg?_nc_ht=instagram.fabe1-1.fna.fbcdn.net&_nc_cat=104&_nc_ohc=XQDdti6ASokAX_jANkM&_nc_tp=15&oh=d884cd87c3bafb6890d24ef3deb637a2&oe=5FB23652"
                },
                {
                    "config_height": 480,
                    "config_width": 480,
                    "src": "https://instagram.fabe1-1.fna.fbcdn.net/v/t51.2885-15/e35/s480x480/121784696_2886545368248052_2642286673019669065_n.jpg?_nc_ht=instagram.fabe1-1.fna.fbcdn.net&_nc_cat=104&_nc_ohc=XQDdti6ASokAX_jANkM&_nc_tp=15&oh=a068b11fa11ade91381cbef022c4836a&oe=5FB1E914"
                },
                {
                    "config_height": 640,
                    "config_width": 640,
                    "src": "https://instagram.fabe1-1.fna.fbcdn.net/v/t51.2885-15/sh0.08/e35/s640x640/121784696_2886545368248052_2642286673019669065_n.jpg?_nc_ht=instagram.fabe1-1.fna.fbcdn.net&_nc_cat=104&_nc_ohc=XQDdti6ASokAX_jANkM&_nc_tp=24&oh=543948a5d6282ca94a82a5b19f772e17&oe=5FB515B4"
                }
            ],
            "thumbnail_src": "https://instagram.fabe1-1.fna.fbcdn.net/v/t51.2885-15/sh0.08/e35/s640x640/121784696_2886545368248052_2642286673019669065_n.jpg?_nc_ht=instagram.fabe1-1.fna.fbcdn.net&_nc_cat=104&_nc_ohc=XQDdti6ASokAX_jANkM&_nc_tp=24&oh=543948a5d6282ca94a82a5b19f772e17&oe=5FB515B4",
            "urls": []
        }
    ]
}