{
    "GraphImages": [
        {
            "comments_disabled": false,
            "dimensions": {
                "height": 1080,
                "width": 1080
            },
            "display_url": "https://instagram.fabe1-1.fna.fbcdn.net/v/t51.2885-15/e35/s1080x1080/121714650_344246670231711_7595948224289123193_n.jpg?_nc_ht=instagram.fabe1-1.fna.fbcdn.net&_nc_cat=103&_nc_ohc=ik7BcSicdRQAX9eU2mF&_nc_tp=15&oh=83e3d9e020a0c561ad1b155954c11989&oe=5FB4C45A",
            "edge_liked_by": {
                "count": 1
            },
            "edge_media_preview_like": {
                "count": 1
            },
            "edge_media_to_caption": {
                "edges": [
                    {
                        "node": {
                            "text": "You make it to see 25 , you a OG ♎️🤪"
                        }
                    }
                ]
            },
            "edge_media_to_comment": {
                "count": 1
            },
            "id": "2421627194657985724",
            "is_video": false,
            "owner": {
                "id": "39515631"
            },
            "shortcode": "CGbWRpsA9S8",
            "tags": [],
            "taken_at_timestamp": 1602900479,
            "thumbnail_resources": [
                {
                    "config_height": 150,
                    "config_width": 150,
                    "src": "https://instagram.fabe1-1.fna.fbcdn.net/v/t51.2885-15/e35/s150x150/121714650_344246670231711_7595948224289123193_n.jpg?_nc_ht=instagram.fabe1-1.fna.fbcdn.net&_nc_cat=103&_nc_ohc=ik7BcSicdRQAX9eU2mF&_nc_tp=15&oh=7aea4169844245f4bc2c24788fbd1b32&oe=5FB4F199"
                },
                {
                    "config_height": 240,
                    "config_width": 240,
                    "src": "https://instagram.fabe1-1.fna.fbcdn.net/v/t51.2885-15/e35/s240x240/121714650_344246670231711_7595948224289123193_n.jpg?_nc_ht=instagram.fabe1-1.fna.fbcdn.net&_nc_cat=103&_nc_ohc=ik7BcSicdRQAX9eU2mF&_nc_tp=15&oh=7fc3fe1cfee7e9b8042f56b2140d1a94&oe=5FB3AA9F"
                },
                {
                    "config_height": 320,
                    "config_width": 320,
                    "src": "https://instagram.fabe1-1.fna.fbcdn.net/v/t51.2885-15/e35/s320x320/121714650_344246670231711_7595948224289123193_n.jpg?_nc_ht=instagram.fabe1-1.fna.fbcdn.net&_nc_cat=103&_nc_ohc=ik7BcSicdRQAX9eU2mF&_nc_tp=15&oh=7e5f9e9ebc64f7048dc0f4e21fd7bce6&oe=5FB28C61"
                },
                {
                    "config_height": 480,
                    "config_width": 480,
                    "src": "https://instagram.fabe1-1.fna.fbcdn.net/v/t51.2885-15/e35/s480x480/121714650_344246670231711_7595948224289123193_n.jpg?_nc_ht=instagram.fabe1-1.fna.fbcdn.net&_nc_cat=103&_nc_ohc=ik7BcSicdRQAX9eU2mF&_nc_tp=15&oh=f6b8ebe7a65864e8b14a0c1aedab57da&oe=5FB3BBA8"
                },
                {
                    "config_height": 640,
                    "config_width": 640,
                    "src": "https://instagram.fabe1-1.fna.fbcdn.net/v/t51.2885-15/sh0.08/e35/s640x640/121714650_344246670231711_7595948224289123193_n.jpg?_nc_ht=instagram.fabe1-1.fna.fbcdn.net&_nc_cat=103&_nc_ohc=ik7BcSicdRQAX9eU2mF&_nc_tp=24&oh=1f7cc5c99278bb26e6ed011a016d2c7a&oe=5FB58A9E"
                }
            ],
            "thumbnail_src": "https://instagram.fabe1-1.fna.fbcdn.net/v/t51.2885-15/sh0.08/e35/s640x640/121714650_344246670231711_7595948224289123193_n.jpg?_nc_ht=instagram.fabe1-1.fna.fbcdn.net&_nc_cat=103&_nc_ohc=ik7BcSicdRQAX9eU2mF&_nc_tp=24&oh=1f7cc5c99278bb26e6ed011a016d2c7a&oe=5FB58A9E",
            "urls": [
                "https://instagram.fabe1-1.fna.fbcdn.net/v/t51.2885-15/e35/s1080x1080/121714650_344246670231711_7595948224289123193_n.jpg?_nc_ht=instagram.fabe1-1.fna.fbcdn.net&_nc_cat=103&_nc_ohc=ik7BcSicdRQAX9eU2mF&_nc_tp=15&oh=83e3d9e020a0c561ad1b155954c11989&oe=5FB4C45A"
            ]
        },
        {
            "comments_disabled": false,
            "dimensions": {
                "height": 1080,
                "width": 1080
            },
            "display_url": "https://instagram.fabe1-1.fna.fbcdn.net/v/t51.2885-15/e35/121518821_158744182581405_2204317864242633135_n.jpg?_nc_ht=instagram.fabe1-1.fna.fbcdn.net&_nc_cat=109&_nc_ohc=3yjxM9hsdR0AX8NpqSX&_nc_tp=18&oh=0ce37b94501856f2b9be974d27d58411&oe=5FB266D6",
            "edge_liked_by": {
                "count": 0
            },
            "edge_media_preview_like": {
                "count": 0
            },
            "edge_media_to_caption": {
                "edges": [
                    {
                        "node": {
                            "text": "Happy Friday. 😍"
                        }
                    }
                ]
            },
            "edge_media_to_comment": {
                "count": 0
            },
            "id": "2421627118784347181",
            "is_video": false,
            "owner": {
                "id": "34260399283"
            },
            "shortcode": "CGbWQjBl_wt",
            "tags": [],
            "taken_at_timestamp": 1602900470,
            "thumbnail_resources": [
                {
                    "config_height": 150,
                    "config_width": 150,
                    "src": "https://instagram.fabe1-1.fna.fbcdn.net/v/t51.2885-15/e35/s150x150/121518821_158744182581405_2204317864242633135_n.jpg?_nc_ht=instagram.fabe1-1.fna.fbcdn.net&_nc_cat=109&_nc_ohc=3yjxM9hsdR0AX8NpqSX&_nc_tp=15&oh=ed8e2a9f1c8c8dcd4aa52e93e021f50c&oe=5FB3B66B"
                },
                {
                    "config_height": 240,
                    "config_width": 240,
                    "src": "https://instagram.fabe1-1.fna.fbcdn.net/v/t51.2885-15/e35/s240x240/121518821_158744182581405_2204317864242633135_n.jpg?_nc_ht=instagram.fabe1-1.fna.fbcdn.net&_nc_cat=109&_nc_ohc=3yjxM9hsdR0AX8NpqSX&_nc_tp=15&oh=352c3909aca27a2ed25bdd51b071a81c&oe=5FB23FED"
                },
                {
                    "config_height": 320,
                    "config_width": 320,
                    "src": "https://instagram.fabe1-1.fna.fbcdn.net/v/t51.2885-15/e35/s320x320/121518821_158744182581405_2204317864242633135_n.jpg?_nc_ht=instagram.fabe1-1.fna.fbcdn.net&_nc_cat=109&_nc_ohc=3yjxM9hsdR0AX8NpqSX&_nc_tp=15&oh=1932926cff1d70e6e7aacb33a1854e45&oe=5FB33B13"
                },
                {
                    "config_height": 480,
                    "config_width": 480,
                    "src": "https://instagram.fabe1-1.fna.fbcdn.net/v/t51.2885-15/e35/s480x480/121518821_158744182581405_2204317864242633135_n.jpg?_nc_ht=instagram.fabe1-1.fna.fbcdn.net&_nc_cat=109&_nc_ohc=3yjxM9hsdR0AX8NpqSX&_nc_tp=15&oh=74db992985d8da32e03c074e28466763&oe=5FB4D2D6"
                },
                {
                    "config_height": 640,
                    "config_width": 640,
                    "src": "https://instagram.fabe1-1.fna.fbcdn.net/v/t51.2885-15/sh0.08/e35/s640x640/121518821_158744182581405_2204317864242633135_n.jpg?_nc_ht=instagram.fabe1-1.fna.fbcdn.net&_nc_cat=109&_nc_ohc=3yjxM9hsdR0AX8NpqSX&_nc_tp=24&oh=1447f265149d8f4b53be0dcf686282b2&oe=5FB26770"
                }
            ],
            "thumbnail_src": "https://instagram.fabe1-1.fna.fbcdn.net/v/t51.2885-15/sh0.08/e35/s640x640/121518821_158744182581405_2204317864242633135_n.jpg?_nc_ht=instagram.fabe1-1.fna.fbcdn.net&_nc_cat=109&_nc_ohc=3yjxM9hsdR0AX8NpqSX&_nc_tp=24&oh=1447f265149d8f4b53be0dcf686282b2&oe=5FB26770",
            "urls": [
                "https://instagram.fabe1-1.fna.fbcdn.net/v/t51.2885-15/e35/121518821_158744182581405_2204317864242633135_n.jpg?_nc_ht=instagram.fabe1-1.fna.fbcdn.net&_nc_cat=109&_nc_ohc=3yjxM9hsdR0AX8NpqSX&_nc_tp=18&oh=0ce37b94501856f2b9be974d27d58411&oe=5FB266D6"
            ]
        },
        {
            "comments_disabled": false,
            "dimensions": {
                "height": 937,
                "width": 750
            },
            "display_url": "https://instagram.fabe1-1.fna.fbcdn.net/v/t51.2885-15/e35/121501554_387001032316212_9048503995787456442_n.jpg?_nc_ht=instagram.fabe1-1.fna.fbcdn.net&_nc_cat=100&_nc_ohc=30fYB9HmvNMAX8lW2_8&_nc_tp=18&oh=b214e4c5dc80064b4bb370c3e08c667a&oe=5FB29ACD",
            "edge_liked_by": {
                "count": 3
            },
            "edge_media_preview_like": {
                "count": 3
            },
            "edge_media_to_caption": {
                "edges": [
                    {
                        "node": {
                            "text": "Síguenos para que disfrutes de las bellezas de nuestras mujeres\n.\n. \n. \n. #a #instagood #photooftheday #fashion #beautiful #happy #cute #tbt #like4like #followme #picoftheday #follow #selfie #summer #instadaily #friends #repost #nature #girl #fun #style #smile #food #instalike #likeforlike #streetphotography #healthyfood #homedecor #kpop #lifestyle"
                        }
                    }
                ]
            },
            "edge_media_to_comment": {
                "count": 0
            },
            "id": "2421627083670446468",
            "is_video": false,
            "owner": {
                "id": "21139294694"
            },
            "shortcode": "CGbWQCUpGGE",
            "tags": [
                "happy",
                "nature",
                "selfie",
                "like4like",
                "summer",
                "food",
                "instagood",
                "likeforlike",
                "fun",
                "repost",
                "tbt",
                "kpop",
                "fashion",
                "follow",
                "lifestyle",
                "homedecor",
                "girl",
                "photooftheday",
                "style",
                "friends",
                "instadaily",
                "picoftheday",
                "cute",
                "beautiful",
                "a",
                "healthyfood",
                "smile",
                "instalike",
                "streetphotography",
                "followme"
            ],
            "taken_at_timestamp": 1602900465,
            "thumbnail_resources": [
                {
                    "config_height": 150,
                    "config_width": 150,
                    "src": "https://instagram.fabe1-1.fna.fbcdn.net/v/t51.2885-15/e35/c0.88.709.709a/s150x150/121501554_387001032316212_9048503995787456442_n.jpg?_nc_ht=instagram.fabe1-1.fna.fbcdn.net&_nc_cat=100&_nc_ohc=30fYB9HmvNMAX8lW2_8&tp=16&oh=ab63c6ab4f9ed5df82312591b64795be&oe=5FB3ADCB"
                },
                {
                    "config_height": 240,
                    "config_width": 240,
                    "src": "https://instagram.fabe1-1.fna.fbcdn.net/v/t51.2885-15/e35/c0.88.709.709a/s240x240/121501554_387001032316212_9048503995787456442_n.jpg?_nc_ht=instagram.fabe1-1.fna.fbcdn.net&_nc_cat=100&_nc_ohc=30fYB9HmvNMAX8lW2_8&tp=16&oh=bd7974421fab4cebaaad4e0fa21a4f56&oe=5FB348CD"
                },
                {
                    "config_height": 320,
                    "config_width": 320,
                    "src": "https://instagram.fabe1-1.fna.fbcdn.net/v/t51.2885-15/e35/c0.88.709.709a/s320x320/121501554_387001032316212_9048503995787456442_n.jpg?_nc_ht=instagram.fabe1-1.fna.fbcdn.net&_nc_cat=100&_nc_ohc=30fYB9HmvNMAX8lW2_8&tp=16&oh=a2f9539f3f8ead97ec13165d47592e24&oe=5FB5CAB3"
                },
                {
                    "config_height": 480,
                    "config_width": 480,
                    "src": "https://instagram.fabe1-1.fna.fbcdn.net/v/t51.2885-15/e35/c0.88.709.709a/s480x480/121501554_387001032316212_9048503995787456442_n.jpg?_nc_ht=instagram.fabe1-1.fna.fbcdn.net&_nc_cat=100&_nc_ohc=30fYB9HmvNMAX8lW2_8&tp=16&oh=23a718ae5debfeb8ea9852f2af6c9622&oe=5FB56AF6"
                },
                {
                    "config_height": 640,
                    "config_width": 640,
                    "src": "https://instagram.fabe1-1.fna.fbcdn.net/v/t51.2885-15/sh0.08/e35/c0.88.709.709a/s640x640/121501554_387001032316212_9048503995787456442_n.jpg?_nc_ht=instagram.fabe1-1.fna.fbcdn.net&_nc_cat=100&_nc_ohc=30fYB9HmvNMAX8lW2_8&oh=d2f03213b7a3807ad86ce136bbbbc0de&oe=5FB5B5FF"
                }
            ],
            "thumbnail_src": "https://instagram.fabe1-1.fna.fbcdn.net/v/t51.2885-15/sh0.08/e35/c0.88.709.709a/s640x640/121501554_387001032316212_9048503995787456442_n.jpg?_nc_ht=instagram.fabe1-1.fna.fbcdn.net&_nc_cat=100&_nc_ohc=30fYB9HmvNMAX8lW2_8&oh=d2f03213b7a3807ad86ce136bbbbc0de&oe=5FB5B5FF",
            "urls": [
                "https://instagram.fabe1-1.fna.fbcdn.net/v/t51.2885-15/e35/121501554_387001032316212_9048503995787456442_n.jpg?_nc_ht=instagram.fabe1-1.fna.fbcdn.net&_nc_cat=100&_nc_ohc=30fYB9HmvNMAX8lW2_8&_nc_tp=18&oh=b214e4c5dc80064b4bb370c3e08c667a&oe=5FB29ACD"
            ]
        },
        {
            "comments_disabled": false,
            "dimensions": {
                "height": 1350,
                "width": 1080
            },
            "display_url": "https://instagram.fabe1-1.fna.fbcdn.net/v/t51.2885-15/e35/p1080x1080/121582822_2771961879684019_5482686006723794341_n.jpg?_nc_ht=instagram.fabe1-1.fna.fbcdn.net&_nc_cat=107&_nc_ohc=WU-T0enZW3oAX8U28Ze&tp=19&oh=f5864ff32077c368b47d3fac6de6d731&oe=5FB2B662",
            "edge_liked_by": {
                "count": 0
            },
            "edge_media_preview_like": {
                "count": 0
            },
            "edge_media_to_caption": {
                "edges": [
                    {
                        "node": {
                            "text": "Trusssst🤞🏽💖 #bdayrecap🎉🎉"
                        }
                    }
                ]
            },
            "edge_media_to_comment": {
                "count": 0
            },
            "id": "2421626988332998440",
            "is_video": false,
            "owner": {
                "id": "144636979"
            },
            "shortcode": "CGbWOpiFl8o",
            "tags": [
                "bdayrecap"
            ],
            "taken_at_timestamp": 1602900454,
            "thumbnail_resources": [
                {
                    "config_height": 150,
                    "config_width": 150,
                    "src": "https://instagram.fabe1-1.fna.fbcdn.net/v/t51.2885-15/e35/c0.180.1440.1440a/s150x150/121582822_2771961879684019_5482686006723794341_n.jpg?_nc_ht=instagram.fabe1-1.fna.fbcdn.net&_nc_cat=107&_nc_ohc=WU-T0enZW3oAX8U28Ze&tp=16&oh=db969e8cb4135ee3f20e830f03c2e9c2&oe=5FB4ACCC"
                },
                {
                    "config_height": 240,
                    "config_width": 240,
                    "src": "https://instagram.fabe1-1.fna.fbcdn.net/v/t51.2885-15/e35/c0.180.1440.1440a/s240x240/121582822_2771961879684019_5482686006723794341_n.jpg?_nc_ht=instagram.fabe1-1.fna.fbcdn.net&_nc_cat=107&_nc_ohc=WU-T0enZW3oAX8U28Ze&tp=16&oh=2f26f0acae6fe15bd35d0d8532921267&oe=5FB53804"
                },
                {
                    "config_height": 320,
                    "config_width": 320,
                    "src": "https://instagram.fabe1-1.fna.fbcdn.net/v/t51.2885-15/e35/c0.180.1440.1440a/s320x320/121582822_2771961879684019_5482686006723794341_n.jpg?_nc_ht=instagram.fabe1-1.fna.fbcdn.net&_nc_cat=107&_nc_ohc=WU-T0enZW3oAX8U28Ze&tp=16&oh=0db41da4f5e86beb2086655f77b76087&oe=5FB587DD"
                },
                {
                    "config_height": 480,
                    "config_width": 480,
                    "src": "https://instagram.fabe1-1.fna.fbcdn.net/v/t51.2885-15/e35/c0.180.1440.1440a/s480x480/121582822_2771961879684019_5482686006723794341_n.jpg?_nc_ht=instagram.fabe1-1.fna.fbcdn.net&_nc_cat=107&_nc_ohc=WU-T0enZW3oAX8U28Ze&tp=16&oh=48a1239453a8a022ae7eab3f41c869fc&oe=5FB2B69F"
                },
                {
                    "config_height": 640,
                    "config_width": 640,
                    "src": "https://instagram.fabe1-1.fna.fbcdn.net/v/t51.2885-15/sh0.08/e35/c0.180.1440.1440a/s640x640/121582822_2771961879684019_5482686006723794341_n.jpg?_nc_ht=instagram.fabe1-1.fna.fbcdn.net&_nc_cat=107&_nc_ohc=WU-T0enZW3oAX8U28Ze&oh=d84fc0741983fe0d28c867b81f65e557&oe=5FB4E4A5"
                }
            ],
            "thumbnail_src": "https://instagram.fabe1-1.fna.fbcdn.net/v/t51.2885-15/sh0.08/e35/c0.180.1440.1440a/s640x640/121582822_2771961879684019_5482686006723794341_n.jpg?_nc_ht=instagram.fabe1-1.fna.fbcdn.net&_nc_cat=107&_nc_ohc=WU-T0enZW3oAX8U28Ze&oh=d84fc0741983fe0d28c867b81f65e557&oe=5FB4E4A5",
            "urls": [
                "https://instagram.fabe1-1.fna.fbcdn.net/v/t51.2885-15/e35/p1080x1080/121582822_2771961879684019_5482686006723794341_n.jpg?_nc_ht=instagram.fabe1-1.fna.fbcdn.net&_nc_cat=107&_nc_ohc=WU-T0enZW3oAX8U28Ze&tp=19&oh=f5864ff32077c368b47d3fac6de6d731&oe=5FB2B662"
            ]
        }
    ]
}