{
    "GraphImages": [
        {
            "comments_disabled": false,
            "dimensions": {
                "height": 1080,
                "width": 1080
            },
            "display_url": "https://instagram.fabe1-1.fna.fbcdn.net/v/t51.2885-15/e35/s1080x1080/121572675_2716258808702149_494298497174177786_n.jpg?_nc_ht=instagram.fabe1-1.fna.fbcdn.net&_nc_cat=101&_nc_ohc=-6JeP5NLBiwAX_uoOWB&_nc_tp=15&oh=4474e0127e47a63a808e733083e440bc&oe=5FB3BBD8",
            "edge_liked_by": {
                "count": 0
            },
            "edge_media_preview_like": {
                "count": 0
            },
            "edge_media_to_caption": {
                "edges": [
                    {
                        "node": {
                            "text": "#Dm for Tickets and Tables — #miami #miamiheat #miamibeach #ootd #instagood #party #miamiclubs #miaminights #miaminightlife #mansionparty #florida"
                        }
                    }
                ]
            },
            "edge_media_to_comment": {
                "count": 0
            },
            "id": "2421586816238983122",
            "is_video": false,
            "owner": {
                "id": "33385750258"
            },
            "shortcode": "CGbNGEWsZfS",
            "tags": [
                "Dm",
                "party",
                "miaminightlife",
                "miamiclubs",
                "miaminights",
                "miami",
                "florida",
                "miamiheat",
                "instagood",
                "ootd",
                "mansionparty",
                "miamibeach"
            ],
            "taken_at_timestamp": 1602895665,
            "thumbnail_resources": [
                {
                    "config_height": 150,
                    "config_width": 150,
                    "src": "https://instagram.fabe1-1.fna.fbcdn.net/v/t51.2885-15/e35/s150x150/121572675_2716258808702149_494298497174177786_n.jpg?_nc_ht=instagram.fabe1-1.fna.fbcdn.net&_nc_cat=101&_nc_ohc=-6JeP5NLBiwAX_uoOWB&_nc_tp=15&oh=af5b5b47d40d12c7dc9d0d339e2a9a8e&oe=5FB3E097"
                },
                {
                    "config_height": 240,
                    "config_width": 240,
                    "src": "https://instagram.fabe1-1.fna.fbcdn.net/v/t51.2885-15/e35/s240x240/121572675_2716258808702149_494298497174177786_n.jpg?_nc_ht=instagram.fabe1-1.fna.fbcdn.net&_nc_cat=101&_nc_ohc=-6JeP5NLBiwAX_uoOWB&_nc_tp=15&oh=e483172bc323272c71a4cffad7222d3c&oe=5FB4D691"
                },
                {
                    "config_height": 320,
                    "config_width": 320,
                    "src": "https://instagram.fabe1-1.fna.fbcdn.net/v/t51.2885-15/e35/s320x320/121572675_2716258808702149_494298497174177786_n.jpg?_nc_ht=instagram.fabe1-1.fna.fbcdn.net&_nc_cat=101&_nc_ohc=-6JeP5NLBiwAX_uoOWB&_nc_tp=15&oh=5a37bf4a02c400ee3099eb5238bec561&oe=5FB33DEF"
                },
                {
                    "config_height": 480,
                    "config_width": 480,
                    "src": "https://instagram.fabe1-1.fna.fbcdn.net/v/t51.2885-15/e35/s480x480/121572675_2716258808702149_494298497174177786_n.jpg?_nc_ht=instagram.fabe1-1.fna.fbcdn.net&_nc_cat=101&_nc_ohc=-6JeP5NLBiwAX_uoOWB&_nc_tp=15&oh=b706038d7041bdeb2ae1856ab8641c54&oe=5FB3112A"
                },
                {
                    "config_height": 640,
                    "config_width": 640,
                    "src": "https://instagram.fabe1-1.fna.fbcdn.net/v/t51.2885-15/sh0.08/e35/s640x640/121572675_2716258808702149_494298497174177786_n.jpg?_nc_ht=instagram.fabe1-1.fna.fbcdn.net&_nc_cat=101&_nc_ohc=-6JeP5NLBiwAX_uoOWB&_nc_tp=24&oh=18731d5ff6cdd24ccde2dc6e1b259943&oe=5FB4E714"
                }
            ],
            "thumbnail_src": "https://instagram.fabe1-1.fna.fbcdn.net/v/t51.2885-15/sh0.08/e35/s640x640/121572675_2716258808702149_494298497174177786_n.jpg?_nc_ht=instagram.fabe1-1.fna.fbcdn.net&_nc_cat=101&_nc_ohc=-6JeP5NLBiwAX_uoOWB&_nc_tp=24&oh=18731d5ff6cdd24ccde2dc6e1b259943&oe=5FB4E714",
            "urls": [
                "https://instagram.fabe1-1.fna.fbcdn.net/v/t51.2885-15/e35/s1080x1080/121572675_2716258808702149_494298497174177786_n.jpg?_nc_ht=instagram.fabe1-1.fna.fbcdn.net&_nc_cat=101&_nc_ohc=-6JeP5NLBiwAX_uoOWB&_nc_tp=15&oh=4474e0127e47a63a808e733083e440bc&oe=5FB3BBD8"
            ]
        },
        {
            "comments_disabled": false,
            "dimensions": {
                "height": 1080,
                "width": 1080
            },
            "display_url": "https://instagram.fabe1-1.fna.fbcdn.net/v/t51.2885-15/e35/121554972_670197010367175_4491530059761036530_n.jpg?_nc_ht=instagram.fabe1-1.fna.fbcdn.net&_nc_cat=103&_nc_ohc=RcJCtMfLOnoAX8kmJhI&_nc_tp=18&oh=66c58e402bc386bdf569179e93ce0681&oe=5FB1FEF0",
            "edge_liked_by": {
                "count": 0
            },
            "edge_media_preview_like": {
                "count": 0
            },
            "edge_media_to_caption": {
                "edges": []
            },
            "edge_media_to_comment": {
                "count": 0
            },
            "id": "2421586742374330919",
            "is_video": false,
            "owner": {
                "id": "43967960376"
            },
            "shortcode": "CGbNE_kBHIn",
            "taken_at_timestamp": 1602895656,
            "thumbnail_resources": [
                {
                    "config_height": 150,
                    "config_width": 150,
                    "src": "https://instagram.fabe1-1.fna.fbcdn.net/v/t51.2885-15/e35/s150x150/121554972_670197010367175_4491530059761036530_n.jpg?_nc_ht=instagram.fabe1-1.fna.fbcdn.net&_nc_cat=103&_nc_ohc=RcJCtMfLOnoAX8kmJhI&_nc_tp=15&oh=aeca853799bb9497e33da638de39dfc1&oe=5FB3FFD1"
                },
                {
                    "config_height": 240,
                    "config_width": 240,
                    "src": "https://instagram.fabe1-1.fna.fbcdn.net/v/t51.2885-15/e35/s240x240/121554972_670197010367175_4491530059761036530_n.jpg?_nc_ht=instagram.fabe1-1.fna.fbcdn.net&_nc_cat=103&_nc_ohc=RcJCtMfLOnoAX8kmJhI&_nc_tp=15&oh=2037c816f1220b97da5e19d97f2bd945&oe=5FB3FBD7"
                },
                {
                    "config_height": 320,
                    "config_width": 320,
                    "src": "https://instagram.fabe1-1.fna.fbcdn.net/v/t51.2885-15/e35/s320x320/121554972_670197010367175_4491530059761036530_n.jpg?_nc_ht=instagram.fabe1-1.fna.fbcdn.net&_nc_cat=103&_nc_ohc=RcJCtMfLOnoAX8kmJhI&_nc_tp=15&oh=bcbd5ddfe00a39071bec76dbae6f30fc&oe=5FB3ABA9"
                },
                {
                    "config_height": 480,
                    "config_width": 480,
                    "src": "https://instagram.fabe1-1.fna.fbcdn.net/v/t51.2885-15/e35/s480x480/121554972_670197010367175_4491530059761036530_n.jpg?_nc_ht=instagram.fabe1-1.fna.fbcdn.net&_nc_cat=103&_nc_ohc=RcJCtMfLOnoAX8kmJhI&_nc_tp=15&oh=d53255c9f5ddeb072b0f75bed02da8d0&oe=5FB448F0"
                },
                {
                    "config_height": 640,
                    "config_width": 640,
                    "src": "https://instagram.fabe1-1.fna.fbcdn.net/v/t51.2885-15/sh0.08/e35/s640x640/121554972_670197010367175_4491530059761036530_n.jpg?_nc_ht=instagram.fabe1-1.fna.fbcdn.net&_nc_cat=103&_nc_ohc=RcJCtMfLOnoAX8kmJhI&_nc_tp=24&oh=602e859a17ea29f17a7c0a07399a68a0&oe=5FB32ED6"
                }
            ],
            "thumbnail_src": "https://instagram.fabe1-1.fna.fbcdn.net/v/t51.2885-15/sh0.08/e35/s640x640/121554972_670197010367175_4491530059761036530_n.jpg?_nc_ht=instagram.fabe1-1.fna.fbcdn.net&_nc_cat=103&_nc_ohc=RcJCtMfLOnoAX8kmJhI&_nc_tp=24&oh=602e859a17ea29f17a7c0a07399a68a0&oe=5FB32ED6",
            "urls": [
                "https://instagram.fabe1-1.fna.fbcdn.net/v/t51.2885-15/e35/121554972_670197010367175_4491530059761036530_n.jpg?_nc_ht=instagram.fabe1-1.fna.fbcdn.net&_nc_cat=103&_nc_ohc=RcJCtMfLOnoAX8kmJhI&_nc_tp=18&oh=66c58e402bc386bdf569179e93ce0681&oe=5FB1FEF0",
                "https://instagram.fabe1-1.fna.fbcdn.net/v/t51.2885-15/e35/121534175_799859004135748_4810439875138930403_n.jpg?_nc_ht=instagram.fabe1-1.fna.fbcdn.net&_nc_cat=104&_nc_ohc=ffXfLHcrP7gAX9xmQfg&_nc_tp=18&oh=e57f30ae74032f4caa3cf7f519743e1d&oe=5FB2FFFE",
                "https://instagram.fabe1-1.fna.fbcdn.net/v/t51.2885-15/e35/121779985_369040050906651_5173351996482299093_n.jpg?_nc_ht=instagram.fabe1-1.fna.fbcdn.net&_nc_cat=103&_nc_ohc=OT1EuMfMvOsAX-CDNq4&_nc_tp=18&oh=a4318823c34acbce2da5518f4fe0f2a6&oe=5FB388B9",
                "https://instagram.fabe1-1.fna.fbcdn.net/v/t51.2885-15/e35/121520385_359521072150600_5195740917079490627_n.jpg?_nc_ht=instagram.fabe1-1.fna.fbcdn.net&_nc_cat=104&_nc_ohc=gTVnr07VXLIAX8v8s2g&_nc_tp=18&oh=99239ebd22d185c3726eebe611e395f0&oe=5FB32E46",
                "https://instagram.fabe1-1.fna.fbcdn.net/v/t51.2885-15/e35/121736922_1290403337963706_8062267986303823389_n.jpg?_nc_ht=instagram.fabe1-1.fna.fbcdn.net&_nc_cat=106&_nc_ohc=xzlIaINO_NsAX_FivX3&_nc_tp=18&oh=1886577059091bc689e7f4cef0fefed5&oe=5FB31B88"
            ]
        },
        {
            "comments_disabled": false,
            "dimensions": {
                "height": 421,
                "width": 750
            },
            "display_url": "https://instagram.fabe1-1.fna.fbcdn.net/v/t51.2885-15/e35/121598508_670365490562047_4833863690771450125_n.jpg?_nc_ht=instagram.fabe1-1.fna.fbcdn.net&_nc_cat=107&_nc_ohc=lFjBrI8bWYgAX-DFDTx&_nc_tp=18&oh=23c608914109b91539422ffd2fef89fa&oe=5F8C9A64",
            "edge_liked_by": {
                "count": 0
            },
            "edge_media_preview_like": {
                "count": 0
            },
            "edge_media_to_caption": {
                "edges": [
                    {
                        "node": {
                            "text": "Gracias @carloswbriceno eres el mejor editor y diseñador del mundo mundial 🥰 contigo al infinito y más allá my friend ❤️\n\n#nuevaimagen #nuevodiseño2020 #canaldecocinayoutube #cocinandoconclaudia #clauygizkitchen"
                        }
                    }
                ]
            },
            "edge_media_to_comment": {
                "count": 0
            },
            "id": "2421585484796347509",
            "is_video": true,
            "owner": {
                "id": "33922752052"
            },
            "shortcode": "CGbMysWh0R1",
            "tags": [
                "clauygizkitchen",
                "nuevodiseño2020",
                "cocinandoconclaudia",
                "nuevaimagen",
                "canaldecocinayoutube"
            ],
            "taken_at_timestamp": 1602895641,
            "thumbnail_resources": [
                {
                    "config_height": 150,
                    "config_width": 150,
                    "src": "https://instagram.fabe1-1.fna.fbcdn.net/v/t51.2885-15/e35/c157.0.405.405a/s150x150/121598508_670365490562047_4833863690771450125_n.jpg?_nc_ht=instagram.fabe1-1.fna.fbcdn.net&_nc_cat=107&_nc_ohc=lFjBrI8bWYgAX-DFDTx&tp=16&oh=365fafda8835ab62b4e4ab111107c302&oe=5F8C856A"
                },
                {
                    "config_height": 240,
                    "config_width": 240,
                    "src": "https://instagram.fabe1-1.fna.fbcdn.net/v/t51.2885-15/e35/c157.0.405.405a/s240x240/121598508_670365490562047_4833863690771450125_n.jpg?_nc_ht=instagram.fabe1-1.fna.fbcdn.net&_nc_cat=107&_nc_ohc=lFjBrI8bWYgAX-DFDTx&tp=16&oh=ad94c49d81b536817f0f0a8030b3f974&oe=5F8CDFB0"
                },
                {
                    "config_height": 320,
                    "config_width": 320,
                    "src": "https://instagram.fabe1-1.fna.fbcdn.net/v/t51.2885-15/e35/c157.0.405.405a/s320x320/121598508_670365490562047_4833863690771450125_n.jpg?_nc_ht=instagram.fabe1-1.fna.fbcdn.net&_nc_cat=107&_nc_ohc=lFjBrI8bWYgAX-DFDTx&tp=16&oh=db3a4f7088d9989d1842c1bee4bcb08b&oe=5F8CAAD2"
                },
                {
                    "config_height": 480,
                    "config_width": 480,
                    "src": "https://instagram.fabe1-1.fna.fbcdn.net/v/t51.2885-15/e35/c157.0.405.405a/121598508_670365490562047_4833863690771450125_n.jpg?_nc_ht=instagram.fabe1-1.fna.fbcdn.net&_nc_cat=107&_nc_ohc=lFjBrI8bWYgAX-DFDTx&oh=e62b557782d9ff09571eaa596d124b58&oe=5F8C4119"
                },
                {
                    "config_height": 640,
                    "config_width": 640,
                    "src": "https://instagram.fabe1-1.fna.fbcdn.net/v/t51.2885-15/e35/c157.0.405.405a/121598508_670365490562047_4833863690771450125_n.jpg?_nc_ht=instagram.fabe1-1.fna.fbcdn.net&_nc_cat=107&_nc_ohc=lFjBrI8bWYgAX-DFDTx&oh=e62b557782d9ff09571eaa596d124b58&oe=5F8C4119"
                }
            ],
            "thumbnail_src": "https://instagram.fabe1-1.fna.fbcdn.net/v/t51.2885-15/e35/c157.0.405.405a/121598508_670365490562047_4833863690771450125_n.jpg?_nc_ht=instagram.fabe1-1.fna.fbcdn.net&_nc_cat=107&_nc_ohc=lFjBrI8bWYgAX-DFDTx&oh=e62b557782d9ff09571eaa596d124b58&oe=5F8C4119",
            "urls": [
                "https://instagram.fabe1-1.fna.fbcdn.net/v/t50.2886-16/121795311_186125386310005_5502385307801186886_n.mp4?_nc_ht=instagram.fabe1-1.fna.fbcdn.net&_nc_cat=101&_nc_ohc=vcCN3pRXh2EAX9t6N1z&oe=5F8C6ADB&oh=c9ac2671bb112c0ff109800d7464be65"
            ],
            "video_view_count": 0
        },
        {
            "comments_disabled": false,
            "dimensions": {
                "height": 1080,
                "width": 1080
            },
            "display_url": "https://instagram.fabe1-1.fna.fbcdn.net/v/t51.2885-15/e35/s1080x1080/121707169_2724864607832944_7712456425290726850_n.jpg?_nc_ht=instagram.fabe1-1.fna.fbcdn.net&_nc_cat=104&_nc_ohc=wG8cwyIyXREAX9eWUzp&_nc_tp=15&oh=643f955f940237fd6fbfa002221aabaf&oe=5FB5194F",
            "edge_liked_by": {
                "count": 0
            },
            "edge_media_preview_like": {
                "count": 0
            },
            "edge_media_to_caption": {
                "edges": [
                    {
                        "node": {
                            "text": "This B A B E in Sultrē 💗🙌"
                        }
                    }
                ]
            },
            "edge_media_to_comment": {
                "count": 0
            },
            "id": "2421586164525103666",
            "is_video": false,
            "owner": {
                "id": "46685375"
            },
            "shortcode": "CGbM8lZhPoy",
            "tags": [],
            "taken_at_timestamp": 1602895587,
            "thumbnail_resources": [
                {
                    "config_height": 150,
                    "config_width": 150,
                    "src": "https://instagram.fabe1-1.fna.fbcdn.net/v/t51.2885-15/e35/s150x150/121707169_2724864607832944_7712456425290726850_n.jpg?_nc_ht=instagram.fabe1-1.fna.fbcdn.net&_nc_cat=104&_nc_ohc=wG8cwyIyXREAX9eWUzp&_nc_tp=15&oh=3c83f7bb8d65d38e07ba902e5c652968&oe=5FB48053"
                },
                {
                    "config_height": 240,
                    "config_width": 240,
                    "src": "https://instagram.fabe1-1.fna.fbcdn.net/v/t51.2885-15/e35/s240x240/121707169_2724864607832944_7712456425290726850_n.jpg?_nc_ht=instagram.fabe1-1.fna.fbcdn.net&_nc_cat=104&_nc_ohc=wG8cwyIyXREAX9eWUzp&_nc_tp=15&oh=d63430416743aafd3d8f2fe0789f237b&oe=5FB4071B"
                },
                {
                    "config_height": 320,
                    "config_width": 320,
                    "src": "https://instagram.fabe1-1.fna.fbcdn.net/v/t51.2885-15/e35/s320x320/121707169_2724864607832944_7712456425290726850_n.jpg?_nc_ht=instagram.fabe1-1.fna.fbcdn.net&_nc_cat=104&_nc_ohc=wG8cwyIyXREAX9eWUzp&_nc_tp=15&oh=7e50d0a653bbeb50b418255a195eb019&oe=5FB31BC6"
                },
                {
                    "config_height": 480,
                    "config_width": 480,
                    "src": "https://instagram.fabe1-1.fna.fbcdn.net/v/t51.2885-15/e35/s480x480/121707169_2724864607832944_7712456425290726850_n.jpg?_nc_ht=instagram.fabe1-1.fna.fbcdn.net&_nc_cat=104&_nc_ohc=wG8cwyIyXREAX9eWUzp&_nc_tp=15&oh=eed5d187fe8a00efae044a5b6273468f&oe=5FB27188"
                },
                {
                    "config_height": 640,
                    "config_width": 640,
                    "src": "https://instagram.fabe1-1.fna.fbcdn.net/v/t51.2885-15/sh0.08/e35/s640x640/121707169_2724864607832944_7712456425290726850_n.jpg?_nc_ht=instagram.fabe1-1.fna.fbcdn.net&_nc_cat=104&_nc_ohc=wG8cwyIyXREAX9eWUzp&_nc_tp=24&oh=dcb5b26985cb45fd79ebcfc46527523e&oe=5FB319A8"
                }
            ],
            "thumbnail_src": "https://instagram.fabe1-1.fna.fbcdn.net/v/t51.2885-15/sh0.08/e35/s640x640/121707169_2724864607832944_7712456425290726850_n.jpg?_nc_ht=instagram.fabe1-1.fna.fbcdn.net&_nc_cat=104&_nc_ohc=wG8cwyIyXREAX9eWUzp&_nc_tp=24&oh=dcb5b26985cb45fd79ebcfc46527523e&oe=5FB319A8",
            "urls": [
                "https://instagram.fabe1-1.fna.fbcdn.net/v/t51.2885-15/e35/s1080x1080/121707169_2724864607832944_7712456425290726850_n.jpg?_nc_ht=instagram.fabe1-1.fna.fbcdn.net&_nc_cat=104&_nc_ohc=wG8cwyIyXREAX9eWUzp&_nc_tp=15&oh=643f955f940237fd6fbfa002221aabaf&oe=5FB5194F"
            ]
        }
    ]
}