{
    "GraphImages": [
        {
            "comments_disabled": false,
            "dimensions": {
                "height": 1224,
                "width": 1080
            },
            "display_url": "https://instagram.fabe1-1.fna.fbcdn.net/v/t51.2885-15/e35/p1080x1080/121578564_718527362087596_8390765696246883639_n.jpg?_nc_ht=instagram.fabe1-1.fna.fbcdn.net&_nc_cat=104&_nc_ohc=xzxV5cmXYOAAX_eu_iy&tp=19&oh=ddf96a694c515e7f6beef9b0bdaad841&oe=5FB419DD",
            "edge_liked_by": {
                "count": 0
            },
            "edge_media_preview_like": {
                "count": 0
            },
            "edge_media_to_caption": {
                "edges": [
                    {
                        "node": {
                            "text": "Let the weekend begin 💕💫"
                        }
                    }
                ]
            },
            "edge_media_to_comment": {
                "count": 0
            },
            "id": "2421400914633923207",
            "is_video": false,
            "owner": {
                "id": "206618017"
            },
            "shortcode": "CGai01_j5qH",
            "tags": [],
            "taken_at_timestamp": 1602873504,
            "thumbnail_resources": [
                {
                    "config_height": 150,
                    "config_width": 150,
                    "src": "https://instagram.fabe1-1.fna.fbcdn.net/v/t51.2885-15/e35/c0.96.1440.1440a/s150x150/121578564_718527362087596_8390765696246883639_n.jpg?_nc_ht=instagram.fabe1-1.fna.fbcdn.net&_nc_cat=104&_nc_ohc=xzxV5cmXYOAAX_eu_iy&tp=16&oh=10fec8ea3722d85d95e2815697b49765&oe=5FB24DB4"
                },
                {
                    "config_height": 240,
                    "config_width": 240,
                    "src": "https://instagram.fabe1-1.fna.fbcdn.net/v/t51.2885-15/e35/c0.96.1440.1440a/s240x240/121578564_718527362087596_8390765696246883639_n.jpg?_nc_ht=instagram.fabe1-1.fna.fbcdn.net&_nc_cat=104&_nc_ohc=xzxV5cmXYOAAX_eu_iy&tp=16&oh=1dd4b6a4e43c13a14384c5da9ab92d5a&oe=5FB1E3B6"
                },
                {
                    "config_height": 320,
                    "config_width": 320,
                    "src": "https://instagram.fabe1-1.fna.fbcdn.net/v/t51.2885-15/e35/c0.96.1440.1440a/s320x320/121578564_718527362087596_8390765696246883639_n.jpg?_nc_ht=instagram.fabe1-1.fna.fbcdn.net&_nc_cat=104&_nc_ohc=xzxV5cmXYOAAX_eu_iy&tp=16&oh=6039249dd19faa7239416f4548ab5c6a&oe=5FB4E1CC"
                },
                {
                    "config_height": 480,
                    "config_width": 480,
                    "src": "https://instagram.fabe1-1.fna.fbcdn.net/v/t51.2885-15/e35/c0.96.1440.1440a/s480x480/121578564_718527362087596_8390765696246883639_n.jpg?_nc_ht=instagram.fabe1-1.fna.fbcdn.net&_nc_cat=104&_nc_ohc=xzxV5cmXYOAAX_eu_iy&tp=16&oh=7ce7e852a5577a4ac2fa671db3b3e623&oe=5FB3EF0D"
                },
                {
                    "config_height": 640,
                    "config_width": 640,
                    "src": "https://instagram.fabe1-1.fna.fbcdn.net/v/t51.2885-15/sh0.08/e35/c0.96.1440.1440a/s640x640/121578564_718527362087596_8390765696246883639_n.jpg?_nc_ht=instagram.fabe1-1.fna.fbcdn.net&_nc_cat=104&_nc_ohc=xzxV5cmXYOAAX_eu_iy&oh=306e6be491d32f00e5c80f62e6e157da&oe=5FB1ECA5"
                }
            ],
            "thumbnail_src": "https://instagram.fabe1-1.fna.fbcdn.net/v/t51.2885-15/sh0.08/e35/c0.96.1440.1440a/s640x640/121578564_718527362087596_8390765696246883639_n.jpg?_nc_ht=instagram.fabe1-1.fna.fbcdn.net&_nc_cat=104&_nc_ohc=xzxV5cmXYOAAX_eu_iy&oh=306e6be491d32f00e5c80f62e6e157da&oe=5FB1ECA5",
            "urls": [
                "https://instagram.fabe1-1.fna.fbcdn.net/v/t51.2885-15/e35/p1080x1080/121578564_718527362087596_8390765696246883639_n.jpg?_nc_ht=instagram.fabe1-1.fna.fbcdn.net&_nc_cat=104&_nc_ohc=xzxV5cmXYOAAX_eu_iy&tp=19&oh=ddf96a694c515e7f6beef9b0bdaad841&oe=5FB419DD"
            ]
        },
        {
            "comments_disabled": false,
            "dimensions": {
                "height": 1080,
                "width": 1080
            },
            "display_url": "https://instagram.fabe1-1.fna.fbcdn.net/v/t51.2885-15/e35/s1080x1080/121574849_338075790618119_2987839411156746346_n.jpg?_nc_ht=instagram.fabe1-1.fna.fbcdn.net&_nc_cat=111&_nc_ohc=_QxFLsZs6QMAX9iYbaf&_nc_tp=15&oh=6779910b2ba2de5742cbb31ecc33d66c&oe=5FB44B4F",
            "edge_liked_by": {
                "count": 0
            },
            "edge_media_preview_like": {
                "count": 0
            },
            "edge_media_to_caption": {
                "edges": [
                    {
                        "node": {
                            "text": "Wish you were here🌴☀️"
                        }
                    }
                ]
            },
            "edge_media_to_comment": {
                "count": 0
            },
            "id": "2421400773631974062",
            "is_video": false,
            "owner": {
                "id": "7150299956"
            },
            "shortcode": "CGaiyyrMJqu",
            "tags": [],
            "taken_at_timestamp": 1602873487,
            "thumbnail_resources": [
                {
                    "config_height": 150,
                    "config_width": 150,
                    "src": "https://instagram.fabe1-1.fna.fbcdn.net/v/t51.2885-15/e35/s150x150/121574849_338075790618119_2987839411156746346_n.jpg?_nc_ht=instagram.fabe1-1.fna.fbcdn.net&_nc_cat=111&_nc_ohc=_QxFLsZs6QMAX9iYbaf&_nc_tp=15&oh=ae997cf9c8bcb8c54334715fa8f328dd&oe=5FB3B590"
                },
                {
                    "config_height": 240,
                    "config_width": 240,
                    "src": "https://instagram.fabe1-1.fna.fbcdn.net/v/t51.2885-15/e35/s240x240/121574849_338075790618119_2987839411156746346_n.jpg?_nc_ht=instagram.fabe1-1.fna.fbcdn.net&_nc_cat=111&_nc_ohc=_QxFLsZs6QMAX9iYbaf&_nc_tp=15&oh=1db0db776564445b4f9f17e9f76cb7b4&oe=5FB44E0A"
                },
                {
                    "config_height": 320,
                    "config_width": 320,
                    "src": "https://instagram.fabe1-1.fna.fbcdn.net/v/t51.2885-15/e35/s320x320/121574849_338075790618119_2987839411156746346_n.jpg?_nc_ht=instagram.fabe1-1.fna.fbcdn.net&_nc_cat=111&_nc_ohc=_QxFLsZs6QMAX9iYbaf&_nc_tp=15&oh=ffad64d8b4f84d5c16ceb0cdb31c08d3&oe=5FB1D2F8"
                },
                {
                    "config_height": 480,
                    "config_width": 480,
                    "src": "https://instagram.fabe1-1.fna.fbcdn.net/v/t51.2885-15/e35/s480x480/121574849_338075790618119_2987839411156746346_n.jpg?_nc_ht=instagram.fabe1-1.fna.fbcdn.net&_nc_cat=111&_nc_ohc=_QxFLsZs6QMAX9iYbaf&_nc_tp=15&oh=0316911a1bf1fa7091a8a72e35b57c9e&oe=5FB4B0B1"
                },
                {
                    "config_height": 640,
                    "config_width": 640,
                    "src": "https://instagram.fabe1-1.fna.fbcdn.net/v/t51.2885-15/sh0.08/e35/s640x640/121574849_338075790618119_2987839411156746346_n.jpg?_nc_ht=instagram.fabe1-1.fna.fbcdn.net&_nc_cat=111&_nc_ohc=_QxFLsZs6QMAX9iYbaf&_nc_tp=24&oh=fc24539cb1d3d6cc87ef7336ebb67415&oe=5FB5318B"
                }
            ],
            "thumbnail_src": "https://instagram.fabe1-1.fna.fbcdn.net/v/t51.2885-15/sh0.08/e35/s640x640/121574849_338075790618119_2987839411156746346_n.jpg?_nc_ht=instagram.fabe1-1.fna.fbcdn.net&_nc_cat=111&_nc_ohc=_QxFLsZs6QMAX9iYbaf&_nc_tp=24&oh=fc24539cb1d3d6cc87ef7336ebb67415&oe=5FB5318B",
            "urls": [
                "https://instagram.fabe1-1.fna.fbcdn.net/v/t51.2885-15/e35/s1080x1080/121574849_338075790618119_2987839411156746346_n.jpg?_nc_ht=instagram.fabe1-1.fna.fbcdn.net&_nc_cat=111&_nc_ohc=_QxFLsZs6QMAX9iYbaf&_nc_tp=15&oh=6779910b2ba2de5742cbb31ecc33d66c&oe=5FB44B4F",
                "https://instagram.fabe1-1.fna.fbcdn.net/v/t51.2885-15/e35/s1080x1080/121411913_999219923933249_4094583961687528457_n.jpg?_nc_ht=instagram.fabe1-1.fna.fbcdn.net&_nc_cat=105&_nc_ohc=k6dgaRXmZfYAX8t3HmP&_nc_tp=15&oh=6fdc162429078c1056c47ed9c5d5f336&oe=5FB1F29A",
                "https://instagram.fabe1-1.fna.fbcdn.net/v/t51.2885-15/e35/s1080x1080/121657413_1686100918220905_3063226777385000932_n.jpg?_nc_ht=instagram.fabe1-1.fna.fbcdn.net&_nc_cat=101&_nc_ohc=ncv4QM7glNwAX9XQabX&_nc_tp=15&oh=042f4231c09075092933682ea3498635&oe=5FB22BE2"
            ]
        },
        {
            "comments_disabled": false,
            "dimensions": {
                "height": 640,
                "width": 640
            },
            "display_url": "https://instagram.fabe1-1.fna.fbcdn.net/v/t51.2885-15/e35/121531918_350834452666699_8562406545304931288_n.jpg?_nc_ht=instagram.fabe1-1.fna.fbcdn.net&_nc_cat=107&_nc_ohc=QcB3bQuWqRYAX-1BZxW&_nc_tp=18&oh=fffdc0aa8086087e4082d636aeba3883&oe=5FB38333",
            "edge_liked_by": {
                "count": 1
            },
            "edge_media_preview_like": {
                "count": 1
            },
            "edge_media_to_caption": {
                "edges": [
                    {
                        "node": {
                            "text": "Have you ever found yourself thinking what is the difference between a condo and an apt? Or between having to choose one or the other?\n\n  A condo is owned by one owner and governed by a HOA. Now, an apt. is owned by one owner or one entity.  \n\nHere I show you some pros and cons of living in a condo or in an apt.\n\nThis scenario is for renters only and not for homebuyers.\n\nThus, after reading this quick demonstration, which one would you choose?\n\n#realestate"
                        }
                    }
                ]
            },
            "edge_media_to_comment": {
                "count": 1
            },
            "id": "2421400587569497722",
            "is_video": false,
            "owner": {
                "id": "2555104972"
            },
            "shortcode": "CGaiwFZAIZ6",
            "tags": [
                "realestate"
            ],
            "taken_at_timestamp": 1602873465,
            "thumbnail_resources": [
                {
                    "config_height": 150,
                    "config_width": 150,
                    "src": "https://instagram.fabe1-1.fna.fbcdn.net/v/t51.2885-15/e35/s150x150/121531918_350834452666699_8562406545304931288_n.jpg?_nc_ht=instagram.fabe1-1.fna.fbcdn.net&_nc_cat=107&_nc_ohc=QcB3bQuWqRYAX-1BZxW&_nc_tp=15&oh=2dbf1448e80a8495758f96e754d72868&oe=5FB2928E"
                },
                {
                    "config_height": 240,
                    "config_width": 240,
                    "src": "https://instagram.fabe1-1.fna.fbcdn.net/v/t51.2885-15/e35/s240x240/121531918_350834452666699_8562406545304931288_n.jpg?_nc_ht=instagram.fabe1-1.fna.fbcdn.net&_nc_cat=107&_nc_ohc=QcB3bQuWqRYAX-1BZxW&_nc_tp=15&oh=4b7972bbcc9a705df906a53b6eab3636&oe=5FB4368C"
                },
                {
                    "config_height": 320,
                    "config_width": 320,
                    "src": "https://instagram.fabe1-1.fna.fbcdn.net/v/t51.2885-15/e35/s320x320/121531918_350834452666699_8562406545304931288_n.jpg?_nc_ht=instagram.fabe1-1.fna.fbcdn.net&_nc_cat=107&_nc_ohc=QcB3bQuWqRYAX-1BZxW&_nc_tp=15&oh=8e2180877baab95010e1b26612a0bcc9&oe=5FB49E76"
                },
                {
                    "config_height": 480,
                    "config_width": 480,
                    "src": "https://instagram.fabe1-1.fna.fbcdn.net/v/t51.2885-15/e35/s480x480/121531918_350834452666699_8562406545304931288_n.jpg?_nc_ht=instagram.fabe1-1.fna.fbcdn.net&_nc_cat=107&_nc_ohc=QcB3bQuWqRYAX-1BZxW&_nc_tp=15&oh=3af758b11ce7881a1f9f7da7f7f6d0b7&oe=5FB56233"
                },
                {
                    "config_height": 640,
                    "config_width": 640,
                    "src": "https://instagram.fabe1-1.fna.fbcdn.net/v/t51.2885-15/e35/121531918_350834452666699_8562406545304931288_n.jpg?_nc_ht=instagram.fabe1-1.fna.fbcdn.net&_nc_cat=107&_nc_ohc=QcB3bQuWqRYAX-1BZxW&_nc_tp=18&oh=fffdc0aa8086087e4082d636aeba3883&oe=5FB38333"
                }
            ],
            "thumbnail_src": "https://instagram.fabe1-1.fna.fbcdn.net/v/t51.2885-15/e35/121531918_350834452666699_8562406545304931288_n.jpg?_nc_ht=instagram.fabe1-1.fna.fbcdn.net&_nc_cat=107&_nc_ohc=QcB3bQuWqRYAX-1BZxW&_nc_tp=18&oh=fffdc0aa8086087e4082d636aeba3883&oe=5FB38333",
            "urls": [
                "https://instagram.fabe1-1.fna.fbcdn.net/v/t51.2885-15/e35/121531918_350834452666699_8562406545304931288_n.jpg?_nc_ht=instagram.fabe1-1.fna.fbcdn.net&_nc_cat=107&_nc_ohc=QcB3bQuWqRYAX-1BZxW&_nc_tp=18&oh=fffdc0aa8086087e4082d636aeba3883&oe=5FB38333",
                "https://instagram.fabe1-1.fna.fbcdn.net/v/t51.2885-15/e35/121603058_1677220569139202_4280493131362929263_n.jpg?_nc_ht=instagram.fabe1-1.fna.fbcdn.net&_nc_cat=102&_nc_ohc=AJ3kSsmsjCoAX9Ds-0w&_nc_tp=18&oh=97620bccc9cde878c4ab5e4cae75d8d7&oe=5FB33B60",
                "https://instagram.fabe1-1.fna.fbcdn.net/v/t51.2885-15/e35/121661676_836161437123777_6768121585207739850_n.jpg?_nc_ht=instagram.fabe1-1.fna.fbcdn.net&_nc_cat=109&_nc_ohc=TY7OPqYtXNwAX9wski4&_nc_tp=18&oh=773d1093d3dbc15283391baa03478255&oe=5FB34301"
            ]
        },
        {
            "comments_disabled": false,
            "dimensions": {
                "height": 800,
                "width": 640
            },
            "display_url": "https://instagram.fabe1-1.fna.fbcdn.net/v/t51.2885-15/e35/121604384_766989787479425_1264590495228934427_n.jpg?_nc_ht=instagram.fabe1-1.fna.fbcdn.net&_nc_cat=105&_nc_ohc=iG2_rHBiccUAX9oISzu&_nc_tp=18&oh=f776ec21c04e73b1c4a546ac511dc84b&oe=5F8C2F6D",
            "edge_liked_by": {
                "count": 0
            },
            "edge_media_preview_like": {
                "count": 0
            },
            "edge_media_to_caption": {
                "edges": [
                    {
                        "node": {
                            "text": "Baby doll, what’s your rock n’roll?! 💥💃🏼💋\n\nFriday vibes via @thetatithunder using our #SexySmokyEyePencil in CARBON BLACK, #ClusterLashes and #SexyContourLipliner in ICE KISS. \n\nAre you with us?\nLet’s get this party started! \n\nShop at WWW.ROMANOVAMAKEUP.US \nUse a promo code GET15. \nFree shipping with any purchase of 75$.\n\n#Makeup #Romanovamakeup #Beauty #Makeup #USA #EyePencil #EyeShadows #Eyemakeup \n#Promotion #Sale #Falsies #Lips #Lipliner #RomanovamakeupUSA"
                        }
                    }
                ]
            },
            "edge_media_to_comment": {
                "count": 0
            },
            "id": "2421399761124056805",
            "is_video": true,
            "owner": {
                "id": "21916339736"
            },
            "shortcode": "CGaikDtA97l",
            "tags": [
                "EyePencil",
                "Eyemakeup",
                "RomanovamakeupUSA",
                "SexyContourLipliner",
                "ClusterLashes",
                "Lipliner",
                "Sale",
                "Promotion",
                "USA",
                "Makeup",
                "EyeShadows",
                "Lips",
                "Falsies",
                "SexySmokyEyePencil",
                "Beauty",
                "Romanovamakeup"
            ],
            "taken_at_timestamp": 1602873442,
            "thumbnail_resources": [
                {
                    "config_height": 150,
                    "config_width": 150,
                    "src": "https://instagram.fabe1-1.fna.fbcdn.net/v/t51.2885-15/e35/c0.80.640.640a/s150x150/121604384_766989787479425_1264590495228934427_n.jpg?_nc_ht=instagram.fabe1-1.fna.fbcdn.net&_nc_cat=105&_nc_ohc=iG2_rHBiccUAX9oISzu&tp=16&oh=acd9d7c81e8e60b5861c0c33b769e4c8&oe=5F8BF00B"
                },
                {
                    "config_height": 240,
                    "config_width": 240,
                    "src": "https://instagram.fabe1-1.fna.fbcdn.net/v/t51.2885-15/e35/c0.80.640.640a/s240x240/121604384_766989787479425_1264590495228934427_n.jpg?_nc_ht=instagram.fabe1-1.fna.fbcdn.net&_nc_cat=105&_nc_ohc=iG2_rHBiccUAX9oISzu&tp=16&oh=34bca80cce3401729cbc71180ba98bc7&oe=5F8C52CD"
                },
                {
                    "config_height": 320,
                    "config_width": 320,
                    "src": "https://instagram.fabe1-1.fna.fbcdn.net/v/t51.2885-15/e35/c0.80.640.640a/s320x320/121604384_766989787479425_1264590495228934427_n.jpg?_nc_ht=instagram.fabe1-1.fna.fbcdn.net&_nc_cat=105&_nc_ohc=iG2_rHBiccUAX9oISzu&tp=16&oh=87b9d2fea115b28f719ff399acdf31f1&oe=5F8C15B3"
                },
                {
                    "config_height": 480,
                    "config_width": 480,
                    "src": "https://instagram.fabe1-1.fna.fbcdn.net/v/t51.2885-15/e35/c0.80.640.640a/s480x480/121604384_766989787479425_1264590495228934427_n.jpg?_nc_ht=instagram.fabe1-1.fna.fbcdn.net&_nc_cat=105&_nc_ohc=iG2_rHBiccUAX9oISzu&tp=16&oh=c81dd8cad7f865e61bea3e2b41dc8e4b&oe=5F8C69F6"
                },
                {
                    "config_height": 640,
                    "config_width": 640,
                    "src": "https://instagram.fabe1-1.fna.fbcdn.net/v/t51.2885-15/e35/c0.80.640.640a/121604384_766989787479425_1264590495228934427_n.jpg?_nc_ht=instagram.fabe1-1.fna.fbcdn.net&_nc_cat=105&_nc_ohc=iG2_rHBiccUAX9oISzu&oh=00c1eb476c48934e484e69747babda4e&oe=5F8BFA98"
                }
            ],
            "thumbnail_src": "https://instagram.fabe1-1.fna.fbcdn.net/v/t51.2885-15/e35/c0.80.640.640a/121604384_766989787479425_1264590495228934427_n.jpg?_nc_ht=instagram.fabe1-1.fna.fbcdn.net&_nc_cat=105&_nc_ohc=iG2_rHBiccUAX9oISzu&oh=00c1eb476c48934e484e69747babda4e&oe=5F8BFA98",
            "urls": [
                "https://instagram.fabe1-1.fna.fbcdn.net/v/t50.2886-16/121817467_2588526031369894_8254635821600658616_n.mp4?_nc_ht=instagram.fabe1-1.fna.fbcdn.net&_nc_cat=110&_nc_ohc=iS-Q0CYraaoAX-Epl59&oe=5F8C504F&oh=9609461fad5a84380afafb4b33984ca8"
            ],
            "video_view_count": 0
        }
    ]
}