{
    "GraphImages": [
        {
            "comments_disabled": false,
            "dimensions": {
                "height": 1080,
                "width": 1080
            },
            "display_url": "https://instagram.fabe1-1.fna.fbcdn.net/v/t51.2885-15/e35/s1080x1080/121580781_1055546134886378_6968455540911824341_n.jpg?_nc_ht=instagram.fabe1-1.fna.fbcdn.net&_nc_cat=102&_nc_ohc=0HJtHZRyzmUAX-6e934&_nc_tp=15&oh=c046fbde0b92b88d4e4940539be9916e&oe=5FB1C8C5",
            "edge_liked_by": {
                "count": 2
            },
            "edge_media_preview_like": {
                "count": 2
            },
            "edge_media_to_caption": {
                "edges": [
                    {
                        "node": {
                            "text": "Escapada con el más lindo @paulo_nask ❤️🥰❤️"
                        }
                    }
                ]
            },
            "edge_media_to_comment": {
                "count": 0
            },
            "id": "2421495149647154131",
            "is_video": false,
            "owner": {
                "id": "329993048"
            },
            "shortcode": "CGa4QJMDMvT",
            "tags": [],
            "taken_at_timestamp": 1602884738,
            "thumbnail_resources": [
                {
                    "config_height": 150,
                    "config_width": 150,
                    "src": "https://instagram.fabe1-1.fna.fbcdn.net/v/t51.2885-15/e35/s150x150/121580781_1055546134886378_6968455540911824341_n.jpg?_nc_ht=instagram.fabe1-1.fna.fbcdn.net&_nc_cat=102&_nc_ohc=0HJtHZRyzmUAX-6e934&_nc_tp=15&oh=050718484dd2aa62831c8966e3b80980&oe=5FB4E859"
                },
                {
                    "config_height": 240,
                    "config_width": 240,
                    "src": "https://instagram.fabe1-1.fna.fbcdn.net/v/t51.2885-15/e35/s240x240/121580781_1055546134886378_6968455540911824341_n.jpg?_nc_ht=instagram.fabe1-1.fna.fbcdn.net&_nc_cat=102&_nc_ohc=0HJtHZRyzmUAX-6e934&_nc_tp=15&oh=25168521d942e4c8682b9cad342535d1&oe=5FB32411"
                },
                {
                    "config_height": 320,
                    "config_width": 320,
                    "src": "https://instagram.fabe1-1.fna.fbcdn.net/v/t51.2885-15/e35/s320x320/121580781_1055546134886378_6968455540911824341_n.jpg?_nc_ht=instagram.fabe1-1.fna.fbcdn.net&_nc_cat=102&_nc_ohc=0HJtHZRyzmUAX-6e934&_nc_tp=15&oh=190851091e1becba49cf015a3bc7dbfa&oe=5FB26250"
                },
                {
                    "config_height": 480,
                    "config_width": 480,
                    "src": "https://instagram.fabe1-1.fna.fbcdn.net/v/t51.2885-15/e35/s480x480/121580781_1055546134886378_6968455540911824341_n.jpg?_nc_ht=instagram.fabe1-1.fna.fbcdn.net&_nc_cat=102&_nc_ohc=0HJtHZRyzmUAX-6e934&_nc_tp=15&oh=32ded6a6f01db1026fb81666e6596ab4&oe=5FB44E0E"
                },
                {
                    "config_height": 640,
                    "config_width": 640,
                    "src": "https://instagram.fabe1-1.fna.fbcdn.net/v/t51.2885-15/sh0.08/e35/s640x640/121580781_1055546134886378_6968455540911824341_n.jpg?_nc_ht=instagram.fabe1-1.fna.fbcdn.net&_nc_cat=102&_nc_ohc=0HJtHZRyzmUAX-6e934&_nc_tp=24&oh=28f7e88169bb9b925cc5d44853b0ee46&oe=5FB58FAE"
                }
            ],
            "thumbnail_src": "https://instagram.fabe1-1.fna.fbcdn.net/v/t51.2885-15/sh0.08/e35/s640x640/121580781_1055546134886378_6968455540911824341_n.jpg?_nc_ht=instagram.fabe1-1.fna.fbcdn.net&_nc_cat=102&_nc_ohc=0HJtHZRyzmUAX-6e934&_nc_tp=24&oh=28f7e88169bb9b925cc5d44853b0ee46&oe=5FB58FAE",
            "urls": [
                "https://instagram.fabe1-1.fna.fbcdn.net/v/t51.2885-15/e35/s1080x1080/121580781_1055546134886378_6968455540911824341_n.jpg?_nc_ht=instagram.fabe1-1.fna.fbcdn.net&_nc_cat=102&_nc_ohc=0HJtHZRyzmUAX-6e934&_nc_tp=15&oh=c046fbde0b92b88d4e4940539be9916e&oe=5FB1C8C5"
            ]
        },
        {
            "comments_disabled": false,
            "dimensions": {
                "height": 1080,
                "width": 1080
            },
            "display_url": "https://instagram.fabe1-1.fna.fbcdn.net/v/t51.2885-15/e35/s1080x1080/121600187_622461608449481_3626056090076611227_n.jpg?_nc_ht=instagram.fabe1-1.fna.fbcdn.net&_nc_cat=105&_nc_ohc=KS4Y-edfTcAAX84paNP&_nc_tp=15&oh=e6bbfae2856846ca72cd937b53d20724&oe=5FB497CD",
            "edge_liked_by": {
                "count": 0
            },
            "edge_media_preview_like": {
                "count": 0
            },
            "edge_media_to_caption": {
                "edges": [
                    {
                        "node": {
                            "text": "Nós é feio, mais é feliz"
                        }
                    }
                ]
            },
            "edge_media_to_comment": {
                "count": 0
            },
            "id": "2421495128172960066",
            "is_video": false,
            "owner": {
                "id": "33974849892"
            },
            "shortcode": "CGa4P1MFplC",
            "tags": [],
            "taken_at_timestamp": 1602884735,
            "thumbnail_resources": [
                {
                    "config_height": 150,
                    "config_width": 150,
                    "src": "https://instagram.fabe1-1.fna.fbcdn.net/v/t51.2885-15/e35/s150x150/121600187_622461608449481_3626056090076611227_n.jpg?_nc_ht=instagram.fabe1-1.fna.fbcdn.net&_nc_cat=105&_nc_ohc=KS4Y-edfTcAAX84paNP&_nc_tp=15&oh=5d128cf513d56c91a027dbe306ae60fc&oe=5FB5710E"
                },
                {
                    "config_height": 240,
                    "config_width": 240,
                    "src": "https://instagram.fabe1-1.fna.fbcdn.net/v/t51.2885-15/e35/s240x240/121600187_622461608449481_3626056090076611227_n.jpg?_nc_ht=instagram.fabe1-1.fna.fbcdn.net&_nc_cat=105&_nc_ohc=KS4Y-edfTcAAX84paNP&_nc_tp=15&oh=7773004ee6974faa2cab563a9a0d70da&oe=5FB4400C"
                },
                {
                    "config_height": 320,
                    "config_width": 320,
                    "src": "https://instagram.fabe1-1.fna.fbcdn.net/v/t51.2885-15/e35/s320x320/121600187_622461608449481_3626056090076611227_n.jpg?_nc_ht=instagram.fabe1-1.fna.fbcdn.net&_nc_cat=105&_nc_ohc=KS4Y-edfTcAAX84paNP&_nc_tp=15&oh=60ef676f0032c6181469ec9338074bad&oe=5FB52AF6"
                },
                {
                    "config_height": 480,
                    "config_width": 480,
                    "src": "https://instagram.fabe1-1.fna.fbcdn.net/v/t51.2885-15/e35/s480x480/121600187_622461608449481_3626056090076611227_n.jpg?_nc_ht=instagram.fabe1-1.fna.fbcdn.net&_nc_cat=105&_nc_ohc=KS4Y-edfTcAAX84paNP&_nc_tp=15&oh=49dac91c2233ea5814d44f0cbd0d59d0&oe=5FB307B3"
                },
                {
                    "config_height": 640,
                    "config_width": 640,
                    "src": "https://instagram.fabe1-1.fna.fbcdn.net/v/t51.2885-15/sh0.08/e35/s640x640/121600187_622461608449481_3626056090076611227_n.jpg?_nc_ht=instagram.fabe1-1.fna.fbcdn.net&_nc_cat=105&_nc_ohc=KS4Y-edfTcAAX84paNP&_nc_tp=24&oh=01bab73557ba83ca642118fadcb7485a&oe=5FB2BC09"
                }
            ],
            "thumbnail_src": "https://instagram.fabe1-1.fna.fbcdn.net/v/t51.2885-15/sh0.08/e35/s640x640/121600187_622461608449481_3626056090076611227_n.jpg?_nc_ht=instagram.fabe1-1.fna.fbcdn.net&_nc_cat=105&_nc_ohc=KS4Y-edfTcAAX84paNP&_nc_tp=24&oh=01bab73557ba83ca642118fadcb7485a&oe=5FB2BC09",
            "urls": [
                "https://instagram.fabe1-1.fna.fbcdn.net/v/t51.2885-15/e35/s1080x1080/121600187_622461608449481_3626056090076611227_n.jpg?_nc_ht=instagram.fabe1-1.fna.fbcdn.net&_nc_cat=105&_nc_ohc=KS4Y-edfTcAAX84paNP&_nc_tp=15&oh=e6bbfae2856846ca72cd937b53d20724&oe=5FB497CD"
            ]
        }
    ]
}